id,listing_url,scrape_id,last_scraped,name,summary,space,description,experiences_offered,neighborhood_overview,notes,transit,thumbnail_url,medium_url,picture_url,xl_picture_url,host_id,host_url,host_name,host_since,host_location,host_about,host_response_time,host_response_rate,host_acceptance_rate,host_is_superhost,host_thumbnail_url,host_picture_url,host_neighbourhood,host_listings_count,host_total_listings_count,host_verifications,host_has_profile_pic,host_identity_verified,street,neighbourhood,neighbourhood_cleansed,neighbourhood_group_cleansed,city,state,zipcode,market,smart_location,country_code,country,latitude,longitude,is_location_exact,property_type,room_type,accommodates,bathrooms,bedrooms,beds,bed_type,amenities,square_feet,price,weekly_price,monthly_price,security_deposit,cleaning_fee,guests_included,extra_people,minimum_nights,maximum_nights,calendar_updated,has_availability,availability_30,availability_60,availability_90,availability_365,calendar_last_scraped,number_of_reviews,first_review,last_review,review_scores_rating,review_scores_accuracy,review_scores_cleanliness,review_scores_checkin,review_scores_communication,review_scores_location,review_scores_value,requires_license,license,jurisdiction_names,instant_bookable,cancellation_policy,require_guest_profile_picture,require_guest_phone_verification,calculated_host_listings_count,reviews_per_month
7953211,https://www.airbnb.com/rooms/7953211,20160104002432,2016-01-04,Central area home w/large backyard,"The best of both worlds; a quiet natural setting in the heart of the city. Take a three block walk to get to the 48, 3 and 84 bus lines, this house has a Walkscore of 87 and a Transit Score of 68. Located two blocks from Swedish Medical Center, this home has a backyard with propane BBQ, fire pit, tables and chairs. Close to everything, this house has it's own driveway parking spot and a large bay window.","This house can sleep six adults: Two of the three bedrooms have queen sized beds, the remaining bedroom is set up as an office and has a couch that may be converted into a full sized bed.  The living room has the same type of couch that may be converted to a bed as well.  Bedding is available for both couches and beds. With both a tub and shower in the bathroom, having six adults stay here may result in lines for the bathroom, however; something to keep in mind. On street parking is plentiful, and a driveway parking spot is available to use as well.","The best of both worlds; a quiet natural setting in the heart of the city. Take a three block walk to get to the 48, 3 and 84 bus lines, this house has a Walkscore of 87 and a Transit Score of 68. Located two blocks from Swedish Medical Center, this home has a backyard with propane BBQ, fire pit, tables and chairs. Close to everything, this house has it's own driveway parking spot and a large bay window. This house can sleep six adults: Two of the three bedrooms have queen sized beds, the remaining bedroom is set up as an office and has a couch that may be converted into a full sized bed.  The living room has the same type of couch that may be converted to a bed as well.  Bedding is available for both couches and beds. With both a tub and shower in the bathroom, having six adults stay here may result in lines for the bathroom, however; something to keep in mind. On street parking is plentiful, and a driveway parking spot is available to use as well. This listing is for an entire house;",none,"Close to everything and yet still a neighborhood in it's own right; this area has easy access to bus lines, gas stations, Capitol Hill and downtown.",,"This house is a short walk to the 48, 3, 4, and 84 bus lines.  Parking in the neighborhood is also very easy.",https://a2.muscache.com/ac/pictures/101348789/ece44f7f_original.jpg?interpolation=lanczos-none&size=small&output-format=jpg&output-quality=70,https://a2.muscache.com/im/pictures/101348789/ece44f7f_original.jpg?aki_policy=medium,https://a2.muscache.com/ac/pictures/101348789/ece44f7f_original.jpg?interpolation=lanczos-none&size=large_cover&output-format=jpg&output-quality=70,https://a2.muscache.com/ac/pictures/101348789/ece44f7f_original.jpg?interpolation=lanczos-none&size=x_large_cover&output-format=jpg&output-quality=70,13240442,https://www.airbnb.com/users/show/13240442,Adam,2014-03-17,"Seattle, Washington, United States","Hello there
   I'm Adam - a Seattle native who works in the software industry.  I bike, hike, swim, run and lift heavy things when needed.  I also play board and card games with my friends when we have time and generally make sure I am having a good and interesting time in my free time.

If you're visiting Seattle, I recommend checking out Reddit's /r/Seattle site - on the sidebar of this website you'll find a lot of helpful information about the area.  Not that I mind answering questions about the area; I am fairly knowledgeable about Seattle, and I'm happy to help you find anything at all.",within a few hours,100%,100%,f,"https://a0.muscache.com/ac/users/13240442/profile_pic/1398475448/original.jpg?interpolation=lanczos-none&crop=w:w;*,*&crop=h:h;*,*&resize=50:*&output-format=jpg&output-quality=70","https://a0.muscache.com/ac/users/13240442/profile_pic/1398475448/original.jpg?interpolation=lanczos-none&crop=w:w;*,*&crop=h:h;*,*&resize=225:*&output-format=jpg&output-quality=70",Stevens,3.0,3.0,"['email', 'phone', 'google', 'reviews', 'kba']",t,t,"20th Avenue, Seattle, WA 98122, United States",Minor,Minor,Central Area,Seattle,WA,98122,Seattle,"Seattle, WA",US,United States,47.60751122227053,-122.30758469273545,t,House,Entire home/apt,6,1.0,3.0,4.0,Real Bed,"{TV,""Cable TV"",Internet,""Wireless Internet"",Kitchen,""Free Parking on Premises"",""Pets Allowed"",""Indoor Fireplace"",Heating,""Family/Kid Friendly"",Washer,Dryer,""Smoke Detector"",""Carbon Monoxide Detector"",""First Aid Kit"",""Fire Extinguisher"",Essentials,Shampoo}",,$114.00,$762.00,"$2,688.00",$500.00,$50.00,2,$20.00,3,1125,yesterday,t,22,52,82,357,2016-01-04,4,2015-08-25,2015-12-17,100.0,10.0,10.0,10.0,10.0,10.0,9.0,f,,WASHINGTON,f,flexible,f,f,3,0.9
5241773,https://www.airbnb.com/rooms/5241773,20160104002432,2016-01-04,"Cool/Fun House on Cap Hill, Bdrm #2","Location !   Downtown & Pike Pl Market: 20-30 minute walk;  Capitol Hill & Pike/Pine: 10-15 minutes walk.  Comfortable home on tree lined side street of Pike/Pine.  Multitude of cafes, bars, and the best book store in Seattle.",We are in a 'workers' Victorian house built in 1900 located a 20-30 minute walk directly east of Downtown on a tree-lined residential street.   This private bedroom has a double bed.  The bath is adjacent and is shared if the other room is occupied.,"Location !   Downtown & Pike Pl Market: 20-30 minute walk;  Capitol Hill & Pike/Pine: 10-15 minutes walk.  Comfortable home on tree lined side street of Pike/Pine.  Multitude of cafes, bars, and the best book store in Seattle. We are in a 'workers' Victorian house built in 1900 located a 20-30 minute walk directly east of Downtown on a tree-lined residential street.   This private bedroom has a double bed.  The bath is adjacent and is shared if the other room is occupied. The guest bedrooms and bath are on the main floor, and entry is through the front door.  We look forward to sharing the adjacent Living and Dining rooms with visitors. There is a Keurig coffee maker in the Dining room that is available for guest use.  We live primarily upstairs and in a rear kitchen, though on winter evenings Louis tends to be sitting by a fire in the Living room. We look forward to welcoming you into our home.  We enjoy meeting new people and spending time with them.  If we are home, we are happy to ",none,"We've watched as our 'hood (Pike/Pine) has become a mecca for food, drink, and art.  We have nationally recognized restaurants and bars (as well as numerous food trucks) within blocks.  Music venues,  and theaters allow for an exciting night life. Many coffee houses, interesting retail, and the best book store in Seattle keep the days interesting. The Seattle International Film Festival and the NW Film Forum both have local theaters with daily showings of indie films.  We also have Central Co-op, a great place to shop for local and organic foods. Our neighborhood has a great diversity of people. Capitol Hill (just north of Pike/Pine) has been the city's gayborhood for years; Pike/Pine has been home to many of Seattle's arts community, visual, dance, theater;  and Seattle University is just two blocks away. We live on a side street of homes from the early 1900's with several older brick apartment buildings mixed in.  Its relaxed and low-key, a great place to walk and wander. ","Parking is on the street, and given the number of restaurants and bars nearby, can be a bit of a challenge in the evenings.   ","Walk Score calls our neighborhood a ""walker's paradise"" and gives us a Walk Score of 96.  It also rates our transit service as ""excellent"", and gives us a Bike Score of 86. Pronto, a bike share system, has several stations where you can rent a bike within 3-6 blocks from us. There are numerous bus lines within blocks, that go downtown and then on to many nearby parts of the city, including Pioneer Square, the waterfront, the Seattle Center (Space Needle), UW, Queen Anne Hill, Madrona, Lake Washington (swimming).  Buses are run by King County Metro, and they have a great trip planner on their web site. If you are arriving at the airport, there is a light rail line that runs directly into downtown, and we are a short walk, bus ride, or cab ride away.",https://a1.muscache.com/ac/pictures/67131970/53f036d3_original.jpg?interpolation=lanczos-none&size=small&output-format=jpg&output-quality=70,https://a1.muscache.com/im/pictures/67131970/53f036d3_original.jpg?aki_policy=medium,https://a1.muscache.com/ac/pictures/67131970/53f036d3_original.jpg?interpolation=lanczos-none&size=large_cover&output-format=jpg&output-quality=70,https://a1.muscache.com/ac/pictures/67131970/53f036d3_original.jpg?interpolation=lanczos-none&size=x_large_cover&output-format=jpg&output-quality=70,27128557,https://www.airbnb.com/users/show/27128557,Louis & Kevin,2015-02-02,"Seattle, Washington, United States","Louis: I've been around the block a few times, and do my best to have fun each time.  I've been in Seattle 20+ years, and I love it.  I also love getting my hands in the dirt…… I garden for a living, helping clients keep their yards looking good.  And when a house is going on the market, I will come in and 'stage' the yard, making it look its best.  Kevin and I have been together forever.  We enjoy hanging out with friends and family and the occasional road trip.

Kevin: I'm a West Coast boy, born in Seattle, college in LA, San Francisco in the 80's, and back to Seattle.  Love it here.  Through being self employed (book keeping, minor remodeling) and doing our version of home improvement (our house is always ""in process""), we've managed to put together a fun, kind of odd-ball life that we enjoy.  I have really enjoyed meeting our guests - so many different people living different sorts of lives, and having such a range of interests.",within an hour,100%,100%,t,"https://a2.muscache.com/ac/users/27128557/profile_pic/1430017944/original.jpg?interpolation=lanczos-none&crop=w:w;*,*&crop=h:h;*,*&resize=50:*&output-format=jpg&output-quality=70","https://a2.muscache.com/ac/users/27128557/profile_pic/1430017944/original.jpg?interpolation=lanczos-none&crop=w:w;*,*&crop=h:h;*,*&resize=225:*&output-format=jpg&output-quality=70",Minor,3.0,3.0,"['email', 'phone', 'reviews', 'kba']",t,t,"13th Avenue, Seattle, WA 98122, United States",Minor,Minor,Central Area,Seattle,WA,98122,Seattle,"Seattle, WA",US,United States,47.61243073102736,-122.31589739866128,t,House,Private room,2,1.0,1.0,1.0,Real Bed,"{TV,""Wireless Internet"",""Pets live on this property"",Cat(s),Heating,""Smoke Detector"",""Carbon Monoxide Detector"",Essentials,Shampoo}",,$59.00,,,,$25.00,0,$0.00,1,1125,4 days ago,t,2,9,30,99,2016-01-04,95,2015-03-06,2016-01-02,98.0,10.0,10.0,10.0,10.0,10.0,10.0,f,,WASHINGTON,f,flexible,f,f,3,9.34
3144597,https://www.airbnb.com/rooms/3144597,20160104002432,2016-01-04,Sweet room near Capitol Hill!,"Great location, nice home and lovely bedroom for you to stay in. The setting is close to Capitol Hill and Downtown. Room with bath, single bed for one and air queen can used if there are two people. Use of the kitchen if you would like.","Nice guest room in a quiet yet close in city neighborhood- Madison Valley.  Arboretum, Madison Park and Lake Washington close by. Good restaurants too! And easy access to downtown, Capitol Hill and the University District. Street parking readily available.","Great location, nice home and lovely bedroom for you to stay in. The setting is close to Capitol Hill and Downtown. Room with bath, single bed for one and air queen can used if there are two people. Use of the kitchen if you would like. Nice guest room in a quiet yet close in city neighborhood- Madison Valley.  Arboretum, Madison Park and Lake Washington close by. Good restaurants too! And easy access to downtown, Capitol Hill and the University District. Street parking readily available. Guests will have access to their room and use of the kitchen. Private full bath is available next to bedroom Guests will be sharing the house with the owner. A friendly little dog in residence as well. (terrier, so low allergy dog for some) Socialize, or not, with your host- this can be up to you. Madison Valley neighborhood- a diverse area with nice shops, old bungalows, new town homes and much more. Close to Capitol Hill, U District, Lake Washington and the Arboretum.  Three different bus routes ver",none,"Madison Valley neighborhood- a diverse area with nice shops, old bungalows, new town homes and much more. Close to Capitol Hill, U District, Lake Washington and the Arboretum. ","Small and friendly dog in residence as well. The room is small, comfortable, but small. Ideal for 1 and certainly okay for two if you are cozy with one another.",Three different bus routes very close to the house.,https://a0.muscache.com/ac/pictures/108520479/885a2c06_original.jpg?interpolation=lanczos-none&size=small&output-format=jpg&output-quality=70,https://a0.muscache.com/im/pictures/108520479/885a2c06_original.jpg?aki_policy=medium,https://a0.muscache.com/ac/pictures/108520479/885a2c06_original.jpg?interpolation=lanczos-none&size=large_cover&output-format=jpg&output-quality=70,https://a0.muscache.com/ac/pictures/108520479/885a2c06_original.jpg?interpolation=lanczos-none&size=x_large_cover&output-format=jpg&output-quality=70,5872109,https://www.airbnb.com/users/show/5872109,Nash,2013-04-10,"Seattle, Washington, United States","Easy going and generally happy person who enjoys conversation, hikes, outdoor activities and good food. A single parent to a very busy 17 year old. Looking to host folks who simply need a place to stay but are willing to be gracious and responsible in return.
I love having visitors in my home and often host friends, family and acquaintances. 
We live in a great part of Seattle if you want access to Downtown, Capitol Hill and the University District.",within a few hours,100%,100%,f,"https://a0.muscache.com/ac/users/5872109/profile_pic/1365651328/original.jpg?interpolation=lanczos-none&crop=w:w;*,*&crop=h:h;*,*&resize=50:*&output-format=jpg&output-quality=70","https://a0.muscache.com/ac/users/5872109/profile_pic/1365651328/original.jpg?interpolation=lanczos-none&crop=w:w;*,*&crop=h:h;*,*&resize=225:*&output-format=jpg&output-quality=70",Minor,1.0,1.0,"['email', 'phone', 'facebook', 'reviews', 'jumio']",t,t,"24th Avenue, Seattle, WA 98122, United States",Minor,Minor,Central Area,Seattle,WA,98122,Seattle,"Seattle, WA",US,United States,47.61722523969229,-122.30263618609337,t,House,Private room,1,1.5,1.0,1.0,Real Bed,"{""Wireless Internet"",Kitchen,Essentials}",,$54.00,$300.00,,,,1,$20.00,2,14,6 weeks ago,t,18,48,78,167,2016-01-04,45,2014-05-27,2015-12-05,95.0,9.0,9.0,10.0,10.0,10.0,10.0,f,,WASHINGTON,f,flexible,f,f,1,2.3
7698916,https://www.airbnb.com/rooms/7698916,20160104002432,2016-01-04,Capitol Hill Master Bedroom,"Located in south Capitol Hill, this is the perfect launching point for any Seattle adventure. 10 min walk to Pike/Pine Capitol Hill.  10 minute walk to Ike's Pot Shop 10 minute walk to First Hill 5 min walk to Trader Joe's, 15 min to Safeway","Bedroom has a couch, dresser, closet, reading lights (2X), and bookshelf with some great books of mine.","Located in south Capitol Hill, this is the perfect launching point for any Seattle adventure. 10 min walk to Pike/Pine Capitol Hill.  10 minute walk to Ike's Pot Shop 10 minute walk to First Hill 5 min walk to Trader Joe's, 15 min to Safeway Bedroom has a couch, dresser, closet, reading lights (2X), and bookshelf with some great books of mine. Whole apartment except the other bedroom (mine). TV and couch in the living room area. TV has Netflix. There's also a blu-ray player. There is a coffee maker with whole coffee beans provided, you are free to grind and brew. I have a few snack selections you are welcome to, namely fresh fruit. I might be out and about for work or a gig. If I'm not, I will be staying in my room. Centrally located for any Seattle adventure - Central District to the South, heart of Capitol Hill to the North, Downtown to the West, Madrona to the East. Right off the No. 2 bus, which goes from Madrona to Queen Anne through Downtown.  Much of the parking in the surroundi",none,"Centrally located for any Seattle adventure - Central District to the South, heart of Capitol Hill to the North, Downtown to the West, Madrona to the East.",Bed is a Full Sized. This is fine for two if you're friendly!,"Right off the No. 2 bus, which goes from Madrona to Queen Anne through Downtown.  Much of the parking in the surrounding area is ""Zone 2"" meaning it has a 2 hour time limit 7 am-6pm. However there is almost always street parking on Union, especially during the day and late night.",https://a2.muscache.com/ac/pictures/97838123/0414f21e_original.jpg?interpolation=lanczos-none&size=small&output-format=jpg&output-quality=70,https://a2.muscache.com/im/pictures/97838123/0414f21e_original.jpg?aki_policy=medium,https://a2.muscache.com/ac/pictures/97838123/0414f21e_original.jpg?interpolation=lanczos-none&size=large_cover&output-format=jpg&output-quality=70,https://a2.muscache.com/ac/pictures/97838123/0414f21e_original.jpg?interpolation=lanczos-none&size=x_large_cover&output-format=jpg&output-quality=70,40439185,https://www.airbnb.com/users/show/40439185,Nathan,2015-08-03,US,"I'm a fairly simple dude: like to read, drink beer (Seattle microbrews!) and shred the guitar!

Happy to tell you what I know about the city and about Cap Hill. I have a rather hectic schedule so I can't guarantee I'll always be around in person. But I will do my best to answer your questions and make your stay great!",,,,f,"https://a2.muscache.com/ac/users/40439185/profile_pic/1438658993/original.jpg?interpolation=lanczos-none&crop=w:w;*,*&crop=h:h;*,*&resize=50:*&output-format=jpg&output-quality=70","https://a2.muscache.com/ac/users/40439185/profile_pic/1438658993/original.jpg?interpolation=lanczos-none&crop=w:w;*,*&crop=h:h;*,*&resize=225:*&output-format=jpg&output-quality=70",Minor,1.0,1.0,"['email', 'phone', 'reviews']",t,f,"East Union Street, Seattle, WA 98122, United States",Minor,Minor,Central Area,Seattle,WA,98122,Seattle,"Seattle, WA",US,United States,47.61350303138208,-122.31080262853337,t,Apartment,Private room,2,1.0,1.0,1.0,Real Bed,"{TV,Internet,""Wireless Internet"",""Air Conditioning"",Kitchen,""Buzzer/Wireless Intercom"",Heating,Washer,Dryer,""Smoke Detector"",""Carbon Monoxide Detector"",""First Aid Kit"",""Safety Card"",""Fire Extinguisher"",Essentials}",,$75.00,,,,$10.00,1,$20.00,1,1125,2 months ago,t,0,0,0,127,2016-01-04,14,2015-08-07,2015-09-09,99.0,10.0,10.0,10.0,10.0,10.0,10.0,f,,WASHINGTON,f,strict,f,f,1,2.78
7305969,https://www.airbnb.com/rooms/7305969,20160104002432,2016-01-04,"Walkable, private Capitol Hill room","Brand new modern townhome with easy walking and bus access to great restaurants and entertainment of Capitol Hill, downtown, and more. You will have your own entrance, private bedroom/bathroom, and patio area.",,"Brand new modern townhome with easy walking and bus access to great restaurants and entertainment of Capitol Hill, downtown, and more. You will have your own entrance, private bedroom/bathroom, and patio area. The guest bedroom and bathroom is on the lowest level of the townhouse and is accessible directly through a separate entrance (the downhill entrance). We are available but stay out of your way, which adds to privacy. If you want, we can answer questions and tell you about Seattle and especially our neighborhood - we moved here 6 years ago ourselves and have done almost every visitor experience, plus love to eat and drink in the neighborhood. Capitol Hill is a vibrant neighborhood with tons of amazing restaurants and bars and very busy nightlife. Our home has a number of amazing restaurants within a few blocks' walk. We are within 2 blocks of 4 bus routes and there is on-street parking. One of us is working from home so our ideal guest is someone who is quiet and/or is looking to ",none,Capitol Hill is a vibrant neighborhood with tons of amazing restaurants and bars and very busy nightlife. Our home has a number of amazing restaurants within a few blocks' walk.,One of us is working from home so our ideal guest is someone who is quiet and/or is looking to spend most of their time exploring Seattle.,We are within 2 blocks of 4 bus routes and there is on-street parking.,https://a1.muscache.com/ac/pictures/92698791/27629761_original.jpg?interpolation=lanczos-none&size=small&output-format=jpg&output-quality=70,https://a1.muscache.com/im/pictures/92698791/27629761_original.jpg?aki_policy=medium,https://a1.muscache.com/ac/pictures/92698791/27629761_original.jpg?interpolation=lanczos-none&size=large_cover&output-format=jpg&output-quality=70,https://a1.muscache.com/ac/pictures/92698791/27629761_original.jpg?interpolation=lanczos-none&size=x_large_cover&output-format=jpg&output-quality=70,38271728,https://www.airbnb.com/users/show/38271728,Emily,2015-07-12,"Seattle, Washington, United States",,within an hour,100%,100%,t,"https://a1.muscache.com/ac/users/38271728/profile_pic/1436732288/original.jpg?interpolation=lanczos-none&crop=w:w;*,*&crop=h:h;*,*&resize=50:*&output-format=jpg&output-quality=70","https://a1.muscache.com/ac/users/38271728/profile_pic/1436732288/original.jpg?interpolation=lanczos-none&crop=w:w;*,*&crop=h:h;*,*&resize=225:*&output-format=jpg&output-quality=70",Minor,1.0,1.0,"['email', 'phone', 'linkedin', 'reviews', 'jumio', 'kba']",t,t,"A 19th Ave, Seattle, WA 98122, United States",Minor,Minor,Central Area,Seattle,WA,98122,Seattle,"Seattle, WA",US,United States,47.6158783442314,-122.30773900975102,t,Townhouse,Private room,2,1.0,1.0,1.0,Real Bed,"{Internet,""Wireless Internet"",""Pets Allowed"",Heating,Washer,Dryer,""Smoke Detector"",""Carbon Monoxide Detector"",""First Aid Kit"",""Safety Card"",""Fire Extinguisher"",Essentials,Shampoo}",,$90.00,,,,$30.00,1,$0.00,1,1125,5 weeks ago,t,30,60,90,365,2016-01-04,27,2015-07-15,2015-11-29,100.0,10.0,10.0,10.0,10.0,10.0,10.0,f,,WASHINGTON,f,moderate,f,f,1,4.66
5069495,https://www.airbnb.com/rooms/5069495,20160104002432,2016-01-04,Neat & Roomy Photography Studio,Our guest studio is located on the ground floor of our town home. It is also a commercial photography studio. (You will get street noise) & shower is located upstairs in a shared space.   We are bout a mile from downtown Seattle city center.,"Cement Floors, Industrial feel with tons of room.","Our guest studio is located on the ground floor of our town home. It is also a commercial photography studio. (You will get street noise) & shower is located upstairs in a shared space.   We are bout a mile from downtown Seattle city center. Cement Floors, Industrial feel with tons of room. Studio is accessed through front door through a courtyard. We live & work in the building so I imagine we will run into each other :) Just outside the city without the traffic! The space is pretty awesome also. Plenty of food, coffee and a brewery within easy walking distance. Great place for all and particularly neat for someone in town in business. Bus stop on the same block and close to downtown. Easy access for Lyft and Uber. Totally walkable to all areas of the city. Space is on the street level so your gonna hear the bustle of the area & shower is on the 3rd floor. If that is cool with you you will like the studio!",none,"Just outside the city without the traffic! The space is pretty awesome also. Plenty of food, coffee and a brewery within easy walking distance. Great place for all and particularly neat for someone in town in business.",Space is on the street level so your gonna hear the bustle of the area & shower is on the 3rd floor. If that is cool with you you will like the studio!,Bus stop on the same block and close to downtown. Easy access for Lyft and Uber. Totally walkable to all areas of the city.,https://a2.muscache.com/ac/pictures/398a3950-7a0d-47e2-9b34-53bb7c6c66ec.jpg?interpolation=lanczos-none&size=small&output-format=jpg&output-quality=70,https://a2.muscache.com/im/pictures/398a3950-7a0d-47e2-9b34-53bb7c6c66ec.jpg?aki_policy=medium,https://a2.muscache.com/ac/pictures/398a3950-7a0d-47e2-9b34-53bb7c6c66ec.jpg?interpolation=lanczos-none&size=large_cover&output-format=jpg&output-quality=70,https://a2.muscache.com/ac/pictures/398a3950-7a0d-47e2-9b34-53bb7c6c66ec.jpg?interpolation=lanczos-none&size=x_large_cover&output-format=jpg&output-quality=70,20783903,https://www.airbnb.com/users/show/20783903,Devin,2014-08-31,"Seattle, Washington, United States","We are avid travelers photographers, new parents and love sharing the greatness that is Seattle!",within an hour,100%,100%,f,"https://a1.muscache.com/ac/users/20783903/profile_pic/1416282155/original.jpg?interpolation=lanczos-none&crop=w:w;*,*&crop=h:h;*,*&resize=50:*&output-format=jpg&output-quality=70","https://a1.muscache.com/ac/users/20783903/profile_pic/1416282155/original.jpg?interpolation=lanczos-none&crop=w:w;*,*&crop=h:h;*,*&resize=225:*&output-format=jpg&output-quality=70",Capitol Hill,3.0,3.0,"['email', 'phone', 'facebook', 'google', 'linkedin', 'reviews', 'kba', 'photographer']",t,t,"East Yesler Way, Seattle, WA 98122, United States",,Minor,Central Area,Seattle,WA,98122,Seattle,"Seattle, WA",US,United States,47.60254407146387,-122.30986442048628,f,Townhouse,Entire home/apt,4,0.5,1.0,1.0,Real Bed,"{Internet,""Wireless Internet"",""Free Parking on Premises"",""Pets live on this property"",Cat(s),Heating,""Family/Kid Friendly"",""Suitable for Events"",""Smoke Detector"",""Carbon Monoxide Detector"",""Fire Extinguisher"",Essentials,""Laptop Friendly Workspace""}",,$95.00,,,$150.00,$15.00,2,$40.00,2,10,5 days ago,t,11,41,69,319,2016-01-04,33,2015-03-03,2016-01-02,95.0,10.0,10.0,10.0,10.0,9.0,10.0,f,,WASHINGTON,f,strict,f,f,2,3.21
1817878,https://www.airbnb.com/rooms/1817878,20160104002432,2016-01-04,The Central in Seattle,"Our recently remodeled 2 bedroom / 2 bathrooms townhome is located on a quiet residential street in the Central District within minutes of Seattle University, Capitol Hill, Downtown, International District, Safeco field, and other attractions in Seattle. Public transportation can be accessed easily within a few blocks. Walkscore of 85% ","The 1000 square feet unit has modern and stylish furniture that will make you feel at home. A quiet and private unit that only shares one small wall with the next door unit, giving you the privacy that you deserve for during your stay. The amenities include: * Town-house style unit, ideal for families or couples traveling together. Sleeps up 6 guests (4 in bedrooms and 2 on queen sized sofa bed) * 2 bedrooms and 2 full baths in the upper level. The master bedroom has a king size bed while the second bedroom has a queen bed. * fully equipped kitchen with stainless-steel appliances that accommodates 6 guests. * private garden (sole use) * private washer/dryer is located in the unit with detergent, dryer sheets, iron and ironing board * off-street parking available in the unit. * free wifi. * 55"" hdtv Smart TV with Wave cable. * shampoo, soap and hair dryer provided * deluxe mattress and linens, * two full size tubs and shower, plenty of plush towels. * tourist information such as a list ","Our recently remodeled 2 bedroom / 2 bathrooms townhome is located on a quiet residential street in the Central District within minutes of Seattle University, Capitol Hill, Downtown, International District, Safeco field, and other attractions in Seattle. Public transportation can be accessed easily within a few blocks. Walkscore of 85% The 1000 square feet unit has modern and stylish furniture that will make you feel at home. A quiet and private unit that only shares one small wall with the next door unit, giving you the privacy that you deserve for during your stay. The amenities include: * Town-house style unit, ideal for families or couples traveling together. Sleeps up 6 guests (4 in bedrooms and 2 on queen sized sofa bed) * 2 bedrooms and 2 full baths in the upper level. The master bedroom has a king size bed while the second bedroom has a queen bed. * fully equipped kitchen with stainless-steel appliances that accommodates 6 guests. * private garden (sole use) * private washer/dr",none,,,,https://a1.muscache.com/ac/pictures/25523330/bf884eff_original.jpg?interpolation=lanczos-none&size=small&output-format=jpg&output-quality=70,https://a1.muscache.com/im/pictures/25523330/bf884eff_original.jpg?aki_policy=medium,https://a1.muscache.com/ac/pictures/25523330/bf884eff_original.jpg?interpolation=lanczos-none&size=large_cover&output-format=jpg&output-quality=70,https://a1.muscache.com/ac/pictures/25523330/bf884eff_original.jpg?interpolation=lanczos-none&size=x_large_cover&output-format=jpg&output-quality=70,9519939,https://www.airbnb.com/users/show/9519939,Heberto,2013-10-19,US,,within a day,100%,,f,"https://a1.muscache.com/ac/users/9519939/profile_pic/1382212242/original.jpg?interpolation=lanczos-none&crop=w:w;*,*&crop=h:h;*,*&resize=50:*&output-format=jpg&output-quality=70","https://a1.muscache.com/ac/users/9519939/profile_pic/1382212242/original.jpg?interpolation=lanczos-none&crop=w:w;*,*&crop=h:h;*,*&resize=225:*&output-format=jpg&output-quality=70",Minor,1.0,1.0,"['email', 'phone', 'reviews', 'jumio']",t,t,"18th Avenue, Seattle, WA 98122, United States",Minor,Minor,Central Area,Seattle,WA,98122,Seattle,"Seattle, WA",US,United States,47.60260013403676,-122.3095146857115,t,House,Entire home/apt,6,2.0,2.0,2.0,Real Bed,"{TV,""Cable TV"",""Wireless Internet"",Kitchen,""Indoor Fireplace"",Heating,""Family/Kid Friendly"",Washer,Dryer,""Smoke Detector"",""Carbon Monoxide Detector"",""Fire Extinguisher"",Essentials,Shampoo}",,$160.00,,,$400.00,$100.00,4,$10.00,3,365,today,t,0,0,0,269,2016-01-04,4,2013-11-22,2015-09-01,95.0,9.0,10.0,10.0,10.0,9.0,10.0,f,,WASHINGTON,f,flexible,f,f,1,0.16
4430381,https://www.airbnb.com/rooms/4430381,20160104002432,2016-01-04,Seattle Turret House (Apt 5),Seattle Turret House (Apt 5).  Very stylish and unique penthouse apartment with private deck and city views,"Penthouse apartment with cathedral ceilings, skylights, private deck, city views.","Seattle Turret House (Apt 5).  Very stylish and unique penthouse apartment with private deck and city views Penthouse apartment with cathedral ceilings, skylights, private deck, city views. Entire apartment, private entry and door codes Charming and quiet yet close to great shops, restaurants and cafes.  Easy access to public transportation. One block from city bus stop, easy access to downtown and major tourist attractions",none,"Charming and quiet yet close to great shops, restaurants and cafes.  Easy access to public transportation.","Clean, well maintained building","One block from city bus stop, easy access to downtown and major tourist attractions",https://a1.muscache.com/ac/pictures/62952376/785b8d15_original.jpg?interpolation=lanczos-none&size=small&output-format=jpg&output-quality=70,https://a1.muscache.com/im/pictures/62952376/785b8d15_original.jpg?aki_policy=medium,https://a1.muscache.com/ac/pictures/62952376/785b8d15_original.jpg?interpolation=lanczos-none&size=large_cover&output-format=jpg&output-quality=70,https://a1.muscache.com/ac/pictures/62952376/785b8d15_original.jpg?interpolation=lanczos-none&size=x_large_cover&output-format=jpg&output-quality=70,1732181,https://www.airbnb.com/users/show/1732181,William,2012-02-10,"Seattle, Washington, United States","Longtime Seattle resident, now operating three unique vacation rental apartments in Capitol Hill",within an hour,100%,100%,f,"https://a2.muscache.com/ac/users/1732181/profile_pic/1328909903/original.jpg?interpolation=lanczos-none&crop=w:w;*,*&crop=h:h;*,*&resize=50:*&output-format=jpg&output-quality=70","https://a2.muscache.com/ac/users/1732181/profile_pic/1328909903/original.jpg?interpolation=lanczos-none&crop=w:w;*,*&crop=h:h;*,*&resize=225:*&output-format=jpg&output-quality=70",Minor,3.0,3.0,"['email', 'phone', 'facebook', 'reviews', 'kba']",t,t,"16th Avenue, Seattle, WA 98122, United States",Minor,Minor,Central Area,Seattle,WA,98122,Seattle,"Seattle, WA",US,United States,47.61075240080532,-122.3121520302354,t,Apartment,Entire home/apt,4,1.0,2.0,2.0,Real Bed,"{TV,""Cable TV"",""Wireless Internet"",Kitchen,Heating,Washer,Dryer,""Smoke Detector"",""Carbon Monoxide Detector"",""Fire Extinguisher"",Essentials,Shampoo}",,$175.00,"$1,400.00","$4,000.00",,$60.00,1,$0.00,3,30,today,t,21,51,78,335,2016-01-04,3,2015-05-01,2015-12-21,100.0,10.0,10.0,10.0,9.0,10.0,9.0,f,,WASHINGTON,f,strict,f,f,3,0.36
6528192,https://www.airbnb.com/rooms/6528192,20160104002432,2016-01-04,Cozy Attic Apartment,Private room in attic apartment with northern exposure. Pictures of the bedroom is the one you will be in for the duration of your stay. The apartment is a shared space with a woman (occupying the 2nd bedroom) + cats.,"Attic apartment with sloped ceilings and giant backyard. Pets with shots can come too!  Hardwood floors throughout except in kitchen and bathroom.  This is a home - lived in, but comfortable and in a great location! You will be in the 2nd private bedroom in the apartment. The other bedroom across the hall is occupied by the host.    Since it is an attic apartment it can be hot in the summer and chilly in the winter.  I do provide plenty of blankets for the bed and the room is warmed pretty quickly from the vent in the wall.  I have the same heater in my room and it only takes 15 minutes or so before it is warmed up.  When I say lived in - my cats are around the house as well as myself.  I keep things as tidy as I can while also being in classes + studying.  I vacuum and sweep, but cat hair is going to be present as well as the cats themselves.  If cats are annoying to you I would suggest other accommodations that do not have cats.   They are naturally curious and will want to know more","Private room in attic apartment with northern exposure. Pictures of the bedroom is the one you will be in for the duration of your stay. The apartment is a shared space with a woman (occupying the 2nd bedroom) + cats. Attic apartment with sloped ceilings and giant backyard. Pets with shots can come too!  Hardwood floors throughout except in kitchen and bathroom.  This is a home - lived in, but comfortable and in a great location! You will be in the 2nd private bedroom in the apartment. The other bedroom across the hall is occupied by the host.    Since it is an attic apartment it can be hot in the summer and chilly in the winter.  I do provide plenty of blankets for the bed and the room is warmed pretty quickly from the vent in the wall.  I have the same heater in my room and it only takes 15 minutes or so before it is warmed up.  When I say lived in - my cats are around the house as well as myself.  I keep things as tidy as I can while also being in classes + studying.  I vacuum and s",none,"The Central District is aptly named.  In the middle of everything, but far enough away that relaxation is possible.  It's pretty quiet around here most of the time. Except when the Seahawks win a game. And the occasional sounds of traffic and construction. Largely families. Guests should take advantage of the proximity to Capitol Hill, which has everything you could possibly want. Restaurants, indie cinema, arts, bars, live music venues, Trader Joe's, grocery, farmer's market etc. There is a hop shop up the street that features a different food truck every night.","Apartment is occupied by a woman and indoor only cats. They are in the other bedroom of this 2 bedroom apartment. I keep check-in flexible, but please let me know as soon as you are able when you are arriving into Seattle.  It helps me make sure to have your room ready as well as prepare the guest that may be staying here to vacate the room in time for me to tidy it up for your arrival.","BUS Two lines, the 2 and 48. The 2 goes downtown through Capitol Hill.  The 48 goes to the U District. Other buses are within walking distance as well, but these are 1 block away.  PARKING There is space in the driveway to park. Smart cars and catching a taxi or ride sharing car is pretty easy from here.  Walking will get you to most places within a short amount of time and about a mile away is a bike rental station.  FROM THE AIRPORT I would take the link from the airport to downtown. If you do not have very much luggage taking bus #2 will bring you to 20th and union. It's a couple blocks from there to the apartment.   If you have more than one bag, there are plenty of rideshare companies like Sidecar, lyft or Uber. Smart cars are around as well.",https://a2.muscache.com/ac/pictures/82137790/7d253ce3_original.jpg?interpolation=lanczos-none&size=small&output-format=jpg&output-quality=70,https://a2.muscache.com/im/pictures/82137790/7d253ce3_original.jpg?aki_policy=medium,https://a2.muscache.com/ac/pictures/82137790/7d253ce3_original.jpg?interpolation=lanczos-none&size=large_cover&output-format=jpg&output-quality=70,https://a2.muscache.com/ac/pictures/82137790/7d253ce3_original.jpg?interpolation=lanczos-none&size=x_large_cover&output-format=jpg&output-quality=70,34143590,https://www.airbnb.com/users/show/34143590,Jennifer,2015-05-24,"Seattle, Washington, United States",,within a few hours,100%,100%,f,"https://a1.muscache.com/ac/users/34143590/profile_pic/1432517539/original.jpg?interpolation=lanczos-none&crop=w:w;*,*&crop=h:h;*,*&resize=50:*&output-format=jpg&output-quality=70","https://a1.muscache.com/ac/users/34143590/profile_pic/1432517539/original.jpg?interpolation=lanczos-none&crop=w:w;*,*&crop=h:h;*,*&resize=225:*&output-format=jpg&output-quality=70",Minor,1.0,1.0,"['email', 'phone', 'facebook', 'linkedin', 'reviews', 'kba']",t,t,"22nd Avenue, Seattle, WA 98122, United States",Minor,Minor,Central Area,Seattle,WA,98122,Seattle,"Seattle, WA",US,United States,47.61396247592841,-122.30418487413536,t,Apartment,Private room,1,1.0,1.0,1.0,Futon,"{""Wireless Internet"",Kitchen,""Free Parking on Premises"",""Pets Allowed"",""Pets live on this property"",Cat(s),Washer,Dryer,""Smoke Detector"",""First Aid Kit"",Essentials,Shampoo}",,$37.00,$235.00,$850.00,,$20.00,1,$10.00,2,90,2 weeks ago,t,2,14,44,44,2016-01-04,18,2015-06-30,2015-11-25,89.0,9.0,8.0,10.0,10.0,9.0,9.0,f,,WASHINGTON,f,strict,f,f,1,2.86
3177005,https://www.airbnb.com/rooms/3177005,20160104002432,2016-01-04,In the thick of things....,"Hip, modern, bright and comfortable 4th floor apartment in the Capitol Hill district. My favorite restaurant is steps from the front door as are coffee shops, bars, cafes, grocery stores, and some of the most interesting people in town. ","The apartment is a two bedroom, two bathroom modern, well built home. There are floor to ceiling windows in the main living/dining and kitchen room. Think treehouse on one side and on the other, think urban rooftop views. Cool if you ask me.  The master bedroom has a queen sized (latex mattress) and an en suite bathroom. The second bedroom is a kid's room (for kids of all ages) with one twin bed and a bathroom adjacent to it.  This comfortable and clean home is a fantastic gateway to a very urban experience outside the front doors.  On a serious note, in the Summer the neighborhood is noisy with urban life all around. There are restaurants in the courtyard, sirens, and street noise. If you want a quiet, out of the way experience, this is probably not the place or the neighborhood for you.   Our visitors do not have a problem with the noise, but if you need absolute quiet to sleep this place may not work well for you in the Summer when windows are open.  Our home is a new (built in 2009","Hip, modern, bright and comfortable 4th floor apartment in the Capitol Hill district. My favorite restaurant is steps from the front door as are coffee shops, bars, cafes, grocery stores, and some of the most interesting people in town.  The apartment is a two bedroom, two bathroom modern, well built home. There are floor to ceiling windows in the main living/dining and kitchen room. Think treehouse on one side and on the other, think urban rooftop views. Cool if you ask me.  The master bedroom has a queen sized (latex mattress) and an en suite bathroom. The second bedroom is a kid's room (for kids of all ages) with one twin bed and a bathroom adjacent to it.  This comfortable and clean home is a fantastic gateway to a very urban experience outside the front doors.  On a serious note, in the Summer the neighborhood is noisy with urban life all around. There are restaurants in the courtyard, sirens, and street noise. If you want a quiet, out of the way experience, this is probably not t",none,"The Capitol Hill neighborhood is changing by the day with more new and interesting food and drink options appearing all around. Capitol Hill is at once beautiful, gritty, creative, romantic, noisy, fun, interesting and alive! It is urban.  Capitol Hill has some fantastic restaurants, cafes, farmer's markets, bars, ice cream (five good options all within about five blocks), music, museums, and parks.  Capitol Hill is convenient to most points of interest in Seattle. Downtown Seattle, Pike Place Market and Volunteer Park are all easy walks from here. The apartment is located in the most sought after part of Capitol Hill - the Pike/Pine corridor - filled with restaurants, clubs and bars.  In the Summer months we have the best weather in the world!  From early July through mid October most days are 75 degrees, with blue sky and little humidity. The evenings are cool and comfortable. There is swimming at various lakes a mile or so away from here, the beach at Alki (a 15 minute drive) is a c",,"This home is in a very walk friendly neighborhood. There is easy access to busses, car sharing options and has great Uber service. Getting around will not be a problem! ",https://a2.muscache.com/ac/pictures/40455671/b1cc39ca_original.jpg?interpolation=lanczos-none&size=small&output-format=jpg&output-quality=70,https://a2.muscache.com/im/pictures/40455671/b1cc39ca_original.jpg?aki_policy=medium,https://a2.muscache.com/ac/pictures/40455671/b1cc39ca_original.jpg?interpolation=lanczos-none&size=large_cover&output-format=jpg&output-quality=70,https://a2.muscache.com/ac/pictures/40455671/b1cc39ca_original.jpg?interpolation=lanczos-none&size=x_large_cover&output-format=jpg&output-quality=70,7076008,https://www.airbnb.com/users/show/7076008,Ed,2013-06-23,"Seattle, Washington, United States",Living in Seattle and love to travel....,within an hour,100%,100%,f,"https://a1.muscache.com/ac/users/7076008/profile_pic/1372031521/original.jpg?interpolation=lanczos-none&crop=w:w;*,*&crop=h:h;*,*&resize=50:*&output-format=jpg&output-quality=70","https://a1.muscache.com/ac/users/7076008/profile_pic/1372031521/original.jpg?interpolation=lanczos-none&crop=w:w;*,*&crop=h:h;*,*&resize=225:*&output-format=jpg&output-quality=70",Minor,1.0,1.0,"['email', 'phone', 'facebook', 'reviews', 'kba']",t,t,"East Union Street, Seattle, WA 98122, United States",Minor,Minor,Central Area,Seattle,WA,98122,Seattle,"Seattle, WA",US,United States,47.61245586565764,-122.3148894143841,t,Apartment,Entire home/apt,3,2.0,2.0,2.0,Real Bed,"{""Wireless Internet"",Kitchen,""Pets Allowed"",""Elevator in Building"",""Family/Kid Friendly"",Washer,Dryer,""Smoke Detector"",""Carbon Monoxide Detector"",""Fire Extinguisher"",Essentials}",,$199.00,,,$300.00,$80.00,1,$0.00,2,1125,4 weeks ago,t,0,8,36,311,2016-01-04,3,2014-07-01,2014-08-25,100.0,10.0,10.0,10.0,10.0,9.0,9.0,f,,WASHINGTON,f,strict,f,f,1,0.16
4430233,https://www.airbnb.com/rooms/4430233,20160104002432,2016-01-04,Seattle Turret House (Apt 3),"Spacious renovated 2BR victorian with hardwood floors, fully equipped kitchen, washer/dryer in unit.  Quiet residential neighborhood yet just a short walk to a great variety of shops, restaurants and cafes.  ","Spacious renovated 2BR victorian with hardwood floors, fully equipped kitchen, washer/dryer in unit. ","Spacious renovated 2BR victorian with hardwood floors, fully equipped kitchen, washer/dryer in unit.  Quiet residential neighborhood yet just a short walk to a great variety of shops, restaurants and cafes.   Spacious renovated 2BR victorian with hardwood floors, fully equipped kitchen, washer/dryer in unit.  Entire Apartment, private entry and door code Guest access apartment using an assigned keyless entry code.  I live nearby and am reachable by phone or email One block from bus stop, easy to walk, cab or use a ride sharing service.",none,"It's a quiet residential neighborhood, yet only a short walk to excellent shops, cafes and restaurants.  Very easy access to public transportation, a 30  minute walk to downtown and Pike Place Market.",Very clean and well maintained property,"One block from bus stop, easy to walk, cab or use a ride sharing service.",https://a0.muscache.com/ac/pictures/55654356/e3d12367_original.jpg?interpolation=lanczos-none&size=small&output-format=jpg&output-quality=70,https://a0.muscache.com/im/pictures/55654356/e3d12367_original.jpg?aki_policy=medium,https://a0.muscache.com/ac/pictures/55654356/e3d12367_original.jpg?interpolation=lanczos-none&size=large_cover&output-format=jpg&output-quality=70,https://a0.muscache.com/ac/pictures/55654356/e3d12367_original.jpg?interpolation=lanczos-none&size=x_large_cover&output-format=jpg&output-quality=70,1732181,https://www.airbnb.com/users/show/1732181,William,2012-02-10,"Seattle, Washington, United States","Longtime Seattle resident, now operating three unique vacation rental apartments in Capitol Hill",within an hour,100%,100%,f,"https://a2.muscache.com/ac/users/1732181/profile_pic/1328909903/original.jpg?interpolation=lanczos-none&crop=w:w;*,*&crop=h:h;*,*&resize=50:*&output-format=jpg&output-quality=70","https://a2.muscache.com/ac/users/1732181/profile_pic/1328909903/original.jpg?interpolation=lanczos-none&crop=w:w;*,*&crop=h:h;*,*&resize=225:*&output-format=jpg&output-quality=70",Minor,3.0,3.0,"['email', 'phone', 'facebook', 'reviews', 'kba']",t,t,"16th Avenue, Seattle, WA 98122, United States",Minor,Minor,Central Area,Seattle,WA,98122,Seattle,"Seattle, WA",US,United States,47.61093716288886,-122.31073313873723,t,Apartment,Entire home/apt,4,1.0,2.0,2.0,Real Bed,"{TV,""Cable TV"",Internet,""Wireless Internet"",Kitchen,Heating,Washer,Dryer,""Smoke Detector"",""Carbon Monoxide Detector"",""Fire Extinguisher"",Essentials,Shampoo}",,$200.00,"$1,400.00","$4,000.00",,$60.00,1,$0.00,3,30,today,t,20,50,77,340,2016-01-04,4,2015-03-15,2015-10-11,90.0,10.0,10.0,10.0,10.0,10.0,10.0,f,,WASHINGTON,f,strict,f,f,3,0.41
670009,https://www.airbnb.com/rooms/670009,20160104002432,2016-01-04,Sunny 3BDhome near Downtown Seattle,    Historic victorian house built in 1904.  with Downtown and territorial views huge garden. Upper level unit with 3 bedrooms   ,"Victorian  House Upper level unit with 3 bedrooms  ( three Queen size beds), one bath, kitchen ,two outside decks.Large living room with a queen size sofa sleeper,and dining area.Outside deck off of kitchen. Microwave, Range/Oven, Refrigerator ,and 2 separate outside upstairs entrance,and so much more....  Good for 8people ,luxurious,clean and conveniently located one half block from Swedish Research Hospital, Swedish  Medical Center, Swedish  Cherry Hill Campus , Seattle University,and several maior bus  lines to  downtown, Space Needle,Pike place market,Seattle center, Ride the Ducks,EMP Museum,Key Arena, Seattle Pacific University,Seattle Art museum,etc. walking distance to shops ,restaurants,Downtown,,Safeco Field ,Chinatown and  grocery store  It's very convenient for visit, busness or pleasure .The house is walking distance  to downtown,one half block from Swedish Hospital,Seattle University and several major bus lines to downtown, etc, If you are looking someplace to stay where ","    Historic victorian house built in 1904.  with Downtown and territorial views huge garden. Upper level unit with 3 bedrooms    Victorian  House Upper level unit with 3 bedrooms  ( three Queen size beds), one bath, kitchen ,two outside decks.Large living room with a queen size sofa sleeper,and dining area.Outside deck off of kitchen. Microwave, Range/Oven, Refrigerator ,and 2 separate outside upstairs entrance,and so much more....  Good for 8people ,luxurious,clean and conveniently located one half block from Swedish Research Hospital, Swedish  Medical Center, Swedish  Cherry Hill Campus , Seattle University,and several maior bus  lines to  downtown, Space Needle,Pike place market,Seattle center, Ride the Ducks,EMP Museum,Key Arena, Seattle Pacific University,Seattle Art museum,etc. walking distance to shops ,restaurants,Downtown,,Safeco Field ,Chinatown and  grocery store  It's very convenient for visit, busness or pleasure .The house is walking distance  to downtown,one half block ",none,,,,https://a2.muscache.com/ac/pictures/8812501/109fa7b2_original.jpg?interpolation=lanczos-none&size=small&output-format=jpg&output-quality=70,https://a2.muscache.com/im/pictures/8812501/109fa7b2_original.jpg?aki_policy=medium,https://a2.muscache.com/ac/pictures/8812501/109fa7b2_original.jpg?interpolation=lanczos-none&size=large_cover&output-format=jpg&output-quality=70,https://a2.muscache.com/ac/pictures/8812501/109fa7b2_original.jpg?interpolation=lanczos-none&size=x_large_cover&output-format=jpg&output-quality=70,1650960,https://www.airbnb.com/users/show/1650960,Qing,2012-01-25,"Seattle, Washington, United States",I have traveled quite a bit internationally. Sometime traveling rough and Sometime posh-ish .A sense of humor make most things more fun. And I sure love to volunteering.,within a few hours,70%,100%,f,"https://a1.muscache.com/ac/users/1650960/profile_pic/1443388424/original.jpg?interpolation=lanczos-none&crop=w:w;*,*&crop=h:h;*,*&resize=50:*&output-format=jpg&output-quality=70","https://a1.muscache.com/ac/users/1650960/profile_pic/1443388424/original.jpg?interpolation=lanczos-none&crop=w:w;*,*&crop=h:h;*,*&resize=225:*&output-format=jpg&output-quality=70",Minor,4.0,4.0,"['email', 'phone', 'reviews', 'jumio']",t,t,"18th Ave, Seattle, WA 98122, United States",Minor,Minor,Central Area,Seattle,WA,98122,Seattle,"Seattle, WA",US,United States,47.61240200729462,-122.31120715032816,f,House,Entire home/apt,8,1.0,3.0,3.0,Real Bed,"{TV,""Cable TV"",Internet,""Wireless Internet"",Kitchen,""Free Parking on Premises"",Heating,""Family/Kid Friendly"",Washer,Dryer}",1300.0,$175.00,,"$3,600.00",$300.00,$80.00,3,$20.00,3,180,6 weeks ago,t,30,60,90,365,2016-01-04,13,2015-03-24,2015-10-15,72.0,8.0,7.0,8.0,8.0,9.0,8.0,f,,WASHINGTON,f,strict,t,t,3,1.36
4577542,https://www.airbnb.com/rooms/4577542,20160104002432,2016-01-04,Stylish 2-Level Capitol Hill Flat,"Remodeled one bedroom flat in the heart of Capitol Hill with a private garden and two decks. Can accommodate up to 4 people. Walk everywhere - great restaurants, cafes, shops, groceries, yoga, and anything else you could need.","My name is Jessica. Seattle is my hometown, but I live in Rome, Italy (some of the time). My partner, Phil, and I travel a lot for work but are excited to have a home base in Seattle. This is my home when I am in Seattle and a rental when I am out of town. I grew up in Capital Hill and love the neighborhood, particularly the good coffee which is essential after growing up in Seattle and living in Rome! Remodeled one bedroom flat in the heart of Capitol Hill (Pike/Pine corridor) with a private garden and two decks. Can accommodate up to 4 people. Walk everywhere - great restaurants, cafes, shops, groceries, yoga, and anything else you could need.  The downstairs includes a kitchen, dining room table and living room and a cozy bedroom (king bed) and bathroom (with bathtub/shower) upstairs. The downstairs couch pulls out into a comfy sofa bed (a queen).  The flat is in a duplex on a residential street with a private entrance for each apartment. Private deck off the bedroom and lower deck.","Remodeled one bedroom flat in the heart of Capitol Hill with a private garden and two decks. Can accommodate up to 4 people. Walk everywhere - great restaurants, cafes, shops, groceries, yoga, and anything else you could need. My name is Jessica. Seattle is my hometown, but I live in Rome, Italy (some of the time). My partner, Phil, and I travel a lot for work but are excited to have a home base in Seattle. This is my home when I am in Seattle and a rental when I am out of town. I grew up in Capital Hill and love the neighborhood, particularly the good coffee which is essential after growing up in Seattle and living in Rome! Remodeled one bedroom flat in the heart of Capitol Hill (Pike/Pine corridor) with a private garden and two decks. Can accommodate up to 4 people. Walk everywhere - great restaurants, cafes, shops, groceries, yoga, and anything else you could need.  The downstairs includes a kitchen, dining room table and living room and a cozy bedroom (king bed) and bathroom (with ",none,"Capital Hill is a fantastic neighborhood. This apartment has a walk score of 97% and is within a few minutes walk of great restaurants, bars, cafes, grocery stores and clubs. Walk to dinner at any one of the great restaurants in this neighborhood; get dinner and catch a movie at Central Cinema; go to Elliot Bay Books and look for a new book while having a coffee; grab an ice cream cone at Molly Moon's and walk through Cal Anderson Park; wander over to the Broadway Farmer's Market for local smoked salmon…. - 2 blocks to Seattle University - 5-10 minute walk to Swedish hospital - 20 minute walk to downtown Seattle",,In the perfect place for getting around Seattle! - Free off street parking (for one car) - Pronto bike share (a few stations available within a 5 to 10 min walk) - Bus stop to go all over the city within 1 block - There are often Car2Go cars parked around the area,https://a0.muscache.com/ac/pictures/60135218/5af9f4a7_original.jpg?interpolation=lanczos-none&size=small&output-format=jpg&output-quality=70,https://a0.muscache.com/im/pictures/60135218/5af9f4a7_original.jpg?aki_policy=medium,https://a0.muscache.com/ac/pictures/60135218/5af9f4a7_original.jpg?interpolation=lanczos-none&size=large_cover&output-format=jpg&output-quality=70,https://a0.muscache.com/ac/pictures/60135218/5af9f4a7_original.jpg?interpolation=lanczos-none&size=x_large_cover&output-format=jpg&output-quality=70,12850769,https://www.airbnb.com/users/show/12850769,Jessica,2014-03-06,"Rome, Lazio, Italy","Seattle is my hometown, but I live in Rome, Italy (some of the time). My partner, Phil, and I travel a lot for work but are excited to have a home base in Seattle. I grew up in Capital Hill and love the neighborhood, particularly the good coffee which is essential after growing up in Seattle and living in Rome!",within an hour,100%,100%,t,"https://a0.muscache.com/ac/users/12850769/profile_pic/1399841893/original.jpg?interpolation=lanczos-none&crop=w:w;*,*&crop=h:h;*,*&resize=50:*&output-format=jpg&output-quality=70","https://a0.muscache.com/ac/users/12850769/profile_pic/1399841893/original.jpg?interpolation=lanczos-none&crop=w:w;*,*&crop=h:h;*,*&resize=225:*&output-format=jpg&output-quality=70",Minor,1.0,1.0,"['email', 'phone', 'google', 'reviews', 'jumio']",t,t,"14th Avenue, Seattle, WA 98122, United States",Minor,Minor,Central Area,Seattle,WA,98122,Seattle,"Seattle, WA",US,United States,47.61092049068732,-122.31348962321856,t,Apartment,Entire home/apt,4,1.0,1.0,1.0,Real Bed,"{TV,""Cable TV"",""Wireless Internet"",""Air Conditioning"",Kitchen,""Free Parking on Premises"",Heating,Washer,Dryer,""Smoke Detector"",""Carbon Monoxide Detector"",""First Aid Kit"",""Fire Extinguisher"",Essentials}",,$120.00,$750.00,,$150.00,$50.00,2,$20.00,2,25,3 days ago,t,26,52,77,334,2016-01-04,30,2015-01-13,2015-12-06,99.0,10.0,10.0,10.0,10.0,10.0,10.0,f,,WASHINGTON,f,flexible,f,f,1,2.52
6764646,https://www.airbnb.com/rooms/6764646,20160104002432,2016-01-04,Historic Capitol Hill home,Cool spacious 2bd home. Walking distance from downtown and Lake Washington. A short walk from the vibrant Capitol Hill community. The home comes with the coolest cat on the planet. Incredible natural light with every comfort. A large record collection and outdoor dining with a grill. Quiet beautiful street.,Large open space. Large kitchen and bedrooms. Great Natural Light. Washer and Dryer. Large Outdoor space with BBQ. No internet or TV. The space is for interacting.,Cool spacious 2bd home. Walking distance from downtown and Lake Washington. A short walk from the vibrant Capitol Hill community. The home comes with the coolest cat on the planet. Incredible natural light with every comfort. A large record collection and outdoor dining with a grill. Quiet beautiful street. Large open space. Large kitchen and bedrooms. Great Natural Light. Washer and Dryer. Large Outdoor space with BBQ. No internet or TV. The space is for interacting. Front and back Door entry with Off street Parking. Contact Via Email (email hidden) There is a wonderful older feline named Dracula who lives at 717.,none,,There is a wonderful older feline named Dracula who lives at 717.,,https://a1.muscache.com/ac/pictures/85816493/61a0469d_original.jpg?interpolation=lanczos-none&size=small&output-format=jpg&output-quality=70,https://a1.muscache.com/im/pictures/85816493/61a0469d_original.jpg?aki_policy=medium,https://a1.muscache.com/ac/pictures/85816493/61a0469d_original.jpg?interpolation=lanczos-none&size=large_cover&output-format=jpg&output-quality=70,https://a1.muscache.com/ac/pictures/85816493/61a0469d_original.jpg?interpolation=lanczos-none&size=x_large_cover&output-format=jpg&output-quality=70,4006201,https://www.airbnb.com/users/show/4006201,Brian,2012-10-29,"Seattle, Washington, United States",I Live in seattle washington. Im a musician. ,within a day,100%,100%,f,"https://a2.muscache.com/ac/users/4006201/profile_pic/1431962384/original.jpg?interpolation=lanczos-none&crop=w:w;*,*&crop=h:h;*,*&resize=50:*&output-format=jpg&output-quality=70","https://a2.muscache.com/ac/users/4006201/profile_pic/1431962384/original.jpg?interpolation=lanczos-none&crop=w:w;*,*&crop=h:h;*,*&resize=225:*&output-format=jpg&output-quality=70",,1.0,1.0,"['email', 'phone', 'facebook', 'reviews']",t,f,"17th Ave, Seattle, WA 98122, United States",,Minor,Central Area,Seattle,WA,98122,Seattle,"Seattle, WA",US,United States,47.60820376922664,-122.30999500401548,f,House,Entire home/apt,4,1.0,2.0,2.0,Real Bed,"{Kitchen,""Pets live on this property"",Heating,""Family/Kid Friendly"",Washer,Dryer,""Smoke Detector"",Essentials}",,$160.00,,,$150.00,$25.00,1,$0.00,3,1125,2 weeks ago,t,0,0,0,255,2016-01-04,4,2015-07-14,2015-09-02,95.0,10.0,10.0,10.0,10.0,10.0,10.0,f,,WASHINGTON,f,strict,f,f,1,0.69
4256705,https://www.airbnb.com/rooms/4256705,20160104002432,2016-01-04,"Comfortable, convenient,roof access","Clean apartment in Capitol Hill, close to downtown, close to Lake Washington, rooftop access down the hall, stunning views, washer&dryer in unit, gym, full kitchen, 2 bathrooms, sectional couches, key access, 2 blocks from Trader Joe's, on bus line.","Open kitchen (with dishwasher) facing large living space, amazing views from giant windows, rooftop access down the hall. Two bedrooms, each with a queen bed, one with an attached bathroom.  There is a second bathroom in the main area of the apartment, which includes a washer&dryer.  Large sectional in the living room can potentially sleep 2 (we have extra bedding).  Views from all rooms of the apt.  Our set of spare keys will get you into the building and apartment with ease whenever you wish.","Clean apartment in Capitol Hill, close to downtown, close to Lake Washington, rooftop access down the hall, stunning views, washer&dryer in unit, gym, full kitchen, 2 bathrooms, sectional couches, key access, 2 blocks from Trader Joe's, on bus line. Open kitchen (with dishwasher) facing large living space, amazing views from giant windows, rooftop access down the hall. Two bedrooms, each with a queen bed, one with an attached bathroom.  There is a second bathroom in the main area of the apartment, which includes a washer&dryer.  Large sectional in the living room can potentially sleep 2 (we have extra bedding).  Views from all rooms of the apt.  Our set of spare keys will get you into the building and apartment with ease whenever you wish. Full kitchen use (with dishwasher), washer/dryer, gym, rooftop down the hall, internet, smart television with bluray, membership to netflix and hulu+ Either my roommate or I will be there, friendly and happy to provide suggestions on what to do aroun",none,"Great parks, restaurants and bars nearby, close to all of Capitol Hill, also accessible to downtown and Lake Washington, and 2 blocks from a Trader Joes",,"easy parking all around, abundant ubers, and located on a major bus line (11)",https://a2.muscache.com/ac/pictures/58d1cd96-57ab-43ff-ac49-dabe7b9bae96.jpg?interpolation=lanczos-none&size=small&output-format=jpg&output-quality=70,https://a2.muscache.com/im/pictures/58d1cd96-57ab-43ff-ac49-dabe7b9bae96.jpg?aki_policy=medium,https://a2.muscache.com/ac/pictures/58d1cd96-57ab-43ff-ac49-dabe7b9bae96.jpg?interpolation=lanczos-none&size=large_cover&output-format=jpg&output-quality=70,https://a2.muscache.com/ac/pictures/58d1cd96-57ab-43ff-ac49-dabe7b9bae96.jpg?interpolation=lanczos-none&size=x_large_cover&output-format=jpg&output-quality=70,22034694,https://www.airbnb.com/users/show/22034694,Kevin,2014-10-02,"Seattle, Washington, United States","I am a friendly guy who likes to stay active and travel as much as I can.  I especially enjoy running and tennis, and recently lived in Bangkok for a year.  I am new to airbnb and will be renting out my room when I am away.  My roommate is even friendlier than I am, and is a bartender at a popular restaurant on Capitol Hill.  We live in a great location on the hill, less than 2 miles from downtown, less than 2 miles from Lake Washington, and less than a mile from the 15th Avenue and Broadway strips.  My roommate Craig will leave you to yourself, but is also quite social if your schedules coincide.  We have a washer/dryer in the apartment which you are welcome to use, and you will also have your own bathroom.  You will also be able to get in&out with keys, and not worry about buzzing anyone.",within a day,70%,100%,f,"https://a1.muscache.com/ac/users/22034694/profile_pic/1412361147/original.jpg?interpolation=lanczos-none&crop=w:w;*,*&crop=h:h;*,*&resize=50:*&output-format=jpg&output-quality=70","https://a1.muscache.com/ac/users/22034694/profile_pic/1412361147/original.jpg?interpolation=lanczos-none&crop=w:w;*,*&crop=h:h;*,*&resize=225:*&output-format=jpg&output-quality=70",Minor,1.0,1.0,"['email', 'phone', 'reviews']",t,f,"East Madison Street, Seattle, WA 98122, United States",Minor,Minor,Central Area,Seattle,WA,98122,Seattle,"Seattle, WA",US,United States,47.61497797200951,-122.30923613005676,t,Apartment,Private room,4,2.0,1.0,1.0,Real Bed,"{TV,Internet,""Wireless Internet"",Kitchen,""Pets Allowed"",Gym,""Elevator in Building"",Heating,""Family/Kid Friendly"",Washer,Dryer,""Smoke Detector"",""Carbon Monoxide Detector"",Essentials,Shampoo}",,$125.00,$500.00,,,,1,$0.00,2,8,2 months ago,t,21,51,81,352,2016-01-04,11,2014-11-09,2015-12-19,96.0,10.0,10.0,10.0,10.0,10.0,10.0,f,,WASHINGTON,f,moderate,f,f,1,0.78
8812578,https://www.airbnb.com/rooms/8812578,20160104002432,2016-01-04,Modern Sanctuary,"A Beautiful newly remodeled 2 bedroom a couple of blocks from Seattle University and less than 2 miles from the pike/pine corridor. Designed with a  playful use of color.  Mod vintage. All new appliances. Plum tree, blackerry bushes and grape vines.  Private yard with beautiful accomadations.  More pics soon!",,"A Beautiful newly remodeled 2 bedroom a couple of blocks from Seattle University and less than 2 miles from the pike/pine corridor. Designed with a  playful use of color.  Mod vintage. All new appliances. Plum tree, blackerry bushes and grape vines.  Private yard with beautiful accomadations.  More pics soon!",none,,,,https://a2.muscache.com/ac/pictures/9af132b4-a57b-4280-885c-6acb97f2d257.jpg?interpolation=lanczos-none&size=small&output-format=jpg&output-quality=70,https://a2.muscache.com/im/pictures/9af132b4-a57b-4280-885c-6acb97f2d257.jpg?aki_policy=medium,https://a2.muscache.com/ac/pictures/9af132b4-a57b-4280-885c-6acb97f2d257.jpg?interpolation=lanczos-none&size=large_cover&output-format=jpg&output-quality=70,https://a2.muscache.com/ac/pictures/9af132b4-a57b-4280-885c-6acb97f2d257.jpg?interpolation=lanczos-none&size=x_large_cover&output-format=jpg&output-quality=70,1551432,https://www.airbnb.com/users/show/1551432,Tiffany,2011-12-30,"Seattle, Washington, United States","My Family and I live in Seattle's Capitol Hill.  We have a 2 year old daughter, Mattie Simone. I am a full time Mom, part time student and Airbnb host and my wife is a flight attendant.  We love to travel and try to make a trip each month, not as often with the birth of our daughter but we're hoping to take her on a lot of trips this year. Our favorite vacations as of late are Stockholm , France (South or Paris), SF Bay, Hawaii, New York and we love lake front cottages.  We love international food, French bakeries, film, music, beach front lounging, urban nightlife, authentic shops and good coffee.",within an hour,100%,100%,f,"https://a1.muscache.com/ac/users/1551432/profile_pic/1325644974/original.jpg?interpolation=lanczos-none&crop=w:w;*,*&crop=h:h;*,*&resize=50:*&output-format=jpg&output-quality=70","https://a1.muscache.com/ac/users/1551432/profile_pic/1325644974/original.jpg?interpolation=lanczos-none&crop=w:w;*,*&crop=h:h;*,*&resize=225:*&output-format=jpg&output-quality=70",Minor,2.0,2.0,"['email', 'phone', 'reviews', 'kba']",t,t,"East Alder Street, Seattle, WA 98122, United States",Minor,Minor,Central Area,Seattle,WA,98122,Seattle,"Seattle, WA",US,United States,47.60373014765212,-122.31314709187964,t,Apartment,Entire home/apt,4,1.0,2.0,2.0,Real Bed,"{TV,""Cable TV"",Internet,""Wireless Internet"",""Air Conditioning"",Kitchen,""Free Parking on Premises"",""Pets Allowed"",Heating,""Family/Kid Friendly"",""Smoke Detector"",""Carbon Monoxide Detector"",Essentials,Shampoo}",,$150.00,$625.00,"$2,415.00",$200.00,$60.00,1,$0.00,1,1125,2 months ago,t,0,0,0,247,2016-01-04,1,2015-11-02,2015-11-02,100.0,10.0,10.0,10.0,10.0,10.0,10.0,f,,WASHINGTON,f,flexible,f,f,2,0.47
341454,https://www.airbnb.com/rooms/341454,20160104002432,2016-01-04,Seattle Turret House (Apt 4),"Seattle Turret House.  Spacious, charming  2 bedroom apartment, balcony with views, full kitchen, washer/dryer.  Quiet residential neighborhood close to great shops, restaurants and cafes.  Easy access to downtown and major tourist attractions.  ","Seattle Turret House (Apt 4) Apartment 4 occupies the second floor and features hardwood floors, private balcony, two spacious bedrooms with queen size beds, down comforters and quality linens.  Remodeled bathroom with clawfoot tub & shower.  Washer/dryer in unit.  Spacious, modern and stylish, all comfortably furnished with everything you'll need to enjoy your Seattle visit!    Ideal location in a quiet yet convenient neighborhood, easy access to Downtown Seattle, Pike Place Market, First Hill Hospitals, Seattle U, Pike/Pine Corridor, Volunteer Park, University of Washington, Seattle Center, and much more! Capitol Hill is one of Seattle's most beloved, colorful and walkable neighborhoods, with lovely turn of the century architecture, original mansions, grand city parks and mature gardens, as well as fantastic views in every direction! Guest has private access to the entire apartment as described, fully furnished with quality linens, towels, kitchen supplies, etc. Apartment access via ","Seattle Turret House (Apt 4) Apartment 4 occupies the second floor and features hardwood floors, private balcony, two spacious bedrooms with queen size beds, down comforters and quality linens.  Remodeled bathroom with clawfoot tub & shower.  Washer/dryer in unit.  Spacious, modern and stylish, all comfortably furnished with everything you'll need to enjoy your Seattle visit!    Ideal location in a quiet yet convenient neighborhood, easy access to Downtown Seattle, Pike Place Market, First Hill Hospitals, Seattle U, Pike/Pine Corridor, Volunteer Park, University of Washington, Seattle Center, and much more! Capitol Hill is one of Seattle's most beloved, colorful and walkable neighborhoods, with lovely turn of the century architecture, original mansions, grand city parks and mature gardens, as well as fantastic views in every direction! Guest has private access to the entire apartment as described, fully furnished with quality linens, towels, kitchen supplies, etc. Apartment access via ",none,"Capitol Hill is Seattle's most vibrant and eclectic neighborhoods with great shops, cafes and restaurants. ",,"One block from bus stop, easy access to downtown ",https://a0.muscache.com/ac/pictures/3744699/0605e5c9_original.jpg?interpolation=lanczos-none&size=small&output-format=jpg&output-quality=70,https://a0.muscache.com/im/pictures/3744699/0605e5c9_original.jpg?aki_policy=medium,https://a0.muscache.com/ac/pictures/3744699/0605e5c9_original.jpg?interpolation=lanczos-none&size=large_cover&output-format=jpg&output-quality=70,https://a0.muscache.com/ac/pictures/3744699/0605e5c9_original.jpg?interpolation=lanczos-none&size=x_large_cover&output-format=jpg&output-quality=70,1732181,https://www.airbnb.com/users/show/1732181,William,2012-02-10,"Seattle, Washington, United States","Longtime Seattle resident, now operating three unique vacation rental apartments in Capitol Hill",within an hour,100%,100%,f,"https://a2.muscache.com/ac/users/1732181/profile_pic/1328909903/original.jpg?interpolation=lanczos-none&crop=w:w;*,*&crop=h:h;*,*&resize=50:*&output-format=jpg&output-quality=70","https://a2.muscache.com/ac/users/1732181/profile_pic/1328909903/original.jpg?interpolation=lanczos-none&crop=w:w;*,*&crop=h:h;*,*&resize=225:*&output-format=jpg&output-quality=70",Minor,3.0,3.0,"['email', 'phone', 'facebook', 'reviews', 'kba']",t,t,"16th Ave, Seattle, WA 98122, United States",Minor,Minor,Central Area,Seattle,WA,98122,Seattle,"Seattle, WA",US,United States,47.61037711716619,-122.31156583651604,t,Apartment,Entire home/apt,4,1.0,2.0,2.0,Real Bed,"{TV,""Cable TV"",Internet,""Wireless Internet"",Kitchen,Heating,Washer,Dryer,""Smoke Detector"",""Fire Extinguisher"",Essentials}",1200.0,$175.00,"$1,400.00","$4,000.00",,$60.00,1,$0.00,3,90,today,t,20,50,77,318,2016-01-04,0,,,,,,,,,,f,,WASHINGTON,f,strict,f,f,3,
8195629,https://www.airbnb.com/rooms/8195629,20160104002432,2016-01-04,"Cozy, Capitol Hill, Classic 1920s","I love my little cottage! Clean, original 1920s space. Can walk everywhere! Easily sleeps 3 -- Queen bed and a single pull out couch. Great kitchen, gas stove, huge dining room table. Own front door. Quiet but close to the bustle.",,"I love my little cottage! Clean, original 1920s space. Can walk everywhere! Easily sleeps 3 -- Queen bed and a single pull out couch. Great kitchen, gas stove, huge dining room table. Own front door. Quiet but close to the bustle. Front door access, keys will be provided. Via text message, mostly. Close to coffee, bars, capitol hill!",none,,"Close to coffee, bars, capitol hill!",,https://a2.muscache.com/ac/pictures/104535737/bee7b913_original.jpg?interpolation=lanczos-none&size=small&output-format=jpg&output-quality=70,https://a2.muscache.com/im/pictures/104535737/bee7b913_original.jpg?aki_policy=medium,https://a2.muscache.com/ac/pictures/104535737/bee7b913_original.jpg?interpolation=lanczos-none&size=large_cover&output-format=jpg&output-quality=70,https://a2.muscache.com/ac/pictures/104535737/bee7b913_original.jpg?interpolation=lanczos-none&size=x_large_cover&output-format=jpg&output-quality=70,43229398,https://www.airbnb.com/users/show/43229398,Camellia,2015-09-03,"Seattle, Washington, United States","Hello! 
I'm a young resident physician -- work long hours and often gone if I have the weekend off. I live in the most amazing cottage -- built in the 1920s, classic. Love being home and have decided to share when I'm away. I have a Queen bed and also a comfy single pull out couch (I have friends in town often). 

Seattle is awesome for the many parks, the waterfronts, walkability, great food. 

I have been lucky enough to travel a fair bit of the world...almost exclusively hostel style. Meet so many great people that way! 

",within a few hours,100%,100%,f,"https://a2.muscache.com/ac/users/43229398/profile_pic/1441257469/original.jpg?interpolation=lanczos-none&crop=w:w;*,*&crop=h:h;*,*&resize=50:*&output-format=jpg&output-quality=70","https://a2.muscache.com/ac/users/43229398/profile_pic/1441257469/original.jpg?interpolation=lanczos-none&crop=w:w;*,*&crop=h:h;*,*&resize=225:*&output-format=jpg&output-quality=70",Minor,2.0,2.0,"['email', 'phone', 'reviews']",t,f,"18th Avenue, Seattle, WA 98122, United States",Minor,Minor,Central Area,Seattle,WA,98122,Seattle,"Seattle, WA",US,United States,47.61280971286735,-122.30936984592196,t,Condominium,Entire home/apt,3,1.0,1.0,2.0,Real Bed,"{""Wireless Internet"",""Free Parking on Premises"",""Smoke Detector"",""Carbon Monoxide Detector"",""Fire Extinguisher"",Essentials}",,$100.00,,,$95.00,$10.00,1,$0.00,1,1125,3 weeks ago,t,6,6,6,103,2016-01-04,9,2015-09-27,2015-11-29,96.0,10.0,10.0,10.0,10.0,10.0,10.0,f,,WASHINGTON,f,flexible,f,f,2,2.7
2577625,https://www.airbnb.com/rooms/2577625,20160104002432,2016-01-04,Cute 1BD in Capitol Hill,"My 1BD apt is a 10 minute walk from the heart of Capitol Hill nightlife and 1/2 hr walk to downtown. It's in a quiet building on a lovely street. It has a fully stocked kitchen, and lots of natural light. Washer and dryer in building.","I live there full time so it has everything you would need to make you feel at home. When I rent it out, I'm either traveling or staying with friends in town, so you'll have it to yourself. I have an adorable cat who lives with me, but will not be staying there while you are there. I clean as best I can before you arrive, but if you have severe allergies, please take this into consideration.","My 1BD apt is a 10 minute walk from the heart of Capitol Hill nightlife and 1/2 hr walk to downtown. It's in a quiet building on a lovely street. It has a fully stocked kitchen, and lots of natural light. Washer and dryer in building. I live there full time so it has everything you would need to make you feel at home. When I rent it out, I'm either traveling or staying with friends in town, so you'll have it to yourself. I have an adorable cat who lives with me, but will not be staying there while you are there. I clean as best I can before you arrive, but if you have severe allergies, please take this into consideration. Key to the front door of the building and key to my unit. Coin operated laundry in the basement. I'll check you in and out, or make arrangements with the neighbor. If I'm in town, I may stop by to get some things, but I'll always give you 24 hour notice. If you want, I'd be happy to show you around Capitol Hill! Capitol Hill is the heart of Seattle. Great nightlife, r",none,"Capitol Hill is the heart of Seattle. Great nightlife, restaurants, coffee shops, art, parks, and beautiful weirdos. Let me know if you'd like my restaurant and nightlife recommendations!",The building itself is art deco built in 1930. It's 4 stories with 4 units per floor.,"Number 2 bus runs downtown and to Queen Anne. Stop is block and 1/2 away. It's a dense neighborhood, and my unit has no parking, so parking can be a challenge. The plus side is that this is a very walkable part of town.",https://a2.muscache.com/ac/pictures/34373812/86bbd7ce_original.jpg?interpolation=lanczos-none&size=small&output-format=jpg&output-quality=70,https://a2.muscache.com/im/pictures/34373812/86bbd7ce_original.jpg?aki_policy=medium,https://a2.muscache.com/ac/pictures/34373812/86bbd7ce_original.jpg?interpolation=lanczos-none&size=large_cover&output-format=jpg&output-quality=70,https://a2.muscache.com/ac/pictures/34373812/86bbd7ce_original.jpg?interpolation=lanczos-none&size=x_large_cover&output-format=jpg&output-quality=70,13200012,https://www.airbnb.com/users/show/13200012,Randy,2014-03-16,"Seattle, Washington, United States","I love meeting new people and experiencing new things. I live in Seattle and do art (drawing, watercolor, and comics), stand up comedy, tango, and yoga. I get out to the mountains whenever I can and like being out in nature as much as I do in the middle of the city. ",within a few hours,100%,100%,f,"https://a1.muscache.com/ac/users/13200012/profile_pic/1397668692/original.jpg?interpolation=lanczos-none&crop=w:w;*,*&crop=h:h;*,*&resize=50:*&output-format=jpg&output-quality=70","https://a1.muscache.com/ac/users/13200012/profile_pic/1397668692/original.jpg?interpolation=lanczos-none&crop=w:w;*,*&crop=h:h;*,*&resize=225:*&output-format=jpg&output-quality=70",Minor,1.0,1.0,"['email', 'phone', 'google', 'reviews', 'jumio']",t,t,"17th Avenue, Seattle, WA 98122, United States",Minor,Minor,Central Area,Seattle,WA,98122,Seattle,"Seattle, WA",US,United States,47.61006942360317,-122.3077298267739,t,Apartment,Entire home/apt,2,1.0,1.0,1.0,Real Bed,"{TV,Internet,""Wireless Internet"",Kitchen,""Buzzer/Wireless Intercom"",Heating}",,$90.00,$450.00,"$1,800.00",$100.00,,1,$0.00,5,30,4 weeks ago,t,22,25,53,300,2016-01-04,9,2014-03-25,2014-09-19,98.0,10.0,9.0,9.0,10.0,10.0,10.0,f,,WASHINGTON,f,strict,f,f,1,0.41
555858,https://www.airbnb.com/rooms/555858,20160104002432,2016-01-04,Luxury Studio near Downtown Seattle,,"Historic 1904 victorian home features granite and SS Decor range.  This classic Victorian has been updated with the finest finishes  while keeping the original Charm Beautiful hardwoods with mahogany inlays crown molding, F P. Vintage art deco fixtures, 1 deck with city and territorial views,huge garden with fruit trees,  flowers, ,French Doors,Vaulted Ceilings, Walk-in Dishwasher, ,Garbage Disposal,, Microwave,  Range/Oven, Refrigerator ,and  so much more ...... Perfect for 2people 1bedroom with a queen size bed , it has a private  Jetted bath, Washer/Dryer and separate outdoor entrance and deck BBQ just shared a big kitchen and dinning room with other renters and luxurious, clean conveniently (website hidden)'s very convenient for dining and shopping whether you're in town for visit, business, or pleasure. The house is walking distance to downtown,one half block from Swedish  Hospital,Seattle University and several major bus lines to downtown, etc, If you are looking someplace to sta","Historic 1904 victorian home features granite and SS Decor range.  This classic Victorian has been updated with the finest finishes  while keeping the original Charm Beautiful hardwoods with mahogany inlays crown molding, F P. Vintage art deco fixtures, 1 deck with city and territorial views,huge garden with fruit trees,  flowers, ,French Doors,Vaulted Ceilings, Walk-in Dishwasher, ,Garbage Disposal,, Microwave,  Range/Oven, Refrigerator ,and  so much more ...... Perfect for 2people 1bedroom with a queen size bed , it has a private  Jetted bath, Washer/Dryer and separate outdoor entrance and deck BBQ just shared a big kitchen and dinning room with other renters and luxurious, clean conveniently (website hidden)'s very convenient for dining and shopping whether you're in town for visit, business, or pleasure. The house is walking distance to downtown,one half block from Swedish  Hospital,Seattle University and several major bus lines to downtown, etc, If you are looking someplace to sta",none,,,,https://a1.muscache.com/ac/pictures/88591761/7e1c9320_original.jpg?interpolation=lanczos-none&size=small&output-format=jpg&output-quality=70,https://a1.muscache.com/im/pictures/88591761/7e1c9320_original.jpg?aki_policy=medium,https://a1.muscache.com/ac/pictures/88591761/7e1c9320_original.jpg?interpolation=lanczos-none&size=large_cover&output-format=jpg&output-quality=70,https://a1.muscache.com/ac/pictures/88591761/7e1c9320_original.jpg?interpolation=lanczos-none&size=x_large_cover&output-format=jpg&output-quality=70,1650960,https://www.airbnb.com/users/show/1650960,Qing,2012-01-25,"Seattle, Washington, United States",I have traveled quite a bit internationally. Sometime traveling rough and Sometime posh-ish .A sense of humor make most things more fun. And I sure love to volunteering.,within a few hours,70%,100%,f,"https://a1.muscache.com/ac/users/1650960/profile_pic/1443388424/original.jpg?interpolation=lanczos-none&crop=w:w;*,*&crop=h:h;*,*&resize=50:*&output-format=jpg&output-quality=70","https://a1.muscache.com/ac/users/1650960/profile_pic/1443388424/original.jpg?interpolation=lanczos-none&crop=w:w;*,*&crop=h:h;*,*&resize=225:*&output-format=jpg&output-quality=70",Minor,4.0,4.0,"['email', 'phone', 'reviews', 'jumio']",t,t,"18th Ave, Seattle, WA 98122, United States",Minor,Minor,Central Area,Seattle,WA,98122,Seattle,"Seattle, WA",US,United States,47.61014850829877,-122.30925566387418,f,House,Private room,2,1.0,1.0,1.0,Real Bed,"{TV,""Cable TV"",Internet,""Wireless Internet"",Kitchen,""Free Parking on Premises"",""Hot Tub"",""Indoor Fireplace"",Heating,""Family/Kid Friendly"",Washer,Dryer}",,$95.00,$595.00,"$1,900.00",$250.00,$50.00,1,$0.00,2,180,6 weeks ago,t,30,60,90,365,2016-01-04,13,2012-06-29,2015-09-26,90.0,9.0,9.0,9.0,9.0,9.0,9.0,f,,WASHINGTON,f,strict,t,t,3,0.3
4814811,https://www.airbnb.com/rooms/4814811,20160104002432,2016-01-04,Bright Modern Room near Downtown,"Brand new, modern, clean town house, blocks from the center of Capitol Hill. The room has a private bathroom. Also includes private roof deck and shared kitchen/living area with a modern fireplace and a stunning view of downtown Seattle.   ","Regardless of what's the purpose of your visit, look no further. This place is the one for you.  Brand new construction, even though you are only renting a room that has a memory foam mattress, you will have full access to everything, be it the rooftop deck with an amazing view, the fully equipped kitchen, living room or the washing machine. If you're going to work downtown, it'll take you about 15-20 mins to get there. If you are here to refill the batteries, you will get around super easy and there are many parks nearby, plus there's a bus stop just around the corner. Feel free to use the wireless sound system. I am happy to answer any of your questions or send you more pictures of the place.","Brand new, modern, clean town house, blocks from the center of Capitol Hill. The room has a private bathroom. Also includes private roof deck and shared kitchen/living area with a modern fireplace and a stunning view of downtown Seattle.    Regardless of what's the purpose of your visit, look no further. This place is the one for you.  Brand new construction, even though you are only renting a room that has a memory foam mattress, you will have full access to everything, be it the rooftop deck with an amazing view, the fully equipped kitchen, living room or the washing machine. If you're going to work downtown, it'll take you about 15-20 mins to get there. If you are here to refill the batteries, you will get around super easy and there are many parks nearby, plus there's a bus stop just around the corner. Feel free to use the wireless sound system. I am happy to answer any of your questions or send you more pictures of the place. Guests have full access to the house, garage, deck and ",none,"Capital Hill is the hottest neighborhood in Seattle. Seattle is the birthplace of Nirvana and grunge music, something is always going on here. You will find amazing restaurants, cool bars, multiple farmers markets, art galleries, grocery stores, even an amazing craft beer shop within walking distance.",We also have a wireless sound system with Apple AirPlay.,"Your new place is 300 feet away from a bus stop, Bus #2 takes you to downtown in about 15 minutes. However, everything is within easy reach, walking to the city center takes about 20 minutes, if you want to wander around and explore.",https://a0.muscache.com/ac/pictures/69499216/3b239cb3_original.jpg?interpolation=lanczos-none&size=small&output-format=jpg&output-quality=70,https://a0.muscache.com/im/pictures/69499216/3b239cb3_original.jpg?aki_policy=medium,https://a0.muscache.com/ac/pictures/69499216/3b239cb3_original.jpg?interpolation=lanczos-none&size=large_cover&output-format=jpg&output-quality=70,https://a0.muscache.com/ac/pictures/69499216/3b239cb3_original.jpg?interpolation=lanczos-none&size=x_large_cover&output-format=jpg&output-quality=70,471246,https://www.airbnb.com/users/show/471246,Cameron,2011-03-29,"Seattle, Washington, United States","Quick recap of my life: I grew up in Seattle, went to undergrad on the east coast, and then worked a year at Raytheon on Boston.  Then, I moved back to Seattle to get my masters in electrical engineering, and worked three years as a strategy consultant.  After that, I started a tech company in home automation and worked in sales operations and analytics for a medical device company.

When I travel, I like natural un-curated experiences that mimic life as a local.",within an hour,67%,100%,t,"https://a0.muscache.com/ac/users/471246/profile_pic/1304364587/original.jpg?interpolation=lanczos-none&crop=w:w;*,*&crop=h:h;*,*&resize=50:*&output-format=jpg&output-quality=70","https://a0.muscache.com/ac/users/471246/profile_pic/1304364587/original.jpg?interpolation=lanczos-none&crop=w:w;*,*&crop=h:h;*,*&resize=225:*&output-format=jpg&output-quality=70",Minor,1.0,1.0,"['email', 'phone', 'facebook', 'reviews']",t,f,"16th Avenue, Seattle, WA 98122, United States",Minor,Minor,Central Area,Seattle,WA,98122,Seattle,"Seattle, WA",US,United States,47.610467288397246,-122.31109126428028,t,House,Private room,2,1.0,1.0,1.0,Real Bed,"{Internet,""Wireless Internet"",Kitchen,""Free Parking on Premises"",""Indoor Fireplace"",Heating,Washer,Dryer,""Smoke Detector"",""Carbon Monoxide Detector"",""First Aid Kit"",""Fire Extinguisher"",Essentials,Shampoo}",,$92.00,$595.00,"$2,185.00",,$29.00,1,$29.00,1,1125,4 weeks ago,t,0,0,0,92,2016-01-04,28,2015-01-02,2015-12-09,99.0,10.0,10.0,10.0,10.0,10.0,10.0,f,,WASHINGTON,f,strict,f,f,1,2.28
9484823,https://www.airbnb.com/rooms/9484823,20160104002432,2016-01-04,Capital hill attic,Large attic space in central capital hill neighborhood.  Sleeps 3. Mini fridge snd coffee maker,,Large attic space in central capital hill neighborhood.  Sleeps 3. Mini fridge snd coffee maker,none,,,,https://a2.muscache.com/ac/pictures/d58405f8-f453-48ea-b2fd-561e4fc5d1ca.jpg?interpolation=lanczos-none&size=small&output-format=jpg&output-quality=70,https://a2.muscache.com/im/pictures/d58405f8-f453-48ea-b2fd-561e4fc5d1ca.jpg?aki_policy=medium,https://a2.muscache.com/ac/pictures/d58405f8-f453-48ea-b2fd-561e4fc5d1ca.jpg?interpolation=lanczos-none&size=large_cover&output-format=jpg&output-quality=70,https://a2.muscache.com/ac/pictures/d58405f8-f453-48ea-b2fd-561e4fc5d1ca.jpg?interpolation=lanczos-none&size=x_large_cover&output-format=jpg&output-quality=70,48441443,https://www.airbnb.com/users/show/48441443,Savannah,2015-11-07,US,,within a day,60%,100%,f,"https://a2.muscache.com/ac/pictures/6beda013-2d10-431a-a3d5-caf4c82c73a8.jpg?interpolation=lanczos-none&crop=w:w;*,*&crop=h:h;*,*&resize=50:*&output-format=jpg&output-quality=70","https://a2.muscache.com/ac/pictures/6beda013-2d10-431a-a3d5-caf4c82c73a8.jpg?interpolation=lanczos-none&crop=w:w;*,*&crop=h:h;*,*&resize=225:*&output-format=jpg&output-quality=70",,3.0,3.0,"['email', 'phone', 'google', 'reviews', 'jumio']",t,t,"14th Ave, Seattle, WA 98122, United States",,Minor,Central Area,Seattle,WA,98122,Seattle,"Seattle, WA",US,United States,47.61161948163706,-122.3142566542725,f,House,Private room,3,1.0,1.0,2.0,Real Bed,{},,$90.00,,,,,1,$0.00,1,1125,never,t,30,60,90,365,2016-01-04,0,,,,,,,,,,f,,WASHINGTON,f,flexible,f,f,3,
660603,https://www.airbnb.com/rooms/660603,20160104002432,2016-01-04,"room w/ private entrance, full bath","This room is on the bottom floor and has its own private entrance through the gated front yard. Also has a lovely full bathroom, including bathtub. The location is fantastic right in the heart of capitol hill with dozens of bus lines within one block","Hello and nice to meet you! Peter (that's me) and Tricia would love to have you stay in our fabulous town home centrally located on Capitol Hill. I'm a software developer and Tricia is a interior designer. She's very talented and you'll see why! Priced as a private room, but with it's own entrance and front yard, we're offering a great place to stay with the qualities of a full apartment but some of the benefits of a dedicated townhouse. Our townhouse was recently built, beautifully furnished and centrally located in an ideal Capitol Hill Seattle location. With a walkscore of 94 the most hip part of capitol hill is a 5 minute walk down the street. There's 19 bus routes accessible within a quarter of a mile including several express routes that will take you downtown in under 15 minutes. At 2200 square feet, our home has a beautiful modern kitchen with a island and new stainless steel appliances, including a large gas oven and stove. Your private room has it's own locked entrance, a ful","This room is on the bottom floor and has its own private entrance through the gated front yard. Also has a lovely full bathroom, including bathtub. The location is fantastic right in the heart of capitol hill with dozens of bus lines within one block Hello and nice to meet you! Peter (that's me) and Tricia would love to have you stay in our fabulous town home centrally located on Capitol Hill. I'm a software developer and Tricia is a interior designer. She's very talented and you'll see why! Priced as a private room, but with it's own entrance and front yard, we're offering a great place to stay with the qualities of a full apartment but some of the benefits of a dedicated townhouse. Our townhouse was recently built, beautifully furnished and centrally located in an ideal Capitol Hill Seattle location. With a walkscore of 94 the most hip part of capitol hill is a 5 minute walk down the street. There's 19 bus routes accessible within a quarter of a mile including several express routes ",none,,,,https://a2.muscache.com/ac/pictures/9171690/c5581666_original.jpg?interpolation=lanczos-none&size=small&output-format=jpg&output-quality=70,https://a2.muscache.com/im/pictures/9171690/c5581666_original.jpg?aki_policy=medium,https://a2.muscache.com/ac/pictures/9171690/c5581666_original.jpg?interpolation=lanczos-none&size=large_cover&output-format=jpg&output-quality=70,https://a2.muscache.com/ac/pictures/9171690/c5581666_original.jpg?interpolation=lanczos-none&size=x_large_cover&output-format=jpg&output-quality=70,1635606,https://www.airbnb.com/users/show/1635606,Peter,2012-01-21,"Seattle, Washington, United States","Software engineer and startup owner from Seattle, USA",within a day,100%,100%,t,"https://a1.muscache.com/ac/users/1635606/profile_pic/1327195159/original.jpg?interpolation=lanczos-none&crop=w:w;*,*&crop=h:h;*,*&resize=50:*&output-format=jpg&output-quality=70","https://a1.muscache.com/ac/users/1635606/profile_pic/1327195159/original.jpg?interpolation=lanczos-none&crop=w:w;*,*&crop=h:h;*,*&resize=225:*&output-format=jpg&output-quality=70",Minor,3.0,3.0,"['email', 'phone', 'facebook', 'reviews', 'jumio']",t,t,"18th Ave, Seattle, WA 98122, United States",Minor,Minor,Central Area,Seattle,WA,98122,Seattle,"Seattle, WA",US,United States,47.61416800242501,-122.30746685721464,t,House,Private room,1,1.0,1.0,1.0,Real Bed,"{Internet,""Wireless Internet"",Kitchen,""Free Parking on Premises"",""Pets live on this property"",Dog(s),""Indoor Fireplace"",Heating,Washer,Dryer}",,$79.00,,"$1,260.00",$200.00,$80.00,1,$0.00,7,270,2 weeks ago,t,28,31,58,333,2016-01-04,10,2012-11-03,2015-12-11,96.0,10.0,10.0,9.0,9.0,10.0,9.0,f,,WASHINGTON,f,moderate,f,f,2,0.26
3940265,https://www.airbnb.com/rooms/3940265,20160104002432,2016-01-04,Private Bed/Bath in Home: blue (B),Private bedroom in our home -Full-sized bed   -Ensuite bathroom -Keyless entry house -Centrally located  -Short walk to many great restaurants/clubs -Rooftop deck with views of Mount Rainier  We have 2 rooms available in our home for rent. ,"The room is garden facing making it very quiet at night. It is located at ground level as you enter the house. The room has a full-sized bed, a closet, its own attached 3/4 bathroom, a reading chair and free wi-fi. We use a keyless entry system so you don't ever have to worry about losing the key!","Private bedroom in our home -Full-sized bed   -Ensuite bathroom -Keyless entry house -Centrally located  -Short walk to many great restaurants/clubs -Rooftop deck with views of Mount Rainier  We have 2 rooms available in our home for rent.  The room is garden facing making it very quiet at night. It is located at ground level as you enter the house. The room has a full-sized bed, a closet, its own attached 3/4 bathroom, a reading chair and free wi-fi. We use a keyless entry system so you don't ever have to worry about losing the key! As a guest you will have access to the common areas which include the kitchen/dining room, living room and private rooftop deck. Our interaction with guests varies with day of the week and time of year, however we are usually available by phone or e-mail even when we are not at home. We are frequently gone on weekends. If you would be interested in feeding the cats if we are away please let me know at the time of the booking. The house is situated within w",none,,"Please be aware that cats live in this house.  Also, dance lessons/practice are frequently held in the living room.  If you are traveling with others, we have 2 rooms in the house that we rent.","The house is situated within walking distance of many restaurants and clubs (referred to as Pike Pine Triangle). There are 3 bus stops with 5 different bus lines just a stone's throw away (roughly 1, 2 and 4 blocks).",https://a0.muscache.com/ac/pictures/61656716/df17a65d_original.jpg?interpolation=lanczos-none&size=small&output-format=jpg&output-quality=70,https://a0.muscache.com/im/pictures/61656716/df17a65d_original.jpg?aki_policy=medium,https://a0.muscache.com/ac/pictures/61656716/df17a65d_original.jpg?interpolation=lanczos-none&size=large_cover&output-format=jpg&output-quality=70,https://a0.muscache.com/ac/pictures/61656716/df17a65d_original.jpg?interpolation=lanczos-none&size=x_large_cover&output-format=jpg&output-quality=70,3894778,https://www.airbnb.com/users/show/3894778,Summer,2012-10-16,"Seattle, Washington, United States","I love to help people, traveling and learning knew things. ",within a day,75%,100%,t,"https://a1.muscache.com/ac/users/3894778/profile_pic/1405652174/original.jpg?interpolation=lanczos-none&crop=w:w;*,*&crop=h:h;*,*&resize=50:*&output-format=jpg&output-quality=70","https://a1.muscache.com/ac/users/3894778/profile_pic/1405652174/original.jpg?interpolation=lanczos-none&crop=w:w;*,*&crop=h:h;*,*&resize=225:*&output-format=jpg&output-quality=70",Minor,2.0,2.0,"['email', 'phone', 'facebook', 'reviews', 'kba']",t,t,"18th Avenue, Seattle, WA 98122, United States",Minor,Minor,Central Area,Seattle,WA,98122,Seattle,"Seattle, WA",US,United States,47.614228588250846,-122.30838186065726,t,House,Private room,2,1.5,1.0,1.0,Real Bed,"{TV,Internet,""Wireless Internet"",Kitchen,""Free Parking on Premises"",""Pets live on this property"",Cat(s),Heating,Washer,Dryer,""Smoke Detector"",""Carbon Monoxide Detector"",""First Aid Kit"",""Safety Card"",""Fire Extinguisher"",Essentials,Shampoo}",,$72.00,,,$150.00,$30.00,2,$20.00,2,1125,3 weeks ago,t,21,49,79,354,2016-01-04,39,2014-09-02,2015-11-29,95.0,10.0,10.0,9.0,9.0,9.0,9.0,f,,WASHINGTON,f,strict,t,t,2,2.39
7500976,https://www.airbnb.com/rooms/7500976,20160104002432,2016-01-04,Calm and Cozy Urban Oasis,"Welcome! Tranquil 2BR/1BA basement apartment, steps to Swedish Cherry Hill and easy access to First Hill hospitals, Seattle U, public transit, downtown, Convention Center, and UW. Please let me know what I can do to make your stay a great one!","The apartment is a freshly painted and newly carpeted 2BR basement apartment. It is fresh, clean, and quiet, and has its own private entrance separate from the main part of the house where your host lives. There is a fully appointed kitchen, queen bed, full bed, bathroom with shower, and the sofa converts to a queen-size bed.","Welcome! Tranquil 2BR/1BA basement apartment, steps to Swedish Cherry Hill and easy access to First Hill hospitals, Seattle U, public transit, downtown, Convention Center, and UW. Please let me know what I can do to make your stay a great one! The apartment is a freshly painted and newly carpeted 2BR basement apartment. It is fresh, clean, and quiet, and has its own private entrance separate from the main part of the house where your host lives. There is a fully appointed kitchen, queen bed, full bed, bathroom with shower, and the sofa converts to a queen-size bed. You have the apartment to yourself, as well as shared access to the deck and backyard. I live upstairs and will be available to help you with anything that comes up during your stay, but I'll give you your privacy if you would prefer not to interact. If you would like to be more social, I'm happy to tell you more about Seattle or share a drink on the deck. We are in the heart of Minor, with Swedish Cherry Hill and Seattle U ",none,"We are in the heart of Minor, with Swedish Cherry Hill and Seattle U  just around the corner. Many restaurants, bars, yoga studios, and grocery stores are just a few blocks away, and within a 1.5 mile radius, you'll find downtown Seattle, First Hill hospitals, Lake Washington, and the trendy shops and restaurants of Capitol Hill.",I have a dog who lives upstairs with me. He is very old and very friendly. There are no stairs to enter the apartment.  This is a new listing so I would greatly appreciate any feedback you have to improve your stay!,"With a WalkScore of 84, it's easy to get around. There are several bus lines to downtown close by, including the 2, 3, 4, 12, and 27. (The 3 & 4 are closest and pick up at Swedish Cherry Hill at 17th & Jefferson.) There is off-street parking on 19th that is limited to two hours from 7am-6pm. Street parking with no time limit is available around the corner on Cherry St.",https://a1.muscache.com/ac/pictures/110797092/53b1a1d7_original.jpg?interpolation=lanczos-none&size=small&output-format=jpg&output-quality=70,https://a1.muscache.com/im/pictures/110797092/53b1a1d7_original.jpg?aki_policy=medium,https://a1.muscache.com/ac/pictures/110797092/53b1a1d7_original.jpg?interpolation=lanczos-none&size=large_cover&output-format=jpg&output-quality=70,https://a1.muscache.com/ac/pictures/110797092/53b1a1d7_original.jpg?interpolation=lanczos-none&size=x_large_cover&output-format=jpg&output-quality=70,26736911,https://www.airbnb.com/users/show/26736911,Elizabeth,2015-01-26,"Seattle, Washington, United States",,within a few hours,100%,100%,f,"https://a2.muscache.com/ac/pictures/5b166d80-993e-4e47-b01b-30fadb043ee9.jpg?interpolation=lanczos-none&crop=w:w;*,*&crop=h:h;*,*&resize=50:*&output-format=jpg&output-quality=70","https://a2.muscache.com/ac/pictures/5b166d80-993e-4e47-b01b-30fadb043ee9.jpg?interpolation=lanczos-none&crop=w:w;*,*&crop=h:h;*,*&resize=225:*&output-format=jpg&output-quality=70",Minor,1.0,1.0,"['email', 'phone', 'linkedin', 'reviews', 'kba']",t,t,"19th Avenue, Seattle, WA 98122, United States",Minor,Minor,Central Area,Seattle,WA,98122,Seattle,"Seattle, WA",US,United States,47.60725052860155,-122.3081946389686,t,Apartment,Entire home/apt,6,1.0,2.0,2.0,Real Bed,"{Internet,""Wireless Internet"",Kitchen,Breakfast,""Pets live on this property"",Dog(s),Heating,""Family/Kid Friendly"",Washer,Dryer,""Smoke Detector"",""Carbon Monoxide Detector"",""First Aid Kit"",""Safety Card"",""Fire Extinguisher"",Essentials,Shampoo,""24-Hour Check-in"",Hangers,""Hair Dryer""}",,$115.00,$550.00,"$2,200.00",$500.00,$80.00,4,$30.00,3,1125,2 weeks ago,t,0,0,0,247,2016-01-04,1,2015-11-14,2015-11-14,100.0,10.0,10.0,10.0,10.0,10.0,10.0,f,,WASHINGTON,f,strict,f,f,1,0.58
9516608,https://www.airbnb.com/rooms/9516608,20160104002432,2016-01-04,Modern 4BR/3.5BA Near Downtown,"Our beautiful modern home is centrally located in colorful Capitol Hill. Walk to restaurants, bars, shopping, theatre, parks, 3 groceries, 2 farmers markets. Family and kid friendly. Walk/bus/10 min Lyft/Uber to Downtown, Pike Place, museums & more.","Our beautiful, spacious modern home is fully furnished, extremely comfortable and close to everything. Whether you prefer getting around on foot or via Uber/Lyft, bus or car, the central location can't be beat.  The perfect vacation home for families or couples who want to explore the city, spend time together and recharge in comfort between excursions.  Our large home spans three above-ground floors, with three bedrooms, two full bathrooms and a laundry room upstairs; living room, dining room, kitchen, family room with small TV, two gas fireplaces, and a half bath on the main floor; a fourth bedroom with queen bed, a full bathroom, and entertainment room with large screen TV, foosball table and lots of games on the lower level. Covered back porch has gas grill/BBQ, bistro table and 2 chairs. Fully fenced back yard with paved patio, table and chairs for 8 Bedroom 1: Master Bedroom with 1 queen bed (upstairs) Bedroom 2: 1 single bed, 1 crib (upstairs) Bedroom 3: 1 single bed with railin","Our beautiful modern home is centrally located in colorful Capitol Hill. Walk to restaurants, bars, shopping, theatre, parks, 3 groceries, 2 farmers markets. Family and kid friendly. Walk/bus/10 min Lyft/Uber to Downtown, Pike Place, museums & more. Our beautiful, spacious modern home is fully furnished, extremely comfortable and close to everything. Whether you prefer getting around on foot or via Uber/Lyft, bus or car, the central location can't be beat.  The perfect vacation home for families or couples who want to explore the city, spend time together and recharge in comfort between excursions.  Our large home spans three above-ground floors, with three bedrooms, two full bathrooms and a laundry room upstairs; living room, dining room, kitchen, family room with small TV, two gas fireplaces, and a half bath on the main floor; a fourth bedroom with queen bed, a full bathroom, and entertainment room with large screen TV, foosball table and lots of games on the lower level. Covered bac",none,"Our home is on the eastern side of Capitol Hill, which is a densely populated residential neighborhood in Seattle, just 1.5 miles away from the heart of Downtown and Puget Sound to the west, and 1.2 miles from Lake Washington to the east.  Capitol Hill is one of the city's most prominent nightlife and entertainment districts, and the center of the city's counterculture communities - a hub for restaurants, breweries, shopping, bars, people watching and fun.  Our house is on a residential street full of young families, walking distance to 3 grocery stores (Safeway, Trader Joe's, Grocery Outlet), 2 farmers' markets (Union and MLK market, and Capitol Hill market), many coffee shops (of course!), parks (including Arboretum and Japanese Gardens, Volunteer Park, Cal Anderson Park).  Chuck's Hop Shop (tap house with 1000 beers, rotating gourmet food trucks, and $1.50 gourmet ice cream cones) is a block away, as is Central Cinema and several coffee shops. Walk another few blocks west towards Do","Our home is family, kid and baby Friendly!  If you need kid/baby items, just ask and we most likely have it for you to use free of charge (baby gates, pack n play playpen, crib, bed railings, stroller, toys, booster seat, car seat, etc.)","Walk to explore the neighborhood and city.  The main bus line to downtown is 30 seconds from our door, and the north-south bus line to the University of Washington and elsewhere is across the street (2 min). Easy Lyft or Uber (download the apps). Free street parking pass for one car. Parking for a second car in the driveway may be possible by prior arrangement.   25 min to SeaTac airport by car/Uber/Lyft/taxi. Airport accessible via public transportation.",https://a2.muscache.com/ac/pictures/7f2141e2-b29a-4640-bc49-6be72ed03835.jpg?interpolation=lanczos-none&size=small&output-format=jpg&output-quality=70,https://a2.muscache.com/im/pictures/7f2141e2-b29a-4640-bc49-6be72ed03835.jpg?aki_policy=medium,https://a2.muscache.com/ac/pictures/7f2141e2-b29a-4640-bc49-6be72ed03835.jpg?interpolation=lanczos-none&size=large_cover&output-format=jpg&output-quality=70,https://a2.muscache.com/ac/pictures/7f2141e2-b29a-4640-bc49-6be72ed03835.jpg?interpolation=lanczos-none&size=x_large_cover&output-format=jpg&output-quality=70,49310311,https://www.airbnb.com/users/show/49310311,Katharine,2015-11-18,"Seattle, Washington, United States","I'm a geology professor at the University of Washington, and mom of two little boys. I was born in the US and am fluent in Italian and Spanish.  I have lived abroad and traveled extensively in Europe, Asia, India, North and South America (and soon New Zealand and Australia!), so I know how to make both domestic and international travelers feel welcome. My husband (an actual rocket scientist) says I'm a cross between Martha Stewart and Macgyver, which I take as a huge complement!  ",within an hour,100%,100%,f,"https://a2.muscache.com/ac/pictures/aebda3af-f9a8-46b0-b7a2-61dde2fb15ee.jpg?interpolation=lanczos-none&crop=w:w;*,*&crop=h:h;*,*&resize=50:*&output-format=jpg&output-quality=70","https://a2.muscache.com/ac/pictures/aebda3af-f9a8-46b0-b7a2-61dde2fb15ee.jpg?interpolation=lanczos-none&crop=w:w;*,*&crop=h:h;*,*&resize=225:*&output-format=jpg&output-quality=70",Minor,1.0,1.0,"['email', 'phone', 'reviews']",t,f,"22nd Avenue, Seattle, WA 98122, United States",Minor,Minor,Central Area,Seattle,WA,98122,Seattle,"Seattle, WA",US,United States,47.6119787445596,-122.30362147449677,t,House,Entire home/apt,8,3.5,4.0,5.0,Real Bed,"{TV,Internet,""Wireless Internet"",Kitchen,""Free Parking on Premises"",""Indoor Fireplace"",Heating,""Family/Kid Friendly"",Washer,Dryer,""Smoke Detector"",""Carbon Monoxide Detector"",""First Aid Kit"",""Fire Extinguisher"",Essentials,Shampoo,""Hair Dryer"",Iron,""Laptop Friendly Workspace""}",,$270.00,,,$300.00,$100.00,1,$0.00,1,1125,a week ago,t,18,18,18,37,2016-01-04,1,2015-11-25,2015-11-25,100.0,10.0,10.0,10.0,10.0,10.0,10.0,f,,WASHINGTON,f,strict,f,f,1,0.73
9712716,https://www.airbnb.com/rooms/9712716,20160104002432,2016-01-04,Central & quiet - close to downtown,"Just south of Capitol Hill, Seattle's densest neighborhood, my house is on mile from downtown in a pretty quiet neighborhood primarily populated by single-family households, blocks away from multiple bus lines, and dozens of restaurants and shops.","I am very fortunate to have lived for more than 20 years in a beautiful, sunny house, built in 1901 in a style the locals call, ""Seattle four-square."" The house has wood floors, tall ceilings, and is located one mile from downtown, just blocks from Capitol Hill and Seattle University. There are multiple bus lines within four blocks (in two directions) and dozens of restaurants, bars and shops are a ten-minute walk away. Two hospitals, Swedish and Providence Cherry Hill, are also within a ten-minute walk. The house is fully furnished, including my two cats, Lula and Ali, who are used to guests. Even when I am gone, the cats are fed and cared for, so that won't be a chore for guests. There is kitchen shelf and refrigerator space for airbnb guests, and there is a food co-op four blocks away (and a large grocery or a Trader Joe's a block or so further.) There is wireless internet and cable TV, and I can provide free off-street parking, if arranged in advance. The bedroom, called the ""plaid","Just south of Capitol Hill, Seattle's densest neighborhood, my house is on mile from downtown in a pretty quiet neighborhood primarily populated by single-family households, blocks away from multiple bus lines, and dozens of restaurants and shops. I am very fortunate to have lived for more than 20 years in a beautiful, sunny house, built in 1901 in a style the locals call, ""Seattle four-square."" The house has wood floors, tall ceilings, and is located one mile from downtown, just blocks from Capitol Hill and Seattle University. There are multiple bus lines within four blocks (in two directions) and dozens of restaurants, bars and shops are a ten-minute walk away. Two hospitals, Swedish and Providence Cherry Hill, are also within a ten-minute walk. The house is fully furnished, including my two cats, Lula and Ali, who are used to guests. Even when I am gone, the cats are fed and cared for, so that won't be a chore for guests. There is kitchen shelf and refrigerator space for airbnb gues",none,"My house is just south of Capitol Hill, Seattle's densest neighborhood, in what is unofficially called the ""Cherry Hill"" neighborhood.  It is relatively quiet here, primarily populated by single-family households, yet very near the hustle and bustle of the city.  Most of the well-maintained houses on my block were built in (PHONE NUMBER HIDDEN) as model homes when Seattle was just being developed.","My cats, Lula and Ali, are free to roam the house and yard.  In addition to the cats, I host a group of friends every Sunday for brunch.  All (cats and friends) are friendly.  Also, it is not unusual for me to have some minor project going on in my 115-year-old house.  Advance notice will be given, though, if it might affect guests' experience.  Linens, towels, iron & ironing board, toaster oven, coffee maker are all provided.","Buses 2, 3, 4, 10, 11 and 12 are all within four blocks while they travel between downtown Seattle and nearby neighborhoods.  These buses connect with light rail to the airport, Amtrak, downtown ferry terminal, and downtown attractions, such as the Pike Place Market, Seattle Art Museum, Seattle's Central Library, shopping and entertainment.  Freeway access is quite easy, with I-5 (our primary highway) only one mile away.",https://a2.muscache.com/ac/pictures/c7129bba-5b47-46b3-a49b-9a1a96225204.jpg?interpolation=lanczos-none&size=small&output-format=jpg&output-quality=70,https://a2.muscache.com/im/pictures/c7129bba-5b47-46b3-a49b-9a1a96225204.jpg?aki_policy=medium,https://a2.muscache.com/ac/pictures/c7129bba-5b47-46b3-a49b-9a1a96225204.jpg?interpolation=lanczos-none&size=large_cover&output-format=jpg&output-quality=70,https://a2.muscache.com/ac/pictures/c7129bba-5b47-46b3-a49b-9a1a96225204.jpg?interpolation=lanczos-none&size=x_large_cover&output-format=jpg&output-quality=70,3975133,https://www.airbnb.com/users/show/3975133,Sam,2015-09-20,"Seattle, Washington, United States","I am a busy nonprofit executive who has stayed in homes around the world with my (now adult) chidren.  In addition to travel, I love the arts, movies, reading and laughing with friends and family.  As a frequent airbnb guest, I understand what a traveler needs to be comfortable, and I am happy to offer recommendations or stay out of the way.",within a few hours,100%,100%,f,"https://a1.muscache.com/ac/users/3975133/profile_pic/1442896296/original.jpg?interpolation=lanczos-none&crop=w:w;*,*&crop=h:h;*,*&resize=50:*&output-format=jpg&output-quality=70","https://a1.muscache.com/ac/users/3975133/profile_pic/1442896296/original.jpg?interpolation=lanczos-none&crop=w:w;*,*&crop=h:h;*,*&resize=225:*&output-format=jpg&output-quality=70",Minor,2.0,2.0,"['email', 'phone', 'reviews', 'kba']",t,t,"15th Avenue, Seattle, WA 98122, United States",Minor,Minor,Central Area,Seattle,WA,98122,Seattle,"Seattle, WA",US,United States,47.61056398661628,-122.31291185698112,t,House,Private room,2,1.0,1.0,2.0,Real Bed,"{""Cable TV"",""Wireless Internet"",Kitchen,""Free Parking on Premises"",""Pets live on this property"",Cat(s),Heating,Washer,Dryer,""Smoke Detector"",""Carbon Monoxide Detector"",""First Aid Kit"",""Fire Extinguisher"",Hangers,Iron,""Laptop Friendly Workspace""}",,$65.00,,,,$55.00,1,$0.00,1,1125,4 weeks ago,t,30,60,90,365,2016-01-04,3,2015-12-06,2016-01-03,100.0,10.0,10.0,10.0,10.0,10.0,10.0,f,,WASHINGTON,f,moderate,f,f,2,3.0
5813657,https://www.airbnb.com/rooms/5813657,20160104002432,2016-01-04,Large 4- Bed House In Ideal Seattle,"Great location in Capital Hill, Seattle's hippest and most vibrant neighborhood.  Three-story house, featuring 4 Bedrooms, 3 baths, large living area with a perfect layout for cooking, relaxing in the kitchen bar, living room, or nice outdoor space.","This is a very clean place, in an excellent location and great amenities.  There are 4 bedrooms, and sleeps up to 10 people comfortably.  Great living space and great outdoor space (fence in yard with outdoor eating area). On the top floor there is one master with it's own bath, a second bath and second bedroom. Excellent living space on second floor with a spacious kitchen with great bar are for hanging out.  The living room is very cozy if you just want to lounge and watch a movie (or the game).   First floor is two bedrooms and one bath.  Each bedroom includes a bunkbed (Full bed on bottom and single bed on top (twin).  ","Great location in Capital Hill, Seattle's hippest and most vibrant neighborhood.  Three-story house, featuring 4 Bedrooms, 3 baths, large living area with a perfect layout for cooking, relaxing in the kitchen bar, living room, or nice outdoor space. This is a very clean place, in an excellent location and great amenities.  There are 4 bedrooms, and sleeps up to 10 people comfortably.  Great living space and great outdoor space (fence in yard with outdoor eating area). On the top floor there is one master with it's own bath, a second bath and second bedroom. Excellent living space on second floor with a spacious kitchen with great bar are for hanging out.  The living room is very cozy if you just want to lounge and watch a movie (or the game).   First floor is two bedrooms and one bath.  Each bedroom includes a bunkbed (Full bed on bottom and single bed on top (twin).   This is a three story home with the living space on the second floor.  All amenities including washer/dryer, dishwashe",none,"Capital Hill is the heart of Seattle, bordered by the downtown core, lake Union, Queen Anne, UW, Seattle U, Madison Park...  Simply put, you are close to everything, including Seattle's best eating and shopping.  It's the hippest scene in the city, blocks from Swedish and Virginia Mason hospitals.",Please feel free to contact me with any questions.,"Getting around is easy, as you are a 5-minute drive from anywhere in the greater Seattle area.  It's certainly walking if you are looking to stay on Capital Hill for the evening.  The bus lines are all walking distance, Uber is highly recommended (or cabs).",https://a2.muscache.com/ac/pictures/74319906/5bd624f0_original.jpg?interpolation=lanczos-none&size=small&output-format=jpg&output-quality=70,https://a2.muscache.com/im/pictures/74319906/5bd624f0_original.jpg?aki_policy=medium,https://a2.muscache.com/ac/pictures/74319906/5bd624f0_original.jpg?interpolation=lanczos-none&size=large_cover&output-format=jpg&output-quality=70,https://a2.muscache.com/ac/pictures/74319906/5bd624f0_original.jpg?interpolation=lanczos-none&size=x_large_cover&output-format=jpg&output-quality=70,5325329,https://www.airbnb.com/users/show/5325329,Blair,2013-03-04,"Seattle, Washington, United States","My name is Blair and I'm glad you are interested in this house.  I've lived in Seattle my entire life, and would be happy to help you plan your trip.  

Please let me know if you have any questions.

-Blair",within a few hours,97%,100%,f,"https://a0.muscache.com/ac/users/5325329/profile_pic/1366955739/original.jpg?interpolation=lanczos-none&crop=w:w;*,*&crop=h:h;*,*&resize=50:*&output-format=jpg&output-quality=70","https://a0.muscache.com/ac/users/5325329/profile_pic/1366955739/original.jpg?interpolation=lanczos-none&crop=w:w;*,*&crop=h:h;*,*&resize=225:*&output-format=jpg&output-quality=70",Queen Anne,9.0,9.0,"['email', 'phone', 'facebook', 'linkedin', 'reviews', 'jumio']",t,t,"East Spruce Street, Seattle, WA 98122, United States",Minor,Minor,Central Area,Seattle,WA,98122,Seattle,"Seattle, WA",US,United States,47.60419373184845,-122.309920112886,t,House,Entire home/apt,10,3.5,4.0,6.0,Real Bed,"{TV,Internet,""Wireless Internet"",Kitchen,""Pets Allowed"",""Indoor Fireplace"",Heating,""Family/Kid Friendly"",""Suitable for Events"",Washer,Dryer,""Smoke Detector"",""Carbon Monoxide Detector"",""First Aid Kit"",""Fire Extinguisher"",Essentials,Shampoo}",,$300.00,,,$300.00,$100.00,10,$40.00,1,1125,today,t,0,0,0,94,2016-01-04,21,2015-04-20,2015-09-09,93.0,10.0,9.0,9.0,9.0,10.0,10.0,f,,WASHINGTON,f,strict,f,f,8,2.42
8884826,https://www.airbnb.com/rooms/8884826,20160104002432,2016-01-04,Happy Central Seattle Townhouse,"Two bed 1.5 bath townhouse in a truly central location with great access to downtown, walk to Centurylink, Pioneer Sq., ID, Capitol Hill, hospitals on First hill too. Hop on I5, I90 freeways in less than 5 min. Trees give privacy, as well as visits by humming birds and squirrels","Our townhome is located in the Central District right in the heart of Seattle. It's a short drive to most sights and attractions in the city - the waterfront, restaurants and bars, the stadiums, you name it. The area is also well connected by bus and near enough to walk many places as well including a local coffee shop and park. The home itself is set back off the main road in a quiet cluster of townhouses, so an oasis of private and calm near the bustle of the city. There are two bedrooms upstairs both with comfy queen beds and an ensuite bathroom with a deep soaker tub and multi-mode shower head. Additionally there is a clothes washer/dryer on the second floor.  Downstairs there is a full chef kitchen with everything you need to cook - a gas stove, oven, toaster, coffee maker, full size fridge and microwave. The living/dining room has a table and seating for 4, a gas fireplace to snuggle in front of on chilly nights, and a sleeper sofa that turns into a full-sized bed to accommodate ","Two bed 1.5 bath townhouse in a truly central location with great access to downtown, walk to Centurylink, Pioneer Sq., ID, Capitol Hill, hospitals on First hill too. Hop on I5, I90 freeways in less than 5 min. Trees give privacy, as well as visits by humming birds and squirrels Our townhome is located in the Central District right in the heart of Seattle. It's a short drive to most sights and attractions in the city - the waterfront, restaurants and bars, the stadiums, you name it. The area is also well connected by bus and near enough to walk many places as well including a local coffee shop and park. The home itself is set back off the main road in a quiet cluster of townhouses, so an oasis of private and calm near the bustle of the city. There are two bedrooms upstairs both with comfy queen beds and an ensuite bathroom with a deep soaker tub and multi-mode shower head. Additionally there is a clothes washer/dryer on the second floor.  Downstairs there is a full chef kitchen with ev",none,"Central to everything around Seattle, yet quiet surrounded by trees. Easy bus access to downtown, but you can walk down in half an hour, Capitol Hill 20 min. Situated on a quiet hill makes walking fun with views, and century old homes gives charm to the neighborhood.","::: Please be sure to fill out your profile and drop us an introductory note about yourself/your group, and plans in town. Verifying your ID would be appreciated. We prefer to know a little about our potential guests. Thanks! :::","Bus stop (3, 4 to and from downtown) on Jefferson, a block and a half away.  Capitol Hill, International District, Pioneer Square, CenturyLink Field, Pike Place market, Lake Washington, and the I5 and I90 freeways are all within a 5-10 minute drive from our home. If you prefer using your legs our neighborhood is imminently walkable, with all the above places within a reasonable stroll.",https://a2.muscache.com/ac/pictures/79f73105-9dce-4443-8f17-7f6707cce237.jpg?interpolation=lanczos-none&size=small&output-format=jpg&output-quality=70,https://a2.muscache.com/im/pictures/79f73105-9dce-4443-8f17-7f6707cce237.jpg?aki_policy=medium,https://a2.muscache.com/ac/pictures/79f73105-9dce-4443-8f17-7f6707cce237.jpg?interpolation=lanczos-none&size=large_cover&output-format=jpg&output-quality=70,https://a2.muscache.com/ac/pictures/79f73105-9dce-4443-8f17-7f6707cce237.jpg?interpolation=lanczos-none&size=x_large_cover&output-format=jpg&output-quality=70,1608733,https://www.airbnb.com/users/show/1608733,Ken & Layna,2012-01-15,"Seattle, Washington, United States","Hi, we are currently living and working between Seattle, Los Angeles, and Tokyo, Japan. We work in the e-commerce and TV production industry and often travel for business... enjoy meeting other travelers while on a trip or hosting. When traveling we love staying in places with history, nice design sense, or vintage roots (architecture and interior design are interests of ours). ",within a few hours,96%,100%,t,"https://a1.muscache.com/ac/users/1608733/profile_pic/1425896927/original.jpg?interpolation=lanczos-none&crop=w:w;*,*&crop=h:h;*,*&resize=50:*&output-format=jpg&output-quality=70","https://a1.muscache.com/ac/users/1608733/profile_pic/1425896927/original.jpg?interpolation=lanczos-none&crop=w:w;*,*&crop=h:h;*,*&resize=225:*&output-format=jpg&output-quality=70",Central San Pedro,4.0,4.0,"['email', 'phone', 'facebook', 'reviews', 'jumio']",t,t,"19th Avenue, Seattle, WA 98122, United States",,Minor,Central Area,Seattle,WA,98122,Seattle,"Seattle, WA",US,United States,47.60262174893203,-122.3085165099408,f,Townhouse,Entire home/apt,6,1.5,2.0,3.0,Real Bed,"{TV,""Cable TV"",Internet,""Wireless Internet"",Kitchen,""Free Parking on Premises"",""Indoor Fireplace"",Heating,""Family/Kid Friendly"",Washer,Dryer,""Smoke Detector"",""Carbon Monoxide Detector"",""Fire Extinguisher"",Essentials,Shampoo,""24-Hour Check-in"",Hangers,""Hair Dryer"",Iron,""Laptop Friendly Workspace""}",,$122.00,,,$250.00,$49.00,2,$15.00,1,1125,today,t,24,49,74,349,2016-01-04,3,2015-12-10,2015-12-29,100.0,10.0,10.0,10.0,10.0,10.0,10.0,f,,WASHINGTON,f,moderate,f,t,1,3.0
1978743,https://www.airbnb.com/rooms/1978743,20160104002432,2016-01-04,"Arty ""Cedar Tree"" Room  Cherry Hill","This 1903 Victorian on Cherry Hill has a super comfortable welcoming vibe. Our ""Cedar Tree"" room is decorated with vibrant color and silky soft wall to wall carpet. The queen-sized bed is plush and layered with cozy linens for sweet dreams.","A 1903, Victorian home with four unique bedrooms to rent!  Click on our profile picture on the right, then scroll down on the left side to see our other beautiful bedrooms :o The feeling of the first-floor harkens to a graceful, bye-gone era of calm retreat to the intoxication of thoughtful conversation with a stranger. Relax in the parlor, or the lounge-room. Enjoy meals in the formal dining room. Check your email everywhere--we have wifi.","This 1903 Victorian on Cherry Hill has a super comfortable welcoming vibe. Our ""Cedar Tree"" room is decorated with vibrant color and silky soft wall to wall carpet. The queen-sized bed is plush and layered with cozy linens for sweet dreams. A 1903, Victorian home with four unique bedrooms to rent!  Click on our profile picture on the right, then scroll down on the left side to see our other beautiful bedrooms :o The feeling of the first-floor harkens to a graceful, bye-gone era of calm retreat to the intoxication of thoughtful conversation with a stranger. Relax in the parlor, or the lounge-room. Enjoy meals in the formal dining room. Check your email everywhere--we have wifi. Guests have keyed-access to their own rooms, their private, or shared baths, all first-floor rooms, including two social rooms, a formal-dining area, and the kitchen, which includes access to a refrigerator. Guests may cook, with permission. We have a washer & dryer which can be used at certain times for a small ",none,"One of Seattle's oldest neighborhoods, the Central Area has really exciting choices of food ""of the people"": soul food, Ethiopian, taco trucks and a world of Asian delicacies are in walking distance. A community pool and numerous parks are in blocks as well as the Central Cinema: an independent restaurant/theatre. Pubs, coffee houses, bistros for everyone, students and neighbors--Seattle University and Swedish Hospital are very close by.","Little extra's your chef and beer expert hosts offer our guests: complimentary micro brews, hot morning beverages, seasonal fruit, and freshly baked treats!",A very walkable and accessible neighborhood--a walkscore 86! with bus stops just a few blocks from our home. A cab ride to downtown averages about $7. A nearby light rail station is in the ID about a mile away.,https://a2.muscache.com/ac/pictures/27939092/146254a6_original.jpg?interpolation=lanczos-none&size=small&output-format=jpg&output-quality=70,https://a2.muscache.com/im/pictures/27939092/146254a6_original.jpg?aki_policy=medium,https://a2.muscache.com/ac/pictures/27939092/146254a6_original.jpg?interpolation=lanczos-none&size=large_cover&output-format=jpg&output-quality=70,https://a2.muscache.com/ac/pictures/27939092/146254a6_original.jpg?interpolation=lanczos-none&size=x_large_cover&output-format=jpg&output-quality=70,9555890,https://www.airbnb.com/users/show/9555890,Melissa,2013-10-21,"Seattle, Washington, United States","Hi world! We are Melissa and Abil. We have been welcoming travelers to our guesthouse since December of 2013, and we love it! We also love baking muffins and tasting lots of different kinds of beer. Melissa is a private chef and Abil is a tour-guide at The Pike Brewing Company, and a research-nutritionist, who researches beer. We are a couple of married women, and we are thrilled to be living in Washington State, with our inclusive, liberal politics.  We like all that Seattle has to offer: Beauty, burlesque, music, mountains, the sea, rainforests, misty rain for snuggling on a warm couch, lots of book stores, and of course, breweries. Oh, and Melissa has a vintage-clothing studio right next to our amazing Victorian home! We have lived in Seattle for 35 years, so please think of us as your Seattle experts while you explore our city and environs. 
",within a few hours,100%,100%,t,"https://a2.muscache.com/ac/users/9555890/profile_pic/1385494674/original.jpg?interpolation=lanczos-none&crop=w:w;*,*&crop=h:h;*,*&resize=50:*&output-format=jpg&output-quality=70","https://a2.muscache.com/ac/users/9555890/profile_pic/1385494674/original.jpg?interpolation=lanczos-none&crop=w:w;*,*&crop=h:h;*,*&resize=225:*&output-format=jpg&output-quality=70",Minor,5.0,5.0,"['email', 'phone', 'reviews', 'jumio']",t,t,"19th Avenue, Seattle, WA 98122, United States",Minor,Minor,Central Area,Seattle,WA,98122,Seattle,"Seattle, WA",US,United States,47.6076188376266,-122.3083245607994,t,House,Private room,2,3.0,1.0,1.0,Real Bed,"{TV,""Cable TV"",""Wireless Internet"",Kitchen,""Free Parking on Premises"",""Smoking Allowed"",Breakfast,""Pets live on this property"",Cat(s),Heating,""Suitable for Events"",Washer,Dryer,""Smoke Detector"",""First Aid Kit"",""Fire Extinguisher""}",,$87.00,$600.00,,$200.00,$30.00,1,$0.00,2,29,a week ago,t,17,47,77,340,2016-01-04,49,2014-02-20,2015-11-20,99.0,10.0,10.0,10.0,10.0,10.0,10.0,f,,WASHINGTON,f,strict,f,f,5,2.15
6091789,https://www.airbnb.com/rooms/6091789,20160104002432,2016-01-04,Family Friendly House July 20-27,"3 bedroom light-filled house in central Seattle with easy parking, gorgeous views of downtown and a kid-friendly back yard. Just steps from bustling Capitol Hill. We will be on vacation and are offering this great city getaway while we're gone.","Light and art-filled house can easily accommodate a family of 6. This listing is only available July 20 - 27, 2015 with a 5 night minimum. The main floor bedroom has a bunkbed and a crib. One upstairs bedroom has a twin trundle (slide-out) bed. The other bedroom has a queen bed. The basement has a rec room with TV, video games, and an art studio / workshop.  We will have someone feeding our chickens while we are gone; you are welcome to gather their eggs. We also have a large vegetable garden and you are welcome to anything that is in season; likely raspberries, blueberries, strawberries, herbs, greens, and maybe carrots, beets and other veggies.","3 bedroom light-filled house in central Seattle with easy parking, gorgeous views of downtown and a kid-friendly back yard. Just steps from bustling Capitol Hill. We will be on vacation and are offering this great city getaway while we're gone. Light and art-filled house can easily accommodate a family of 6. This listing is only available July 20 - 27, 2015 with a 5 night minimum. The main floor bedroom has a bunkbed and a crib. One upstairs bedroom has a twin trundle (slide-out) bed. The other bedroom has a queen bed. The basement has a rec room with TV, video games, and an art studio / workshop.  We will have someone feeding our chickens while we are gone; you are welcome to gather their eggs. We also have a large vegetable garden and you are welcome to anything that is in season; likely raspberries, blueberries, strawberries, herbs, greens, and maybe carrots, beets and other veggies. You are welcome to use our home and most of the things in it, including food in the pantry (replace ",none,"We are in a very convenient location, a short 10 minute walk to the bustling Capitol Hill neighborhood. Tons of restaurants, bars, live music, and shopping. Groceries are a short walk away (Trader Joe's and a local food co-op). 3 parks are within a short walk, with many more in the neighborhood.",,There are 3 bus lines very close by that take you to Downtown Seattle and points beyond.,https://a0.muscache.com/ac/pictures/75900187/521e7167_original.jpg?interpolation=lanczos-none&size=small&output-format=jpg&output-quality=70,https://a0.muscache.com/im/pictures/75900187/521e7167_original.jpg?aki_policy=medium,https://a0.muscache.com/ac/pictures/75900187/521e7167_original.jpg?interpolation=lanczos-none&size=large_cover&output-format=jpg&output-quality=70,https://a0.muscache.com/ac/pictures/75900187/521e7167_original.jpg?interpolation=lanczos-none&size=x_large_cover&output-format=jpg&output-quality=70,6367857,https://www.airbnb.com/users/show/6367857,Dan,2013-05-13,"Seattle, Washington, United States","Designer & educator, Seattle, WA",within an hour,100%,,f,"https://a2.muscache.com/ac/users/6367857/profile_pic/1368465455/original.jpg?interpolation=lanczos-none&crop=w:w;*,*&crop=h:h;*,*&resize=50:*&output-format=jpg&output-quality=70","https://a2.muscache.com/ac/users/6367857/profile_pic/1368465455/original.jpg?interpolation=lanczos-none&crop=w:w;*,*&crop=h:h;*,*&resize=225:*&output-format=jpg&output-quality=70",Minor,1.0,1.0,"['email', 'phone', 'facebook', 'reviews', 'kba']",t,t,"16th Avenue, Seattle, WA 98122, United States",Minor,Minor,Central Area,Seattle,WA,98122,Seattle,"Seattle, WA",US,United States,47.60848067649264,-122.31069147338631,t,House,Entire home/apt,6,1.5,3.0,5.0,Real Bed,"{TV,""Wireless Internet"",""Air Conditioning"",Kitchen,""Free Parking on Premises"",""Pets live on this property"",""Other pet(s)"",Heating,""Family/Kid Friendly"",Washer,Dryer,""Smoke Detector"",""Carbon Monoxide Detector"",""Fire Extinguisher"",Shampoo}",,$200.00,"$1,000.00",,,,1,$0.00,5,7,2 weeks ago,t,0,0,0,0,2016-01-04,1,2015-07-28,2015-07-28,100.0,10.0,10.0,10.0,10.0,10.0,10.0,f,,WASHINGTON,f,strict,f,f,1,0.19
6165353,https://www.airbnb.com/rooms/6165353,20160104002432,2016-01-04,"Spacious, Sunlit Capitol Hill Home","Located in the residential outskirts of Capitol Hill, our spacious home provides a quiet, sun-filled getaway within walking distance of one of Seattle's most hip, iconic neighborhoods. Highlights include wrap-around yard, large windows & a comfy bed.","Quiet, relaxed neighborhood within walking distance of Capitol Hill and just four blocks from Seattle University. Easy access to downtown via nearby bus stops and bike share stations. Excellent sunlight in every room. The house has a ""city lumberjack"" feel with decorative firewood, funky antiques, and an earthy charm.","Located in the residential outskirts of Capitol Hill, our spacious home provides a quiet, sun-filled getaway within walking distance of one of Seattle's most hip, iconic neighborhoods. Highlights include wrap-around yard, large windows & a comfy bed. Quiet, relaxed neighborhood within walking distance of Capitol Hill and just four blocks from Seattle University. Easy access to downtown via nearby bus stops and bike share stations. Excellent sunlight in every room. The house has a ""city lumberjack"" feel with decorative firewood, funky antiques, and an earthy charm. - Record player & extensive record collection - Television (local channels only) - High-speed wireless internet - Wrap-around yard - Washer/Dryer - Full kitchen & cookware/utensils We value your privacy and will not be on the premises at any time during your stay, but we will always be available via phone, text, and email. Our home is split into a duplex with neighbors occupying the unit next door but interaction will be mini",none,"Capitol Hill is one of Seattle's most hip, iconic neighborhoods with excellent restaurants, nightlife, and people-watching. Our home is located in a quiet, tree-lined residential nook just blocks from the heart of Capitol Hill.","The $95 security deposit is for the parking permit. This is just extra incentive to return it (and not drive away with it). As long as you return it, you'll receive the security deposit back in full! We have a small dog who will not be at the home during your stay. Aside from a stray dog hair or two, there will be no trace of him, but folks with allergies should take precautions.",Walking distance to heart of Capitol Hill. Easy access to downtown via nearby bus stops and bike share stations. Four blocks east of Seattle University. Free and always-available street parking pass for one car. Bike share station three blocks north for a quick downhill ride to downtown.,https://a0.muscache.com/ac/pictures/84378635/60cd955a_original.jpg?interpolation=lanczos-none&size=small&output-format=jpg&output-quality=70,https://a0.muscache.com/im/pictures/84378635/60cd955a_original.jpg?aki_policy=medium,https://a0.muscache.com/ac/pictures/84378635/60cd955a_original.jpg?interpolation=lanczos-none&size=large_cover&output-format=jpg&output-quality=70,https://a0.muscache.com/ac/pictures/84378635/60cd955a_original.jpg?interpolation=lanczos-none&size=x_large_cover&output-format=jpg&output-quality=70,7719034,https://www.airbnb.com/users/show/7719034,Shae,2013-07-25,"Seattle, Washington, United States","Thanks for taking the time to check out my profile! I'm happy to be a part of a movement that encourages traveling in an affordable and community-minded way. While traveling or at home, I enjoy exploring local music/art scenes, finding new parks and pubs, biking, and escaping to the mountains or ocean whenever possible. 

",within a few hours,89%,100%,f,"https://a1.muscache.com/ac/users/7719034/profile_pic/1374794324/original.jpg?interpolation=lanczos-none&crop=w:w;*,*&crop=h:h;*,*&resize=50:*&output-format=jpg&output-quality=70","https://a1.muscache.com/ac/users/7719034/profile_pic/1374794324/original.jpg?interpolation=lanczos-none&crop=w:w;*,*&crop=h:h;*,*&resize=225:*&output-format=jpg&output-quality=70",Minor,1.0,1.0,"['email', 'phone', 'facebook', 'reviews', 'jumio', 'kba']",t,t,"16th Avenue, Seattle, WA 98122, United States",Minor,Minor,Central Area,Seattle,WA,98122,Seattle,"Seattle, WA",US,United States,47.60951888878712,-122.31270359357129,t,House,Entire home/apt,3,1.0,1.0,1.0,Real Bed,"{TV,Internet,""Wireless Internet"",""Air Conditioning"",Kitchen,""Free Parking on Premises"",""Pets live on this property"",Dog(s),Heating,Washer,Dryer,""Smoke Detector"",""Carbon Monoxide Detector"",""First Aid Kit"",Essentials,Shampoo}",,$156.00,,,$95.00,$25.00,3,$25.00,2,30,3 weeks ago,t,30,60,90,365,2016-01-04,4,2015-06-21,2015-12-26,95.0,10.0,10.0,10.0,10.0,10.0,10.0,f,,WASHINGTON,f,moderate,f,f,1,0.61
1244053,https://www.airbnb.com/rooms/1244053,20160104002432,2016-01-04,Private Room in Capitol Hill,"If you want to be in the heart of the city, between Capitol Hill, First Hill, and Cherry Hill, this is the place.  Just a couple blocks away from a wide variety of of upscale bars and restaurants on Pike st.  Easy walk to Downtown and convention cent",Separate downstairs room that opens to the shady patio.   15 min walk to downtown or the Convention center.  It's in an established residential area.,"If you want to be in the heart of the city, between Capitol Hill, First Hill, and Cherry Hill, this is the place.  Just a couple blocks away from a wide variety of of upscale bars and restaurants on Pike st.  Easy walk to Downtown and convention cent Separate downstairs room that opens to the shady patio.   15 min walk to downtown or the Convention center.  It's in an established residential area. Bedroom, upstairs bathroom, kitchen, living room, patio. I'm out in the morning but back around in the afternoon and weekends.  Roommate is typically home more during the day.  If I'm around I'm happy to give hints on where to eat and probably go with. Capitol Hill is a real eclectic mix of newer condos, university students, artsy folks, music venues, and cool restaurants and coffee shops.  Anything you want it's here.  Also tons of public transit. I recommend Uber from the airport, should take about 20 min.  But if you take the train, its much cheaper  ($3) but much slower (45 min).  If you ",none,"Capitol Hill is a real eclectic mix of newer condos, university students, artsy folks, music venues, and cool restaurants and coffee shops.  Anything you want it's here.  Also tons of public transit.",On your last day please pull the sheets off the bed and the pillow cases and put them in the laundry basket in the closet!  Thanks!,"I recommend Uber from the airport, should take about 20 min.  But if you take the train, its much cheaper  ($3) but much slower (45 min).  If you take the train go to the last station (Westlake), and then hike up the hill on Pike st., to 12th Ave, then right on 12th, 4 blocks then left on Marion. (20 min) or take an Uber or taxi up Pike st. You can also take the bus - buses in Seattle are hard to navigate unless you do it often, and they do not run very frequently and connections can be slow.  I recommend getting the ""One Bus Away"" app for your phone if you want to use th buses.",https://a0.muscache.com/ac/pictures/103761699/3f7dac31_original.jpg?interpolation=lanczos-none&size=small&output-format=jpg&output-quality=70,https://a0.muscache.com/im/pictures/103761699/3f7dac31_original.jpg?aki_policy=medium,https://a0.muscache.com/ac/pictures/103761699/3f7dac31_original.jpg?interpolation=lanczos-none&size=large_cover&output-format=jpg&output-quality=70,https://a0.muscache.com/ac/pictures/103761699/3f7dac31_original.jpg?interpolation=lanczos-none&size=x_large_cover&output-format=jpg&output-quality=70,1675559,https://www.airbnb.com/users/show/1675559,Dan,2012-01-30,"Seattle, Washington, United States"," love to travel, get out and enjoy all the outdoor stuff Seattle has going on, plus sample the night-life and all the amazing brewpubs around the northwest.  I enjoy hosting and meeting people from all over the world.  To me the Airbnb experience is supposed to be different from a hotel - its a chance to truly meet a local and live the local culture.  I try to offer that to my guests and I love to experience that when I travel!",within a few hours,80%,100%,t,"https://a0.muscache.com/ac/users/1675559/profile_pic/1327964800/original.jpg?interpolation=lanczos-none&crop=w:w;*,*&crop=h:h;*,*&resize=50:*&output-format=jpg&output-quality=70","https://a0.muscache.com/ac/users/1675559/profile_pic/1327964800/original.jpg?interpolation=lanczos-none&crop=w:w;*,*&crop=h:h;*,*&resize=225:*&output-format=jpg&output-quality=70",Minor,2.0,2.0,"['email', 'phone', 'facebook', 'reviews', 'jumio']",t,t,"East Marion Street, Seattle, WA 98122, United States",Minor,Minor,Central Area,Seattle,WA,98122,Seattle,"Seattle, WA",US,United States,47.60712102065274,-122.31046265372628,t,House,Private room,1,1.0,1.0,1.0,Futon,"{TV,""Wireless Internet"",Kitchen,Heating,Essentials}",,$90.00,$500.00,,$200.00,$35.00,1,$0.00,3,1125,5 weeks ago,t,30,60,89,89,2016-01-04,32,2013-07-01,2015-12-11,95.0,9.0,9.0,9.0,10.0,10.0,9.0,f,,WASHINGTON,f,moderate,t,t,2,1.05
8508223,https://www.airbnb.com/rooms/8508223,20160104002432,2016-01-04,The Parsonage: Modern 3bed/3.5bath,"Note: This listing is only available for bookings valued at $3000 or higher.  For less expensive stays, please see our portfolio of neighboring properties. Read on for a description of this modern home with 3 beds, 3.5 baths and central location.","This townhouse has it all: fantastic location (quiet, but central to everything!), modern kitchen, 3 full bathrooms (plus a powder room), queen sleeper sofa, washer/dryer, garage parking, and open concept living area.  Guests even enjoy a view of Mt. Rainier! Entering through the front door brings you to the main floor-through living area.  This open concept space has a chef's kitchen with granite countertops and stainless steel appliances.  This flows directly to the dining area with seating for 6, plus 2 stools at the breakfast counter.  The adjacent living area is furnished with a sleeper sofa, DVD, and cable TV.  Enjoy a book or a game in front of the gas fireplace.  This floor also features a powder room. Two of your bedrooms are located one level above.  One bedroom has a queen bed, en suite full bathroom, and (on clear days) a view of the majestic Mt. Rainier.  The front facing bedroom also has a queen bed.  It has its own dedicated full bathroom just outside the bedroom door.  ","Note: This listing is only available for bookings valued at $3000 or higher.  For less expensive stays, please see our portfolio of neighboring properties. Read on for a description of this modern home with 3 beds, 3.5 baths and central location. This townhouse has it all: fantastic location (quiet, but central to everything!), modern kitchen, 3 full bathrooms (plus a powder room), queen sleeper sofa, washer/dryer, garage parking, and open concept living area.  Guests even enjoy a view of Mt. Rainier! Entering through the front door brings you to the main floor-through living area.  This open concept space has a chef's kitchen with granite countertops and stainless steel appliances.  This flows directly to the dining area with seating for 6, plus 2 stools at the breakfast counter.  The adjacent living area is furnished with a sleeper sofa, DVD, and cable TV.  Enjoy a book or a game in front of the gas fireplace.  This floor also features a powder room. Two of your bedrooms are located ",none,"This 3 bedroom home is central to everything Capitol Hill and Madison Valley have to offer: great restaurants, parks, hiking, supermarkets (right across the street), day spas, and more.  Your hosts made this neighborhood their home when settling in Seattle 5 years ago... and haven't looked back since. We love walking the streets of this neighborhood, and we will gladly suggest fun walks depending on your interests. Stroll to the beach at Madison Park. Walk by multi-million dollar estates. Discover hidden neighborhood gems such as the farmhouse with horses in the yard and the home that doubles as an eclectic art studio and antique truck gallery. Take a walk through the fabled Arboretum to Lake Washington. Once you have worked up your appetite, enjoy the countless restaurants that Madison Valley (""Little Paris"") has to offer. In addition to French gems, try our favorite tapas restaurant or the best Japanese food east of Tokyo. Take your morning coffee in one of numerous bakeries. Or opt ","Is your group larger than this home will accommodate? We can host up to *78* guests across our portfolio --- with all homes located within a few blocks!  We have 1, 2, 3, 4, and 5 bedroom homes all in a very compact area... perfect for large groups, wedding guests, reunions, corporate retreats, etc. To see our full portfolio, click on Andy's handsome photo above.  When the new page loads, click Andy's photo again to see his full profile.  Try not to be distracted by scores of awesome reviews, and instead scroll down on the left hand side, under ""About Me.""  Under the ""Listings"" header, click on ""view all listings."" The full portfolio includes: **Thomas Lodge Vermont: 1 bedroom/1 bathroom (sleeps 2-4) **Thomas Lodge Boston: 2 bedrooms/2 bathrooms (sleeps 4-6) **Thomas Lodge Philadelphia: 1 bedroom/1 bathroom (sleeps 2-4) **Thomas Lodge New York: 2 bedrooms/2 bathrooms (sleeps 4-6) (All of the above represent the entirety of a 4-plex building; sleeps up to 20) **House of Suffrage: 4 bedr","We live a few short blocks from bus lines that will take you to Seattle's numerous neighborhoods (Madison Park, Capitol Hill, Downtown, Belltown, Seattle Center, South Lake Union). Queen Anne, Ballard, and Fremont are more easily accessed by car. Our home offers garage parking for one car. Street parking for additional cars is plentiful and free.",https://a0.muscache.com/ac/pictures/108137093/e7780c5a_original.jpg?interpolation=lanczos-none&size=small&output-format=jpg&output-quality=70,https://a0.muscache.com/im/pictures/108137093/e7780c5a_original.jpg?aki_policy=medium,https://a0.muscache.com/ac/pictures/108137093/e7780c5a_original.jpg?interpolation=lanczos-none&size=large_cover&output-format=jpg&output-quality=70,https://a0.muscache.com/ac/pictures/108137093/e7780c5a_original.jpg?interpolation=lanczos-none&size=x_large_cover&output-format=jpg&output-quality=70,754810,https://www.airbnb.com/users/show/754810,Andy,2011-06-28,"Seattle, Washington, United States","My wife and I are world travelers.  We've traveled to ~60 countries around the world... on all 7 continents!  While we enjoy a fancy hotel now and then, nothing beats the comforts of a real HOME away from home.  Having rented countless vacation homes during our time, we have copious notes of what we do and don't like.  We aspire to make our Airbnb rental home an example of all the best traits we have found in our vacation rentals.",within an hour,96%,100%,t,"https://a1.muscache.com/ac/users/754810/profile_pic/1411760358/original.jpg?interpolation=lanczos-none&crop=w:w;*,*&crop=h:h;*,*&resize=50:*&output-format=jpg&output-quality=70","https://a1.muscache.com/ac/users/754810/profile_pic/1411760358/original.jpg?interpolation=lanczos-none&crop=w:w;*,*&crop=h:h;*,*&resize=225:*&output-format=jpg&output-quality=70",Minor,10.0,10.0,"['email', 'phone', 'facebook', 'google', 'linkedin', 'reviews', 'kba']",t,t,"23rd Avenue, Seattle, WA 98122, United States",Minor,Minor,Central Area,Seattle,WA,98122,Seattle,"Seattle, WA",US,United States,47.61704032410954,-122.30280625110277,t,Townhouse,Entire home/apt,8,3.5,3.0,5.0,Real Bed,"{TV,""Cable TV"",Internet,""Wireless Internet"",Kitchen,""Free Parking on Premises"",""Indoor Fireplace"",Heating,""Family/Kid Friendly"",Washer,Dryer,""Smoke Detector"",""Carbon Monoxide Detector"",Essentials,Shampoo}",,$325.00,,,$500.00,$125.00,6,$25.00,1,1125,5 weeks ago,t,30,60,90,365,2016-01-04,1,2015-10-12,2015-10-12,100.0,10.0,10.0,10.0,10.0,10.0,10.0,f,,WASHINGTON,f,strict,f,f,10,0.35
6991188,https://www.airbnb.com/rooms/6991188,20160104002432,2016-01-04,The Marion Flat on Cherry Hill,"We have an upstairs Marion Flat in our house close to Swedish Cherry Hill.   We are 10 minutes to downtown on the bus lines - 2 blocks from a super-market, and close to Seattle University.","The Marion Flat (with a limited view of Mount Rainier on sunny days).  is the upper floor of our house located in the Central District by Cherry Hill.  We are 10 minutes to downtown on the 3 or 4 lines -2 blocks from shops and markets, and close to Swedish Hospital Cherry Hill Campus and Seattle University. The apartment is well furnished, has a full kitchen and a private deck, a large bedroom (one queen bed) and bathroom. It sleeps 2 though there is an air mattress available if needed for more.   The house has fiber optic installed and WiFi is provided at 40 mbps (100 mbps if you want access via LAN cable).  There is ample on-street parking right in front. I have lived in the building for 2 years, and I would be happy to give you a local perspective on sightseeing or dining in the neighborhood during your stay. This upper floor unit has easy access.  It is a spacious apartment (750 square feet) located in the heart of the Central District.  The location is great. The normal check in t","We have an upstairs Marion Flat in our house close to Swedish Cherry Hill.   We are 10 minutes to downtown on the bus lines - 2 blocks from a super-market, and close to Seattle University. The Marion Flat (with a limited view of Mount Rainier on sunny days).  is the upper floor of our house located in the Central District by Cherry Hill.  We are 10 minutes to downtown on the 3 or 4 lines -2 blocks from shops and markets, and close to Swedish Hospital Cherry Hill Campus and Seattle University. The apartment is well furnished, has a full kitchen and a private deck, a large bedroom (one queen bed) and bathroom. It sleeps 2 though there is an air mattress available if needed for more.   The house has fiber optic installed and WiFi is provided at 40 mbps (100 mbps if you want access via LAN cable).  There is ample on-street parking right in front. I have lived in the building for 2 years, and I would be happy to give you a local perspective on sightseeing or dining in the neighborhood durin",none,,"We are still working on the house (renovation) and there is some construction, still ongoing.",,https://a0.muscache.com/ac/pictures/91644483/15355681_original.jpg?interpolation=lanczos-none&size=small&output-format=jpg&output-quality=70,https://a0.muscache.com/im/pictures/91644483/15355681_original.jpg?aki_policy=medium,https://a0.muscache.com/ac/pictures/91644483/15355681_original.jpg?interpolation=lanczos-none&size=large_cover&output-format=jpg&output-quality=70,https://a0.muscache.com/ac/pictures/91644483/15355681_original.jpg?interpolation=lanczos-none&size=x_large_cover&output-format=jpg&output-quality=70,2781551,https://www.airbnb.com/users/show/2781551,Ron,2012-06-29,"Seattle, Washington, United States","We live and work in Seattle.  I am an attorney (retired) and Mike manages King Countie's health clinic processes.  I have a profile on AirBNB under (email hidden) as well as information on (website hidden)
",within an hour,100%,100%,f,"https://a1.muscache.com/ac/users/2781551/profile_pic/1399130002/original.jpg?interpolation=lanczos-none&crop=w:w;*,*&crop=h:h;*,*&resize=50:*&output-format=jpg&output-quality=70","https://a1.muscache.com/ac/users/2781551/profile_pic/1399130002/original.jpg?interpolation=lanczos-none&crop=w:w;*,*&crop=h:h;*,*&resize=225:*&output-format=jpg&output-quality=70",Minor,3.0,3.0,"['email', 'phone', 'facebook', 'reviews', 'kba']",t,t,"East Marion Street, Seattle, WA 98122, United States",Minor,Minor,Central Area,Seattle,WA,98122,Seattle,"Seattle, WA",US,United States,47.61089432766836,-122.3044800910876,t,House,Entire home/apt,3,1.0,1.0,1.0,Real Bed,"{Internet,""Wireless Internet"",Kitchen,Washer,Dryer,""Smoke Detector"",""Carbon Monoxide Detector"",""Fire Extinguisher"",Essentials,Shampoo,""24-Hour Check-in"",Hangers,""Hair Dryer"",Iron,""Laptop Friendly Workspace""}",,$115.00,$845.00,"$2,942.00",$100.00,$10.00,2,$25.00,2,1125,today,t,3,8,35,310,2016-01-04,3,2015-12-22,2016-01-02,100.0,10.0,10.0,10.0,9.0,10.0,9.0,f,,WASHINGTON,t,flexible,f,f,3,3.0
7344117,https://www.airbnb.com/rooms/7344117,20160104002432,2016-01-04,"SUPER TALL, 5-Level Loft, 2200sf","5-level, bright & modern loft with 20' ceilings, views, award-winning green design. All amenities. Room to stretch. Stocked kitchen & pantry. New 50"" TV. Luxury master suite. Poker table. Parking. Cable. Great for quiet groups, business, families.","Welcome to my 5-story loft located about a little over 1 mile from downtown with easy access to the sights and businesses of Seattle. You have access to all 5 levels making it a great space for co-workers, quiet groups and friends or families traveling together.  I'm sorry but I do not permit parties at the loft. This is a quiet, residential community and if you book the property then you will be held responsible for all actions in your group including noise violations and unauthorized parties. When you stay as a guest at my loft please remember that you are representing me in this community. This loft is 5 stories tall. Not only do the different levels give guests room to have some space of their own for sleeping, the large & open living area has a big 50"" TV and room to gather for meals and games. This Loft is great for: * Business travelers who want space to work or relax * Quiet groups and families - (again, no parties) * Fans who want to attend games at Safeco or CenturyLink Field","5-level, bright & modern loft with 20' ceilings, views, award-winning green design. All amenities. Room to stretch. Stocked kitchen & pantry. New 50"" TV. Luxury master suite. Poker table. Parking. Cable. Great for quiet groups, business, families. Welcome to my 5-story loft located about a little over 1 mile from downtown with easy access to the sights and businesses of Seattle. You have access to all 5 levels making it a great space for co-workers, quiet groups and friends or families traveling together.  I'm sorry but I do not permit parties at the loft. This is a quiet, residential community and if you book the property then you will be held responsible for all actions in your group including noise violations and unauthorized parties. When you stay as a guest at my loft please remember that you are representing me in this community. This loft is 5 stories tall. Not only do the different levels give guests room to have some space of their own for sleeping, the large & open living are",none,"We are located at 1820 E Yesler Way in Seattle between both waterfronts (Puget Sound and Lake Washington). The Loft offers quick access to downtown (~ 1 mile or 14 blocks) to Pioneer Square), the Mariner's Safeco Stadium (~ 2 miles) and Seahawks Century Link Stadium via bus, bike or Uber. Just north of us is the Capital Hill foodie, music and arts scenes, to the west of us is the best Asian Food ever, to the east beaches, parks and trails. This loft is just outside downtown in an active, urban, city setting with neighborhoods (and unlike downtown: free parking!) surrounding us.  Our unit is located on Yesler (formerly known as ""Skid Road"") in the Central District of Seattle. In the early 1900's sawmills in this area would ""skid"" the logs down the steep hills into the Pioneer Square / International District area.  The CD (Central District), and Yesler in particular, is an important neighborhood (historically) in Seattle and continues to have one of the most international populations in ",There is one compact parking space available in this unit. Street parking is available and bikes may be available on request. No parties.,"Yep, Seattle is hilly. No worries - the #27 Metro (bus) stops in front of our unit (check schedules) and is a direct route to downtown including Pike/Pine Streets where will find the Pike Place Market. We are also a short drive/bus ride from the light rail and have well marked bike trails all over this area. An Uber to the waterfront shouldn't be more than about $7 or so.",https://a1.muscache.com/ac/pictures/93184318/232748de_original.jpg?interpolation=lanczos-none&size=small&output-format=jpg&output-quality=70,https://a1.muscache.com/im/pictures/93184318/232748de_original.jpg?aki_policy=medium,https://a1.muscache.com/ac/pictures/93184318/232748de_original.jpg?interpolation=lanczos-none&size=large_cover&output-format=jpg&output-quality=70,https://a1.muscache.com/ac/pictures/93184318/232748de_original.jpg?interpolation=lanczos-none&size=x_large_cover&output-format=jpg&output-quality=70,38474213,https://www.airbnb.com/users/show/38474213,Jessie,2015-07-14,"Seattle, Washington, United States",,within an hour,92%,100%,t,"https://a0.muscache.com/ac/users/38474213/profile_pic/1436901621/original.jpg?interpolation=lanczos-none&crop=w:w;*,*&crop=h:h;*,*&resize=50:*&output-format=jpg&output-quality=70","https://a0.muscache.com/ac/users/38474213/profile_pic/1436901621/original.jpg?interpolation=lanczos-none&crop=w:w;*,*&crop=h:h;*,*&resize=225:*&output-format=jpg&output-quality=70",Minor,1.0,1.0,"['email', 'phone', 'linkedin', 'reviews', 'jumio']",t,t,"East Yesler Way, Seattle, WA 98122, United States",Minor,Minor,Central Area,Seattle,WA,98122,Seattle,"Seattle, WA",US,United States,47.602301478046655,-122.30717311847032,t,Loft,Entire home/apt,10,2.5,2.0,8.0,Real Bed,"{TV,""Cable TV"",Internet,""Wireless Internet"",Kitchen,""Free Parking on Premises"",Heating,""Family/Kid Friendly"",""Suitable for Events"",Washer,Dryer,""Smoke Detector"",""Carbon Monoxide Detector"",""First Aid Kit"",""Safety Card"",""Fire Extinguisher"",Essentials,Shampoo}",,$425.00,,,,$85.00,4,$25.00,1,1125,today,t,21,49,78,188,2016-01-04,32,2015-07-20,2015-12-30,96.0,10.0,10.0,10.0,10.0,9.0,10.0,f,,WASHINGTON,t,strict,f,f,1,5.68
9506766,https://www.airbnb.com/rooms/9506766,20160104002432,2016-01-04,"California Modern, Open & Friendly","You will be comfortable in this modern style apartment off the main home. Private entry, Heated concrete floors, High end appliances. large granite shower. Very close to many college campuses as well as hospitals if you have a sick loved one.","The space is located on Seattle's First Hill, Capitol Hill about 12 blocks from downtown Seattle. There are many college campuses within 4 miles. Also some of the top medical facilities in the country. Bilingual speaking household; Chinese, Spanish, English and some French.","You will be comfortable in this modern style apartment off the main home. Private entry, Heated concrete floors, High end appliances. large granite shower. Very close to many college campuses as well as hospitals if you have a sick loved one. The space is located on Seattle's First Hill, Capitol Hill about 12 blocks from downtown Seattle. There are many college campuses within 4 miles. Also some of the top medical facilities in the country. Bilingual speaking household; Chinese, Spanish, English and some French. There is ample parking, private gated entrance to property, private entry to space with outdoor space. If you need recommendations or help around the city we would be happy to assist. There are many ways to get around the city. The space is just off bus route within 75 yards either way to bus stops.  Possible transportation help if needed as extra services. Space will be cleaned if needed each day or as you wish.",none,,Space will be cleaned if needed each day or as you wish.,There are many ways to get around the city. The space is just off bus route within 75 yards either way to bus stops.  Possible transportation help if needed as extra services.,https://a2.muscache.com/ac/pictures/6810b6df-d857-46ef-a76b-aa20a37932a4.jpg?interpolation=lanczos-none&size=small&output-format=jpg&output-quality=70,https://a2.muscache.com/im/pictures/6810b6df-d857-46ef-a76b-aa20a37932a4.jpg?aki_policy=medium,https://a2.muscache.com/ac/pictures/6810b6df-d857-46ef-a76b-aa20a37932a4.jpg?interpolation=lanczos-none&size=large_cover&output-format=jpg&output-quality=70,https://a2.muscache.com/ac/pictures/6810b6df-d857-46ef-a76b-aa20a37932a4.jpg?interpolation=lanczos-none&size=x_large_cover&output-format=jpg&output-quality=70,49265281,https://www.airbnb.com/users/show/49265281,Tyler,2015-11-17,"Seattle, Washington, United States",,within an hour,100%,100%,f,"https://a2.muscache.com/ac/pictures/a3091446-4c86-4b27-a7a2-1894096fcf30.jpg?interpolation=lanczos-none&crop=w:w;*,*&crop=h:h;*,*&resize=50:*&output-format=jpg&output-quality=70","https://a2.muscache.com/ac/pictures/a3091446-4c86-4b27-a7a2-1894096fcf30.jpg?interpolation=lanczos-none&crop=w:w;*,*&crop=h:h;*,*&resize=225:*&output-format=jpg&output-quality=70",Minor,1.0,1.0,"['email', 'phone', 'google', 'reviews', 'kba']",t,t,"19th Avenue, Seattle, WA 98122, United States",Minor,Minor,Central Area,Seattle,WA,98122,Seattle,"Seattle, WA",US,United States,47.606136454957465,-122.30903284028966,t,House,Entire home/apt,2,1.0,1.0,1.0,Real Bed,"{""Cable TV"",""Wireless Internet"",""Air Conditioning"",""Wheelchair Accessible"",Kitchen,""Free Parking on Premises"",""Pets Allowed"",Heating,""Family/Kid Friendly"",Washer,Dryer,""Smoke Detector"",""Carbon Monoxide Detector"",""First Aid Kit"",""Fire Extinguisher"",Essentials,""24-Hour Check-in"",Hangers,Iron,""Laptop Friendly Workspace""}",,$119.00,,,$300.00,$25.00,2,$25.00,1,1125,yesterday,t,22,52,82,357,2016-01-04,2,2015-11-23,2015-12-09,100.0,10.0,10.0,10.0,10.0,10.0,10.0,f,,WASHINGTON,f,moderate,f,f,1,1.4
6451305,https://www.airbnb.com/rooms/6451305,20160104002432,2016-01-04,A Walkers Paradise in Capitol Hill!,"Steps away from the Pike/Pine corridor and Seattle University, our townhome is conveniently located. With a walk score of 96, a car is not necessary to get around to some of the best food, bars and shops Seattle has to offer.","2 outdoor spaces, a 1 car garage, plenty of light and proximity to all the hip and happening spots in Seattle are what makes this home a real gem in the Emerald City. We recently bought this house so it is furnished with all brand new furniture. There are 3 bedrooms, 2 with Queen size beds and the 3rd room with a full size daybed. The couch in the living room is a queen size pull out sleeper. The modern kitchen is outfitted with a large fridge, gas stove and dishwasher.  In the cupboards you will find everything you need to cook from pots and pans to seasonings. A washer and dryer are also available for use. If you are coming with small children, please let me know. I can provide some children's toys, a bassinet and a pack and play.","Steps away from the Pike/Pine corridor and Seattle University, our townhome is conveniently located. With a walk score of 96, a car is not necessary to get around to some of the best food, bars and shops Seattle has to offer. 2 outdoor spaces, a 1 car garage, plenty of light and proximity to all the hip and happening spots in Seattle are what makes this home a real gem in the Emerald City. We recently bought this house so it is furnished with all brand new furniture. There are 3 bedrooms, 2 with Queen size beds and the 3rd room with a full size daybed. The couch in the living room is a queen size pull out sleeper. The modern kitchen is outfitted with a large fridge, gas stove and dishwasher.  In the cupboards you will find everything you need to cook from pots and pans to seasonings. A washer and dryer are also available for use. If you are coming with small children, please let me know. I can provide some children's toys, a bassinet and a pack and play. Entire home We do not live on t",none,"Capitol Hill is an eclectic Seattle neighborhood.  Our house is located near the Pike/Pine Corridor which is a vibrant commercial area full of restaurants, boutique shops, music venues, bars and lounges. Seattle University is 1 block west of us. We are also a 10-15 minute walk away from the area's best hospitals (Swedish, VM and Harborview).",Things to do: Summer season: Seattle Rock and Roll Marathon in June Capitol Hill Block Party in July Bite of Seattle in July SeaFair July 31st-August 2nd Bumbershoot in September,Access to public transportation is less than a 2 min walk away.  We are a 10 minute walk away from the new Pronto Bike station located on 16th and Pine.  Broadway is also a 10 min walk away.  Coffee shops and restaurants are one block away.,https://a1.muscache.com/ac/pictures/85412655/8bcdcb31_original.jpg?interpolation=lanczos-none&size=small&output-format=jpg&output-quality=70,https://a1.muscache.com/im/pictures/85412655/8bcdcb31_original.jpg?aki_policy=medium,https://a1.muscache.com/ac/pictures/85412655/8bcdcb31_original.jpg?interpolation=lanczos-none&size=large_cover&output-format=jpg&output-quality=70,https://a1.muscache.com/ac/pictures/85412655/8bcdcb31_original.jpg?interpolation=lanczos-none&size=x_large_cover&output-format=jpg&output-quality=70,6807326,https://www.airbnb.com/users/show/6807326,Jenny,2013-06-08,"Seattle, Washington, United States","I have lived in the Seattle all but 5 years of my life.  With the mountains and ocean so close to this beautiful city, why would I ever want to move?   I enjoy traveling and spending time outdoors with my husband and 2 young children.  I especially enjoy running and hiking.  I'm also a huge foodie so eating is my hobby:)  When I travel I like to live like a local and really experience that city's culture.  Therefore, I would love to share my home with fellow travelers that vacation the same way.  My house is located in the eclectic Capitol Hill neighborhood, known for the arts, history and diversity.    ",within an hour,100%,100%,t,"https://a2.muscache.com/ac/users/6807326/profile_pic/1438216727/original.jpg?interpolation=lanczos-none&crop=w:w;*,*&crop=h:h;*,*&resize=50:*&output-format=jpg&output-quality=70","https://a2.muscache.com/ac/users/6807326/profile_pic/1438216727/original.jpg?interpolation=lanczos-none&crop=w:w;*,*&crop=h:h;*,*&resize=225:*&output-format=jpg&output-quality=70",,1.0,1.0,"['email', 'phone', 'facebook', 'reviews', 'kba']",t,t,"E Marion St, Seattle, WA 98122, United States",,Minor,Central Area,Seattle,WA,98122,Seattle,"Seattle, WA",US,United States,47.6095962528124,-122.31643735359218,f,House,Entire home/apt,6,2.5,3.0,4.0,Real Bed,"{TV,""Cable TV"",Internet,""Wireless Internet"",Kitchen,""Free Parking on Premises"",""Indoor Fireplace"",Heating,""Family/Kid Friendly"",Washer,Dryer,""Smoke Detector"",""Carbon Monoxide Detector"",""First Aid Kit"",""Fire Extinguisher"",Essentials,Shampoo}",,$220.00,"$2,000.00","$7,000.00",$250.00,$125.00,6,$10.00,3,1125,a week ago,t,25,52,74,318,2016-01-04,25,2015-06-08,2015-12-19,96.0,10.0,10.0,10.0,10.0,10.0,10.0,f,,WASHINGTON,f,strict,f,f,1,3.55
7531405,https://www.airbnb.com/rooms/7531405,20160104002432,2016-01-04,Private Bed/Bath in Modern Townhome,"You are steps away from enjoying the convenience of a private bedroom/ bathroom in a modern townhome.  Reserving the first floor of this brand new townhome puts you within walking distance of Downtown, the International District, and Capitol Hill.","The downstairs bedroom and bathroom are all yours!  A sizeable room with big windows and finished concrete floors give the space a cool and modern feel. The bathroom includes both a shower and a large bathtub, and can be accessed directly from the bedroom. You will even get a private entrance! The room has a comfy queen bed, a seating area with plenty of natural light, and a large closet for your accommodation.  An air mattress is also available for you to use.","You are steps away from enjoying the convenience of a private bedroom/ bathroom in a modern townhome.  Reserving the first floor of this brand new townhome puts you within walking distance of Downtown, the International District, and Capitol Hill. The downstairs bedroom and bathroom are all yours!  A sizeable room with big windows and finished concrete floors give the space a cool and modern feel. The bathroom includes both a shower and a large bathtub, and can be accessed directly from the bedroom. You will even get a private entrance! The room has a comfy queen bed, a seating area with plenty of natural light, and a large closet for your accommodation.  An air mattress is also available for you to use. You'll also have access to the second floor (which is a kitchen/ living room area) and a rooftop deck.  The rooftop has an amazing view of the city skyline and is a great place to unwind. I'm happy to recommend places to visit in Seattle. It's a unique, eclectic city that has a lot to ",none,"This is my favorite neighborhood in the city.  It is friendly, urban, and safe. Proximity to the International District has influenced local cuisine.  If you're interested in shopping or restaurants, Downtown is about a mile west. Capitol Hill is great for nightlife (and food) and is just over a mile north.",,"A bus stop is just a block away, and Seattle's bus system is very good.  Street parking in the neighborhood is free, and available spots are plentiful.",https://a2.muscache.com/ac/pictures/95510125/f7405f77_original.jpg?interpolation=lanczos-none&size=small&output-format=jpg&output-quality=70,https://a2.muscache.com/im/pictures/95510125/f7405f77_original.jpg?aki_policy=medium,https://a2.muscache.com/ac/pictures/95510125/f7405f77_original.jpg?interpolation=lanczos-none&size=large_cover&output-format=jpg&output-quality=70,https://a2.muscache.com/ac/pictures/95510125/f7405f77_original.jpg?interpolation=lanczos-none&size=x_large_cover&output-format=jpg&output-quality=70,28230503,https://www.airbnb.com/users/show/28230503,Ben,2015-02-23,"Seattle, Washington, United States","Hello guests!

Thank you so much for considering staying at my Airbnb in Seattle. Whether you're coming for business, vacation, or a family visit, I will do my best to make your stay as enjoyable as possible.

I recently moved to Seattle, and I love it here.  The city has a lot to offer, and I enjoy recommending restaurants and places to visit. I manage my Airbnb part time; my full time job is at a local technology company.  I enjoy following technology, reading, watching Netflix, running, and cycling.

Here is my listing:
https://www.airbnb.com/rooms/7531405

If you have any questions, feel free to email me.

Happy travels,
Ben",within an hour,100%,100%,f,"https://a0.muscache.com/ac/users/28230503/profile_pic/1424717261/original.jpg?interpolation=lanczos-none&crop=w:w;*,*&crop=h:h;*,*&resize=50:*&output-format=jpg&output-quality=70","https://a0.muscache.com/ac/users/28230503/profile_pic/1424717261/original.jpg?interpolation=lanczos-none&crop=w:w;*,*&crop=h:h;*,*&resize=225:*&output-format=jpg&output-quality=70",Minor,1.0,1.0,"['email', 'phone', 'facebook', 'reviews', 'jumio']",t,t,"East Fir Street, Seattle, WA 98122, United States",Minor,Minor,Central Area,Seattle,WA,98122,Seattle,"Seattle, WA",US,United States,47.60294718195022,-122.31321072182703,t,Townhouse,Private room,4,1.0,1.0,1.0,Real Bed,"{TV,Internet,""Wireless Internet"",Kitchen,""Pets live on this property"",Dog(s),Heating,""Family/Kid Friendly"",Washer,Dryer,""Smoke Detector"",""Carbon Monoxide Detector"",""First Aid Kit"",Essentials,Shampoo,""24-Hour Check-in"",""Hair Dryer""}",,$85.00,$660.00,,$150.00,$40.00,2,$15.00,2,21,5 days ago,t,0,0,0,138,2016-01-04,8,2015-09-29,2015-11-18,98.0,10.0,10.0,10.0,10.0,9.0,10.0,f,,WASHINGTON,f,strict,f,f,1,2.45
9612147,https://www.airbnb.com/rooms/9612147,20160104002432,2016-01-04,2BR/1Bath near Seattle University,"Stay here, and be close to it all: shopping, restaurants, entertainment, and more!","Location Conveniently located just blocks from Capital Hill, Downtown, Seattle University, Harborview & Swedish Hospitals.  Walk to Stadiums, Pioneer Square, new First Hill Streetcar, Light-Rail, Chinatown, & much more!  Close to several bus lines for easy access anywhere in the city.   Walk Score: 89, Transit Score: 81, Bike Score: 79 The Space This is a two bedroom, one bathroom lower level of a house in Seattle. The space is small and cozy, at 820 square feet. There is one queen bed and one full bed available for your use.  There is a full refrigerator along with a microwave, toaster oven and Keurig coffee maker.  Plenty of counter space and fully stocked kitchen with plates, silverware and utensils to make food at home, if you'd like. Be sure to venture out and sample some awesome Seattle restaurants during your stay here! Start the morning off right with some coffee at Stumptown Coffee Roasters, Eastern Café, or G.R.E.A.N. House Coffee and Cafe. All are popular stops near our plac","Stay here, and be close to it all: shopping, restaurants, entertainment, and more! Location Conveniently located just blocks from Capital Hill, Downtown, Seattle University, Harborview & Swedish Hospitals.  Walk to Stadiums, Pioneer Square, new First Hill Streetcar, Light-Rail, Chinatown, & much more!  Close to several bus lines for easy access anywhere in the city.   Walk Score: 89, Transit Score: 81, Bike Score: 79 The Space This is a two bedroom, one bathroom lower level of a house in Seattle. The space is small and cozy, at 820 square feet. There is one queen bed and one full bed available for your use.  There is a full refrigerator along with a microwave, toaster oven and Keurig coffee maker.  Plenty of counter space and fully stocked kitchen with plates, silverware and utensils to make food at home, if you'd like. Be sure to venture out and sample some awesome Seattle restaurants during your stay here! Start the morning off right with some coffee at Stumptown Coffee Roasters, Eas",none,,,,https://a2.muscache.com/ac/pictures/b6e9c4e8-1939-480e-a9c9-84808c83d2e5.jpg?interpolation=lanczos-none&size=small&output-format=jpg&output-quality=70,https://a2.muscache.com/im/pictures/b6e9c4e8-1939-480e-a9c9-84808c83d2e5.jpg?aki_policy=medium,https://a2.muscache.com/ac/pictures/b6e9c4e8-1939-480e-a9c9-84808c83d2e5.jpg?interpolation=lanczos-none&size=large_cover&output-format=jpg&output-quality=70,https://a2.muscache.com/ac/pictures/b6e9c4e8-1939-480e-a9c9-84808c83d2e5.jpg?interpolation=lanczos-none&size=x_large_cover&output-format=jpg&output-quality=70,49732402,https://www.airbnb.com/users/show/49732402,David,2015-11-23,"Snoqualmie, Washington, United States","My wife Taylor and I have lived in the Seattle area for over 15 years and met while attending the University of Washington.  I am originally from Los Angeles and decided to stay in Seattle after falling in love with the Pacific NW.  After living in neighborhoods all over the city, we have moved to Snoqualmie (about 20 miles east of Seattle) to start a family.  We love where we are now but definitely miss living in Seattle!  I am a financial advisor and Taylor works for Nordstrom in the corporate office.  When we have the time, we absolutely love to travel both domestically and internationally to explore other cultures and parts of the world.  Thanks for checking us out and know you’ll enjoy your stay at our place!",within a few hours,100%,100%,f,"https://a2.muscache.com/ac/pictures/668265b7-d89b-413c-8726-05fcf17dace5.jpg?interpolation=lanczos-none&crop=w:w;*,*&crop=h:h;*,*&resize=50:*&output-format=jpg&output-quality=70","https://a2.muscache.com/ac/pictures/668265b7-d89b-413c-8726-05fcf17dace5.jpg?interpolation=lanczos-none&crop=w:w;*,*&crop=h:h;*,*&resize=225:*&output-format=jpg&output-quality=70",Minor,1.0,1.0,"['email', 'phone', 'facebook', 'google', 'amex', 'reviews', 'jumio']",t,t,"East Fir Street, Seattle, WA 98122, United States",Minor,Minor,Central Area,Seattle,WA,98122,Seattle,"Seattle, WA",US,United States,47.60216456223711,-122.31188220898946,t,House,Entire home/apt,4,1.0,2.0,2.0,Real Bed,"{Internet,""Wireless Internet"",Kitchen,Heating,""Family/Kid Friendly"",Washer,Dryer,""Smoke Detector"",""Carbon Monoxide Detector"",""Fire Extinguisher"",Essentials}",,$100.00,,,$200.00,$100.00,4,$50.00,1,30,3 days ago,t,30,59,59,59,2016-01-04,2,2015-12-20,2015-12-26,90.0,10.0,10.0,9.0,10.0,10.0,9.0,f,,WASHINGTON,t,strict,f,f,1,2.0
666897,https://www.airbnb.com/rooms/666897,20160104002432,2016-01-04,LovelyCottage near Downtown Seattle,,"Cottage comes furnished ! Special financing ! It's very beautiful, very spacious and clean ,comfortable. one bedroom,include top quality lines on queen size bed mattress with a very -comfortable folding bed ,Jetted bath,kitchen  patio/deck, Washer/Dryer,Dishwadher,Refrigerator, Microwave, Range/(URL HIDDEN) half block from Swedish Research Hospital, Swedish Medical Center, Swedish Cherry Hill Campus and Seattle University., conveniently located  several maior bus  lines to  downtown, Space Needle,Pike place market,Seattle center, Ride the Ducks,EMP Museum,Key Arena, Seattle Pacific University,Seattle Art museum,etc. walking distance to shops ,restaurants,Downtown,,Safeco Field ,Chinatown and  grocery store   If you are looking someplace to stay where you can be close to  everything you want to see & welcome this is it great location !  in the city in walking distance to shops ,restaurants,Downtown,,,Chinatown and  grocery store Walk Score of 95  Transit Score of 100 It is simple to tak","Cottage comes furnished ! Special financing ! It's very beautiful, very spacious and clean ,comfortable. one bedroom,include top quality lines on queen size bed mattress with a very -comfortable folding bed ,Jetted bath,kitchen  patio/deck, Washer/Dryer,Dishwadher,Refrigerator, Microwave, Range/(URL HIDDEN) half block from Swedish Research Hospital, Swedish Medical Center, Swedish Cherry Hill Campus and Seattle University., conveniently located  several maior bus  lines to  downtown, Space Needle,Pike place market,Seattle center, Ride the Ducks,EMP Museum,Key Arena, Seattle Pacific University,Seattle Art museum,etc. walking distance to shops ,restaurants,Downtown,,Safeco Field ,Chinatown and  grocery store   If you are looking someplace to stay where you can be close to  everything you want to see & welcome this is it great location !  in the city in walking distance to shops ,restaurants,Downtown,,,Chinatown and  grocery store Walk Score of 95  Transit Score of 100 It is simple to tak",none,,,,https://a2.muscache.com/ac/pictures/8755291/c53dde2e_original.jpg?interpolation=lanczos-none&size=small&output-format=jpg&output-quality=70,https://a2.muscache.com/im/pictures/8755291/c53dde2e_original.jpg?aki_policy=medium,https://a2.muscache.com/ac/pictures/8755291/c53dde2e_original.jpg?interpolation=lanczos-none&size=large_cover&output-format=jpg&output-quality=70,https://a2.muscache.com/ac/pictures/8755291/c53dde2e_original.jpg?interpolation=lanczos-none&size=x_large_cover&output-format=jpg&output-quality=70,1650960,https://www.airbnb.com/users/show/1650960,Qing,2012-01-25,"Seattle, Washington, United States",I have traveled quite a bit internationally. Sometime traveling rough and Sometime posh-ish .A sense of humor make most things more fun. And I sure love to volunteering.,within a few hours,70%,100%,f,"https://a1.muscache.com/ac/users/1650960/profile_pic/1443388424/original.jpg?interpolation=lanczos-none&crop=w:w;*,*&crop=h:h;*,*&resize=50:*&output-format=jpg&output-quality=70","https://a1.muscache.com/ac/users/1650960/profile_pic/1443388424/original.jpg?interpolation=lanczos-none&crop=w:w;*,*&crop=h:h;*,*&resize=225:*&output-format=jpg&output-quality=70",Minor,4.0,4.0,"['email', 'phone', 'reviews', 'jumio']",t,t,"18th Ave, Seattle, WA 98122, United States",Minor,Minor,Central Area,Seattle,WA,98122,Seattle,"Seattle, WA",US,United States,47.61137403766362,-122.30748121316677,f,House,Entire home/apt,4,1.0,1.0,1.0,Real Bed,"{TV,""Cable TV"",Internet,""Wireless Internet"",Kitchen,""Free Parking on Premises"",""Indoor Fireplace"",Heating,""Family/Kid Friendly"",Washer,Dryer}",,$99.00,$595.00,"$2,250.00",$350.00,$60.00,1,$20.00,3,365,4 weeks ago,t,2,32,62,337,2016-01-04,18,2015-04-30,2015-12-26,75.0,9.0,6.0,8.0,9.0,8.0,8.0,f,,WASHINGTON,f,flexible,t,t,3,2.16
4061051,https://www.airbnb.com/rooms/4061051,20160104002432,2016-01-04,Private Floor in Sleek Modern House,Welcome! This is a 3-story modern townhome located in South Capitol Hill in walking distance of several delicious restaurants and fun bars. The house is filled with sunlight! You would have the second floor to yourself with your own bathroom.,"The second floor has 2 rooms, both available for your use. One is furnished with a queen size bed and memory foam mattress. The other room is not furnished but I have an air mattress should your party be larger than can be accomodated by a queen bed. (Please note there will be an extra charge if you will be occupying more than one room). You'll have a private bathroom on the 2nd floor as well. My room is on the 3rd floor so you won't notice much of me and the house will seem like your own.","Welcome! This is a 3-story modern townhome located in South Capitol Hill in walking distance of several delicious restaurants and fun bars. The house is filled with sunlight! You would have the second floor to yourself with your own bathroom. The second floor has 2 rooms, both available for your use. One is furnished with a queen size bed and memory foam mattress. The other room is not furnished but I have an air mattress should your party be larger than can be accomodated by a queen bed. (Please note there will be an extra charge if you will be occupying more than one room). You'll have a private bathroom on the 2nd floor as well. My room is on the 3rd floor so you won't notice much of me and the house will seem like your own. You are free to enjoy use of the kitchen, living room, office, and the best part- my rooftop! The roof offers views of the glorious Cascade mountains to the East and the Space needle to the West. The rooftop is equipped with a hammock and picnic table perfect fo",none,"The house is conveniently located close to several bus stops which will take you all over Seattle. One great thing about Seattle, though, is its walkability. A walk to downtown Seattle to Pike's Place, the Space Needle, and major shopping is only about 30 minutes! There are many beautiful parks around the area which are just a short bike ride/bus/taxi away including Volunteer Park, Madison Park, and the Arboretum. I'm also pretty close to the international district where you can try countless types of ethnic cuisine.",,,https://a2.muscache.com/ac/pictures/51800152/5e87fa4f_original.jpg?interpolation=lanczos-none&size=small&output-format=jpg&output-quality=70,https://a2.muscache.com/im/pictures/51800152/5e87fa4f_original.jpg?aki_policy=medium,https://a2.muscache.com/ac/pictures/51800152/5e87fa4f_original.jpg?interpolation=lanczos-none&size=large_cover&output-format=jpg&output-quality=70,https://a2.muscache.com/ac/pictures/51800152/5e87fa4f_original.jpg?interpolation=lanczos-none&size=x_large_cover&output-format=jpg&output-quality=70,4366731,https://www.airbnb.com/users/show/4366731,Jenny,2012-12-09,"Seattle, Washington, United States","I am a resident physician who recently moved to Seattle from New Orleans. My passion outside of work is FOOD! I love trying new restaurants and am happy to share restaurant suggestions with you. I also love to cook and entertain. My kitchen is the centerplace of my home and whatever I'm making you're welcome to as well. Other than food, I also like photography, hiking, traveling, and music. My style of traveling involves getting lost in cities and experiencing life as a local- I'd be happy to introduce you to my new home. ",within a day,67%,100%,f,"https://a2.muscache.com/ac/users/4366731/profile_pic/1442665079/original.jpg?interpolation=lanczos-none&crop=w:w;*,*&crop=h:h;*,*&resize=50:*&output-format=jpg&output-quality=70","https://a2.muscache.com/ac/users/4366731/profile_pic/1442665079/original.jpg?interpolation=lanczos-none&crop=w:w;*,*&crop=h:h;*,*&resize=225:*&output-format=jpg&output-quality=70",Minor,1.0,1.0,"['email', 'phone', 'facebook', 'reviews', 'kba']",t,t,"18th Avenue, Seattle, WA 98122, United States",Minor,Minor,Central Area,Seattle,WA,98122,Seattle,"Seattle, WA",US,United States,47.611482929813896,-122.309765134676,t,House,Private room,4,1.5,1.0,1.0,Real Bed,"{TV,""Wireless Internet"",Kitchen,""Pets live on this property"",""Indoor Fireplace"",Heating,""Family/Kid Friendly"",Washer,Dryer,""Smoke Detector"",""Carbon Monoxide Detector"",""First Aid Kit"",Essentials}",,$120.00,,,,$30.00,2,$60.00,1,1125,2 months ago,t,28,58,88,363,2016-01-04,6,2014-09-12,2015-06-20,83.0,9.0,9.0,9.0,9.0,10.0,8.0,f,,WASHINGTON,f,strict,f,f,1,0.38
3394338,https://www.airbnb.com/rooms/3394338,20160104002432,2016-01-04,Folksy Garden Studio,"My art-filled garden studio opens up into an expansive backyard featuring patio seating, picnic table, and fire pit. Full bathroom, kitchen, elevated sleeping area and living room. Just a 5 minute walk to excellent coffee, dining, bars & galleries.","I'm an avid art collector and most of my friends are the movers-and-shakers in the Seattle art scene. I've got a lot of their work on my walls. What I love most about my place is its connection to the natural world outside. I eat most of my meals on the patio or picnic table, and have fires at night overlooking my garden and the Seattle skyline.","My art-filled garden studio opens up into an expansive backyard featuring patio seating, picnic table, and fire pit. Full bathroom, kitchen, elevated sleeping area and living room. Just a 5 minute walk to excellent coffee, dining, bars & galleries. I'm an avid art collector and most of my friends are the movers-and-shakers in the Seattle art scene. I've got a lot of their work on my walls. What I love most about my place is its connection to the natural world outside. I eat most of my meals on the patio or picnic table, and have fires at night overlooking my garden and the Seattle skyline. You'll have access to my studio space and the backyard area. I won't be physically around my home during your stay, but am always a phone call or text away. I have a list of how things work in my apartment, and also all of my favorite activities and experiences around the city. My neighborhood is very diverse and friendly. I know all my neighbors and we all respect each other's space and way of life.",none,My neighborhood is very diverse and friendly. I know all my neighbors and we all respect each other's space and way of life.,,"My studio is close to many bus lines, and if you do car2go, there is always one right around the corner. Yellow cabs can be called and usually show up within 5 minutes. The best way to explore, though, is on foot. I'm so close to all the great parts of Capitol Hill, and just a 30 minute walk to Downtown/Pike Place Market. Have a vehicle? Parking on my street is zoned for 2 hr parking 7am-6pm M-Sat, but there is parking a few blocks away in the neighborhood that is not zoned. ",https://a0.muscache.com/ac/pictures/42990904/53b66f5c_original.jpg?interpolation=lanczos-none&size=small&output-format=jpg&output-quality=70,https://a0.muscache.com/im/pictures/42990904/53b66f5c_original.jpg?aki_policy=medium,https://a0.muscache.com/ac/pictures/42990904/53b66f5c_original.jpg?interpolation=lanczos-none&size=large_cover&output-format=jpg&output-quality=70,https://a0.muscache.com/ac/pictures/42990904/53b66f5c_original.jpg?interpolation=lanczos-none&size=x_large_cover&output-format=jpg&output-quality=70,17124503,https://www.airbnb.com/users/show/17124503,Adam,2014-06-22,"Seattle, Washington, United States","Hi folks.

I'm an artist, designer and musician living here in Seattle, WA. I make sculptural and installation work and create folk music under the name Tenderfoot.

I'm into beards, IPAs, eating healthy, going on hikes, and meeting new people from around the world. I love my home, and have been living in it for over 3 years now, filling it with positive energy, art from the flourishing local art scene, and great times with friends. Seattle is an amazing place to visit, and gets better every (website hidden)
(website hidden)",within a day,100%,,f,"https://a2.muscache.com/ac/users/17124503/profile_pic/1433726531/original.jpg?interpolation=lanczos-none&crop=w:w;*,*&crop=h:h;*,*&resize=50:*&output-format=jpg&output-quality=70","https://a2.muscache.com/ac/users/17124503/profile_pic/1433726531/original.jpg?interpolation=lanczos-none&crop=w:w;*,*&crop=h:h;*,*&resize=225:*&output-format=jpg&output-quality=70",Minor,1.0,1.0,"['email', 'phone', 'facebook', 'reviews']",t,f,"East Marion Street, Seattle, WA 98122, United States",Minor,Minor,Central Area,Seattle,WA,98122,Seattle,"Seattle, WA",US,United States,47.61621959104925,-122.30732404585127,t,Apartment,Entire home/apt,2,1.0,0.0,1.0,Real Bed,"{Internet,""Wireless Internet"",Kitchen,Heating,""Smoke Detector"",Essentials}",,$150.00,,,,,2,$25.00,2,1125,2 months ago,t,30,60,90,365,2016-01-04,20,2014-07-06,2015-09-02,93.0,10.0,9.0,10.0,10.0,10.0,9.0,f,,WASHINGTON,f,moderate,f,f,1,1.09
4238106,https://www.airbnb.com/rooms/4238106,20160104002432,2016-01-04,Sweet City Space,"Bright and happy private bedroom in an apartment with two young professionals. Great location to serve as your base- a quick walk to Capitol Hill and Central neighborhoods and only 1-2 miles to downtown, Belltown, Pike's Place, and Pioneer Square. ","Great space for a single traveler, a couple, or friends that don't mind sharing a bed. It's a small and quirky apartment in a building built in the early 1920s. It's third floor with no elevator. There's a living area, a kitchen with gas stove and a bathroom with shower/ tub. The two bedrooms are right next to each other and joined by French doors which we keep closed and covered with curtains- but beware that this is a space where sound travels.","Bright and happy private bedroom in an apartment with two young professionals. Great location to serve as your base- a quick walk to Capitol Hill and Central neighborhoods and only 1-2 miles to downtown, Belltown, Pike's Place, and Pioneer Square.  Great space for a single traveler, a couple, or friends that don't mind sharing a bed. It's a small and quirky apartment in a building built in the early 1920s. It's third floor with no elevator. There's a living area, a kitchen with gas stove and a bathroom with shower/ tub. The two bedrooms are right next to each other and joined by French doors which we keep closed and covered with curtains- but beware that this is a space where sound travels. Kitchen (and all supplies for cooking/ serving), coin laundry, street parking.  We are a young professional couple that often work a lot- but when we are free we love exploring this awesome area! We would be happy to interact as much or as little as you like and have many recommendations for attract",none,"Location location! We are a quick walk to Capitol Hill and Central neighborhoods, and a 1-2 mile jaunt to downtown, Belltown, the International District, and Pioneer Square. ",,"Easy access to Seattle's bus system, and 1.2 miles from the Link train Pioneer Square stop.  You can take the Link train directly from the airport into the city. To get here from the airport, either take the Link Train to Pioneer Square and an Uber from there, or a Lyft from the airport (the app says they won't pick up from the airport, but they will if you get in the front seat)",https://a2.muscache.com/ac/pictures/53228258/ccba1880_original.jpg?interpolation=lanczos-none&size=small&output-format=jpg&output-quality=70,https://a2.muscache.com/im/pictures/53228258/ccba1880_original.jpg?aki_policy=medium,https://a2.muscache.com/ac/pictures/53228258/ccba1880_original.jpg?interpolation=lanczos-none&size=large_cover&output-format=jpg&output-quality=70,https://a2.muscache.com/ac/pictures/53228258/ccba1880_original.jpg?interpolation=lanczos-none&size=x_large_cover&output-format=jpg&output-quality=70,2205509,https://www.airbnb.com/users/show/2205509,Grace & Jared,2012-04-23,"Seattle, Washington, United States","I like to ride my bicycle.. a lot. Actually, I met Jared, my boyfriend and travel partner, on a cycling trip. We may cycle to your place sometime. We love AirBnb because it lets us experience places more like a local. 

We are excited to open our home and host in our lovely city- and hope you will start to feel like a local too. ",within a few hours,100%,100%,f,"https://a2.muscache.com/ac/users/2205509/profile_pic/1398265529/original.jpg?interpolation=lanczos-none&crop=w:w;*,*&crop=h:h;*,*&resize=50:*&output-format=jpg&output-quality=70","https://a2.muscache.com/ac/users/2205509/profile_pic/1398265529/original.jpg?interpolation=lanczos-none&crop=w:w;*,*&crop=h:h;*,*&resize=225:*&output-format=jpg&output-quality=70",Minor,1.0,1.0,"['email', 'phone', 'facebook', 'reviews', 'kba']",t,t,"17th Avenue, Seattle, WA 98122, United States",Minor,Minor,Central Area,Seattle,WA,98122,Seattle,"Seattle, WA",US,United States,47.60927075934829,-122.31112560783598,t,Apartment,Private room,2,1.0,1.0,1.0,Real Bed,"{TV,Internet,""Wireless Internet"",Kitchen,""Free Parking on Premises"",Heating,Washer,Dryer,""Smoke Detector"",""First Aid Kit"",""Fire Extinguisher"",Essentials,Shampoo,""24-Hour Check-in"",Hangers,""Hair Dryer"",Iron,""Laptop Friendly Workspace""}",,$75.00,,,,$10.00,1,$0.00,2,1125,4 weeks ago,t,0,0,24,24,2016-01-04,6,2015-09-07,2015-10-21,100.0,10.0,10.0,10.0,10.0,10.0,10.0,f,,WASHINGTON,f,flexible,f,f,1,1.5
7350059,https://www.airbnb.com/rooms/7350059,20160104002432,2016-01-04,Capitol Hill - Walk Score 91,"On the border of Capitol Hill and the Central District just a few blocks from everything, yet quiet enough to sleep with plenty of street parking. Overall square footage makes it comfortable for the two of us, our two dogs and our guests.","The house is bright and only 3 years old. The furnishings were selected to be comfortable, modern and lounge-like. So there's a big sectional couch and a 60"" smart TV equipped with AppleTV and accounts with Hulu, Netflix, Amazon Prime, HBO and more. The kitchen has a gas range and is fully equipped, should you choose to eat in.","On the border of Capitol Hill and the Central District just a few blocks from everything, yet quiet enough to sleep with plenty of street parking. Overall square footage makes it comfortable for the two of us, our two dogs and our guests. The house is bright and only 3 years old. The furnishings were selected to be comfortable, modern and lounge-like. So there's a big sectional couch and a 60"" smart TV equipped with AppleTV and accounts with Hulu, Netflix, Amazon Prime, HBO and more. The kitchen has a gas range and is fully equipped, should you choose to eat in. You'll have access to all rooms in the house with the exception of the master bed/bath. We are both available to help you with your stay, planning activities and getting around. We're well-versed on Seattle's public transit and are happy to help you make the most of your stay in the Emerald City. Tim is a Chicago transplant and Ryan is native to Seattle, so you get a combination of locality and midwest charm. With a WalkScore o",none,"With a WalkScore of 91, we are ideally situated in a neighborhood that is quiet enough to sleep at night. Conveniently just a few minute's walk to the heart of Capitol Hill with it's popular restaurants, parks, bars and nightclubs, shopping, shows and more, including grocery stores and Uncle Ike's Pot Shop, the city's largest selection of commercial marijuana, edibles and glass goods.","We do have two dogs that we love—and they aren't purse dogs by any means. They beg for food and shed in the spring and summer. We do our best to manage the shedding, but even sweeping every day will not eradicate traces of Hugo and Gladys on your socks. We keep them out of the guest (Airbnb) room, but we do let them sit on the couch. Please keep all of this in mind when booking with us.","For drivers, there is always plenty of free street parking (a rare commodity on/near Capitol Hill). We own vehicles, but rarely use them as the neighborhood is so walkable and several nearby bus lines can get you downtown to Pike Place Market, Seattle Art Museum, Puget Sound ferries, Seattle Aquarium, any sporting event, the Space Needle and so much more. Download the app: OneBusAway",https://a0.muscache.com/ac/pictures/98507665/6a342cf8_original.jpg?interpolation=lanczos-none&size=small&output-format=jpg&output-quality=70,https://a0.muscache.com/im/pictures/98507665/6a342cf8_original.jpg?aki_policy=medium,https://a0.muscache.com/ac/pictures/98507665/6a342cf8_original.jpg?interpolation=lanczos-none&size=large_cover&output-format=jpg&output-quality=70,https://a0.muscache.com/ac/pictures/98507665/6a342cf8_original.jpg?interpolation=lanczos-none&size=x_large_cover&output-format=jpg&output-quality=70,13158974,https://www.airbnb.com/users/show/13158974,Tim & Ryan,2014-03-15,"Seattle, Washington, United States","We are a gay couple living in Seattle's Capitol Hill neighborhood. Tim is a Chicago transplant and Ryan is a Seattle native. We love to live this city and we love travel and exploring other cities around the states and the world. We have two pound puppies—Hugo, a boxer/ridgeback and Gladys, a dachshund/jack russel. They hate seeing us pack our bags for vacation, but they sure do love it when we return! ",within a few hours,89%,100%,t,"https://a2.muscache.com/ac/users/13158974/profile_pic/1436935791/original.jpg?interpolation=lanczos-none&crop=w:w;*,*&crop=h:h;*,*&resize=50:*&output-format=jpg&output-quality=70","https://a2.muscache.com/ac/users/13158974/profile_pic/1436935791/original.jpg?interpolation=lanczos-none&crop=w:w;*,*&crop=h:h;*,*&resize=225:*&output-format=jpg&output-quality=70",Minor,1.0,1.0,"['email', 'phone', 'facebook', 'reviews', 'jumio']",t,t,"19th Avenue, Seattle, WA 98122, United States",Minor,Minor,Central Area,Seattle,WA,98122,Seattle,"Seattle, WA",US,United States,47.611550820546775,-122.30681639587677,t,House,Private room,2,1.0,1.0,1.0,Real Bed,{},,$90.00,$500.00,"$2,200.00",,$35.00,2,$15.00,1,14,3 days ago,t,23,46,76,351,2016-01-04,18,2015-07-18,2016-01-01,100.0,10.0,10.0,10.0,10.0,10.0,10.0,f,,WASHINGTON,t,moderate,f,f,1,3.16
5262750,https://www.airbnb.com/rooms/5262750,20160104002432,2016-01-04,Seclusion in the HEART of Seattle,"Located on a tree lined street in one of Seattle's most colorful and vibrant neighborhoods, your spacious suite at Maruca House has a wonderfully secluded feel.  Yet it's just minutes away, by foot, bus or car, from all the best of Seattle.","My home is located between Seattle's Central District and Capital Hill.  We are in close proximity to everything you might need in a quiet and peaceful neighborhood. It is a perfect spot for a traveler in town for business or for pleasure. The suite has its own entrance through two french doors from your private  patio.  The patio has a table and chairs for enjoying the garden and western sunset.  The living room / kitchen are furnished with a couch, coffee table, also a large work table, a dining room table for enjoying a meal,  and a library of art, literature and poetry books that will muse your mind … or you can choose to watch Netflix. You have a full kitchen with a gas stove, oven, microwave, fridge, and coffee maker.  A selection of teas and coffee are provided.  The bedroom is just behind a beautiful indigo norin.   It contains a bed with  a queen size Tempurpedic mattress, comforter, night tables and individual lamps. The room is done in an Asian theme, with painted scrolls an","Located on a tree lined street in one of Seattle's most colorful and vibrant neighborhoods, your spacious suite at Maruca House has a wonderfully secluded feel.  Yet it's just minutes away, by foot, bus or car, from all the best of Seattle. My home is located between Seattle's Central District and Capital Hill.  We are in close proximity to everything you might need in a quiet and peaceful neighborhood. It is a perfect spot for a traveler in town for business or for pleasure. The suite has its own entrance through two french doors from your private  patio.  The patio has a table and chairs for enjoying the garden and western sunset.  The living room / kitchen are furnished with a couch, coffee table, also a large work table, a dining room table for enjoying a meal,  and a library of art, literature and poetry books that will muse your mind … or you can choose to watch Netflix. You have a full kitchen with a gas stove, oven, microwave, fridge, and coffee maker.  A selection of teas and ",none,"We are centrally located  between downtown and Lake Washington. We are ab easy commute to all tourist amenities, the Convention Center, ferries, and light rail.  We are also near by several major medical facilities on First Hill, including Virginia Mason, Swedish Medical Center, and the PolyClinic Parks, grocery stores, and restaurants are all nearby.  You can walk to shopping at Bartel Drugs, Trader Joe's, and Safeway.  If you prefer hidden places, we have plenty of those as well.  And If you are staying with us over a weekend, there is a delicious Farmer's Market on Friday afternoon, just a stone throws away.","For bookings/reservations/pre-approval , the following are requested. 1)  A bit about who you are and the nature of your visit,  and how many of you will be visiting. Thank you. 2)  A completed Airbnb  profile.  3)  A verified phone and email address.  4)  No pets, unfortunately. This is a lovely home that's nicely appointed with beautiful furniture and tasteful art. In the very remote chance that you are interested in partying hard, this is not the right space for you. Minimum 2 nights stay. Special weekly and monthly rates available November through March.","We are one block away from the # 2 bus, which takes 10 minutes to downtown to the Washington Convention Center,  Pike's Place Market, the Space Needle and West Gate Mall, or just 5 min to Capitol Hill.  This neighborhood is very central to Seattle. With quick access to I-5, I-90, Hwy 520 and Hwy 99, it is easy to get around town. In addition to public transit, there are Flex Cars and Car2Go rental cars readily available. There is so much within walking distance that vehicle transportation may not be needed.",https://a0.muscache.com/ac/pictures/91804204/5c7c4c7c_original.jpg?interpolation=lanczos-none&size=small&output-format=jpg&output-quality=70,https://a0.muscache.com/im/pictures/91804204/5c7c4c7c_original.jpg?aki_policy=medium,https://a0.muscache.com/ac/pictures/91804204/5c7c4c7c_original.jpg?interpolation=lanczos-none&size=large_cover&output-format=jpg&output-quality=70,https://a0.muscache.com/ac/pictures/91804204/5c7c4c7c_original.jpg?interpolation=lanczos-none&size=x_large_cover&output-format=jpg&output-quality=70,21006812,https://www.airbnb.com/users/show/21006812,Rex,2014-09-06,"Seattle, Washington, United States","Maruca House has given me the opportunity to bring my love of objects, things that we so often take for grant such as a tea pot, flat wear, kitchen towels, along with the arrangement of living space, the placement of the couch and end table  to a place that offers comfort, a reprieve from the activity of travel … to a place for rest and renewal … I think of the suite as an oasis and invite those who have similar wishes to mix travel with ease …. a spa moment .. a place you can call your home away from home is Maruca House at its essence.

My professional background over the past 25 years has been in the design and manufacture of women's handbags and accessories,  working  specifically with Jacquard textiles, in a studio setting. we sell primary to specialty stores and museums throughout the states. 
",within an hour,100%,100%,t,"https://a1.muscache.com/ac/users/21006812/profile_pic/1436391157/original.jpg?interpolation=lanczos-none&crop=w:w;*,*&crop=h:h;*,*&resize=50:*&output-format=jpg&output-quality=70","https://a1.muscache.com/ac/users/21006812/profile_pic/1436391157/original.jpg?interpolation=lanczos-none&crop=w:w;*,*&crop=h:h;*,*&resize=225:*&output-format=jpg&output-quality=70",Minor,1.0,1.0,"['email', 'phone', 'reviews', 'kba']",t,t,"21st Avenue, Seattle, WA 98122, United States",Minor,Minor,Central Area,Seattle,WA,98122,Seattle,"Seattle, WA",US,United States,47.612106274673366,-122.30412489624987,t,Apartment,Entire home/apt,3,1.0,1.0,2.0,Real Bed,"{TV,Internet,""Wireless Internet"",Kitchen,Breakfast,""Pets live on this property"",Dog(s),Heating,""Family/Kid Friendly"",""Smoke Detector"",""Carbon Monoxide Detector"",""First Aid Kit"",""Fire Extinguisher"",Essentials,Shampoo}",,$125.00,$700.00,"$1,500.00",$700.00,$30.00,2,$10.00,3,1125,3 days ago,t,1,14,14,251,2016-01-04,20,2015-07-11,2015-12-29,100.0,10.0,10.0,10.0,10.0,10.0,10.0,f,,WASHINGTON,f,strict,f,f,1,3.37
2802844,https://www.airbnb.com/rooms/2802844,20160104002432,2016-01-04,Room in award-winning modern home,Stay in a modern townhome that won the American Institute of Architects Future Shack competition! My home is centrally located within walking distance to downtown and great ethnic food. The guest room features a queen bed and adjacent bath.,"My friends say this is the most unique townhome they've ever been in. Personally, I really appreciate the architectual touches such as the solar radiant heated floors, the colorful, light-filled kitchen, and the funky built-in shelving. My photo gallery downstairs currently features photos from my travels in India, Puerto Rico, Tibet, and the Washington Coast. There's also a couch in the living room if you want to squeeze one more person in. The entire townhouse is available select weekends when I'm out of town, and also Thanksgiving, Christmas, and in mid-April. https://www.airbnb.com/rooms/1499596","Stay in a modern townhome that won the American Institute of Architects Future Shack competition! My home is centrally located within walking distance to downtown and great ethnic food. The guest room features a queen bed and adjacent bath. My friends say this is the most unique townhome they've ever been in. Personally, I really appreciate the architectual touches such as the solar radiant heated floors, the colorful, light-filled kitchen, and the funky built-in shelving. My photo gallery downstairs currently features photos from my travels in India, Puerto Rico, Tibet, and the Washington Coast. There's also a couch in the living room if you want to squeeze one more person in. The entire townhouse is available select weekends when I'm out of town, and also Thanksgiving, Christmas, and in mid-April. https://www.airbnb.com/rooms/1499596 Kitchen, media room (with Netflix), washer and dryer are available for your use. Help yourself to coffee and bread/butter/jam in the morning. I'd be hap",none,"My neighborhood is one of the most diverse and urban in Seattle. Ethiopian and Vietnamese restaurants abound. In the summer, families bbq in the park across the street and kids play in the fountain. At night, go to Capitol Hill, which is just the next neighborhood over, for the bars, clubs, and restaurants.","I'd appreciate that guests kindly send me an introduction through AirBnB's ""Contact us"" link before proceeding to book.","My home is centrally located: across the street from Pratt Park, it's within walking distance to downtown, Capitol Hill, and Seattle U. The bus stop is right outside the door, and the streetcar is stopping a few blocks away starting summer 2015. There's also plenty of street parking. Downtown/Pioneer Square: 30 minute walk or 15 minute bus Capitol Hill: 20 minute walk Seattle U / First Hill: 10 minute walk International District: 10 minute walk Amtrak Station: 15 minute bus ride",https://a2.muscache.com/ac/pictures/53412749/5b8f2fc8_original.jpg?interpolation=lanczos-none&size=small&output-format=jpg&output-quality=70,https://a2.muscache.com/im/pictures/53412749/5b8f2fc8_original.jpg?aki_policy=medium,https://a2.muscache.com/ac/pictures/53412749/5b8f2fc8_original.jpg?interpolation=lanczos-none&size=large_cover&output-format=jpg&output-quality=70,https://a2.muscache.com/ac/pictures/53412749/5b8f2fc8_original.jpg?interpolation=lanczos-none&size=x_large_cover&output-format=jpg&output-quality=70,273088,https://www.airbnb.com/users/show/273088,Gerry,2010-10-28,"Seattle, Washington, United States","I am a new homeowner! After renting for a long time on an urban farm I decided to buy a modern townhouse. I enjoy doing all the outdoor things that Seattle-ites love, such as hiking, skiing, and rock climbing. I show photos of my adventures in my mini art gallery downstairs. I also love to cook and make ice cream! I've lived around the world in India, Canada, Mexico, Taiwan, and Germany, but have decided to settle in good ol' rainy Seattle.",within an hour,100%,100%,f,"https://a2.muscache.com/ac/users/273088/profile_pic/1412140122/original.jpg?interpolation=lanczos-none&crop=w:w;*,*&crop=h:h;*,*&resize=50:*&output-format=jpg&output-quality=70","https://a2.muscache.com/ac/users/273088/profile_pic/1412140122/original.jpg?interpolation=lanczos-none&crop=w:w;*,*&crop=h:h;*,*&resize=225:*&output-format=jpg&output-quality=70",Minor,2.0,2.0,"['email', 'phone', 'facebook', 'linkedin', 'reviews', 'kba']",t,t,"19th Avenue, Seattle, WA 98122, United States",Minor,Minor,Central Area,Seattle,WA,98122,Seattle,"Seattle, WA",US,United States,47.601871882553645,-122.3071289967336,t,House,Private room,2,1.0,1.0,1.0,Real Bed,"{TV,Internet,""Wireless Internet"",""Air Conditioning"",Kitchen,""Free Parking on Premises"",Heating,Washer,Dryer,""Smoke Detector"",""Carbon Monoxide Detector"",""First Aid Kit"",""Fire Extinguisher"",Essentials,Shampoo}",,$90.00,,,,$20.00,1,$0.00,2,1125,a week ago,t,22,52,62,328,2016-01-04,16,2014-10-14,2015-12-04,99.0,10.0,10.0,10.0,10.0,9.0,10.0,f,,WASHINGTON,f,moderate,f,f,2,1.07
3123632,https://www.airbnb.com/rooms/3123632,20160104002432,2016-01-04,Capitol Hill Condo Walk Everywhere!,"Modern condo in the heart of Capitol Hill. Walk score of 100.  Easy access to the restaurants and nightlife of Cap Hill, downtown attractions, Pikes Place Market and U of W.  1 parking space available if needed.   ","Bright open, modern space with high ceilings and lots of light.  Large outdoor deck with grill.  2 full baths.    ","Modern condo in the heart of Capitol Hill. Walk score of 100.  Easy access to the restaurants and nightlife of Cap Hill, downtown attractions, Pikes Place Market and U of W.  1 parking space available if needed.   Bright open, modern space with high ceilings and lots of light.  Large outdoor deck with grill.  2 full baths.     Capitol Hill is the prime spot in Seattle for restaurants, bars, shopping, and parks.  Center for artists, musicians and the GLBT community.   Easy walk to multiple restaurants, supermarkets,  shopping, movie theaters etc.  Within a block of several bus lines.  About 1 mile from Pikes Place Market and downtown Seattle. ",none,"Capitol Hill is the prime spot in Seattle for restaurants, bars, shopping, and parks.  Center for artists, musicians and the GLBT community.  ",,"Easy walk to multiple restaurants, supermarkets,  shopping, movie theaters etc.  Within a block of several bus lines.  About 1 mile from Pikes Place Market and downtown Seattle. ",https://a2.muscache.com/ac/pictures/39854959/320fe6af_original.jpg?interpolation=lanczos-none&size=small&output-format=jpg&output-quality=70,https://a2.muscache.com/im/pictures/39854959/320fe6af_original.jpg?aki_policy=medium,https://a2.muscache.com/ac/pictures/39854959/320fe6af_original.jpg?interpolation=lanczos-none&size=large_cover&output-format=jpg&output-quality=70,https://a2.muscache.com/ac/pictures/39854959/320fe6af_original.jpg?interpolation=lanczos-none&size=x_large_cover&output-format=jpg&output-quality=70,15865967,https://www.airbnb.com/users/show/15865967,Glen,2014-05-22,"Seattle, Washington, United States",,within a few hours,100%,,f,"https://a2.muscache.com/ac/pictures/ec4efac6-f081-4f88-8151-eb878f727fe7.jpg?interpolation=lanczos-none&crop=w:w;*,*&crop=h:h;*,*&resize=50:*&output-format=jpg&output-quality=70","https://a2.muscache.com/ac/pictures/ec4efac6-f081-4f88-8151-eb878f727fe7.jpg?interpolation=lanczos-none&crop=w:w;*,*&crop=h:h;*,*&resize=225:*&output-format=jpg&output-quality=70",Minor,1.0,1.0,"['email', 'phone', 'facebook', 'reviews', 'kba']",t,t,"15th Avenue, Seattle, WA 98122, United States",Minor,Minor,Central Area,Seattle,WA,98122,Seattle,"Seattle, WA",US,United States,47.61360689024364,-122.312432482075,t,Apartment,Entire home/apt,2,2.0,1.0,1.0,Real Bed,"{TV,""Cable TV"",Internet,""Wireless Internet"",Kitchen,Washer,Dryer,""Smoke Detector"",""Carbon Monoxide Detector"",Essentials}",,$200.00,"$1,300.00",,,,2,$0.00,5,1125,3 weeks ago,t,0,26,56,331,2016-01-04,8,2014-07-22,2015-08-23,100.0,10.0,10.0,10.0,10.0,10.0,10.0,f,,WASHINGTON,f,strict,f,f,1,0.45
3024336,https://www.airbnb.com/rooms/3024336,20160104002432,2016-01-04,Sparkling Modern Seattle Home,"Our modern urban townhome rests in the Capitol Hill / First Hill neighborhood, where you can walk to some of the best spots in our city or enjoy one of the many fine restaurants and shopping just blocks away, or stay in and cook in our modern kitchen","Our home is a modern retreat that sleeps up to 4 comfortably - with a private bedroom upstairs with full bath, and a luxurious loft style living room and Bed with a wall mounted flat screen TV for streaming movies.   Enjoy all of the comforts of home with our fully furnished city escape.  Bamboo floors, simple modern furnishings, gas stove, and garden patio for barbequing.  We provide everything you need for staying in or going out on the town!  For those that love cooking, we have fresh herbs growing in the garden.  For those who don't like cooking, we can point you to the best restaurants in the area!   We are blocks away from the Pike / Pine Corridor with some of the best coffee, dining, and shopping in the city and less than 2 miles from the famous Pike Place Market! We will provide free parking for one compact car in our garage for security and no hassle.  If you have additional cars, there is free two hour parking throughout the neighborhood - and after 6pm, you can park there un","Our modern urban townhome rests in the Capitol Hill / First Hill neighborhood, where you can walk to some of the best spots in our city or enjoy one of the many fine restaurants and shopping just blocks away, or stay in and cook in our modern kitchen Our home is a modern retreat that sleeps up to 4 comfortably - with a private bedroom upstairs with full bath, and a luxurious loft style living room and Bed with a wall mounted flat screen TV for streaming movies.   Enjoy all of the comforts of home with our fully furnished city escape.  Bamboo floors, simple modern furnishings, gas stove, and garden patio for barbequing.  We provide everything you need for staying in or going out on the town!  For those that love cooking, we have fresh herbs growing in the garden.  For those who don't like cooking, we can point you to the best restaurants in the area!   We are blocks away from the Pike / Pine Corridor with some of the best coffee, dining, and shopping in the city and less than 2 miles fr",none,"Some of the best coffee houses, restaurants, bars, and shops are found on Capitol Hill, all within a few blocks of our house.  The Sunday Farmer's market is only 5 blocks away. Seattle Art Museum is just 1.5 miles away. Pike Place market and the Seattle waterfront, which includes the Great Wheel - 1.8 miles away.","We love our home and hope you do too!  Don't hesitate to ask us questions if any should come up.  We want you to have the best stay possible! Check in on Thursday night can be available upon request, as long as you check in after 7pm.  Otherwise, Fri - Sun. you can check in as early as 1pm - and check out as late as 1pm.  If you stay until Monday, we will need you to check out by 11 a.m. for our housekeeper.  Early check-in or late check-out may be possible by special request. Please send us a detailed list of the guests and their ages.  We are happy to host families with kids within reason - but we would like to know in advance.","Parking for 1 compact car is included with your stay in a private 1 car garage.   There is free overnight parking on the street - and free 2 hour parking during the day.     From the airport, you have several options to get here.  Public transit can bring you straight from the airport straight to Westlake Center, and the Metro bus will bring you up the hill. You can also try private services - or ride share companies like Uber or Lyft for a cheaper option than taxi services.",https://a1.muscache.com/ac/pictures/39293544/24a09940_original.jpg?interpolation=lanczos-none&size=small&output-format=jpg&output-quality=70,https://a1.muscache.com/im/pictures/39293544/24a09940_original.jpg?aki_policy=medium,https://a1.muscache.com/ac/pictures/39293544/24a09940_original.jpg?interpolation=lanczos-none&size=large_cover&output-format=jpg&output-quality=70,https://a1.muscache.com/ac/pictures/39293544/24a09940_original.jpg?interpolation=lanczos-none&size=x_large_cover&output-format=jpg&output-quality=70,6667088,https://www.airbnb.com/users/show/6667088,Camille,2013-05-31,"Seattle, Washington, United States","I am a full time musician and teacher. I live with my partner Gaelen who is a Marriage and Family Therapist.  We both work out of the home during the weeks and live in our country home most weekends.  I also spend several months a year touring the U.S. and Europe, playing my original music.  In the summer, I direct a rock and roll camp for kids.  

We both love reading, gardening, cooking, doing yoga, drinking coffee, and walking most everywhere in the neighborhood.  We also have a strange addiction to book buying. 

We love using Airbnb for traveling and decided we wanted to open our home for other travelers who like the comforts of home with access to a new city.  I am also gluten intolerant, so I know how important it is to have access to a kitchen, but I am happy to be a guide for those needing great gluten free restaurants!  


",within a few hours,100%,100%,t,"https://a1.muscache.com/ac/users/6667088/profile_pic/1399898461/original.jpg?interpolation=lanczos-none&crop=w:w;*,*&crop=h:h;*,*&resize=50:*&output-format=jpg&output-quality=70","https://a1.muscache.com/ac/users/6667088/profile_pic/1399898461/original.jpg?interpolation=lanczos-none&crop=w:w;*,*&crop=h:h;*,*&resize=225:*&output-format=jpg&output-quality=70",Minor,1.0,1.0,"['email', 'phone', 'facebook', 'reviews', 'kba']",t,t,"13th Avenue, Seattle, WA 98122, United States",Minor,Minor,Central Area,Seattle,WA,98122,Seattle,"Seattle, WA",US,United States,47.612379583655496,-122.31374243089144,t,House,Entire home/apt,4,1.5,1.0,2.0,Real Bed,"{TV,Internet,""Wireless Internet"",Kitchen,""Free Parking on Premises"",Heating,""Family/Kid Friendly"",Washer,Dryer,Essentials,Shampoo}",,$200.00,"$1,200.00",,$350.00,$75.00,2,$10.00,2,10,5 months ago,t,30,60,90,365,2016-01-04,40,2014-06-16,2015-10-20,98.0,10.0,10.0,10.0,10.0,10.0,9.0,f,,WASHINGTON,f,moderate,f,f,1,2.11
8652185,https://www.airbnb.com/rooms/8652185,20160104002432,2016-01-04,Charming Seattle Home Near Downtown,"Welcome! Lovely home in Central Seattle on Cherry Hill walking distance to great coffee shops and restaurants.  Relax in this 2600sf three levels home, 4 bedrooms and 3.5 bathrooms.  A large and welcoming kitchen, open main floor layout and more.","Perfect home away from home to celebrate Thanksgiving!  The home is warm and comfortable, with ample space to gather around or simply relax.  The kitchen is well equipped and ready for you to cook a feast!   Less than 10 years old, it's a classic Seattle home but offers a modern, open interior and a gas fire place.  The spacious backyard includes a play set for kids or kids at heart.  The patio comes with a fire pit and super comfortable chairs.  Great place to sip an evening cocktail. Well located, you can walk to a variety of great coffee shops and restaurants.  Some of our favorites include Marjorie and Skillet (a must try!).   Eight short blocks away from Seattle University.  You are only 1 mile from Downtown.  Great neighborhood.   Upper Level:  There are 3 bedrooms located upstairs:  - Master bedroom: with a king bed, bathroom with two sinks, shower and separate bath-tube. - Two additional bedrooms: One with a single bed. Second, with a loft single bed.  Plus a separate full bath","Welcome! Lovely home in Central Seattle on Cherry Hill walking distance to great coffee shops and restaurants.  Relax in this 2600sf three levels home, 4 bedrooms and 3.5 bathrooms.  A large and welcoming kitchen, open main floor layout and more. Perfect home away from home to celebrate Thanksgiving!  The home is warm and comfortable, with ample space to gather around or simply relax.  The kitchen is well equipped and ready for you to cook a feast!   Less than 10 years old, it's a classic Seattle home but offers a modern, open interior and a gas fire place.  The spacious backyard includes a play set for kids or kids at heart.  The patio comes with a fire pit and super comfortable chairs.  Great place to sip an evening cocktail. Well located, you can walk to a variety of great coffee shops and restaurants.  Some of our favorites include Marjorie and Skillet (a must try!).   Eight short blocks away from Seattle University.  You are only 1 mile from Downtown.  Great neighborhood.   Upper ",none,"Cherry Hill is an urban and diverse neighborhood with new eateries open up all over the place. Our house has a 'Walk Score' of 88 out of 100.  The location is 'Very Walkable' so most errands can be accomplished on foot. This location is in the Central District neighborhood in Seattle. Nearby parks include Firehouse Mini Park, Garfield Playfield and Spruce Street Mini Park. Transit score is 67. Good Transit - many nearby public transportation options. Bike score is 78. Very Bikeable - mostly flat, some bike lanes.",,"  605 20th Avenue Very Walkable   !--[if lte IE 8]>img (URL HIDDEN) style='border-radius: 0; box-shadow: none; outline: 0; color: transparent; margin: (PHONE NUMBER HIDDEN)%; float: left; padding: 0; width: (PHONE NUMBER HIDDEN)ckground: none; border: 0;' alt=""Walk Score of 605 20th Avenue Seattle WA 98122"">![endif]--> !--[if gt IE 8]>img (URL HIDDEN) style='border-radius: 0; box-shadow: none; outline: 0; color: transparent; margin: (PHONE NUMBER HIDDEN)%; float: left; padding: 0; width: (PHONE NUMBER HIDDEN)ckground: none; border: 0;' alt=""Walk Score of 605 20th Avenue Seattle WA 98122"">![endif]--> !--[if !IE]> !-- -->!-- ![endif]-->!--[if lte IE 8]>img (URL HIDDEN) style='border-radius: 0; box-shadow: none; outline: 0; color: transparent; margin: (PHONE NUMBER HIDDEN)%; float: left; padding: 0; width: (PHONE NUMBER HIDDEN)ckground: none; border: 0;' alt=""Transit Score of 605 20th Avenue Seattle WA 98122"">![endif]--> !--[if gt IE 8]>img (URL HIDDEN) style='border-radius: 0; box-shadow",https://a1.muscache.com/ac/pictures/111340633/2e60c176_original.jpg?interpolation=lanczos-none&size=small&output-format=jpg&output-quality=70,https://a1.muscache.com/im/pictures/111340633/2e60c176_original.jpg?aki_policy=medium,https://a1.muscache.com/ac/pictures/111340633/2e60c176_original.jpg?interpolation=lanczos-none&size=large_cover&output-format=jpg&output-quality=70,https://a1.muscache.com/ac/pictures/111340633/2e60c176_original.jpg?interpolation=lanczos-none&size=x_large_cover&output-format=jpg&output-quality=70,36231919,https://www.airbnb.com/users/show/36231919,Daniel,2015-06-19,"Seattle, Washington, United States",,within a few hours,100%,100%,f,"https://a2.muscache.com/ac/users/36231919/profile_pic/1443791577/original.jpg?interpolation=lanczos-none&crop=w:w;*,*&crop=h:h;*,*&resize=50:*&output-format=jpg&output-quality=70","https://a2.muscache.com/ac/users/36231919/profile_pic/1443791577/original.jpg?interpolation=lanczos-none&crop=w:w;*,*&crop=h:h;*,*&resize=225:*&output-format=jpg&output-quality=70",Minor,1.0,1.0,"['email', 'phone', 'reviews', 'kba']",t,t,"20th Avenue, Seattle, WA 98122, United States",Minor,Minor,Central Area,Seattle,WA,98122,Seattle,"Seattle, WA",US,United States,47.60702962425278,-122.30694957710028,t,House,Entire home/apt,6,3.5,4.0,4.0,Real Bed,"{TV,""Cable TV"",Internet,""Wireless Internet"",Kitchen,""Free Parking on Premises"",""Indoor Fireplace"",Heating,""Family/Kid Friendly"",Washer,Dryer,""Smoke Detector"",""Carbon Monoxide Detector"",""First Aid Kit"",""Fire Extinguisher"",Essentials,Shampoo,Hangers,""Hair Dryer"",Iron,""Laptop Friendly Workspace""}",,$287.00,"$2,037.00",,$500.00,$117.00,6,$40.00,2,1125,2 months ago,t,0,0,0,62,2016-01-04,1,2015-11-27,2015-11-27,100.0,8.0,10.0,10.0,10.0,10.0,10.0,f,,WASHINGTON,f,strict,f,f,1,0.77
10192213,https://www.airbnb.com/rooms/10192213,20160104002432,2016-01-04,Stunning studio in trendy house,"Based at the award winning Barclay Court house (2003 AIA home of the year) it features high quality touches throughout, custom furniture and cabinetry, in-slab radiant heating and AC, private sunken garden patio, high-speed internet and streaming TV.","This award winning contemporary house was designed by the architectural firm of Adams, Mohler, & Ghillino together with glass artist James Nowak; it consists of two ground floor studio apartments with a spectacular, three-level, loft home above.","Based at the award winning Barclay Court house (2003 AIA home of the year) it features high quality touches throughout, custom furniture and cabinetry, in-slab radiant heating and AC, private sunken garden patio, high-speed internet and streaming TV. This award winning contemporary house was designed by the architectural firm of Adams, Mohler, & Ghillino together with glass artist James Nowak; it consists of two ground floor studio apartments with a spectacular, three-level, loft home above. Entering the studio apartment is easy. Upon arrival walk halfway down the sidewalk of the house to find the 3 doors of each unit. Yours is Apt B. Enter the PIN code every time you want to unlock the door; when you leave just close the door (it will always lock from the outside). You also have access to your own private garden patio. Please remember to lock the patio door when you leave. The apartments have independent access with a PIN code, allowing self-service check in and out. However I'm alway",none,"Desirably situated in the urban core with easy access to Seattle U, Capitol Hill, Medical Campuses and Downtown Seattle + innumerable restaurants, cafes and amenities.",On-street parking is available. You will find a guest permit by the desk.,On-street parking is available. You will find a guest permit by the desk.,https://a2.muscache.com/ac/pictures/46f0bdfc-dde5-4c6a-9d87-d94a989c42b4.jpg?interpolation=lanczos-none&size=small&output-format=jpg&output-quality=70,https://a2.muscache.com/im/pictures/46f0bdfc-dde5-4c6a-9d87-d94a989c42b4.jpg?aki_policy=medium,https://a2.muscache.com/ac/pictures/46f0bdfc-dde5-4c6a-9d87-d94a989c42b4.jpg?interpolation=lanczos-none&size=large_cover&output-format=jpg&output-quality=70,https://a2.muscache.com/ac/pictures/46f0bdfc-dde5-4c6a-9d87-d94a989c42b4.jpg?interpolation=lanczos-none&size=x_large_cover&output-format=jpg&output-quality=70,32059522,https://www.airbnb.com/users/show/32059522,Renato,2015-04-27,"Seattle, Washington, United States","I am a Peruvian expat who has been living abroad for a while. Recently relocated to Seattle from London UK thanks to Facebook (my employer), who thinks I'm in need of more rain :-). 

My career has taken me to many places around the world, giving me a good perspective on what it takes to feel great in a new place far away from home... and its all about making you feel home in no time: sleeping in your comfy bed, connecting with your family, walking to shops, discovering your new favourite restaurant and feeling safe. I hope your stay in my house will do that and bring the best memories of what this beautiful paradise (aka Seattle) is all about!     

Luckily I found an amazing place to live in Capitol Hill, a vibrant area near fantastic restaurants, shops and bars, close to downtown and yet surprisingly quiet and safe. 

My house comprises three units: 2 studios that I airbnb and a main apartment where I live. The studios have independent access with PIN code, providing 24hr access with a superb level of privacy and comfort.

I'm very relaxed, fun and easy going should you want meet me to give you advice on the area, grab coffee/drink or simply say hi.  

I always bring a bit of Peru with me, anything from Pisco Sours, to fantastic food such like Lomo Saltado and the latin rhythms that guide my pace. 

Have a pleasant stay and do not hesitate to contact me for anything you need.

Renato",,,,f,"https://a2.muscache.com/ac/pictures/56ec3ee8-903f-4a98-a389-03f4993591da.jpg?interpolation=lanczos-none&crop=w:w;*,*&crop=h:h;*,*&resize=50:*&output-format=jpg&output-quality=70","https://a2.muscache.com/ac/pictures/56ec3ee8-903f-4a98-a389-03f4993591da.jpg?interpolation=lanczos-none&crop=w:w;*,*&crop=h:h;*,*&resize=225:*&output-format=jpg&output-quality=70",Minor,1.0,1.0,"['email', 'phone', 'linkedin', 'jumio']",t,t,"East Barclay Court, Seattle, WA 98122, United States",Minor,Minor,Central Area,Seattle,WA,98122,Seattle,"Seattle, WA",US,United States,47.60663359295163,-122.31606472501132,t,Apartment,Entire home/apt,2,1.0,0.0,1.0,Real Bed,"{TV,""Cable TV"",Internet,""Wireless Internet"",""Air Conditioning"",Kitchen,Heating,""Smoke Detector"",""Safety Card"",""Fire Extinguisher"",Essentials,Shampoo,""24-Hour Check-in"",Hangers,""Hair Dryer"",Iron,""Laptop Friendly Workspace""}",,$90.00,,,,,1,$0.00,1,1125,today,t,30,60,90,365,2016-01-04,0,,,,,,,,,,f,,WASHINGTON,f,moderate,f,f,1,
3970736,https://www.airbnb.com/rooms/3970736,20160104002432,2016-01-04,Central Cozy private full 1 BR+ apt,"Heart of Central District, major growth here!  Private full 1 bedroom  separate apartment, room for 5,  private entrance, back yard/garden area.  Short walk to Capitol Hill. Pike Place Market 19 blocks.  Bus/beer steps away. Negotiate winter rates.","You will love this super cozy fully private and separate  apartment in  private updated 1904 home with your first breakfast on me! A $10 value.  I am in an inner city diverse residential neighborhood, 19 blocks from Puget Sound and Pike Place Market to the west and about 1.5 miles from Lake Washington to the east, bringing you closer to the center of everything. The Central District and Capitol Hill areas are a few of the original neighborhoods within walking distance to the downtown area.  Most inner city neighborhoods are eclectic in nature, offering diversity rather than a homogenized experience, as is this neighborhood next to Capitol Hill area. Seattle in general is quite diverse in most all neighborhoods.  The neighborhood  is progressive and gentrified with a taste of the turn of the century blended with the new. The prices change per season. My usual rate for the peak season May-September is an average of  $120 night. The off season ranges from $84-114 a night. I will accept re","Heart of Central District, major growth here!  Private full 1 bedroom  separate apartment, room for 5,  private entrance, back yard/garden area.  Short walk to Capitol Hill. Pike Place Market 19 blocks.  Bus/beer steps away. Negotiate winter rates. You will love this super cozy fully private and separate  apartment in  private updated 1904 home with your first breakfast on me! A $10 value.  I am in an inner city diverse residential neighborhood, 19 blocks from Puget Sound and Pike Place Market to the west and about 1.5 miles from Lake Washington to the east, bringing you closer to the center of everything. The Central District and Capitol Hill areas are a few of the original neighborhoods within walking distance to the downtown area.  Most inner city neighborhoods are eclectic in nature, offering diversity rather than a homogenized experience, as is this neighborhood next to Capitol Hill area. Seattle in general is quite diverse in most all neighborhoods.  The neighborhood  is progress",none,"Accessible to everything, the Arboretum, Lake Washington, Pike Place Market, Madison Valley, walk just a block or two  to Trader Joes, several coffee shops, Central Cinema and Chuck's Hop Shop, Land of 1000 Beers and Central Co-op  for everything organic and natural, and Safeway, a major groecery stores. There are several nearby farmer's markets, one nearby is Friday afternoons and anther larger one is on Broadway every weekend. There are many more throughout the city.  The post office and  gas stations only two blocks away. It is also walking distance to Seattle University, Seattle Central Community College, Broadway and Capital Hill, and three hospitals. UW is three miles away by bus or car.  Neighbors are friendly and look out for each other.  We are undergoing a large growth spurt with shops going up around the block, completion probably around fall 2015.","For first time Airbnb users: If you are new to using Airbnb please post a photo of yourself and family, (if coming as a family), your verifications approved by Airbnb, a little about who you are, and a reference from someone who can vouch for you if you have not used Airbnb before. This is what airbnb recommends. Thank you for understanding. I have been renting this apartment for the past 22 years as a long term rental until I turned it into Airbnb August 2014. I have really enjoyed meeting so many wonderful people from all over. It's been great. The apartment is fresh as a daisy and super cozy.  Need shampoo, conditioner, body wash and hand lotion? No problem, all of this is stocked and all natural and organic, most fragrance free.","Several bus lines are with a block or two. Sound Transit, the train will bring you to International District for a few dollars in 30 minutes,  then 2 miles by cab.  There is adequate parking on the street and my driveway may be used as needed for loading and unloading and overnight parking if necessary. Bus to downtown, the convention center, Space Needle, Safeco and Quest Field in a short bus ride one block from home.  I have  Orca bus cards you can fill with as much money as you want to make it easier to get around by bus. Add money to it at grocery stores. All I ask is that your return them when you check out.",https://a0.muscache.com/ac/pictures/50508998/da742ec2_original.jpg?interpolation=lanczos-none&size=small&output-format=jpg&output-quality=70,https://a0.muscache.com/im/pictures/50508998/da742ec2_original.jpg?aki_policy=medium,https://a0.muscache.com/ac/pictures/50508998/da742ec2_original.jpg?interpolation=lanczos-none&size=large_cover&output-format=jpg&output-quality=70,https://a0.muscache.com/ac/pictures/50508998/da742ec2_original.jpg?interpolation=lanczos-none&size=x_large_cover&output-format=jpg&output-quality=70,16729336,https://www.airbnb.com/users/show/16729336,Deborah,2014-06-13,"Seattle, Washington, United States"," This long term rental in the lower portion of my home was renovated in August 2014 for Airbnb. I am  loving having so many guests from all over the world.  It is a great space I know you will be comfortable in. 

This 110 year old home is in great shape and the front and back yard gardens are going through renovations summer of 2015. 
The neighborhood is the booming Central District and walkability is great, with a variety of amenities around every corner. 

I live upstairs but am very quiet and easy going.  The photo of me was taken in November 2013 atop Rattlesnake Ridge just 30 minutes outside Seattle. There are many nearby parks and hiking opportunities in Seattle.

Come stay  in the CD ( Central District), close to everything. 
",within an hour,100%,100%,t,"https://a2.muscache.com/ac/users/16729336/profile_pic/1409100356/original.jpg?interpolation=lanczos-none&crop=w:w;*,*&crop=h:h;*,*&resize=50:*&output-format=jpg&output-quality=70","https://a2.muscache.com/ac/users/16729336/profile_pic/1409100356/original.jpg?interpolation=lanczos-none&crop=w:w;*,*&crop=h:h;*,*&resize=225:*&output-format=jpg&output-quality=70",Minor,1.0,1.0,"['email', 'phone', 'facebook', 'linkedin', 'reviews', 'kba']",t,t,"20th Avenue, Seattle, WA 98122, United States",Minor,Minor,Central Area,Seattle,WA,98122,Seattle,"Seattle, WA",US,United States,47.6144192325638,-122.30672066700804,t,Apartment,Entire home/apt,5,1.0,1.0,1.0,Real Bed,"{TV,""Cable TV"",Internet,""Wireless Internet"",Kitchen,Breakfast,Heating,""Family/Kid Friendly"",Washer,Dryer,""Smoke Detector"",""Carbon Monoxide Detector"",""First Aid Kit"",""Safety Card"",""Fire Extinguisher"",Essentials,Shampoo,""24-Hour Check-in"",Hangers,""Hair Dryer""}",,$90.00,$628.00,"$2,218.00",$350.00,$45.00,2,$15.00,3,29,2 days ago,t,27,57,87,350,2016-01-04,51,2014-08-31,2016-01-01,97.0,10.0,10.0,10.0,10.0,9.0,9.0,f,,WASHINGTON,f,strict,f,f,1,3.11
4546924,https://www.airbnb.com/rooms/4546924,20160104002432,2016-01-04,1 Bed+Den Eco-Retreat,"Freshly remodeled apartment in recently gutted old Seattle craftsman with a plethora of eco-friendly features. Located on a quiet street blocks away from shops, restaurants, bus lines, and Swedish Hospital, Seattle U, and quick access to downtown.","Freshly renovated 700 sf 1 bedroom + den apartment with (1) full-size bed and (2) twin beds garden level Mother-In-Law apartment. The house boasts vegetative roofs, solar panels, energy efficiency, water conservation/rainwater storage environmentally friendly materials and finishes, non-toxic cleaning regime and supplies, and more - We're the greenest house in the neighborhood!  Apartment comes with fully equipped kitchen with all new stainless steel appliances.  Free Roku on 42"" TV and wi-fi.  Modern bathroom with free-standing soaker tub and shower.  Enjoy a cozy, pristine apartment on a quiet residential street just steps away from everything.  Dogs are welcome to stay upon prior approval with a separate Pet Stay Fee ($75 per week/ or $15 per day)","Freshly remodeled apartment in recently gutted old Seattle craftsman with a plethora of eco-friendly features. Located on a quiet street blocks away from shops, restaurants, bus lines, and Swedish Hospital, Seattle U, and quick access to downtown. Freshly renovated 700 sf 1 bedroom + den apartment with (1) full-size bed and (2) twin beds garden level Mother-In-Law apartment. The house boasts vegetative roofs, solar panels, energy efficiency, water conservation/rainwater storage environmentally friendly materials and finishes, non-toxic cleaning regime and supplies, and more - We're the greenest house in the neighborhood!  Apartment comes with fully equipped kitchen with all new stainless steel appliances.  Free Roku on 42"" TV and wi-fi.  Modern bathroom with free-standing soaker tub and shower.  Enjoy a cozy, pristine apartment on a quiet residential street just steps away from everything.  Dogs are welcome to stay upon prior approval with a separate Pet Stay Fee ($75 per week/ or $15 ",none,"Central District/South Capitol Hill area is the oldest neighborhood in Seattle.  The houses in this part of town were originally built for the doctors that served the nearby hospital (Swedish Cherry Hill).  Now it's the most conveniently located residential neighborhood to downtown rich in diversity, city grit, and chill neighborhood amenities.  Walk just blocks to restaurants, bars, shops, coffee shops, food trucks, Seattle University and Swedish Hospital.  We are an easy 10 minute walk (7 blocks) to the pike/pine corridor where the heart of Seattle nightlife, culture, and restaurants resides.","Towels, Linens, Soaps and Shampoos are all available for the guests at the apartment.  Brand-new top of the line macy's plush pillow top mattress & box spring on the full bed.  Did you forget something?  we probably have you covered in our toiletry cabinet fully stocked with extras.  Please also help yourself to the Keurig and a wide selection of coffee, tea, creamer, and sugars available to our guests.",There are several bus lines that conveniently serve our neighborhood.  Information on locations of stops and bus timetables is available  in the apartment for guests.  Our neighborhood is highly bike-able and there are two his/hers bicycles available for guest use upon request.  Parking is abundant and free with a guest pass from the homeowners.  Please coordinate for use of the guest pass prior to arrival.,https://a2.muscache.com/ac/pictures/61041323/54f5edbe_original.jpg?interpolation=lanczos-none&size=small&output-format=jpg&output-quality=70,https://a2.muscache.com/im/pictures/61041323/54f5edbe_original.jpg?aki_policy=medium,https://a2.muscache.com/ac/pictures/61041323/54f5edbe_original.jpg?interpolation=lanczos-none&size=large_cover&output-format=jpg&output-quality=70,https://a2.muscache.com/ac/pictures/61041323/54f5edbe_original.jpg?interpolation=lanczos-none&size=x_large_cover&output-format=jpg&output-quality=70,2756070,https://www.airbnb.com/users/show/2756070,Marlo,2012-06-27,"Seattle, Washington, United States","Living in Seattle, but born in South Africa and grew up in Illinois & Ohio.  My husband and I are both architects, and when we're not remodeling our 110 year old house, we're hiking, camping, backpacking, snowboarding, hanging out with our English and German Wirehaired Pointers, watching the Alabama game, hosting campfires in the backyard, or designing our next remodel project.",within an hour,100%,100%,t,"https://a0.muscache.com/ac/users/2756070/profile_pic/1420397755/original.jpg?interpolation=lanczos-none&crop=w:w;*,*&crop=h:h;*,*&resize=50:*&output-format=jpg&output-quality=70","https://a0.muscache.com/ac/users/2756070/profile_pic/1420397755/original.jpg?interpolation=lanczos-none&crop=w:w;*,*&crop=h:h;*,*&resize=225:*&output-format=jpg&output-quality=70",Minor,1.0,1.0,"['email', 'phone', 'facebook', 'reviews', 'jumio']",t,t,"19th Avenue, Seattle, WA 98122, United States",Minor,Minor,Central Area,Seattle,WA,98122,Seattle,"Seattle, WA",US,United States,47.60863925473037,-122.30653342411138,t,Apartment,Entire home/apt,4,1.0,1.0,3.0,Real Bed,"{TV,""Cable TV"",Internet,""Wireless Internet"",Kitchen,""Free Parking on Premises"",""Pets Allowed"",""Pets live on this property"",Dog(s),Heating,""Family/Kid Friendly"",Washer,Dryer,""Smoke Detector"",""Carbon Monoxide Detector"",""First Aid Kit"",""Safety Card"",""Fire Extinguisher"",Essentials,Shampoo}",,$150.00,,"$2,800.00",$300.00,$125.00,2,$25.00,1,120,3 days ago,t,25,49,79,231,2016-01-04,36,2015-02-01,2015-12-28,99.0,10.0,10.0,10.0,10.0,10.0,10.0,f,,WASHINGTON,t,strict,f,f,1,3.2
2760901,https://www.airbnb.com/rooms/2760901,20160104002432,2016-01-04,"Lovely Cottage, Walk to Pike/Pine","Unique, charming 1904 cottage, very light, peaceful, private, and comfortable. Sweet outdoor spaces. Great location, a quick walk to Pike/Pine, one of Seattle's most fun, interesting areas, and steps from coffee, movies, and more. Just off busline.","Lovely, cozy, private cottage, around 650 sq ft, with many unique features. The bed is organic and very comfortable. There's a large library for you to enjoy, and multiple options for your musical pleasure, including an old-style component stereo with a turntable and nice selection of albums, an iPod player, plus a piano and congas. There's a small flat-screen TV, cable, and wifi. The kitchen is fully equipped, including a water filter on the kitchen tap. I have a French press and provide organic coffee and tea. There's a petite deck (though big enough for two) for morning sun and a larger one for afternoon sun. The small yard is very pleasant with lots of plantings and plenty of privacy.","Unique, charming 1904 cottage, very light, peaceful, private, and comfortable. Sweet outdoor spaces. Great location, a quick walk to Pike/Pine, one of Seattle's most fun, interesting areas, and steps from coffee, movies, and more. Just off busline. Lovely, cozy, private cottage, around 650 sq ft, with many unique features. The bed is organic and very comfortable. There's a large library for you to enjoy, and multiple options for your musical pleasure, including an old-style component stereo with a turntable and nice selection of albums, an iPod player, plus a piano and congas. There's a small flat-screen TV, cable, and wifi. The kitchen is fully equipped, including a water filter on the kitchen tap. I have a French press and provide organic coffee and tea. There's a petite deck (though big enough for two) for morning sun and a larger one for afternoon sun. The small yard is very pleasant with lots of plantings and plenty of privacy. The house sits behind another house and is accessed b",none,"The immediate vicinity is interesting and fun, with a small-neighborhood feel. There's a movie/dinner house, two Pilates studios, an Ethiopian restaurant, a very popular craft beer shop/bar with rotating food trucks, a coffee shop, an internet radio station, and a bike shop all within one block. Walk ten minutes and you're on one or another edge of the great Pike/Pine neighborhood, home to many restaurants, clubs, bars, music venues, coffee shops, alternative theaters, dance centers, yoga studios, cool clothing and record/cd stores, in addition to the fabulous Elliott Bay Book Company and the much-loved Cal Anderson Park. It's also an easy walk to a wonderful food co-op and a Trader Joe's, and to the rest of Capitol Hill, and to all the restaurants and bars around Seattle University. If you like to walk, it's easy and pleasant to make your way downtown and to the Pike Place Market in one direction, or to the charming Madrona and Madison Valley neighborhoods and Lake Washington in the o","Because this is my home, and because I leave when I have bookings, I'm especially happy to welcome tidy guests. My calendar is somewhat flexible, which works in both directions--I may or may not be able to accommodate requests depending on length-of-stay and dates. Please feel free to enquire about dates before requesting a booking.","If you prefer to bus it, I'm right off one busline (the 2) and within very easy walking distance of two others (the 48 and the 3), and only slightly farther from the 43. It's a very quick bus ride (and an ambitious but gorgeous walk) to the University District (the University of Washington neighborhood). If you drive here, it's easy to find parking on my street. It's recently become a restricted-parking street, but I have a guest parking pass for one car.",https://a0.muscache.com/ac/pictures/36203467/20bdea0a_original.jpg?interpolation=lanczos-none&size=small&output-format=jpg&output-quality=70,https://a0.muscache.com/im/pictures/36203467/20bdea0a_original.jpg?aki_policy=medium,https://a0.muscache.com/ac/pictures/36203467/20bdea0a_original.jpg?interpolation=lanczos-none&size=large_cover&output-format=jpg&output-quality=70,https://a0.muscache.com/ac/pictures/36203467/20bdea0a_original.jpg?interpolation=lanczos-none&size=x_large_cover&output-format=jpg&output-quality=70,7483949,https://www.airbnb.com/users/show/7483949,Frances,2013-07-14,"Seattle, Washington, United States","Hi! I work as a freelance writer/editor and a massage/craniosacral therapist. I love music, books, movies, art, dance, and nature, and am very interested in alternative health. I love to travel and meet new folks. I'm lucky to have a sweet home in a great neighborhood in a wonderful city and would be delighted to share it with others.",,,,f,"https://a0.muscache.com/ac/users/7483949/profile_pic/1397155020/original.jpg?interpolation=lanczos-none&crop=w:w;*,*&crop=h:h;*,*&resize=50:*&output-format=jpg&output-quality=70","https://a0.muscache.com/ac/users/7483949/profile_pic/1397155020/original.jpg?interpolation=lanczos-none&crop=w:w;*,*&crop=h:h;*,*&resize=225:*&output-format=jpg&output-quality=70",Minor,1.0,1.0,"['email', 'phone', 'reviews', 'kba']",t,t,"21st Avenue, Seattle, WA 98122, United States",Minor,Minor,Central Area,Seattle,WA,98122,Seattle,"Seattle, WA",US,United States,47.61340137845593,-122.3034552986589,t,House,Entire home/apt,2,1.0,1.0,1.0,Real Bed,"{TV,""Cable TV"",Internet,""Wireless Internet"",Kitchen,Heating,""Smoke Detector"",Essentials}",,$119.00,$750.00,"$2,500.00",,,1,$0.00,3,1125,3 months ago,t,30,60,90,365,2016-01-04,16,2014-05-11,2015-09-12,98.0,10.0,10.0,10.0,10.0,9.0,10.0,f,,WASHINGTON,f,flexible,f,f,1,0.79
3490239,https://www.airbnb.com/rooms/3490239,20160104002432,2016-01-04,Perfect Family Vacation Home in SEA,"This townhouse is located in the Central District and is within walking distance to Capitol Hill, downtown, and the International District. There's a view of downtown from our rooftop deck, a great kitchen, and lush small backyard.","We love our townhouse! The neighborhood is great- we have wonderfully friendly neighbors and within five minutes walking distance to parks, cafes, and restaurants. Our townhouse has three floors. The ground floor offers some storage space and also a nook with a fold-out twin size futon, which can sleep 1 adult. The backdoor leads to a great little backyard. The first floor contains the spacious living room and dining area and a fully-equipped kitchen. The floor plan is very open. The kitchen contains amenities such as a small espresso machine, soda water maker, and of course dishwasher, etc. The kitchen will be fully-stocked with all the essentials. This floor also has a half-bathroom. The second floor contains the two bedrooms. The master bedroom has a very comfortable king-size bed, and a view of downtown. Master bathroom with shower is attached. The kids' room has both a toddler bed and a twin-size bed. There's another bathroom with shower/bathtub next to the room.  Another set of s","This townhouse is located in the Central District and is within walking distance to Capitol Hill, downtown, and the International District. There's a view of downtown from our rooftop deck, a great kitchen, and lush small backyard. We love our townhouse! The neighborhood is great- we have wonderfully friendly neighbors and within five minutes walking distance to parks, cafes, and restaurants. Our townhouse has three floors. The ground floor offers some storage space and also a nook with a fold-out twin size futon, which can sleep 1 adult. The backdoor leads to a great little backyard. The first floor contains the spacious living room and dining area and a fully-equipped kitchen. The floor plan is very open. The kitchen contains amenities such as a small espresso machine, soda water maker, and of course dishwasher, etc. The kitchen will be fully-stocked with all the essentials. This floor also has a half-bathroom. The second floor contains the two bedrooms. The master bedroom has a very",none,"Great, very central neighborhood. A ten-minute walk to the International District; 15 minutes to Capitol Hill, and 20 minutes to downtown. Our neighbors are great and very friendly. Lots of parks and some cafes and restaurants nearby. ","We have a kitty who we would, unless absolutely impossible for you, prefer to stay here. He's outdoors a lot and our neighbors can feed him if you don't want to deal with him. He's a Maine Coon and is very friendly and relaxed (very dog like). ",Zoned on-street parking (we'll provide the permit) means that there's plenty of parking space available in front of the place. Several buslines (to downtown and the university) are within a few blocks. Light rail to the airport will get you within a 10 minute busride or 25 minute walk from here.,https://a2.muscache.com/ac/pictures/47381820/c5fe3669_original.jpg?interpolation=lanczos-none&size=small&output-format=jpg&output-quality=70,https://a2.muscache.com/im/pictures/47381820/c5fe3669_original.jpg?aki_policy=medium,https://a2.muscache.com/ac/pictures/47381820/c5fe3669_original.jpg?interpolation=lanczos-none&size=large_cover&output-format=jpg&output-quality=70,https://a2.muscache.com/ac/pictures/47381820/c5fe3669_original.jpg?interpolation=lanczos-none&size=x_large_cover&output-format=jpg&output-quality=70,16931768,https://www.airbnb.com/users/show/16931768,Marie,2014-06-18,"Seattle, Washington, United States","Hello, I'm Marie. My husband and I have an almost 3 year-old son and a cat named Trumpet. We live in the Central District of Seattle and love it here. I'm originally from Germany, but have lived in Seattle for almost 20 years. I'm currently a graduate student at the University of Washington.",within a day,75%,,f,"https://a0.muscache.com/ac/users/16931768/profile_pic/1404361637/original.jpg?interpolation=lanczos-none&crop=w:w;*,*&crop=h:h;*,*&resize=50:*&output-format=jpg&output-quality=70","https://a0.muscache.com/ac/users/16931768/profile_pic/1404361637/original.jpg?interpolation=lanczos-none&crop=w:w;*,*&crop=h:h;*,*&resize=225:*&output-format=jpg&output-quality=70",Minor,1.0,1.0,"['email', 'phone', 'reviews', 'kba']",t,t,"A 16th Ave, Seattle, WA 98122, United States",Minor,Minor,Central Area,Seattle,WA,98122,Seattle,"Seattle, WA",US,United States,47.6041843999341,-122.31263900562249,t,House,Entire home/apt,5,2.5,2.0,3.0,Real Bed,"{TV,Internet,""Wireless Internet"",Kitchen,""Free Parking on Premises"",""Pets live on this property"",Cat(s),""Indoor Fireplace"",Heating,""Family/Kid Friendly"",Washer,Dryer,""Smoke Detector"",""Carbon Monoxide Detector"",""First Aid Kit"",""Fire Extinguisher"",Essentials}",,$150.00,,,$200.00,$100.00,4,$0.00,4,1125,2 months ago,t,30,60,90,359,2016-01-04,7,2014-08-21,2015-08-17,97.0,9.0,9.0,10.0,10.0,9.0,9.0,f,,WASHINGTON,f,moderate,f,f,1,0.42
3416217,https://www.airbnb.com/rooms/3416217,20160104002432,2016-01-04,Sweet retreat in central Seattle!,"Truly a tucked away gem, this dreamy 1BD spot is actually smack dab in the middle of the city! Enjoy a porch to enjoy your morning joe, a private parking spot & all the best Capitol Hill has to offer- minutes from restaurants, parks, bars, & grocery!","Welcome to Seattle! I love this city and my plan is to make your stay here a sweet one. This apartment offers the best of both worlds: it feels like a quiet tucked away retreat, but it's sheer minutes away from the beating heart of Seattle's eclectic Capitol Hill neighborhood.  My lovely apartment was uniquely designed & crafted out of a farmhouse built in 1900. Quietly nestled, it has private entry, original exposed brick, hardwood floors, a spacious front porch with a grill, and the coziest living room set up that just begs for you to nuzzle up with a book and relax. Your space features plentiful plants to keep you company, a bedroom with a double sized bed, an Apple TV set up for online television streaming, and a fully stocked kitchen for all your cooking needs! This is a place for people who want to get comfy, stay in, cook dinner and enjoy it next to the exposed bricks and candles and or venture out to get some of the best grub in the city. This is also a place for people who wan","Truly a tucked away gem, this dreamy 1BD spot is actually smack dab in the middle of the city! Enjoy a porch to enjoy your morning joe, a private parking spot & all the best Capitol Hill has to offer- minutes from restaurants, parks, bars, & grocery! Welcome to Seattle! I love this city and my plan is to make your stay here a sweet one. This apartment offers the best of both worlds: it feels like a quiet tucked away retreat, but it's sheer minutes away from the beating heart of Seattle's eclectic Capitol Hill neighborhood.  My lovely apartment was uniquely designed & crafted out of a farmhouse built in 1900. Quietly nestled, it has private entry, original exposed brick, hardwood floors, a spacious front porch with a grill, and the coziest living room set up that just begs for you to nuzzle up with a book and relax. Your space features plentiful plants to keep you company, a bedroom with a double sized bed, an Apple TV set up for online television streaming, and a fully stocked kitchen ",none,"Located where Capitol Hill meets the Central District, your vacation stay offers the excitement of the art and life of Capitol Hill with the beauty and neighborhood-y charm of the Central District. The block the house is on is kitty corner from a wonderful Tugo cafe, (literally a 60 second walk on foot).  Within a couple block radius you have local Pacific Northwest brewpubs, amazing restaurants, coffee houses, gay bars, Cal Anderson park & Volunteer Park, with the Asian Art Museum, The Conservatory, and the historic Water Tower (with observation deck) is just a 10 minute walk north. This is truly the perfect home base for upcoming events like Northwest Folklife Festival, Seattle Pride Fest, Capitol Hill Block Party, Seafair, Bumbershoot, and more. Or plan a visit to nearby Seattle University.","Starting April 1st, my spring rates will change to $140 a night.","You'll have your very own parking spot, located conveniently right behind the building. There's also plenty of free street parking. You can walk downtown (Convention Center, Pike Place Market, light rail) in less than 20 minutes. Or walk 1 minute to catch the #2 bus to the downtown area or Seattle Center. If you're coming from the airport, you can take the lightrail to the Downtown station then catch the #2 bus heading towards Madrona. Get off at the E Union & 18th St stop and you're a minute from your destination! You can easily walk, bike, ride the bus, rent a car, use car2go or Uber, take a taxi, or get to the light rail station from here as well. ",https://a0.muscache.com/ac/pictures/43331653/8a55323d_original.jpg?interpolation=lanczos-none&size=small&output-format=jpg&output-quality=70,https://a0.muscache.com/im/pictures/43331653/8a55323d_original.jpg?aki_policy=medium,https://a0.muscache.com/ac/pictures/43331653/8a55323d_original.jpg?interpolation=lanczos-none&size=large_cover&output-format=jpg&output-quality=70,https://a0.muscache.com/ac/pictures/43331653/8a55323d_original.jpg?interpolation=lanczos-none&size=x_large_cover&output-format=jpg&output-quality=70,15377123,https://www.airbnb.com/users/show/15377123,Selma,2014-05-11,"Seattle, Washington, United States","Lover of art and plants, pop culture / television enthusiast, popular science nerd, social worker, activist.

I've lived in this neighborhood for about 5 years and love calling it home. I look forward to meeting you and hope you have the most stellar experience!",within an hour,100%,100%,t,"https://a2.muscache.com/ac/users/15377123/profile_pic/1403738421/original.jpg?interpolation=lanczos-none&crop=w:w;*,*&crop=h:h;*,*&resize=50:*&output-format=jpg&output-quality=70","https://a2.muscache.com/ac/users/15377123/profile_pic/1403738421/original.jpg?interpolation=lanczos-none&crop=w:w;*,*&crop=h:h;*,*&resize=225:*&output-format=jpg&output-quality=70",Minor,1.0,1.0,"['phone', 'facebook', 'reviews', 'kba']",t,f,"18th Avenue, Seattle, WA 98122, United States",Minor,Minor,Central Area,Seattle,WA,98122,Seattle,"Seattle, WA",US,United States,47.61250123105969,-122.3096554366618,t,Apartment,Entire home/apt,2,1.0,1.0,1.0,Real Bed,"{TV,Internet,""Wireless Internet"",Kitchen,""Free Parking on Premises"",Heating,""Family/Kid Friendly"",""Smoke Detector"",""Carbon Monoxide Detector"",Essentials,Shampoo}",,$170.00,,,,,2,$20.00,3,1125,4 months ago,t,30,60,90,365,2016-01-04,31,2014-06-30,2015-09-09,96.0,10.0,9.0,10.0,10.0,10.0,9.0,f,,WASHINGTON,f,moderate,f,f,1,1.68
5537833,https://www.airbnb.com/rooms/5537833,20160104002432,2016-01-04,Squire Park Lady 2-bed modern home,"Sunny, clean and chic 2-floor custom-designed home is close to everything fun and unique in Seattle. Get to Capitol Hill, downtown and Pioneer Square in a jiff. Lush bedding, full kitchen, back patio, bath, smart TV, Wi-Fi, on main bus route. ","My husband and I recently remodeled every inch of our 900-square foot townhome and put a lot of love into custom-designing unique features of the kitchen, bathroom and bedrooms for maximum coziness and usability. The north-south facing floor plan is open, airy and sunny. A reserved parking space is out back and lots of free street parking is out front. Laundry, kitchen and bath amenities are included.","Sunny, clean and chic 2-floor custom-designed home is close to everything fun and unique in Seattle. Get to Capitol Hill, downtown and Pioneer Square in a jiff. Lush bedding, full kitchen, back patio, bath, smart TV, Wi-Fi, on main bus route.  My husband and I recently remodeled every inch of our 900-square foot townhome and put a lot of love into custom-designing unique features of the kitchen, bathroom and bedrooms for maximum coziness and usability. The north-south facing floor plan is open, airy and sunny. A reserved parking space is out back and lots of free street parking is out front. Laundry, kitchen and bath amenities are included. Everything! The whole townhome is yours during your stay, including one reserved parking spot and our small, shaded backyard. We ask that you please respect our neighbors' privacy and peace and quiet while enjoying our home and the back and front yards. Absolutely no loud parties; quiet time between 10 p.m. and 7 a.m. We respect our guests' privacy ",none,"Squire Park is amazing! This historic neighborhood is home to the roots of Seattle's legendary music scene. Washington Hall—the music venue where Ray Charles, Jimi Hendrix, Billie Holiday, Ernestine Anderson, Quincy Jones and many more music greats performed or first got their start—is still rocking and located three blocks away. (We keep a copy of ""Jackson Street After Hours: The Roots of Jazz in Seattle"" by Paul de Barros in our home for guests who want to learn more about the area's incredible history.)  To boot, Squire Park is surrounded by other fun neighborhoods—Capitol Hill, Little Saigon, First Hill—a quick walk to Swedish Hospital and Seattle University, and a short bus ride to downtown, Pike Place Market, Convention Center, Pioneer Square (Seahawks, Mariners, Sounders games), International District/Chinatown, and nearby Lake Washington and all of its beautiful beaches.","We offer basic amenities: cooking basics (spices, oils, etc), laundry detergent, and toiletries so you won't need to buy your own. The smart TV includes our Netflix account and offers access to your own Amazon account. Traditional cable TV is not available. A small but growing record collection is a tribute to Seattle legends: Heart, Jimi Hendrix, The Gits, Quincy Jones, Ray Charles, Nirvana and other grunge and jazz artists. Strum along on our acoustic guitar to these old vinyl LPs! Our home is not air conditioned. Seattle homes, including ours, are rarely built with air conditioning (the climate is usually mild through the summer).","The #27 bus line to downtown Seattle or Lake Washington runs along our street and stops one block from our front door. Two blocks south, the #14 and #7 go to downtown, Pioneer Square and Pike Place Market. Many other bus lines and transportation options are available in this neighborhood.  The home has a Walk Score of 88; Transit Score of 87; and Bike Score of 81! ",https://a2.muscache.com/ac/pictures/69642834/75320877_original.jpg?interpolation=lanczos-none&size=small&output-format=jpg&output-quality=70,https://a2.muscache.com/im/pictures/69642834/75320877_original.jpg?aki_policy=medium,https://a2.muscache.com/ac/pictures/69642834/75320877_original.jpg?interpolation=lanczos-none&size=large_cover&output-format=jpg&output-quality=70,https://a2.muscache.com/ac/pictures/69642834/75320877_original.jpg?interpolation=lanczos-none&size=x_large_cover&output-format=jpg&output-quality=70,28716982,https://www.airbnb.com/users/show/28716982,Ali,2015-03-03,"Seattle, Washington, United States","I'm a writer, editor, fashion instructor, music lover and 20+ year resident of this beautiful, inspiring city. I like to travel but can't imagine living anywhere else—and I love sharing my town with other people. (Bonus: I worked at a city magazine for ages and can offer great tips, trips and secrets of Seattle!) My husband and I remodeled this home from the ground up, seeking to create a cozy yet rocking oasis that's a tribute to Squire Park, a historic neighborhood of Jimi Hendrix, Quincy Jones, Ray Charles and the roots of Seattle's music scene. ",within an hour,86%,100%,f,"https://a1.muscache.com/ac/users/28716982/profile_pic/1425439203/original.jpg?interpolation=lanczos-none&crop=w:w;*,*&crop=h:h;*,*&resize=50:*&output-format=jpg&output-quality=70","https://a1.muscache.com/ac/users/28716982/profile_pic/1425439203/original.jpg?interpolation=lanczos-none&crop=w:w;*,*&crop=h:h;*,*&resize=225:*&output-format=jpg&output-quality=70",Minor,1.0,1.0,"['email', 'phone', 'facebook', 'linkedin', 'reviews', 'kba']",t,t,"East Yesler Way, Seattle, WA 98122, United States",Minor,Minor,Central Area,Seattle,WA,98122,Seattle,"Seattle, WA",US,United States,47.6027551533338,-122.3119688527842,t,House,Entire home/apt,4,1.0,2.0,3.0,Real Bed,"{TV,Internet,""Wireless Internet"",Kitchen,""Free Parking on Premises"",Heating,""Family/Kid Friendly"",Washer,Dryer,""Smoke Detector"",""Carbon Monoxide Detector"",""Safety Card"",""Fire Extinguisher"",Essentials,Shampoo}",,$150.00,$945.00,"$2,990.00",$600.00,$60.00,4,$75.00,7,1125,2 weeks ago,t,30,60,90,365,2016-01-04,6,2015-04-28,2015-10-19,100.0,10.0,10.0,10.0,10.0,9.0,10.0,f,,WASHINGTON,f,strict,f,f,1,0.71
8372562,https://www.airbnb.com/rooms/8372562,20160104002432,2016-01-04,Luxury Lakeside Home with Views!,"This three-bedroom home boasts south-eastern wraparound views from every room. In the neighborhood of Leschi, it's located 5 minutes from the International District, 10 minutes to Century Link Field and downtown Seattle!","In this spacious home, you'll feel on top of the world! The perfect location for exploring Seattle or simply watching rowers pass on Lake Washington. This special home is large enough to fit your whole family, yet minutes from downtown. Don't miss this steal for the holidays!","This three-bedroom home boasts south-eastern wraparound views from every room. In the neighborhood of Leschi, it's located 5 minutes from the International District, 10 minutes to Century Link Field and downtown Seattle! In this spacious home, you'll feel on top of the world! The perfect location for exploring Seattle or simply watching rowers pass on Lake Washington. This special home is large enough to fit your whole family, yet minutes from downtown. Don't miss this steal for the holidays! The whole house will be at your disposal, save for one office room on the lower floor and the garage. That said, there are two off-street parking spots included available at no additional charge. Enter the house through a keypad on the door and re-enter the combination to lock it before you leave! If you have problems, we'll have a friend down the street ready to help you out. Leschi is a small neighborhood right on Lake Washington, and our home is walking distance from Leschi Starbucks, Bluewater",none,"Leschi is a small neighborhood right on Lake Washington, and our home is walking distance from Leschi Starbucks, Bluewater Bistro and Leschi Market. The market carries all the basic groceries you could want. It's family-run and is a neighborhood institution.  Take nearby Lake Washington Boulevard to Seward Park or Madison Park. Leschi is a great little community, and beautiful year-round!","There is some construction on 23rd street and Yesler that can cause traffic and make heading downtown difficult. To avoid this, take a left on Martin Luther King Way and take Jackson St instead to go to the City Center. For east-west travel, use Martin Luther King Way instead of 23rd street.",Our home has room for at least 2 cars and a bus stop is located right at the bottom of the hill.,https://a2.muscache.com/ac/pictures/108872728/db5fa622_original.jpg?interpolation=lanczos-none&size=small&output-format=jpg&output-quality=70,https://a2.muscache.com/im/pictures/108872728/db5fa622_original.jpg?aki_policy=medium,https://a2.muscache.com/ac/pictures/108872728/db5fa622_original.jpg?interpolation=lanczos-none&size=large_cover&output-format=jpg&output-quality=70,https://a2.muscache.com/ac/pictures/108872728/db5fa622_original.jpg?interpolation=lanczos-none&size=x_large_cover&output-format=jpg&output-quality=70,12009714,https://www.airbnb.com/users/show/12009714,Jon,2014-02-06,"Seattle, Washington, United States",,,,,f,"https://a1.muscache.com/ac/users/12009714/profile_pic/1391734507/original.jpg?interpolation=lanczos-none&crop=w:w;*,*&crop=h:h;*,*&resize=50:*&output-format=jpg&output-quality=70","https://a1.muscache.com/ac/users/12009714/profile_pic/1391734507/original.jpg?interpolation=lanczos-none&crop=w:w;*,*&crop=h:h;*,*&resize=225:*&output-format=jpg&output-quality=70",Leschi,1.0,1.0,"['email', 'phone', 'facebook', 'reviews', 'kba']",t,t,"Lakeside Avenue South, Seattle, WA 98144, United States",Leschi,Leschi,Central Area,Seattle,WA,98144,Seattle,"Seattle, WA",US,United States,47.59680105291752,-122.28846141350496,t,House,Entire home/apt,5,3.0,3.0,5.0,Real Bed,"{TV,""Cable TV"",Internet,""Wireless Internet"",""Air Conditioning"",Kitchen,""Free Parking on Premises"",""Pets live on this property"",Dog(s),""Hot Tub"",Heating,""Family/Kid Friendly"",Washer,Dryer,""Smoke Detector"",""Carbon Monoxide Detector"",""First Aid Kit"",""Safety Card"",""Fire Extinguisher"",Essentials}",,$279.00,"$1,159.00","$3,995.00",$250.00,$200.00,1,$0.00,3,1125,3 months ago,t,0,0,0,75,2016-01-04,1,2016-01-01,2016-01-01,100.0,10.0,10.0,10.0,10.0,10.0,10.0,f,,WASHINGTON,f,moderate,f,f,1,1.0
8866960,https://www.airbnb.com/rooms/8866960,20160104002432,2016-01-04,Cozy Creative Room - Private Bath,"Enjoy a quiet, clean, Pacific Northwest experience. This location is central to Seattle's many great neighborhoods. The bedroom has its own attached private bathroom with a shower. Easy access to bus/rail, airport, and even the mountains!","This townhome is conveniently located between great neighborhoods in Seattle! The neighborhood itself is nice and quiet, giving you the option to seek whatever travel experience you're looking for. Our home embraces a natural, outdoorsy Pacific Northwest vibe.","Enjoy a quiet, clean, Pacific Northwest experience. This location is central to Seattle's many great neighborhoods. The bedroom has its own attached private bathroom with a shower. Easy access to bus/rail, airport, and even the mountains! This townhome is conveniently located between great neighborhoods in Seattle! The neighborhood itself is nice and quiet, giving you the option to seek whatever travel experience you're looking for. Our home embraces a natural, outdoorsy Pacific Northwest vibe. Feel free to spend time in the kitchen and living room on the ground level. You're welcome to store some items in the fridge, and wash/dry clothes if needed as well. I have two female roommates with busy schedules who will come and go during your stay. They are friendly and helpful if you need! The Central District of Seattle is a great spot! The home is situated between Capitol Hill, Downtown Seattle, and the International District. The Leschi neighborhood itself is more family oriented, with l",none,"The Central District of Seattle is a great spot! The home is situated between Capitol Hill, Downtown Seattle, and the International District. The Leschi neighborhood itself is more family oriented, with lots of outdoor green spaces. It's a relaxing place to rest your head after a long day of exploring.","This is generally a laid-back, clean and simple kind of home. We appreciate environmental awareness as well!","We are a 5 minute walk from 4 different bus routes - the 8, 4, 14 and the 48. These buses can take you north, south, and west from here. We are also 1.4 miles from the Mount Baker light rail station. This makes transportation to and from the airport very easy.",https://a2.muscache.com/ac/pictures/1373cc1d-3e9d-4e21-b738-698f83524515.jpg?interpolation=lanczos-none&size=small&output-format=jpg&output-quality=70,https://a2.muscache.com/im/pictures/1373cc1d-3e9d-4e21-b738-698f83524515.jpg?aki_policy=medium,https://a2.muscache.com/ac/pictures/1373cc1d-3e9d-4e21-b738-698f83524515.jpg?interpolation=lanczos-none&size=large_cover&output-format=jpg&output-quality=70,https://a2.muscache.com/ac/pictures/1373cc1d-3e9d-4e21-b738-698f83524515.jpg?interpolation=lanczos-none&size=x_large_cover&output-format=jpg&output-quality=70,23635078,https://www.airbnb.com/users/show/23635078,Kelsey,2014-11-11,"Seattle, Washington, United States","I am passionate about traveling! And hope to foster great experiences in the Pacific Northwest for fellow travelers. I like to provide tips and tricks for visitors to make your stay as smooth as possible. I love meeting new people and sharing stories from all over the world.

I currently work as a Cargo Agent for Delta Air Lines.. which means I get to travel a lot :) While away I like to share my space here in Seattle for others to enjoy. 

My background is in architecture/design. I love to sketch/paint, visit museums, and read. Since moving to Washington I have also gotten into hiking/camping in the many gorgeous ocean and mountain destinations. ",within a few hours,100%,100%,f,"https://a0.muscache.com/ac/users/23635078/profile_pic/1418063246/original.jpg?interpolation=lanczos-none&crop=w:w;*,*&crop=h:h;*,*&resize=50:*&output-format=jpg&output-quality=70","https://a0.muscache.com/ac/users/23635078/profile_pic/1418063246/original.jpg?interpolation=lanczos-none&crop=w:w;*,*&crop=h:h;*,*&resize=225:*&output-format=jpg&output-quality=70",Leschi,1.0,1.0,"['email', 'phone', 'facebook', 'reviews']",t,f,"South Charles Street, Seattle, WA 98144, United States",Leschi,Leschi,Central Area,Seattle,WA,98144,Seattle,"Seattle, WA",US,United States,47.59631799843225,-122.2966468290636,t,Townhouse,Private room,2,1.0,1.0,1.0,Real Bed,"{Internet,""Wireless Internet"",Kitchen,""Free Parking on Premises"",""Indoor Fireplace"",Heating,Washer,Dryer,""Smoke Detector"",""Carbon Monoxide Detector"",Essentials,Shampoo}",,$55.00,$300.00,,,,1,$0.00,2,1125,today,t,5,5,5,62,2016-01-04,3,2015-10-26,2015-12-22,90.0,10.0,10.0,10.0,10.0,10.0,10.0,f,,WASHINGTON,f,moderate,f,f,1,1.27
3354614,https://www.airbnb.com/rooms/3354614,20160104002432,2016-01-04,Charming Madrona 1 Bedroom,"Centrally located in Madrona, this apartment is in the lower half of a quiet hip neighborhood home. The  apartment sleeps 4 comfortably with one queen bed and one sleeper futon in a separate room. A full bath and laundry facilities in the unit. ","The apartment is very private while nestled in the adorable Madrona neighborhood.  Madrona is one of the quaintest and hip neighborhoods of Seattle.  You will reside in the lower apartment of the house.  Including a bedroom, laundry, bathroom and a living space with a pull out bed.  THERE IS NO KITCHEN!!!!  I have a fridge and coffee maker only. PLEASE ASK IF A DATE IS MARKED OUT. IF POSSIBLE, I CAN REARRANGE MY PLANS.","Centrally located in Madrona, this apartment is in the lower half of a quiet hip neighborhood home. The  apartment sleeps 4 comfortably with one queen bed and one sleeper futon in a separate room. A full bath and laundry facilities in the unit.  The apartment is very private while nestled in the adorable Madrona neighborhood.  Madrona is one of the quaintest and hip neighborhoods of Seattle.  You will reside in the lower apartment of the house.  Including a bedroom, laundry, bathroom and a living space with a pull out bed.  THERE IS NO KITCHEN!!!!  I have a fridge and coffee maker only. PLEASE ASK IF A DATE IS MARKED OUT. IF POSSIBLE, I CAN REARRANGE MY PLANS. Guests have their own outside door and access to the apartment through the gated gardens in the yard. You will meet the tenant who lives upstairs to get key to unit.  If not home she will tell you where to find it.  Please be careful coming down stairs at night; there is a drain at bottom of stairwell that could cause unbalance. ",none,"Adorable and family friendly. Notable local attractions: Verti Coffee, Cupcake Royale, local favorite Bottlehouse ( best wine bar in Seattle, biggest selection ), Ethan Stowell's new restaurant Red Cow etc….Madrona Park is one of the best in the city and walking distance to other parks and beaches.  10 mins to Capital Hill where most of the hip bars and restaurants are.",Unit includes: -laundry soap  -coffee maker - soap and shampoo - small fridge - water ( hot and cold)  - cream  - cereal and oatmeal -tv and xbox ( including netflix ) - if you have kids ask about kid stuff - towels  - games and movies - two closet spaces ,"Walking distance to well known coffee house called Cafe Verite and Cupcake Royal. Several restaurants including St.Clouds, Naam Thai, Bottlehouse ( wine bar), Alehouse, pizza, Molly moon ice-cream,  and the Red Cow. ( about 5 blocks) House is located right on major bus line of Cherry Street which goes directly downtown. Taxi usually arrive in less then 10 mins when called. If you rent a car you are about 12 mins from Capital Hill, Downtown and many other hip neighborhoods. With no traffic it's about 20 mins to my door from airport by taxi or driving. Take I-5 North and get off on the James St. Exit and follow to my home.",https://a2.muscache.com/ac/pictures/44996630/19a2d842_original.jpg?interpolation=lanczos-none&size=small&output-format=jpg&output-quality=70,https://a2.muscache.com/im/pictures/44996630/19a2d842_original.jpg?aki_policy=medium,https://a2.muscache.com/ac/pictures/44996630/19a2d842_original.jpg?interpolation=lanczos-none&size=large_cover&output-format=jpg&output-quality=70,https://a2.muscache.com/ac/pictures/44996630/19a2d842_original.jpg?interpolation=lanczos-none&size=x_large_cover&output-format=jpg&output-quality=70,16927095,https://www.airbnb.com/users/show/16927095,Erika,2014-06-17,"Seattle, Washington, United States","Professional Business Coach and mother of two residing in Seattle for the last 10 years. Originally from Bellingham, WA have traveled many places in the world and lived in New York city and Florida. Own and operate a life and business coaching practice. Enjoy wine tasting, lectures on alternative practices of health, facilitating change for others and hanging out with friends.  I am honest, trustworthy and enjoy meeting and hosting new people.",within a few hours,100%,,f,"https://a2.muscache.com/ac/users/16927095/profile_pic/1403325383/original.jpg?interpolation=lanczos-none&crop=w:w;*,*&crop=h:h;*,*&resize=50:*&output-format=jpg&output-quality=70","https://a2.muscache.com/ac/users/16927095/profile_pic/1403325383/original.jpg?interpolation=lanczos-none&crop=w:w;*,*&crop=h:h;*,*&resize=225:*&output-format=jpg&output-quality=70",Leschi,1.0,1.0,"['email', 'phone', 'google', 'reviews', 'kba']",t,t,"East Cherry Street, Seattle, WA 98122, United States",Leschi,Leschi,Central Area,Seattle,WA,98122,Seattle,"Seattle, WA",US,United States,47.60724931970943,-122.29415319014328,t,Apartment,Entire home/apt,4,1.0,1.0,2.0,Real Bed,"{TV,""Cable TV"",Internet,""Wireless Internet"",""Free Parking on Premises"",""Pets live on this property"",Dog(s),Heating,""Family/Kid Friendly"",Washer,Dryer,Shampoo}",,$125.00,$750.00,"$2,250.00",$150.00,$35.00,2,$10.00,2,365,today,t,30,60,90,365,2016-01-04,29,2014-06-27,2015-09-29,90.0,10.0,10.0,9.0,9.0,9.0,10.0,f,,WASHINGTON,t,moderate,f,f,1,1.56
8953857,https://www.airbnb.com/rooms/8953857,20160104002432,2016-01-04,TOP FLOOR of ENGLISH TUDOR MANSION,"PRIVATE UNIT (NOT SHARED) OUTRAGIOUS PANORAMIC VIEWS of Lake Washington & Mt. Rainier MIXED WITH OLD WORLD ENGLISH TUDOR CHARM & HUGE 1000 SQ FT SPACE. Located on a quiet street, easy parking & CLOSE TO DOWNTOWN, Capitol Hill & Seattle University.","Hello Travelers! This is a HUGE 1000 square foot top floor PRIVATE APARTMENT of a Tudor mansion triplex house in Leschi, one of the most desirable areas to live in Seattle.  The spacious unit can sleep 1-4 people, has a hotel quality bed and mattress with plush cotton sheets, and includes a bedroom, spacious living room, two view decks, and a large kitchen with new appliances.  The bathroom has a classic crawfoot bathtub with shower extension. If you are looking for a clean and comfortable place, with flexible check-in and check-out times, a neighborhood known for its diversity and entertainment and a friendly host, you have come to the right place. This house is approx. 25 minutes (rush hour traffic 45 minutes) from Seatac Airport and 10 minutes from downtown by car. You can park in front of the house.  Please read:  CANCELLATION POLICY STRICT (do not request till you are sure of your dates, you may not get a refund if you make changes later). NOTE: If you have large heavy bags I do n","PRIVATE UNIT (NOT SHARED) OUTRAGIOUS PANORAMIC VIEWS of Lake Washington & Mt. Rainier MIXED WITH OLD WORLD ENGLISH TUDOR CHARM & HUGE 1000 SQ FT SPACE. Located on a quiet street, easy parking & CLOSE TO DOWNTOWN, Capitol Hill & Seattle University. Hello Travelers! This is a HUGE 1000 square foot top floor PRIVATE APARTMENT of a Tudor mansion triplex house in Leschi, one of the most desirable areas to live in Seattle.  The spacious unit can sleep 1-4 people, has a hotel quality bed and mattress with plush cotton sheets, and includes a bedroom, spacious living room, two view decks, and a large kitchen with new appliances.  The bathroom has a classic crawfoot bathtub with shower extension. If you are looking for a clean and comfortable place, with flexible check-in and check-out times, a neighborhood known for its diversity and entertainment and a friendly host, you have come to the right place. This house is approx. 25 minutes (rush hour traffic 45 minutes) from Seatac Airport and 10 min",none,"Ideal for SEAHAWKS, MARINERS & SOUNDERS games or downtown conventions.  LESCHI IS: 10 MINUTES TO DOWNTOWN (Pike Place Market) 10 MINUTES TO CAPITOL HILL (Broadway, Seattle University & Volunteer Park) 10 MINUTES TO INTERNATIONAL DISTRICT 10 MINUTES TO UNIVERSITY OF WASHINGTON 10 MINUTES TO UWMC & SWEDISH HOSPITALS LESCHI NEIGHBORHOOD (pronounced 'Lesh-eye"") BEAUTIFUL LESCHI PARK, designed by the Olmsted Brothers, three houses away with peaceful walking trails surrounded by indigenous Pacific Northwest foliage. LESCHI MARINA minutes away.  ""Sailboat Central.""  Daniel's Broiler, Starbucks and Leschi Mart, with its fine wines and homemade sausage, nearby. RESTAURANTS: Asian, Ethiopian, Italian, Pacific NW restaurants nearby.  An incredible selection of classic American BBQ, Vietnamese pho, Ethiopian all in one neighborhood. CONVENIENCE: Walgreens, Safeway, QFC, Red Apple and Leschi Mart nearby. SPORTS: Boating, biking and indoor/outdoor tennis courts nearby.  (Leschi is the starting point",,"PARKING: Easy parking in front of house.  BUS: one block to the bus stop (Bus Line 14 which conveniently leads straight downtown or to the Mt. Baker Light Rail train station). TRAIN: Mt. Baker Light Rail Station. WALKING / BIKING: Totally convenient to bike or walking to downtown, Capitol Hill, Madrona, Denny Blaine, Madison Park and Burke-Gilman Trail.  Convenient to grocery stores and restaurants.",https://a2.muscache.com/ac/pictures/4a7acc33-e614-4519-9b35-04e6b82827c2.jpg?interpolation=lanczos-none&size=small&output-format=jpg&output-quality=70,https://a2.muscache.com/im/pictures/4a7acc33-e614-4519-9b35-04e6b82827c2.jpg?aki_policy=medium,https://a2.muscache.com/ac/pictures/4a7acc33-e614-4519-9b35-04e6b82827c2.jpg?interpolation=lanczos-none&size=large_cover&output-format=jpg&output-quality=70,https://a2.muscache.com/ac/pictures/4a7acc33-e614-4519-9b35-04e6b82827c2.jpg?interpolation=lanczos-none&size=x_large_cover&output-format=jpg&output-quality=70,46798170,https://www.airbnb.com/users/show/46798170,Kevin,2015-10-17,"Seattle, Washington, United States","Hi I'm just starting out on Airbnb but hope to provide you with luxury, privacy and anything else!  ",within a day,50%,,f,"https://a2.muscache.com/ac/pictures/8c4c34aa-dc6b-4e6a-b66c-86c1792cce57.jpg?interpolation=lanczos-none&crop=w:w;*,*&crop=h:h;*,*&resize=50:*&output-format=jpg&output-quality=70","https://a2.muscache.com/ac/pictures/8c4c34aa-dc6b-4e6a-b66c-86c1792cce57.jpg?interpolation=lanczos-none&crop=w:w;*,*&crop=h:h;*,*&resize=225:*&output-format=jpg&output-quality=70",,1.0,1.0,['phone'],t,f,"32nd Avenue South, Seattle, WA 98144, United States",,Leschi,Central Area,Seattle,WA,98144,Seattle,"Seattle, WA",US,United States,47.596200781614094,-122.29080422652784,f,House,Entire home/apt,4,1.0,1.0,3.0,Real Bed,"{""Wireless Internet"",Kitchen,""Free Parking on Premises"",""Smoking Allowed"",""Pets Allowed"",""Hot Tub"",Heating,""Family/Kid Friendly"",""Suitable for Events"",Washer,Dryer,""Smoke Detector"",""Carbon Monoxide Detector"",""First Aid Kit"",""Safety Card"",""Fire Extinguisher"",Essentials,Shampoo}",,$129.00,$800.00,"$3,000.00",,,3,$50.00,2,31,2 months ago,t,0,0,2,277,2016-01-04,0,,,,,,,,,,f,,WASHINGTON,f,strict,f,f,1,
7093738,https://www.airbnb.com/rooms/7093738,20160104002432,2016-01-04,Ted's modern home - Master room,Built in 2015.  Convenient to City - 10 min to downtown by direct bus line on the corner!  Enjoy sunshine from lots of big windows and balcony. Private bathroom.,"This is listing for the master room of my home. For entire house and/or reviews, please see: https://www.airbnb.com/rooms/6990882 For each rooms - Master room: https://www.airbnb.com/rooms/7093738 Second master room: https://www.airbnb.com/rooms/7093910 Second room: https://www.airbnb.com/rooms/7093986 Features:  - On 3rd floor.  - Brand-new king size bed with top quality memory form mattress  - A balcony with territorial view.  - Attached bathroom. Below is description of common area:  - 65"" LED TV plus dedicated PC and printer for guest use.  - Quartz counter top on cabinets and island.  - Nice wooden 8' table from Restoration Hardware which can host 8+ people.  - Most-comfortable-ever motorized sectional (has 4 recliners). Pretty sure you don't want to go to bed :)","Built in 2015.  Convenient to City - 10 min to downtown by direct bus line on the corner!  Enjoy sunshine from lots of big windows and balcony. Private bathroom. This is listing for the master room of my home. For entire house and/or reviews, please see: https://www.airbnb.com/rooms/6990882 For each rooms - Master room: https://www.airbnb.com/rooms/7093738 Second master room: https://www.airbnb.com/rooms/7093910 Second room: https://www.airbnb.com/rooms/7093986 Features:  - On 3rd floor.  - Brand-new king size bed with top quality memory form mattress  - A balcony with territorial view.  - Attached bathroom. Below is description of common area:  - 65"" LED TV plus dedicated PC and printer for guest use.  - Quartz counter top on cabinets and island.  - Nice wooden 8' table from Restoration Hardware which can host 8+ people.  - Most-comfortable-ever motorized sectional (has 4 recliners). Pretty sure you don't want to go to bed :) Master room on 3rd floor is yours. You have common access t",none,,"1. Although the check in time is 7PM you can check in at any time you want. However if you want to check in earlier, please note that:  - You need to use garage door to get in. I'll get you the pin code. In that case, you will find a key on the dining table.  - Cleaning will be done by 5 to 7PM in case previous guests checked out on the same day. 2. Please note that sometimes I can't arrange cleaning service so drop the price significantly to make your stay plus cleaning fee less than or equal to normal rate. If you think the price is too low, please assume that it is one of the cases below. You may want to inquire first:  A. You check in a clean house but need to wash and dry sheets/pillow cases, vacuum and clean wherever you used.  B. You check in a messy home so you need to clean whatever you want to use but it's OK for you to leave without cleaning any.",,https://a2.muscache.com/ac/pictures/89976631/8c4aec81_original.jpg?interpolation=lanczos-none&size=small&output-format=jpg&output-quality=70,https://a2.muscache.com/im/pictures/89976631/8c4aec81_original.jpg?aki_policy=medium,https://a2.muscache.com/ac/pictures/89976631/8c4aec81_original.jpg?interpolation=lanczos-none&size=large_cover&output-format=jpg&output-quality=70,https://a2.muscache.com/ac/pictures/89976631/8c4aec81_original.jpg?interpolation=lanczos-none&size=x_large_cover&output-format=jpg&output-quality=70,32807985,https://www.airbnb.com/users/show/32807985,Ted,2015-05-07,"Seattle, Washington, United States","Programmer, occasionally fixing home, newbie in wood working.",within an hour,100%,100%,t,"https://a2.muscache.com/ac/users/32807985/profile_pic/1435183241/original.jpg?interpolation=lanczos-none&crop=w:w;*,*&crop=h:h;*,*&resize=50:*&output-format=jpg&output-quality=70","https://a2.muscache.com/ac/users/32807985/profile_pic/1435183241/original.jpg?interpolation=lanczos-none&crop=w:w;*,*&crop=h:h;*,*&resize=225:*&output-format=jpg&output-quality=70",Leschi,5.0,5.0,"['email', 'phone', 'google', 'linkedin', 'amex', 'reviews', 'kba']",t,t,"Martin Luther King Junior Way South, Seattle, WA 98144, United States",Leschi,Leschi,Central Area,Seattle,WA,98144,Seattle,"Seattle, WA",US,United States,47.595154323573006,-122.29666616633985,t,House,Private room,2,1.0,1.0,1.0,Real Bed,"{TV,Internet,""Wireless Internet"",""Air Conditioning"",Kitchen,""Free Parking on Premises"",Heating,Washer,Dryer,""Smoke Detector"",""Carbon Monoxide Detector"",""First Aid Kit"",""Fire Extinguisher"",Essentials,Shampoo}",,$90.00,,,,$30.00,2,$0.00,1,1125,3 weeks ago,t,0,0,20,20,2016-01-04,1,2015-08-26,2015-08-26,100.0,10.0,10.0,10.0,10.0,10.0,10.0,f,,WASHINGTON,f,strict,f,f,5,0.23
5277900,https://www.airbnb.com/rooms/5277900,20160104002432,2016-01-04,Lovely home close to town and lake,"Our home is an early 1900s craftsman. Conveniently located less than 3 miles from downtown Seattle. Enjoy sweeping views of Lake Washington, comforts of home, and books/toys for the kids. ","Our home is comfortable, yet simple. It is kid friendly with toys/books for your family to enjoy.  The location is one of the best in Seattle. It is close to downtown and walking distance to Lake Washington--The perfect home base for enjoying the best of what Seattle has to offer.","Our home is an early 1900s craftsman. Conveniently located less than 3 miles from downtown Seattle. Enjoy sweeping views of Lake Washington, comforts of home, and books/toys for the kids.  Our home is comfortable, yet simple. It is kid friendly with toys/books for your family to enjoy.  The location is one of the best in Seattle. It is close to downtown and walking distance to Lake Washington--The perfect home base for enjoying the best of what Seattle has to offer. We are available by phone if guests need anything during their stay.  We have a second house on Vashon Island (less than 1 hr away), so while we probably won't meet, we are close by if needed. Our house is located in the Leschi neighborhood, next to Madrona. The neighborhood is located on a slope rising from Lake Washington, so there are hill-top views. To the east, views overlook Bellevue, Lake Washington, the Cascade Mountains and moonrises. Downtown is approx. 3 miles to the west. The neighborhood is rich in diversity an",none,"Our house is located in the Leschi neighborhood, next to Madrona. The neighborhood is located on a slope rising from Lake Washington, so there are hill-top views. To the east, views overlook Bellevue, Lake Washington, the Cascade Mountains and moonrises. Downtown is approx. 3 miles to the west. The neighborhood is rich in diversity and history. This is a spectacular walking area, with parks and gardens that unfold and bloom throughout the seasons. The small but growing business strip in Madrona is on 34th, which includes restaurants, shops and retailers, cafes, a local winery and a renovated yellow-stucco gas station (now a frame shop and gallery). Leschi town center is about two blocks long and vacation-esque. Set off the marina, there is a local grocery store, restaurants, small businesses, condos, a deli and a Starbucks. On the weekends, Leschi is a resting stop and watering hole for recreational and competitive cyclists. Along the lake you have Madrona Park, which comes with a snac",There are tenants who live on the first floor and the basement contains a small studio apartment (both have separate entrances).  The house sits up off the street. There are two sets of stairs to get to the front door and then 16 stairs inside.  ,"This is the perfect location to visit Seattle.  You are close to downtown (easy bus access) and also have free/easy street parking in front of the house. Take light rail from the airport to the International district station, and then grab a cab or uber car to our house (approx. 2 miles). ",https://a1.muscache.com/ac/pictures/65947130/0f75eb62_original.jpg?interpolation=lanczos-none&size=small&output-format=jpg&output-quality=70,https://a1.muscache.com/im/pictures/65947130/0f75eb62_original.jpg?aki_policy=medium,https://a1.muscache.com/ac/pictures/65947130/0f75eb62_original.jpg?interpolation=lanczos-none&size=large_cover&output-format=jpg&output-quality=70,https://a1.muscache.com/ac/pictures/65947130/0f75eb62_original.jpg?interpolation=lanczos-none&size=x_large_cover&output-format=jpg&output-quality=70,19779189,https://www.airbnb.com/users/show/19779189,Liz,2014-08-10,"Seattle, Washington, United States","My name is Liz and I am from Seattle. I  am a mental health therapist in private practice.  My partner teaches at the local University.  We have three kids, ages 11, 8, and 4.  We are busy running between soccer practices, music lessons, and kid play dates. As a family, we love to travel and see new places.  I enjoy biking, camping, dancing, and having new experiences. 

I look forward to hearing from you. ",,,,f,"https://a0.muscache.com/ac/users/19779189/profile_pic/1423253315/original.jpg?interpolation=lanczos-none&crop=w:w;*,*&crop=h:h;*,*&resize=50:*&output-format=jpg&output-quality=70","https://a0.muscache.com/ac/users/19779189/profile_pic/1423253315/original.jpg?interpolation=lanczos-none&crop=w:w;*,*&crop=h:h;*,*&resize=225:*&output-format=jpg&output-quality=70",Leschi,1.0,1.0,"['email', 'phone', 'google', 'reviews', 'kba']",t,t,"30th Avenue, Seattle, WA 98122, United States",Leschi,Leschi,Central Area,Seattle,WA,98122,Seattle,"Seattle, WA",US,United States,47.60393133796265,-122.29451687656584,t,House,Entire home/apt,6,2.0,3.0,5.0,Real Bed,"{TV,""Cable TV"",Internet,""Wireless Internet"",Kitchen,""Free Parking on Premises"",Heating,""Family/Kid Friendly"",Washer,Dryer,""Smoke Detector"",""Fire Extinguisher"",Essentials,Shampoo}",,$199.00,"$1,500.00",,$250.00,$90.00,1,$0.00,3,1125,today,t,0,0,0,110,2016-01-04,9,2015-04-20,2015-09-08,96.0,10.0,10.0,10.0,10.0,9.0,10.0,f,,WASHINGTON,f,strict,f,f,1,1.04
1171574,https://www.airbnb.com/rooms/1171574,20160104002432,2016-01-04,Private Entrance and Central,"Estamos cerca del centro de cuidad - como 20 minutos por bus, o 40 caminando.  Es la misma distancia en otro direcion al lago, donde puede nadar desde Mayo a Octubre.  Felipe no tiene coche, y no te necesitalo.  Felipe habla espanol.","Basement Room in nice house for 2 guests.  Wood-paneled room has private entrance and full bath, with small fridge, microwave, and queen bed.  Located next to park in quiet neighborhood.  We are 45 minutes by train/bus transfer from airport.  Central Location with 3 different bus stops 5 minutes by foot.  One host does not own a car - no need for one.   It takes 40 minutes to walk downtown (20 minute bus).  In another direction it takes the same time for a swim in Lake Washington.  In another direction, it takes the same time to reach the vibrant Capitol Hill area or any of the fantastic performing arts' venues in this cultural treasure of a city.  There are roughly 20 restaurants and 2 markets within a 10 minute walk, and a bakery within a 2 minute walk.  Gay friendly hosts.  We listed our property on Airbnb in June 2013, have met so many nice folks from across the globe, and like this experience.  In May 2014, we added a 2nd listing (""studio loft garden cottage"").  The 9/10/14 editio","Basement Room in nice house for 2 guests.  Wood-paneled room has private entrance and full bath, with small fridge, microwave, and queen bed.  Located next to park in quiet neighborhood.  We are 45 minutes by train/bus transfer from airport.  Central Location with 3 different bus stops 5 minutes by foot.  One host does not own a car - no need for one.   It takes 40 minutes to walk downtown (20 minute bus).  In another direction it takes the same time for a swim in Lake Washington.  In another direction, it takes the same time to reach the vibrant Capitol Hill area or any of the fantastic performing arts' venues in this cultural treasure of a city.  There are roughly 20 restaurants and 2 markets within a 10 minute walk, and a bakery within a 2 minute walk.  Gay friendly hosts.  We listed our property on Airbnb in June 2013, have met so many nice folks from across the globe, and like this experience.  In May 2014, we added a 2nd listing (""studio loft garden cottage"").  The 9/10/14 editio",none,"Es muy cerca a todo.  Y es verde - plantas, flores, y pajaros.",,"Three bus routes that all go downtown within a 5 minute walk, and a light rail stop reachable by 10 minute bus ride (for airport).   If you have a car, there is plenty of free off-street parking all day/night.",https://a0.muscache.com/ac/pictures/28604471/1928deb0_original.jpg?interpolation=lanczos-none&size=small&output-format=jpg&output-quality=70,https://a0.muscache.com/im/pictures/28604471/1928deb0_original.jpg?aki_policy=medium,https://a0.muscache.com/ac/pictures/28604471/1928deb0_original.jpg?interpolation=lanczos-none&size=large_cover&output-format=jpg&output-quality=70,https://a0.muscache.com/ac/pictures/28604471/1928deb0_original.jpg?interpolation=lanczos-none&size=x_large_cover&output-format=jpg&output-quality=70,4485958,https://www.airbnb.com/users/show/4485958,Phil,2012-12-25,"Seattle, Washington, United States","I am professional and partnered for the past 14 years.  I moved to Seattle in 1995, drawn by the music scene and great outdoors and love it here.  I travel 3 months out of the year for pleasure, including Boston where I run the marathon each year, and Burning Man where I feast on the artistry/creativity of 50,000 folks.  I don't own a car, have a smart phone, or live on a social network site.  I like the simple life and treat others the way i want to be treated (making my catholic school nuns proud).",within a few hours,100%,100%,t,"https://a0.muscache.com/ac/users/4485958/profile_pic/1368668786/original.jpg?interpolation=lanczos-none&crop=w:w;*,*&crop=h:h;*,*&resize=50:*&output-format=jpg&output-quality=70","https://a0.muscache.com/ac/users/4485958/profile_pic/1368668786/original.jpg?interpolation=lanczos-none&crop=w:w;*,*&crop=h:h;*,*&resize=225:*&output-format=jpg&output-quality=70",Madrona,2.0,2.0,"['email', 'phone', 'reviews', 'jumio']",t,t,"29th Avenue, Seattle, WA 98122, United States",Madrona,Leschi,Central Area,Seattle,WA,98122,Seattle,"Seattle, WA",US,United States,47.607811030949534,-122.29576744304534,t,House,Private room,2,1.0,1.0,1.0,Real Bed,"{Internet,""Wireless Internet"",""Free Parking on Premises"",Heating}",,$65.00,,,,,2,$0.00,2,1125,3 days ago,t,7,20,32,280,2016-01-04,158,2013-06-08,2016-01-01,98.0,10.0,10.0,10.0,10.0,9.0,10.0,f,,WASHINGTON,f,flexible,f,f,2,5.04
1818754,https://www.airbnb.com/rooms/1818754,20160104002432,2016-01-04,2 BR/2 BA Modern House,"New construction town home near Judkins Park. Close to Lake Washington, International District, Capitol Hill and Seattle Bouldering Project! Street Parking available as well as a number of buses.","The Space Newly constructed modern single family home in the heart of Seattle. This is a two bedroom, two bathroom townhouse. At 1400 square feet, there's plenty of room for you and your guests to spread out and be comfortable. There are two queen beds. Take advantage of our kitchen for meals, or venture out and sample some awesome Seattle restaurants during your stay here! Start the morning off right with some coffee in the kitchen. Or head out to Broadcast Coffee Roasters, The Station, or QED Coffee. All are popular stops near our place. Grab breakfast at Cheeky Café or Baja Bistro. Head out for some fresh morning air while you're here – explore Colman Park, Waterfall Garden, or Pratt Park.  Try Moonlight Café or San Fernando Roasted Chicken for lunch. Then head back home for a nice afternoon nap, or just enjoy a long, hot shower.  Be sure to experience some local flavor. Check out Pike Place Market Gum Wall or Pedestrian Underground Concourse while you're here. If you like shopping,","New construction town home near Judkins Park. Close to Lake Washington, International District, Capitol Hill and Seattle Bouldering Project! Street Parking available as well as a number of buses. The Space Newly constructed modern single family home in the heart of Seattle. This is a two bedroom, two bathroom townhouse. At 1400 square feet, there's plenty of room for you and your guests to spread out and be comfortable. There are two queen beds. Take advantage of our kitchen for meals, or venture out and sample some awesome Seattle restaurants during your stay here! Start the morning off right with some coffee in the kitchen. Or head out to Broadcast Coffee Roasters, The Station, or QED Coffee. All are popular stops near our place. Grab breakfast at Cheeky Café or Baja Bistro. Head out for some fresh morning air while you're here – explore Colman Park, Waterfall Garden, or Pratt Park.  Try Moonlight Café or San Fernando Roasted Chicken for lunch. Then head back home for a nice afternoo",none,,,,https://a2.muscache.com/ac/pictures/2269c046-af13-4069-b539-fda32449e87e.jpg?interpolation=lanczos-none&size=small&output-format=jpg&output-quality=70,https://a2.muscache.com/im/pictures/2269c046-af13-4069-b539-fda32449e87e.jpg?aki_policy=medium,https://a2.muscache.com/ac/pictures/2269c046-af13-4069-b539-fda32449e87e.jpg?interpolation=lanczos-none&size=large_cover&output-format=jpg&output-quality=70,https://a2.muscache.com/ac/pictures/2269c046-af13-4069-b539-fda32449e87e.jpg?interpolation=lanczos-none&size=x_large_cover&output-format=jpg&output-quality=70,9523916,https://www.airbnb.com/users/show/9523916,Jon,2013-10-19,"Seattle, Washington, United States",,within an hour,100%,,f,"https://a2.muscache.com/ac/users/9523916/profile_pic/1382988857/original.jpg?interpolation=lanczos-none&crop=w:w;*,*&crop=h:h;*,*&resize=50:*&output-format=jpg&output-quality=70","https://a2.muscache.com/ac/users/9523916/profile_pic/1382988857/original.jpg?interpolation=lanczos-none&crop=w:w;*,*&crop=h:h;*,*&resize=225:*&output-format=jpg&output-quality=70",Atlantic,1.0,1.0,"['email', 'facebook', 'google', 'linkedin', 'reviews', 'kba']",t,f,"26th Avenue South, Seattle, WA 98144, United States",Atlantic,Leschi,Central Area,Seattle,WA,98144,Seattle,"Seattle, WA",US,United States,47.592665961668345,-122.29756177429198,t,House,Entire home/apt,6,2.0,2.0,2.0,Real Bed,"{TV,Internet,""Wireless Internet"",Kitchen,""Free Parking on Premises"",Heating,""Family/Kid Friendly"",Washer,Dryer,""Smoke Detector"",""Carbon Monoxide Detector"",""First Aid Kit"",""Fire Extinguisher"",Essentials}",,$200.00,"$1,200.00","$3,600.00",$300.00,$112.00,4,$25.00,3,15,today,t,26,26,26,83,2016-01-04,0,,,,,,,,,,f,,WASHINGTON,f,strict,f,f,1,
74328,https://www.airbnb.com/rooms/74328,20160104002432,2016-01-04,Spacious Designer Condo,This gorgeous open floor plan with floor to ceiling windows is the ideal location for your Seattle vacation. This condo unit is perfectly situated between downtown Seattle and the Leschi waterfront.  ,"This gorgeous open floor plan with floor to ceiling windows is the ideal location for your Seattle vacation. This condo unit is perfectly situated between downtown Seattle and the Leschi waterfront. Take a morning stroll through the picturesque Frink Park as you walk down the hill to grab breakfast or a quick coffee. Or maybe you want to catch the easily accessible local metro bus down to the funky international district to do some shopping for that perfect vacation souvenir. Don't feel like going out? Don't worry, the pizzeria in the ground level of the building is open daily and is a great place to take the kids if needed. Enjoy secure covered garage parking and a secure entry way, an amazing roof-top deck that offers you panoramic views of the downtown Seattle skyline, a third floor terrace with BBQ. Unit includes a fully stocked kitchen, queen size murphy bed,  washer and dryer in unit, large spacious bathroom, and a 42-inch flat screen TV. Sleeps 3 comfortably (chaise lounge is th","This gorgeous open floor plan with floor to ceiling windows is the ideal location for your Seattle vacation. This condo unit is perfectly situated between downtown Seattle and the Leschi waterfront.  This gorgeous open floor plan with floor to ceiling windows is the ideal location for your Seattle vacation. This condo unit is perfectly situated between downtown Seattle and the Leschi waterfront. Take a morning stroll through the picturesque Frink Park as you walk down the hill to grab breakfast or a quick coffee. Or maybe you want to catch the easily accessible local metro bus down to the funky international district to do some shopping for that perfect vacation souvenir. Don't feel like going out? Don't worry, the pizzeria in the ground level of the building is open daily and is a great place to take the kids if needed. Enjoy secure covered garage parking and a secure entry way, an amazing roof-top deck that offers you panoramic views of the downtown Seattle skyline, a third floor ter",none,"The scenic waterfront is only a few blocks away through a very beautiful forest walk. Alternatively, you can walk down towards downtown and be at the football or baseball stadiums or wonderful China Town district. ",,The number 14 bus stops right outside the building and will take you to the heart of downtown in 15 minutes. ,https://a0.muscache.com/ac/pictures/93277233/b6ecf657_original.jpg?interpolation=lanczos-none&size=small&output-format=jpg&output-quality=70,https://a0.muscache.com/im/pictures/93277233/b6ecf657_original.jpg?aki_policy=medium,https://a0.muscache.com/ac/pictures/93277233/b6ecf657_original.jpg?interpolation=lanczos-none&size=large_cover&output-format=jpg&output-quality=70,https://a0.muscache.com/ac/pictures/93277233/b6ecf657_original.jpg?interpolation=lanczos-none&size=x_large_cover&output-format=jpg&output-quality=70,68641,https://www.airbnb.com/users/show/68641,Angela,2010-01-07,"Seattle, Washington and London, England",Let me know how I can make your stay in Seattle or London as comfortable as possible!,within a day,70%,100%,f,"https://a1.muscache.com/ac/users/68641/profile_pic/1297658185/original.jpg?interpolation=lanczos-none&crop=w:w;*,*&crop=h:h;*,*&resize=50:*&output-format=jpg&output-quality=70","https://a1.muscache.com/ac/users/68641/profile_pic/1297658185/original.jpg?interpolation=lanczos-none&crop=w:w;*,*&crop=h:h;*,*&resize=225:*&output-format=jpg&output-quality=70",Leschi,1.0,1.0,"['email', 'phone', 'google', 'reviews', 'jumio']",t,t,"S Jackson St, Seattle, WA 98144, United States",Leschi,Leschi,Central Area,Seattle,WA,98144,Seattle,"Seattle, WA",US,United States,47.602386556233526,-122.29534697074192,t,Apartment,Entire home/apt,3,1.0,1.0,1.0,Real Bed,"{TV,""Wheelchair Accessible"",Kitchen,""Free Parking on Premises"",""Elevator in Building"",Heating,""Family/Kid Friendly"",Washer,Dryer,Essentials}",,$92.00,$600.00,"$1,800.00",$250.00,$75.00,3,$0.00,2,365,4 months ago,t,30,60,90,365,2016-01-04,53,2011-05-31,2015-09-30,93.0,9.0,10.0,9.0,10.0,9.0,9.0,f,,WASHINGTON,f,strict,f,f,1,0.95
6728017,https://www.airbnb.com/rooms/6728017,20160104002432,2016-01-04,Fantastic modern home in Leschi,"Chris and Tracey's personal home! 2.5 miles from downtown and 6 blocks from beautiful Lake Washington, the location of this home is central to all Seattle has to offer.",,"Chris and Tracey's personal home! 2.5 miles from downtown and 6 blocks from beautiful Lake Washington, the location of this home is central to all Seattle has to offer. You're welcome to the entire house, except for our child's nursery on the upper floor and the storage closet under the stairs. Please avoid those areas as we keep personal items in those rooms. Contact us at any time! See the House Manual for contact info. Please see the Guidebook for some excellent suggestions on grocery, coffee, and food all within walking distance. The 14 bus westbound goes right through downtown and the 8 bus takes you through Madison Valley and Capitol Hill northbound and the Mount Baker light-rail station southbound.",none,"Please see the Guidebook for some excellent suggestions on grocery, coffee, and food all within walking distance.",,The 14 bus westbound goes right through downtown and the 8 bus takes you through Madison Valley and Capitol Hill northbound and the Mount Baker light-rail station southbound.,https://a1.muscache.com/ac/pictures/84940369/9edc71d9_original.jpg?interpolation=lanczos-none&size=small&output-format=jpg&output-quality=70,https://a1.muscache.com/im/pictures/84940369/9edc71d9_original.jpg?aki_policy=medium,https://a1.muscache.com/ac/pictures/84940369/9edc71d9_original.jpg?interpolation=lanczos-none&size=large_cover&output-format=jpg&output-quality=70,https://a1.muscache.com/ac/pictures/84940369/9edc71d9_original.jpg?interpolation=lanczos-none&size=x_large_cover&output-format=jpg&output-quality=70,12237174,https://www.airbnb.com/users/show/12237174,Chris,2014-02-14,"Seattle, Washington, United States",,,,,f,"https://a0.muscache.com/ac/users/12237174/profile_pic/1433709222/original.jpg?interpolation=lanczos-none&crop=w:w;*,*&crop=h:h;*,*&resize=50:*&output-format=jpg&output-quality=70","https://a0.muscache.com/ac/users/12237174/profile_pic/1433709222/original.jpg?interpolation=lanczos-none&crop=w:w;*,*&crop=h:h;*,*&resize=225:*&output-format=jpg&output-quality=70",Leschi,1.0,1.0,"['email', 'phone', 'facebook', 'google', 'linkedin', 'reviews', 'kba']",t,t,"28th Avenue South, Seattle, WA 98144, United States",Leschi,Leschi,Central Area,Seattle,WA,98144,Seattle,"Seattle, WA",US,United States,47.59526162757328,-122.29721290385794,t,House,Entire home/apt,7,2.5,3.0,3.0,Real Bed,"{TV,""Cable TV"",Internet,""Wireless Internet"",Kitchen,""Free Parking on Premises"",""Indoor Fireplace"",Heating,""Family/Kid Friendly"",Washer,Dryer,""Smoke Detector"",""Carbon Monoxide Detector"",Essentials,Shampoo}",,$257.00,"$1,529.00","$5,397.00",$250.00,$100.00,6,$25.00,2,1125,4 months ago,t,0,0,0,185,2016-01-04,1,2015-08-11,2015-08-11,100.0,10.0,10.0,10.0,10.0,6.0,10.0,f,,WASHINGTON,f,moderate,f,f,1,0.2
2612399,https://www.airbnb.com/rooms/2612399,20160104002432,2016-01-04,Studio Loft Garden Cottage,"Private entry unit attached to main house overlooking small city park.  160 sq. foot 1st floor with kitchen (gas stove/full fridge) plus 140 sq ft loft bedroom climbed via ladder, plus full bath with washer/dryer.  Fully furnished (linens/pans, etc).","While our house is 105 years old, this cottage is only 15, and was built by a contractor given the task of ""creating the feel of a Vermont cabin.""    It is completely separate from our other unit on Airbnb (""Private entrance and central"") and is self-contained, from the entrance, to the bathroom, and kitchen.  Queen bed in loft.  Through your windows you will see lots of trees, hummingbirds, woodpeckers, and endless squirrels.  We supply pots/pans/towels, as well as a rack outside your door with all sorts of mini-appliances.  Just bring your clothes.  Two caveats:  First, if you don't feel comfortable climbing a ladder to your bed, or climbing down a ladder in the middle of the night to use the bathroom, this is not the spot for you.  Second, while the first floor ceiling height is 7 feet, the upstairs loft ceiling is shaped like an ""A-frame"" roof, with the center being around 6 feet, sloping lower as you crawl into bed.  Our first tenant of 7 years was a 6-foot female, who was quite c","Private entry unit attached to main house overlooking small city park.  160 sq. foot 1st floor with kitchen (gas stove/full fridge) plus 140 sq ft loft bedroom climbed via ladder, plus full bath with washer/dryer.  Fully furnished (linens/pans, etc). While our house is 105 years old, this cottage is only 15, and was built by a contractor given the task of ""creating the feel of a Vermont cabin.""    It is completely separate from our other unit on Airbnb (""Private entrance and central"") and is self-contained, from the entrance, to the bathroom, and kitchen.  Queen bed in loft.  Through your windows you will see lots of trees, hummingbirds, woodpeckers, and endless squirrels.  We supply pots/pans/towels, as well as a rack outside your door with all sorts of mini-appliances.  Just bring your clothes.  Two caveats:  First, if you don't feel comfortable climbing a ladder to your bed, or climbing down a ladder in the middle of the night to use the bathroom, this is not the spot for you.  Seco",none,"""Madrona"" is one of the most central/desired  neighborhoods in Seattle.  You can walk 40 minutes to downtown, or in the other direction to Lake Washington or in another direction to the vibrant Capitol Hill.  Or take a bus in half the time to each, or drive there in 10 minutes.  Within a 10 minute walk you have access to 2 markets, roughly 20 restaurants, 2 coffee shops, and a bakery around the corner from our house.",,"Three bus routes all going downtown within a 5 minute walk, and a subway stop reachable by 10 minute bus ride (for airport).   One host does not own a car, using his feet/bike for transport.  If you have a car, there is plenty of free off-street parking all day/night.",https://a1.muscache.com/ac/pictures/34426735/f5e0ccb9_original.jpg?interpolation=lanczos-none&size=small&output-format=jpg&output-quality=70,https://a1.muscache.com/im/pictures/34426735/f5e0ccb9_original.jpg?aki_policy=medium,https://a1.muscache.com/ac/pictures/34426735/f5e0ccb9_original.jpg?interpolation=lanczos-none&size=large_cover&output-format=jpg&output-quality=70,https://a1.muscache.com/ac/pictures/34426735/f5e0ccb9_original.jpg?interpolation=lanczos-none&size=x_large_cover&output-format=jpg&output-quality=70,4485958,https://www.airbnb.com/users/show/4485958,Phil,2012-12-25,"Seattle, Washington, United States","I am professional and partnered for the past 14 years.  I moved to Seattle in 1995, drawn by the music scene and great outdoors and love it here.  I travel 3 months out of the year for pleasure, including Boston where I run the marathon each year, and Burning Man where I feast on the artistry/creativity of 50,000 folks.  I don't own a car, have a smart phone, or live on a social network site.  I like the simple life and treat others the way i want to be treated (making my catholic school nuns proud).",within a few hours,100%,100%,t,"https://a0.muscache.com/ac/users/4485958/profile_pic/1368668786/original.jpg?interpolation=lanczos-none&crop=w:w;*,*&crop=h:h;*,*&resize=50:*&output-format=jpg&output-quality=70","https://a0.muscache.com/ac/users/4485958/profile_pic/1368668786/original.jpg?interpolation=lanczos-none&crop=w:w;*,*&crop=h:h;*,*&resize=225:*&output-format=jpg&output-quality=70",Madrona,2.0,2.0,"['email', 'phone', 'reviews', 'jumio']",t,t,"29th Avenue, Seattle, WA 98122, United States",Madrona,Leschi,Central Area,Seattle,WA,98122,Seattle,"Seattle, WA",US,United States,47.60744830941725,-122.29381553242442,t,Loft,Entire home/apt,2,1.0,0.0,1.0,Real Bed,"{TV,""Cable TV"",""Wireless Internet"",Kitchen,""Free Parking on Premises"",Heating,Washer,Dryer,""Smoke Detector"",""Carbon Monoxide Detector"",""Fire Extinguisher""}",,$79.00,,,,,1,$0.00,3,365,3 days ago,t,6,25,38,292,2016-01-04,62,2014-05-19,2015-12-30,99.0,10.0,10.0,10.0,10.0,9.0,10.0,f,,WASHINGTON,f,flexible,f,f,2,3.12
2515795,https://www.airbnb.com/rooms/2515795,20160104002432,2016-01-04,"Lovely family home, stunning views","Enjoy all of the comforts of a well-appointed, recently renovated, family home during your Seattle stay. Walking distance to the lake shore and great restaurants. Easy access to downtown, Capital Hill, Madison Park and I-90. Both city and lake views.","Enjoy all of the comforts of a well-appointed, recently renovated, family home during your Seattle stay. Walking distance to the lake shore and great restaurants. Easy access to downtown, Capital Hill, Madison Park and I-90. Both city and lake views. As we are travelling as well, we will likely never have the opportunity to meet. You will be able to live in the home, uninterrupted. However, should you need anything during your stay, I am available via phone. Additionally, I have a hired a caretaker for the property and have a slew of wonderful neighbors and friends willing to jump in to help. Our neighborhood is a wonderful place to walk and feels very much away from the city while still being close to everything. Just a block and a half from the house is a small commercial district with a charming French bakery, an Italian cafe and a French bistro. You can enjoy spectacular views of the city and sound from the restaurants or from the newly architected overlook area.  You can also head","Enjoy all of the comforts of a well-appointed, recently renovated, family home during your Seattle stay. Walking distance to the lake shore and great restaurants. Easy access to downtown, Capital Hill, Madison Park and I-90. Both city and lake views. As we are travelling as well, we will likely never have the opportunity to meet. You will be able to live in the home, uninterrupted. However, should you need anything during your stay, I am available via phone. Additionally, I have a hired a caretaker for the property and have a slew of wonderful neighbors and friends willing to jump in to help. Our neighborhood is a wonderful place to walk and feels very much away from the city while still being close to everything. Just a block and a half from the house is a small commercial district with a charming French bakery, an Italian cafe and a French bistro. You can enjoy spectacular views of the city and sound from the restaurants or from the newly architected overlook area.  You can also head",none,"Our neighborhood is a wonderful place to walk and feels very much away from the city while still being close to everything. Just a block and a half from the house is a small commercial district with a charming French bakery, an Italian cafe and a French bistro. You can enjoy spectacular views of the city and sound from the restaurants or from the newly architected overlook area.  You can also head down one of the various staircases or urban trails  and wind your way down to the lake shore for a picnic or to visit the shops and parks of the Leschi neighborhood. Just a short drive (or  a bit longer walk or bike ride) to the North are the Madrona and Madison Park neighborhoods. Both have many great restaurant, shops and park options. Madison Park also has a beach access to enjoy summer at the lake. If you head a bit further South of the house, you will find the Mt. Baker, Seward Park and Columbia City neighborhoods. There is so much to explore without ever having to battle traffic or figh","As photographed, we have two queen beds and one twin. There is also a new inflatable twin, with bedding, available for a sixth guest if needed. We also have a pack and play and bedding available for guests with infants.","The home is conveniently located very close to bus stops and less than a mile from the Mt. Baker light rail station. Additionally, it is just minutes from I-90 access if you are needing to travel to the East side during your stay.",https://a2.muscache.com/ac/pictures/33251436/a96624ec_original.jpg?interpolation=lanczos-none&size=small&output-format=jpg&output-quality=70,https://a2.muscache.com/im/pictures/33251436/a96624ec_original.jpg?aki_policy=medium,https://a2.muscache.com/ac/pictures/33251436/a96624ec_original.jpg?interpolation=lanczos-none&size=large_cover&output-format=jpg&output-quality=70,https://a2.muscache.com/ac/pictures/33251436/a96624ec_original.jpg?interpolation=lanczos-none&size=x_large_cover&output-format=jpg&output-quality=70,12878312,https://www.airbnb.com/users/show/12878312,Sarah,2014-03-06,"Seattle, Washington, United States","My husband and I own a boutique design-build firm. Last fall we were presented with the opportunity to live on a little farm in the heart of wine country for a few months and build an amazing project for some really great clients. Needless to say we jumped at the opportunity and packed up our toddler, our dog and our business and headed south leaving behind our beloved home that we had just finally finished renovating inside. We are now loving the fresh chicken eggs, amazing produce and beautiful country walks but I do miss the comforts of my home just a bit. When in Seattle we love houses and design, great food and restaurants, snowboarding, trips to the islands and our amazing friends.",within a day,50%,100%,f,"https://a2.muscache.com/ac/users/12878312/profile_pic/1395186537/original.jpg?interpolation=lanczos-none&crop=w:w;*,*&crop=h:h;*,*&resize=50:*&output-format=jpg&output-quality=70","https://a2.muscache.com/ac/users/12878312/profile_pic/1395186537/original.jpg?interpolation=lanczos-none&crop=w:w;*,*&crop=h:h;*,*&resize=225:*&output-format=jpg&output-quality=70",Leschi,1.0,1.0,"['email', 'phone', 'reviews']",t,f,"31st Avenue South, Seattle, WA 98144, United States",Leschi,Leschi,Central Area,Seattle,WA,98144,Seattle,"Seattle, WA",US,United States,47.59431107385529,-122.29440844942552,t,House,Entire home/apt,6,1.5,3.0,3.0,Real Bed,"{TV,""Cable TV"",Internet,""Wireless Internet"",Kitchen,""Free Parking on Premises"",Heating,""Family/Kid Friendly"",Washer,Dryer,Essentials,Shampoo}",,$200.00,"$1,250.00","$4,750.00","$1,000.00",$200.00,1,$0.00,3,365,2 months ago,t,30,60,90,365,2016-01-04,22,2014-08-14,2015-12-02,94.0,10.0,10.0,10.0,9.0,9.0,10.0,f,,WASHINGTON,f,strict,f,f,1,1.3
7093910,https://www.airbnb.com/rooms/7093910,20160104002432,2016-01-04,Ted's modern home - 2nd master room,Built in 2015.  Convenient to City - 10 min to downtown by direct bus line on the corner!  Enjoy sunshine from lots of big windows. Private bathroom.,"This is listing for the second master room of my home.  For entire house and/or reviews, please see: https://www.airbnb.com/rooms/6990882 For each rooms - Master room: https://www.airbnb.com/rooms/7093738 Second master room: https://www.airbnb.com/rooms/7093910 Second room: https://www.airbnb.com/rooms/7093986 Features:  - On 1st floor.  - Brand-new queen size bed with memory form mattress  - Walk-in closet.  - Attached full bathroom.  - Massage chair in room. Below is description of common area:  - 65"" LED TV plus dedicated PC and printer for guest use.  - Quartz counter top on cabinets and island.  - Nice wooden 8' table from Restoration Hardware which can host 8+ people.  - Most-comfortable-ever motorized sectional (has 4 recliners). Pretty sure you don't want to go to bed :)  - Massage chair!","Built in 2015.  Convenient to City - 10 min to downtown by direct bus line on the corner!  Enjoy sunshine from lots of big windows. Private bathroom. This is listing for the second master room of my home.  For entire house and/or reviews, please see: https://www.airbnb.com/rooms/6990882 For each rooms - Master room: https://www.airbnb.com/rooms/7093738 Second master room: https://www.airbnb.com/rooms/7093910 Second room: https://www.airbnb.com/rooms/7093986 Features:  - On 1st floor.  - Brand-new queen size bed with memory form mattress  - Walk-in closet.  - Attached full bathroom.  - Massage chair in room. Below is description of common area:  - 65"" LED TV plus dedicated PC and printer for guest use.  - Quartz counter top on cabinets and island.  - Nice wooden 8' table from Restoration Hardware which can host 8+ people.  - Most-comfortable-ever motorized sectional (has 4 recliners). Pretty sure you don't want to go to bed :)  - Massage chair! Your room on 1st floor is yours. You have ",none,,"1. Although the check in time is 7PM you can check in at any time you want. However if you want to check in earlier, please note that:  - You need to use garage door to get in. I'll get you the pin code. In that case, you will find a key on the dining table.  - Cleaning will be done by 5 to 7PM in case previous guests checked out on the same day. 2. Please note that sometimes I can't arrange cleaning service so drop the price significantly to make your stay plus cleaning fee less than or equal to normal rate. If you think the price is too low, please assume that it is one of the cases below. You may want to inquire first:  A. You check in a clean house but need to wash and dry sheets/pillow cases, vacuum and clean wherever you used.  B. You check in a messy home so you need to clean whatever you want to use but it's OK for you to leave without cleaning any.",,https://a0.muscache.com/ac/pictures/89978692/41fcc32a_original.jpg?interpolation=lanczos-none&size=small&output-format=jpg&output-quality=70,https://a0.muscache.com/im/pictures/89978692/41fcc32a_original.jpg?aki_policy=medium,https://a0.muscache.com/ac/pictures/89978692/41fcc32a_original.jpg?interpolation=lanczos-none&size=large_cover&output-format=jpg&output-quality=70,https://a0.muscache.com/ac/pictures/89978692/41fcc32a_original.jpg?interpolation=lanczos-none&size=x_large_cover&output-format=jpg&output-quality=70,32807985,https://www.airbnb.com/users/show/32807985,Ted,2015-05-07,"Seattle, Washington, United States","Programmer, occasionally fixing home, newbie in wood working.",within an hour,100%,100%,t,"https://a2.muscache.com/ac/users/32807985/profile_pic/1435183241/original.jpg?interpolation=lanczos-none&crop=w:w;*,*&crop=h:h;*,*&resize=50:*&output-format=jpg&output-quality=70","https://a2.muscache.com/ac/users/32807985/profile_pic/1435183241/original.jpg?interpolation=lanczos-none&crop=w:w;*,*&crop=h:h;*,*&resize=225:*&output-format=jpg&output-quality=70",Leschi,5.0,5.0,"['email', 'phone', 'google', 'linkedin', 'amex', 'reviews', 'kba']",t,t,"Martin Luther King Junior Way South, Seattle, WA 98144, United States",Leschi,Leschi,Central Area,Seattle,WA,98144,Seattle,"Seattle, WA",US,United States,47.59537123237492,-122.29672945391698,t,House,Private room,2,1.0,1.0,1.0,Real Bed,"{TV,Internet,""Wireless Internet"",""Air Conditioning"",Kitchen,""Free Parking on Premises"",Heating,Washer,Dryer,""Smoke Detector"",""Carbon Monoxide Detector"",""First Aid Kit"",""Fire Extinguisher"",Essentials,Shampoo}",,$80.00,,,,$30.00,2,$0.00,1,1125,3 weeks ago,t,0,0,20,20,2016-01-04,2,2015-08-27,2015-09-20,60.0,9.0,6.0,9.0,9.0,9.0,6.0,f,,WASHINGTON,f,strict,f,f,5,0.46
4170863,https://www.airbnb.com/rooms/4170863,20160104002432,2016-01-04,Mother in Law Apartment- Queen Bed,"This is a great, clean, smoke-free, fresh 1 Bedroom apartment with a queen size bed. Your home away from home in Seattle.  Great access to bus lines or easy parking if traveling by car.","This is a newly finished (summer 2014)  Mother-In-Law unit in the basement of my home. The cute kitchenette has a microwave/ convection oven, induction burner, dishwasher, disposal, and all the kitchen essentials needed to cook and eat.  There is a Keurig machine and coffee pods;  washer/dryer.   The 36"" TV has premium channels such as HBO. House Wifi I recommend trying Munchery to order in great fresh food.  They tend to deliver within 20 minutes of ordering. Guests are welcome to interact (usually via text is fastest) as needed.  If there is a request for a few groceries to be present upon check-in I can certainly make that happen. I love this neighborhood because it is close to downtown (7 minutes by car or 15 minutes by bus) and it is ethnically diverse while being a safe neighborhood (I have lived here since 2006).  The house is 1/2 a block from a park and walking distance to a few restaurants in Madrona and Leschi. Bus transportation is very easy  - about 150 yards away (out of e","This is a great, clean, smoke-free, fresh 1 Bedroom apartment with a queen size bed. Your home away from home in Seattle.  Great access to bus lines or easy parking if traveling by car. This is a newly finished (summer 2014)  Mother-In-Law unit in the basement of my home. The cute kitchenette has a microwave/ convection oven, induction burner, dishwasher, disposal, and all the kitchen essentials needed to cook and eat.  There is a Keurig machine and coffee pods;  washer/dryer.   The 36"" TV has premium channels such as HBO. House Wifi I recommend trying Munchery to order in great fresh food.  They tend to deliver within 20 minutes of ordering. Guests are welcome to interact (usually via text is fastest) as needed.  If there is a request for a few groceries to be present upon check-in I can certainly make that happen. I love this neighborhood because it is close to downtown (7 minutes by car or 15 minutes by bus) and it is ethnically diverse while being a safe neighborhood (I have lived ",none,I love this neighborhood because it is close to downtown (7 minutes by car or 15 minutes by bus) and it is ethnically diverse while being a safe neighborhood (I have lived here since 2006).  The house is 1/2 a block from a park and walking distance to a few restaurants in Madrona and Leschi.,"Hair dryer, q-tips and the little miscellaneous niceties needed for your stay are included. Available upon request: Iron and ironing board;   cooking essentials (I live in the main house upstairs - if you need a few basics like salt, pepper, spices, olive oil etc just ask - chances are I will have it on-hand)","Bus transportation is very easy  - about 150 yards away (out of earshot, but a quick walk)  are two main bus lines (27 to downtown, 8 to Seattle Center/Queen Anne)",https://a2.muscache.com/ac/pictures/52904214/ffedb920_original.jpg?interpolation=lanczos-none&size=small&output-format=jpg&output-quality=70,https://a2.muscache.com/im/pictures/52904214/ffedb920_original.jpg?aki_policy=medium,https://a2.muscache.com/ac/pictures/52904214/ffedb920_original.jpg?interpolation=lanczos-none&size=large_cover&output-format=jpg&output-quality=70,https://a2.muscache.com/ac/pictures/52904214/ffedb920_original.jpg?interpolation=lanczos-none&size=x_large_cover&output-format=jpg&output-quality=70,19193158,https://www.airbnb.com/users/show/19193158,Faith,2014-07-30,"Seattle, Washington, United States",I am a professional who enjoys a well-appointed domestic life as well as traveling and socializing.,within a few hours,100%,100%,f,"https://a0.muscache.com/ac/users/19193158/profile_pic/1411406676/original.jpg?interpolation=lanczos-none&crop=w:w;*,*&crop=h:h;*,*&resize=50:*&output-format=jpg&output-quality=70","https://a0.muscache.com/ac/users/19193158/profile_pic/1411406676/original.jpg?interpolation=lanczos-none&crop=w:w;*,*&crop=h:h;*,*&resize=225:*&output-format=jpg&output-quality=70",Leschi,1.0,1.0,"['email', 'phone', 'facebook', 'reviews', 'kba']",t,t,"28th Avenue, Seattle, WA 98122, United States",Leschi,Leschi,Central Area,Seattle,WA,98122,Seattle,"Seattle, WA",US,United States,47.60459749472024,-122.29672495071482,t,Apartment,Entire home/apt,2,1.0,1.0,1.0,Real Bed,"{TV,""Cable TV"",""Wireless Internet"",Kitchen,""Free Parking on Premises"",Heating,Washer,Dryer,""Smoke Detector"",Essentials,Shampoo}",,$85.00,$495.00,"$1,700.00",$100.00,$20.00,2,$50.00,1,1125,3 weeks ago,t,2,32,62,330,2016-01-04,5,2014-09-29,2014-11-02,96.0,10.0,10.0,10.0,10.0,9.0,10.0,f,,WASHINGTON,f,moderate,f,f,1,0.32
7941079,https://www.airbnb.com/rooms/7941079,20160104002432,2016-01-04,Blue room in Sunny Seattle,"Great room in recently remodeled house with a fantastic chef's kitchen. House is close to Harborview Medical Center, Virginia Mason, and Swedish Hospitals. This place is perfect for rotating medical students, or other medical practitioners. Bus stop to HMC is right next to the house and drops off right in front of the Hospital. For Non-medical travelers this is a great location on a park with running, and biking trails. Easy access to Lake washington over the hill. Remodeled Chefs Kitchen.",,"Great room in recently remodeled house with a fantastic chef's kitchen. House is close to Harborview Medical Center, Virginia Mason, and Swedish Hospitals. This place is perfect for rotating medical students, or other medical practitioners. Bus stop to HMC is right next to the house and drops off right in front of the Hospital. For Non-medical travelers this is a great location on a park with running, and biking trails. Easy access to Lake washington over the hill. Remodeled Chefs Kitchen. Bus Stop located on Martin Luther King Drive 150 feet from front door. Direct bus access to several parts of town. Light rail station is one mile from the house and is an easy walk. Stop by the grocery store on your way, or take a quick and cheap Taxi/Uber. If you get a rental car there is plenty of street parking as well as some limited off street parking.  Here is an example of Distances and time estimates for a few places courtesy of (website hidden):  Bus Stop for Route #4, #8 is 150ft from the f",none,,,"Bus Stop located on Martin Luther King Drive 150 feet from front door. Direct bus access to several parts of town. Light rail station is one mile from the house and is an easy walk. Stop by the grocery store on your way, or take a quick and cheap Taxi/Uber. If you get a rental car there is plenty of street parking as well as some limited off street parking.  Here is an example of Distances and time estimates for a few places courtesy of (website hidden):  Bus Stop for Route #4, #8 is 150ft from the front door. Light rail From airport (1 mile)  - Car 3 min  - Bus Route #8. Drops 150 ft from house. 6 min ($2.75)  - Uber 3 min Pike Place Market (3.1 miles away)  - Car 12-13 min  - Uber 12-13 min ($8-12)  - Bus Route #4. 29 min including 4-6 min walk ($2.75) Space Needle/EMP/Pacific Science center/Seattle Center (3.9 miles)  - Car 15 min  - Uber 15 min ($11-15)  - Bus Route #4. 34min. drops off directly in front of space needle ($2.75) Capitol Hill (2.7 miles)  - Car 9 min  - Uber 9 min ($",https://a1.muscache.com/ac/pictures/109218292/813e0346_original.jpg?interpolation=lanczos-none&size=small&output-format=jpg&output-quality=70,https://a1.muscache.com/im/pictures/109218292/813e0346_original.jpg?aki_policy=medium,https://a1.muscache.com/ac/pictures/109218292/813e0346_original.jpg?interpolation=lanczos-none&size=large_cover&output-format=jpg&output-quality=70,https://a1.muscache.com/ac/pictures/109218292/813e0346_original.jpg?interpolation=lanczos-none&size=x_large_cover&output-format=jpg&output-quality=70,30421068,https://www.airbnb.com/users/show/30421068,Alan,2015-04-01,"Seattle, Washington, United States",,within a few hours,90%,100%,t,"https://a2.muscache.com/ac/users/30421068/profile_pic/1439663285/original.jpg?interpolation=lanczos-none&crop=w:w;*,*&crop=h:h;*,*&resize=50:*&output-format=jpg&output-quality=70","https://a2.muscache.com/ac/users/30421068/profile_pic/1439663285/original.jpg?interpolation=lanczos-none&crop=w:w;*,*&crop=h:h;*,*&resize=225:*&output-format=jpg&output-quality=70",Leschi,3.0,3.0,"['email', 'phone', 'reviews']",t,f,"S Irving St, Seattle, WA 98144, United States",,Leschi,Central Area,Seattle,WA,98144,Seattle,"Seattle, WA",US,United States,47.5925985167331,-122.29554706025776,f,House,Private room,3,1.5,1.0,1.0,Real Bed,"{TV,Internet,""Wireless Internet"",Kitchen,""Free Parking on Premises"",Heating,""Family/Kid Friendly"",Washer,Dryer,""Smoke Detector"",""Carbon Monoxide Detector"",""Fire Extinguisher"",Essentials,Shampoo}",,$65.00,$398.00,"$1,500.00",$175.00,$15.00,1,$29.00,1,1125,3 months ago,t,30,60,90,365,2016-01-04,7,2015-08-22,2015-11-29,100.0,10.0,10.0,10.0,10.0,10.0,9.0,f,,WASHINGTON,f,strict,f,f,3,1.54
1442973,https://www.airbnb.com/rooms/1442973,20160104002432,2016-01-04,Kitschy Central District w/ Hot Tub,"Artsy fun grandma cottage!  Bright colors, homey feel, for a cozy vintage stay.  Gorgeous garden, comfortable beds, clawfoot tub.  Step into the 1950's look with a modern kitchen and fun environment!","Not your grandmother's grandma cottage! This 1930's house with super eclectic 1950's decor, two bedrooms, and a fantastic veggie garden comfortably sleeps four and has an awesome hot tub & deck.  Conveniently located in the Central District, come stay! This listing is for the upstairs level of my house. It's the house I live and work in, except for when I'm traveling, which is a LOT! The basement is a separate rental. The house is 2 bedroom, 1 bath with a full kitchen, living room, and dining room.  There is a sunny afternoon front porch, and a fantastic back yard with a vegetable garden.   Homeowners are queer-friendly artists and enterpreneurs who are quiet and respectful, we love renters who are the same. House Details: The house is filled with kitschy, quirky 1950's collectibles and contemporary art, some of which has adult content. I live here full time, and release it for rent ONLY when travelling.  I care deeply for the space, and look forward to sharing it with wonderful magica","Artsy fun grandma cottage!  Bright colors, homey feel, for a cozy vintage stay.  Gorgeous garden, comfortable beds, clawfoot tub.  Step into the 1950's look with a modern kitchen and fun environment! Not your grandmother's grandma cottage! This 1930's house with super eclectic 1950's decor, two bedrooms, and a fantastic veggie garden comfortably sleeps four and has an awesome hot tub & deck.  Conveniently located in the Central District, come stay! This listing is for the upstairs level of my house. It's the house I live and work in, except for when I'm traveling, which is a LOT! The basement is a separate rental. The house is 2 bedroom, 1 bath with a full kitchen, living room, and dining room.  There is a sunny afternoon front porch, and a fantastic back yard with a vegetable garden.   Homeowners are queer-friendly artists and enterpreneurs who are quiet and respectful, we love renters who are the same. House Details: The house is filled with kitschy, quirky 1950's collectibles and co",none,"The Central District is a vibrant neighborhood with lots of different cultures, kids, families, pets, and music.  Nearby is a great Pizza place, Starbuck's, Wallgreens, and easy bus access.  Just to the east is a fantastic walk down to Lake Washington, and amazing sunset views on 32d. Our house is on a large corner lot with a link fence, and a bamboo-screened area of the back yard for hot-tub privacy.  There are kids, dogs, neighbors in this family-oriented area. Since Seattle's ""green laws"" went into effect, you can pretty much smell the effects of it everywhere, our neighborhood is no exception!  We are generally pretty private and have grown our foliage in the back yard so that we can have outdoor privacy, but we know most of our neighbors on the S. Lane side.  The neighborhood has changed and evolved since this house was built in the 1930's!  It was a primarily Jewish neighborhood until the 1960's, when it transitioned into a primarily Black neighborhood... as is the majority of th",,"On and off-street parking is available at the house, either in the driveway, or in our gated parking pad.   Bus service to downtown and the u-district is just down the street.  The light rail is 1 mile away (Mount Baker Station).  If arriving by light rail, I recommend getting a short taxi up to the house, as it is a slight incline and the sidewalks are bumpy to pull luggage.",https://a1.muscache.com/ac/pictures/23062069/cb3818d3_original.jpg?interpolation=lanczos-none&size=small&output-format=jpg&output-quality=70,https://a1.muscache.com/im/pictures/23062069/cb3818d3_original.jpg?aki_policy=medium,https://a1.muscache.com/ac/pictures/23062069/cb3818d3_original.jpg?interpolation=lanczos-none&size=large_cover&output-format=jpg&output-quality=70,https://a1.muscache.com/ac/pictures/23062069/cb3818d3_original.jpg?interpolation=lanczos-none&size=x_large_cover&output-format=jpg&output-quality=70,386308,https://www.airbnb.com/users/show/386308,Amelia,2011-02-10,"Seattle, Washington, United States","Queer business owners and general happy campers, home owners and entrepreneurs!  Sherry and I love showing people around Seattle, and we're super happy to have you stay at one of our fantastic homes!",within an hour,100%,100%,f,"https://a2.muscache.com/ac/users/386308/profile_pic/1369285056/original.jpg?interpolation=lanczos-none&crop=w:w;*,*&crop=h:h;*,*&resize=50:*&output-format=jpg&output-quality=70","https://a2.muscache.com/ac/users/386308/profile_pic/1369285056/original.jpg?interpolation=lanczos-none&crop=w:w;*,*&crop=h:h;*,*&resize=225:*&output-format=jpg&output-quality=70",Leschi,1.0,1.0,"['email', 'phone', 'reviews', 'jumio']",t,t,"28th Avenue South, Seattle, WA 98144, United States",Leschi,Leschi,Central Area,Seattle,WA,98144,Seattle,"Seattle, WA",US,United States,47.59206643205684,-122.2935654892344,t,House,Entire home/apt,4,1.0,2.0,2.0,Real Bed,"{Internet,""Wireless Internet"",Kitchen,""Free Parking on Premises"",""Hot Tub"",Heating,Washer,Dryer,""Smoke Detector"",""Carbon Monoxide Detector"",""First Aid Kit"",""Fire Extinguisher"",Essentials,Shampoo}",,$105.00,$625.00,"$2,205.00",,$58.00,2,$15.00,2,31,2 weeks ago,t,0,0,0,215,2016-01-04,14,2013-09-17,2015-12-20,97.0,10.0,10.0,10.0,9.0,9.0,10.0,f,,WASHINGTON,t,strict,f,f,1,0.5
4396961,https://www.airbnb.com/rooms/4396961,20160104002432,2016-01-04,"Grey Room, Seattle’s Best","Breathtaking sunrises are seen from this room & balcony of the Cascades, Lake Washington, Sea Fair Air Show. Second floor bedroom, overlooks Downtown Bellevue & neighborhood streets. It has a ceiling fan, maple floors, and full length mirror doors.","The room was built for international university & college students, who arrive with only their clothes, and are here to focus on studies, which is why its fully furnished with bedding (sheets/blankets/pillow/mattress cover), lamp, towels & rack, and lots of storage space.  Your belongings are put under lock & key (included), for safe keeping when you go out. One of 2 full bathrooms is always available for any of the 5 persons, living in the home. The large isolated kitchen has no rooms above or below it and its own door, so you can do laundry late, w/o disturbing anyone, and two people can easily cook meals at the same time. Several bus lines are within 2 blocks (in 3 directions) walking distance of the house, which take you directly to the popular schools (SU, SCCC, UW), hospitals (Harborview, Swedish, V Mason), sites (Sea Hawks, Sounders, or Mariners Games, Space Needle, Underground City) or to Chinatown & King St. Train Station and Pike Place Market in the core of downtown, door-to-","Breathtaking sunrises are seen from this room & balcony of the Cascades, Lake Washington, Sea Fair Air Show. Second floor bedroom, overlooks Downtown Bellevue & neighborhood streets. It has a ceiling fan, maple floors, and full length mirror doors. The room was built for international university & college students, who arrive with only their clothes, and are here to focus on studies, which is why its fully furnished with bedding (sheets/blankets/pillow/mattress cover), lamp, towels & rack, and lots of storage space.  Your belongings are put under lock & key (included), for safe keeping when you go out. One of 2 full bathrooms is always available for any of the 5 persons, living in the home. The large isolated kitchen has no rooms above or below it and its own door, so you can do laundry late, w/o disturbing anyone, and two people can easily cook meals at the same time. Several bus lines are within 2 blocks (in 3 directions) walking distance of the house, which take you directly to the ",none,"This is a quiet well maintained residential area with lots of old maple and fir trees lining the streets and free parking up to 3 days. Most of the homes are single family, but demand far out weighs the supply, so changes are coming.","Arriving via Seatac:  Sound Link Train ($2.50) is the best option. If you plan to use Public Transit for more than a day or two, you may be wise to buy an Orca Card ($5.00) for convenience (my zip code: 98122), because buses require exact amounts and do not give change. The Orca Card allows you to bank as many transit fares as you like on the card. When you board a bus, simply wave the card at a machine, located near the bus driver. The machine deducts the correct fare from the card.  Orca Cards are sold at the Sound Link Train Stations and a few other stores. Getting to the house from Seatac Sound Link Train is easy, just (email hidden)ker Station, walk across Rainer Ave. So. and take the #8 bus to E. Alder St., walk up E. Alder St to 30th Ave. (2 blocks), turn left walk to the 4th house.","All of Seattle's best sites are close by, including SU, UW, SCCC, hospitals on Pill Hill w/Swedish being the closest, and into the downtown core w/o the need for a car.  From SeaTac, Link Light Rail (@ $2.75), brings you to 5th & Jackson St. (Chinatown) and the #14 Jackson St. Bus drops you off at 30th. Ave., and the house is only 6 blocks north. Public transit gets you to most downtown venues in under 30 minutes, whether it's a Hawks game or a meetings at Amazon.",https://a0.muscache.com/ac/pictures/55226122/e7152db8_original.jpg?interpolation=lanczos-none&size=small&output-format=jpg&output-quality=70,https://a0.muscache.com/im/pictures/55226122/e7152db8_original.jpg?aki_policy=medium,https://a0.muscache.com/ac/pictures/55226122/e7152db8_original.jpg?interpolation=lanczos-none&size=large_cover&output-format=jpg&output-quality=70,https://a0.muscache.com/ac/pictures/55226122/e7152db8_original.jpg?interpolation=lanczos-none&size=x_large_cover&output-format=jpg&output-quality=70,21649497,https://www.airbnb.com/users/show/21649497,Jerome,2014-09-22,"Seattle, Washington, United States","The recent death of a Dear Friend is turning my life in a new & uncharted direction so its hard to describe right now.
Hi everybody, I’m Jerome and I’ll be your Host. When I’m not working on home improvement projects, I focus my thoughts on things that don’t exist, but could make life and the world better if they did. Some thoughts have matured and become issued patents, while others have kinks yet to be worked out. I record lots of my projects on video for my jeromegipson YouTube Chanel, which have received over a half million views.
I had a lot of allergies when I was young and found that I had to give up eating sugars, dairy, meat, and alcohols, but I haven’t been sick or even had a cold in over 30 years, and I wouldn’t trade my health for anything. As long as I’m able to keep up with my kids and now grand kids, in any sport, I’m happy. 
Fore",within an hour,100%,100%,t,"https://a2.muscache.com/ac/pictures/9559ab4e-6d90-445f-a048-4cd6af2d66eb.jpg?interpolation=lanczos-none&crop=w:w;*,*&crop=h:h;*,*&resize=50:*&output-format=jpg&output-quality=70","https://a2.muscache.com/ac/pictures/9559ab4e-6d90-445f-a048-4cd6af2d66eb.jpg?interpolation=lanczos-none&crop=w:w;*,*&crop=h:h;*,*&resize=225:*&output-format=jpg&output-quality=70",Leschi,4.0,4.0,"['email', 'phone', 'reviews', 'jumio']",t,t,"30th Avenue, Seattle, WA 98122, United States",Leschi,Leschi,Central Area,Seattle,WA,98122,Seattle,"Seattle, WA",US,United States,47.60382448521499,-122.2932510912658,t,House,Private room,2,2.0,1.0,1.0,Real Bed,"{TV,""Wireless Internet"",Heating,""Smoke Detector"",""Carbon Monoxide Detector"",""Fire Extinguisher"",Essentials}",,$59.00,,,,,1,$25.00,2,7,2 months ago,t,30,60,90,365,2016-01-04,34,2015-03-28,2015-11-27,96.0,10.0,10.0,10.0,10.0,10.0,10.0,f,,WASHINGTON,f,flexible,f,f,4,3.6
5859152,https://www.airbnb.com/rooms/5859152,20160104002432,2016-01-04,New remodel. Chef's kitchen. A/C,"Newly remodeled home in south seattle with open concept. Chef's kitchen with plenty of space. Off street parking. Garage for bike parking etc. Bicycle available with deposit. Huge 70"" TV in living room. 55"" TV in bedroom. Private full bathroom with amenities. House adjacent to park with tennis courts and running/biking trails right along lake washington. Central location with access to Downtown, Capital hill, and Bellevue. Bus stop 150 ft from front door. Light Rail from airport close by.",,"Newly remodeled home in south seattle with open concept. Chef's kitchen with plenty of space. Off street parking. Garage for bike parking etc. Bicycle available with deposit. Huge 70"" TV in living room. 55"" TV in bedroom. Private full bathroom with amenities. House adjacent to park with tennis courts and running/biking trails right along lake washington. Central location with access to Downtown, Capital hill, and Bellevue. Bus stop 150 ft from front door. Light Rail from airport close by. Private room with full bathroom just down the hall. Full access to kitchen and adjacent dining room. Plenty of refrigerator and freezer space with an extra refrigerator/freezer in the garage. Free to use all cooking appliances and cookware. Full access to TV, Record player, and Video game system in the living room. Access to the garage for laundry, fridge access if needed and bike storage. I love to travel and meet new people, but I work a lot so for the most part you will likely have your run of the ",none,,"There are some snacks and drinks available, but there are several grocery stores nearby if you would like to cook or keep food. Toiletries are available if you forget yours at home so don't worry! Deposit is Fully refundable and is only for lost keys, carpet steam cleaning if needed etc... If you are reasonably clean and don't like to break things you'll get all your money back and a glowing aribnb review from me!","Bus Stop located on Martin Luther King Drive 150 feet from front door. Direct bus access to several parts of town. Light rail station is one mile from the house and is an easy walk. Stop by the grocery store on your way, or take a quick and cheap Taxi/Uber. If you get a rental car there is plenty of street parking as well as some limited off street parking. Here is an example of Distances and time estimates for a few places courtesy of (website hidden): Bus Stop for Route #4, #8 is 150ft from the front door. Light rail From airport (1 mile) - Car 3 min - Bus Route #8. Drops 150 ft from house. 6 min ($2.75) - Uber 3 min Pike Place Market (3.1 miles away) - Car 12-13 min - Uber 12-13 min ($8-12) - Bus Route #4. 29 min including 4-6 min walk ($2.75) Space Needle/EMP/Pacific Science center/Seattle Center (3.9 miles) - Car 15 min - Uber 15 min ($11-15) - Bus Route #4. 34min. drops off directly in front of space needle ($2.75) Capitol Hill (2.7 miles) - Car 9 min - Uber 9 min ($7-10) - Bus R",https://a1.muscache.com/ac/pictures/100412391/213aa53f_original.jpg?interpolation=lanczos-none&size=small&output-format=jpg&output-quality=70,https://a1.muscache.com/im/pictures/100412391/213aa53f_original.jpg?aki_policy=medium,https://a1.muscache.com/ac/pictures/100412391/213aa53f_original.jpg?interpolation=lanczos-none&size=large_cover&output-format=jpg&output-quality=70,https://a1.muscache.com/ac/pictures/100412391/213aa53f_original.jpg?interpolation=lanczos-none&size=x_large_cover&output-format=jpg&output-quality=70,30421068,https://www.airbnb.com/users/show/30421068,Alan,2015-04-01,"Seattle, Washington, United States",,within a few hours,90%,100%,t,"https://a2.muscache.com/ac/users/30421068/profile_pic/1439663285/original.jpg?interpolation=lanczos-none&crop=w:w;*,*&crop=h:h;*,*&resize=50:*&output-format=jpg&output-quality=70","https://a2.muscache.com/ac/users/30421068/profile_pic/1439663285/original.jpg?interpolation=lanczos-none&crop=w:w;*,*&crop=h:h;*,*&resize=225:*&output-format=jpg&output-quality=70",Leschi,3.0,3.0,"['email', 'phone', 'reviews']",t,f,"South Irving Street, Seattle, WA 98144, United States",Leschi,Leschi,Central Area,Seattle,WA,98144,Seattle,"Seattle, WA",US,United States,47.591726420619935,-122.29598513622602,t,House,Private room,3,1.5,1.0,1.0,Real Bed,"{TV,Internet,""Wireless Internet"",""Air Conditioning"",Kitchen,""Free Parking on Premises"",Heating,""Family/Kid Friendly"",Washer,Dryer,""Smoke Detector"",""Carbon Monoxide Detector"",""First Aid Kit"",""Safety Card"",""Fire Extinguisher"",Essentials,Shampoo}",,$59.00,$398.00,"$1,500.00",$175.00,$16.00,1,$29.00,1,1125,5 weeks ago,t,30,60,90,365,2016-01-04,15,2015-08-22,2015-11-15,95.0,10.0,9.0,10.0,10.0,9.0,9.0,f,,WASHINGTON,f,strict,f,f,3,3.31
8555794,https://www.airbnb.com/rooms/8555794,20160104002432,2016-01-04,Master Suite in Townhome,"Large roomy bedroom with connected bathroom. Full access to living room, kitchen and rooftop with a view.",Very Modern looking space with lots of great amenities!,"Large roomy bedroom with connected bathroom. Full access to living room, kitchen and rooftop with a view. Very Modern looking space with lots of great amenities! Guests have access to full kitchen, living area, washer and dryer, as well the rooftop with view of the city. I will be available for any questions you may have! Short drive or bus ride to the heart of Seattle. Nearby grocery and restaurants. Very close to public transit which brings you right downtown. About $7 Uber to the city.",none,Short drive or bus ride to the heart of Seattle. Nearby grocery and restaurants.,,Very close to public transit which brings you right downtown. About $7 Uber to the city.,https://a0.muscache.com/ac/pictures/108705876/4ec0dee0_original.jpg?interpolation=lanczos-none&size=small&output-format=jpg&output-quality=70,https://a0.muscache.com/im/pictures/108705876/4ec0dee0_original.jpg?aki_policy=medium,https://a0.muscache.com/ac/pictures/108705876/4ec0dee0_original.jpg?interpolation=lanczos-none&size=large_cover&output-format=jpg&output-quality=70,https://a0.muscache.com/ac/pictures/108705876/4ec0dee0_original.jpg?interpolation=lanczos-none&size=x_large_cover&output-format=jpg&output-quality=70,44891644,https://www.airbnb.com/users/show/44891644,Taylor,2015-09-23,US,,within a few hours,89%,100%,f,"https://a2.muscache.com/ac/users/44891644/profile_pic/1442989253/original.jpg?interpolation=lanczos-none&crop=w:w;*,*&crop=h:h;*,*&resize=50:*&output-format=jpg&output-quality=70","https://a2.muscache.com/ac/users/44891644/profile_pic/1442989253/original.jpg?interpolation=lanczos-none&crop=w:w;*,*&crop=h:h;*,*&resize=225:*&output-format=jpg&output-quality=70",Leschi,3.0,3.0,"['phone', 'reviews']",t,f,"29th Avenue South, Seattle, WA 98144, United States",Leschi,Leschi,Central Area,Seattle,WA,98144,Seattle,"Seattle, WA",US,United States,47.59482904290224,-122.29563198339233,t,Townhouse,Private room,2,1.5,1.0,1.0,Real Bed,"{TV,Internet,""Wireless Internet"",Kitchen,""Indoor Fireplace"",Heating,Washer,Dryer,Essentials,Shampoo}",,$75.00,,,,,1,$0.00,1,1125,3 months ago,t,30,60,90,365,2016-01-04,0,,,,,,,,,,f,,WASHINGTON,f,flexible,f,f,3,
2112625,https://www.airbnb.com/rooms/2112625,20160104002432,2016-01-04,Be a Guest in this Perfect Townhome,"We hope that when you stay with us, your experience will be much like when you stay at a friend's place. We have good insider tips and provide a comfortable and clean space.  Safe travels!","The guest room is located on the first floor of our home (street level). The room is modest but very comfortable. It includes a closet, desk, and a convertible couch that is very comfortable and can sleep two people. Guests also have a private full bathroom.  Other features: ·   Full kitchen ·   Washer & dryer in home ·   Free WiFi  ·   TV & entertainment ·   Board games ·   Parking ·   Very friendly hosts :) You are also welcome to use the kitchen, dining room, and living room area (all on the second floor).  The rest of the bedrooms are on the third and fourth floors. These bedrooms are off limits.  You will be welcomed by one of us that live here. We aim to set you up with what you need and are full of good recommendations. You are then free to start relaxing, sightseeing, or whatever brings you to our great city. We have varying schedules so you may run into one us here and there. Either way, there will be someone available in case something comes up.  The neighborhood is quiet and","We hope that when you stay with us, your experience will be much like when you stay at a friend's place. We have good insider tips and provide a comfortable and clean space.  Safe travels! The guest room is located on the first floor of our home (street level). The room is modest but very comfortable. It includes a closet, desk, and a convertible couch that is very comfortable and can sleep two people. Guests also have a private full bathroom.  Other features: ·   Full kitchen ·   Washer & dryer in home ·   Free WiFi  ·   TV & entertainment ·   Board games ·   Parking ·   Very friendly hosts :) You are also welcome to use the kitchen, dining room, and living room area (all on the second floor).  The rest of the bedrooms are on the third and fourth floors. These bedrooms are off limits.  You will be welcomed by one of us that live here. We aim to set you up with what you need and are full of good recommendations. You are then free to start relaxing, sightseeing, or whatever brings you t",none,"The neighborhood is quiet and very close to grocery stores, cafes, restaurants, parks, major bus routes, light rail station, stadiums, Capitol Hill and downtown. Sea-Tac airport is about 30 minutes away.  ·   Grocery store (four blocks away) ·   Multiple parks two to four blocks away ·   Lake Washington is an 11 minutes walk away ·   Hospitals (Harborview, Swedish, Virginia Mason, University of Washington Medica(URL HIDDEN)Center) ·    Downtown 10 minutes ·    Seattle University ·    Restaurants nearby",We often try to do a dinner night and you are welcome to join if you want to. We provide linens and towels as well as other minor toiletries.,"Major bus routes (8,48,14,4) are one block away.  Light rail station 5 minutes away (makes it great if coming from airport, we may even be able to pick you up from the station). Plenty of free parking right outside our home. ",https://a2.muscache.com/ac/pictures/51763051/4677537b_original.jpg?interpolation=lanczos-none&size=small&output-format=jpg&output-quality=70,https://a2.muscache.com/im/pictures/51763051/4677537b_original.jpg?aki_policy=medium,https://a2.muscache.com/ac/pictures/51763051/4677537b_original.jpg?interpolation=lanczos-none&size=large_cover&output-format=jpg&output-quality=70,https://a2.muscache.com/ac/pictures/51763051/4677537b_original.jpg?interpolation=lanczos-none&size=x_large_cover&output-format=jpg&output-quality=70,10771753,https://www.airbnb.com/users/show/10771753,Abe,2013-12-23,"Seattle, Washington, United States","I have been living in Seattle for over a decade and I love this city. I have met great friends here and like taking advantage of what this city has to offer. I love to travel to faraway places, play lots of soccer, and dabble in photography. 

I can't live without family/friends, laughter, soccer, adventure, and good health.

I am an optimistic guy and very easy going. I like keeping things simple and treating others the way I would like to be treated. I like helping others and making people laugh.",within a few hours,100%,,f,"https://a0.muscache.com/ac/users/10771753/profile_pic/1441950579/original.jpg?interpolation=lanczos-none&crop=w:w;*,*&crop=h:h;*,*&resize=50:*&output-format=jpg&output-quality=70","https://a0.muscache.com/ac/users/10771753/profile_pic/1441950579/original.jpg?interpolation=lanczos-none&crop=w:w;*,*&crop=h:h;*,*&resize=225:*&output-format=jpg&output-quality=70",Leschi,1.0,1.0,"['email', 'phone', 'reviews', 'kba']",t,t,"28th Avenue South, Seattle, WA 98144, United States",Leschi,Leschi,Central Area,Seattle,WA,98144,Seattle,"Seattle, WA",US,United States,47.59394152059896,-122.29108797509294,t,House,Private room,2,1.5,1.0,1.0,Pull-out Sofa,"{TV,Internet,""Wireless Internet"",Kitchen,""Free Parking on Premises"",""Indoor Fireplace"",Heating,""Family/Kid Friendly"",Washer,Dryer,""Smoke Detector"",""First Aid Kit"",Essentials,Shampoo}",,$56.00,$345.00,"$1,060.00",,$30.00,1,$19.00,2,260,3 weeks ago,t,0,3,33,292,2016-01-04,18,2014-01-15,2015-12-21,98.0,10.0,10.0,10.0,10.0,9.0,10.0,f,,WASHINGTON,f,flexible,f,f,1,0.75
8814802,https://www.airbnb.com/rooms/8814802,20160104002432,2016-01-04,Private Room near Lake Washington!,"Just 2 miles from downtown, our cozy Leschi home is the perfect location to experience the bustle of the city with the calm of a quiet street. Enjoy a private room w den, full bathroom, mini fridge and shared outside space. Close to restaurants/bars.","The space is around 1000 sq feet in the basement of our home. There is a separate bedroom with a queen bed and a small den with a large flat screen tv with access to satellite channels. Additionally, there is a large sized bathroom connected to the bedroom.","Just 2 miles from downtown, our cozy Leschi home is the perfect location to experience the bustle of the city with the calm of a quiet street. Enjoy a private room w den, full bathroom, mini fridge and shared outside space. Close to restaurants/bars. The space is around 1000 sq feet in the basement of our home. There is a separate bedroom with a queen bed and a small den with a large flat screen tv with access to satellite channels. Additionally, there is a large sized bathroom connected to the bedroom. Private bathroom Private mini fridge Private television with satellite tv Couch in den for relaxing and/or a possible 3rd occupant Access to kitchen Access to backyard - landscaped with lights Convenient street parking We do live in the home, so we will be there. However, we both work full time jobs and have fairly active social lives, so we are often in and out. During your stay, we will consider the den, bedroom and bathroom your private area. We will be there to welcome you and, hope",none,"Our neighborhood has the benefit of feeling like a suburb or sleepy beach town (in the summer), but is, in reality, in downtown Seattle. There is a 5 minute walk to,be Leschi Waterfront on Lake Washington, with beautiful views of Mount Rainier and the Cascade Mountains. Though small, the Madrona-Leschi-Mount Baker boasts many local restaurants, bars and cafes with cute shops in between. Leschi is 2 miles away from the popular Pike Place Market and the stadiums. We are sandwiched between 2 major bus routes that will take you downtown. The popular Capitol Hill neighborhood is just one mile away and is loaded with restaurants, bars and shops. We are about 5 minutes away from I-90, which will take you straight to the mountains for hiking in the summer and skiing/snowshoeing in the winter. Same with I-5, which will take you north towards Canada or south towards Portland, Oregon. It really is the perfect neighborhood to enjoy Seattle by day and evening and have a quiet, restful night's sleep",There is a cat in the house We do not have children,"2 major bus routes will take you downtown Street parking is ample. If we happen to be out of town, There is a garage for sheltered parking. Easy trip from the airport! $4 light rail ride to the International District station and no more than a $10 can ride from the station to our house! More details upon booking.",https://a2.muscache.com/ac/pictures/111556376/c03db656_original.jpg?interpolation=lanczos-none&size=small&output-format=jpg&output-quality=70,https://a2.muscache.com/im/pictures/111556376/c03db656_original.jpg?aki_policy=medium,https://a2.muscache.com/ac/pictures/111556376/c03db656_original.jpg?interpolation=lanczos-none&size=large_cover&output-format=jpg&output-quality=70,https://a2.muscache.com/ac/pictures/111556376/c03db656_original.jpg?interpolation=lanczos-none&size=x_large_cover&output-format=jpg&output-quality=70,3329218,https://www.airbnb.com/users/show/3329218,Andrew And Amanda,2012-08-21,"Seattle, Washington, United States","Our names are Andrew and Amanda.  We are a married couple from Seattle, Washington in the US.  Andrew is a physical therapist working in a local hospital and Amanda is an Account Manager in the Seattle area. Andrew is an avid hikers with a love for the outdoors and Amanda loves to explore cities - we both love to travel!  

We definitely live by the golden rule and are always respectful guests, both to our hosts and their spaces, as well as the surrounding neighbors and cities we're visiting. We love to visit new places and immerse ourselves in other cultures!",,,,f,"https://a2.muscache.com/ac/users/3329218/profile_pic/1351044327/original.jpg?interpolation=lanczos-none&crop=w:w;*,*&crop=h:h;*,*&resize=50:*&output-format=jpg&output-quality=70","https://a2.muscache.com/ac/users/3329218/profile_pic/1351044327/original.jpg?interpolation=lanczos-none&crop=w:w;*,*&crop=h:h;*,*&resize=225:*&output-format=jpg&output-quality=70",,1.0,1.0,"['email', 'phone', 'reviews']",t,f,"31st Ave S, Seattle, WA 98144, United States",,Leschi,Central Area,Seattle,WA,98144,Seattle,"Seattle, WA",US,United States,47.60070744639539,-122.29327316855156,f,House,Private room,3,1.0,1.0,1.0,Real Bed,"{TV,Internet,""Wireless Internet"",Kitchen,""Free Parking on Premises"",""Pets live on this property"",Heating,""Family/Kid Friendly"",Washer,Dryer,""Smoke Detector"",""Carbon Monoxide Detector"",""First Aid Kit"",Essentials,Shampoo}",,$100.00,,,,,1,$0.00,1,1125,3 months ago,t,30,60,90,365,2016-01-04,0,,,,,,,,,,f,,WASHINGTON,f,flexible,f,f,1,
8273948,https://www.airbnb.com/rooms/8273948,20160104002432,2016-01-04,Secluded Apartment in Leschi,"Secluded and tasteful 1BD ground-level apartment with separate entrance, bathroom, full kitchen and W/D. Hidden on a quiet street a block up from public waterfront, 3 blocks from Leschi's restaurants and grocery store. 10 min drive to downtown.","This 700 SF MIL apartment was lovingly designed and decorated by architect owners.  Bedroom, walk-in closet and bathroom function like a suite, separated from the living room by a sliding door.   You can enjoy watching TV, or reading one of the 100s of books on the shelves.  We just ask you finish the book during your stay and leave it for next guests.  The space is serene and relaxing, perfect for a couple or parents with child.  We are happy to provide a portable crib and high chair if needed. Kitchen is perfectly sized and fully equipped to cook a full meal. Dining table folds out to 5ft diameter if needed. The apartment has all that is needed for a couple of nights stay in Seattle as well as a long vacation or a work trip.","Secluded and tasteful 1BD ground-level apartment with separate entrance, bathroom, full kitchen and W/D. Hidden on a quiet street a block up from public waterfront, 3 blocks from Leschi's restaurants and grocery store. 10 min drive to downtown. This 700 SF MIL apartment was lovingly designed and decorated by architect owners.  Bedroom, walk-in closet and bathroom function like a suite, separated from the living room by a sliding door.   You can enjoy watching TV, or reading one of the 100s of books on the shelves.  We just ask you finish the book during your stay and leave it for next guests.  The space is serene and relaxing, perfect for a couple or parents with child.  We are happy to provide a portable crib and high chair if needed. Kitchen is perfectly sized and fully equipped to cook a full meal. Dining table folds out to 5ft diameter if needed. The apartment has all that is needed for a couple of nights stay in Seattle as well as a long vacation or a work trip. Guests enter thoug",none,"Leschi is a unique neighborhood bordering Lake Washington waterfront.  It is hilly and picturesque with beautiful homes perched between mature trees. Public waterfront and beach are a couple of blocks away.  There are a couple lake front restaurants and a grocery store 3 blocks away, as well as Starbucks, spa and lovely park.  Rain or shine join walkers, joggers and bikers along the lovely stretch of walkway that follows the shore of Lake Washington 5miles south past waterfront mansions, beaches, parks, docks and marinas.",,Street parking is easy.  We are 10' drive on city streets from downtown. You can also walk 2 blocks to a city bus that will get you downtown Seattle in 20min.,https://a0.muscache.com/ac/pictures/105294599/30f257c9_original.jpg?interpolation=lanczos-none&size=small&output-format=jpg&output-quality=70,https://a0.muscache.com/im/pictures/105294599/30f257c9_original.jpg?aki_policy=medium,https://a0.muscache.com/ac/pictures/105294599/30f257c9_original.jpg?interpolation=lanczos-none&size=large_cover&output-format=jpg&output-quality=70,https://a0.muscache.com/ac/pictures/105294599/30f257c9_original.jpg?interpolation=lanczos-none&size=x_large_cover&output-format=jpg&output-quality=70,5544855,https://www.airbnb.com/users/show/5544855,Ania,2013-03-20,US,We are a young family from Seattle.  We love to travel and show the world to our children.  ,within an hour,100%,100%,f,"https://a2.muscache.com/ac/users/5544855/profile_pic/1402754928/original.jpg?interpolation=lanczos-none&crop=w:w;*,*&crop=h:h;*,*&resize=50:*&output-format=jpg&output-quality=70","https://a2.muscache.com/ac/users/5544855/profile_pic/1402754928/original.jpg?interpolation=lanczos-none&crop=w:w;*,*&crop=h:h;*,*&resize=225:*&output-format=jpg&output-quality=70",Leschi,1.0,1.0,"['email', 'phone', 'facebook', 'reviews', 'kba']",t,t,"Wellington Avenue, Seattle, WA 98122, United States",Leschi,Leschi,Central Area,Seattle,WA,98122,Seattle,"Seattle, WA",US,United States,47.60582903444895,-122.28521021565496,t,Apartment,Entire home/apt,2,1.0,1.0,1.0,Real Bed,"{TV,""Cable TV"",Internet,""Wireless Internet"",""Air Conditioning"",Kitchen,Heating,""Family/Kid Friendly"",Washer,Dryer,""Smoke Detector"",""Carbon Monoxide Detector"",Essentials,Shampoo}",,$85.00,,,$150.00,,1,$0.00,2,1125,4 weeks ago,t,20,50,80,169,2016-01-04,13,2015-09-17,2015-12-08,92.0,10.0,10.0,9.0,9.0,10.0,9.0,f,,WASHINGTON,f,moderate,f,f,1,3.55
319768,https://www.airbnb.com/rooms/319768,20160104002432,2016-01-04,Family Friendly Modern Seattle Home,,"This fully furnished modern 4-star Built Green house is a wonderful retreat in the center of Seattle and is perfect for a family with young children. Settled on a beautiful tree-lined block near Judkins Park, this 3-bedroom, 2.5 bath 1940 square foot home (which is a single family home but shares a wall with a single-story bungalow) is a full of natural light and modern furniture.  The house has a driveway and free street parking.  The bus stop is half a block from the house and the #4 takes you downtown in minutes. Light rail stations are just a drive down MLK street. You can hike through the I-90 tunnel and be on the Lake Washington path in 20 minutes. The house is minutes from trendy Capitol Hill, downtown, the cute Mt. Baker neighborhood, Madrona, and the family friendly Columbia City.  Culinary enthusiasts will enjoy the large eat-in kitchen with a Viking range, Bosch dishwasher and espresso machine. The master bedroom has a King size bed, a small outdoor patio with hammock, and a","This fully furnished modern 4-star Built Green house is a wonderful retreat in the center of Seattle and is perfect for a family with young children. Settled on a beautiful tree-lined block near Judkins Park, this 3-bedroom, 2.5 bath 1940 square foot home (which is a single family home but shares a wall with a single-story bungalow) is a full of natural light and modern furniture.  The house has a driveway and free street parking.  The bus stop is half a block from the house and the #4 takes you downtown in minutes. Light rail stations are just a drive down MLK street. You can hike through the I-90 tunnel and be on the Lake Washington path in 20 minutes. The house is minutes from trendy Capitol Hill, downtown, the cute Mt. Baker neighborhood, Madrona, and the family friendly Columbia City.  Culinary enthusiasts will enjoy the large eat-in kitchen with a Viking range, Bosch dishwasher and espresso machine. The master bedroom has a King size bed, a small outdoor patio with hammock, and a",none,,,,https://a2.muscache.com/ac/pictures/3611477/b9e7b83b_original.jpg?interpolation=lanczos-none&size=small&output-format=jpg&output-quality=70,https://a2.muscache.com/im/pictures/3611477/b9e7b83b_original.jpg?aki_policy=medium,https://a2.muscache.com/ac/pictures/3611477/b9e7b83b_original.jpg?interpolation=lanczos-none&size=large_cover&output-format=jpg&output-quality=70,https://a2.muscache.com/ac/pictures/3611477/b9e7b83b_original.jpg?interpolation=lanczos-none&size=x_large_cover&output-format=jpg&output-quality=70,1577903,https://www.airbnb.com/users/show/1577903,Jen,2012-01-07,"Seattle, Washington, United States",We are a family of four from Seattle.,within an hour,100%,,f,"https://a1.muscache.com/ac/users/1577903/profile_pic/1325961325/original.jpg?interpolation=lanczos-none&crop=w:w;*,*&crop=h:h;*,*&resize=50:*&output-format=jpg&output-quality=70","https://a1.muscache.com/ac/users/1577903/profile_pic/1325961325/original.jpg?interpolation=lanczos-none&crop=w:w;*,*&crop=h:h;*,*&resize=225:*&output-format=jpg&output-quality=70",Atlantic,1.0,1.0,"['email', 'phone', 'facebook', 'linkedin', 'reviews']",t,f,"26th Ave S, Seattle, WA 98144, United States",Atlantic,Leschi,Central Area,Seattle,WA,98144,Seattle,"Seattle, WA",US,United States,47.59570850322102,-122.29756855987095,t,House,Entire home/apt,8,2.5,3.0,4.0,Real Bed,"{TV,""Cable TV"",Internet,""Wireless Internet"",Kitchen,""Free Parking on Premises"",""Pets live on this property"",Dog(s),Heating,""Family/Kid Friendly"",Washer,Dryer}",,$135.00,$920.00,"$3,400.00",,$100.00,3,$20.00,5,30,3 weeks ago,t,0,0,0,96,2016-01-04,5,2012-04-02,2013-12-28,100.0,10.0,8.0,10.0,10.0,9.0,10.0,f,,WASHINGTON,f,moderate,f,f,1,0.11
1961671,https://www.airbnb.com/rooms/1961671,20160104002432,2016-01-04,Madrona 3BR/ 2BA Charming Craftsman,"Our 3 bedroom house sits just blocks from hip restaurants and boutiques. It comfortably sleeps 6+ and is centrally located just minutes from Capitol Hill and Downtown. Enjoy a gourmet kitchen, spacious backyard and easy  access to major bus lines.","Our home offers amazing light filled rooms, and stylish details. It feels lived in, cared for, warm,  inviting and inspiring. We love to entertain, and thus have equipped our kitchen well and have a beautiful, custom made dining table that comfortably seats 8.  The master bedroom is on the main floor, along with an attached bathroom. Also on the main floor is an office, which can comfortably sleep two with our deluxe, queen sized inflatable mattress. The basement is finished and offers another bedroom with full sized bed, a bathroom, a TV room with a queen sized sleeper sofa, and an additional room we use for exercising.","Our 3 bedroom house sits just blocks from hip restaurants and boutiques. It comfortably sleeps 6+ and is centrally located just minutes from Capitol Hill and Downtown. Enjoy a gourmet kitchen, spacious backyard and easy  access to major bus lines. Our home offers amazing light filled rooms, and stylish details. It feels lived in, cared for, warm,  inviting and inspiring. We love to entertain, and thus have equipped our kitchen well and have a beautiful, custom made dining table that comfortably seats 8.  The master bedroom is on the main floor, along with an attached bathroom. Also on the main floor is an office, which can comfortably sleep two with our deluxe, queen sized inflatable mattress. The basement is finished and offers another bedroom with full sized bed, a bathroom, a TV room with a queen sized sleeper sofa, and an additional room we use for exercising. Guests have access to the entire house and backyard. Since this is the home we live in full time, we only rent it out when ",none,"We live on the cusp between Seattle's Madrona and Leschi neighborhoods. Our home sits on a quiet, tree lined street, and is less than a 10 minute walk to  Madrona's chic boutiques, coffee shops, bars, restaurants and cafes. You can also walk down to the shore of Lake Washington in about 15 minutes. ","We have two extremely friendly, cuddly, awesome and well behaved short haired cats. Pico and Lucca are both five year old boys from the same litter. Because this is our primary residence, the cats live here too. We are very thorough cleaners, but if you have a significant allergy to cats, my guess is, you will notice. *Note on Price* Sometimes when we go out of town, we will bring the cats with us. The price of renting our house when the cats are not around will be a bit higher.  Other times, the cats stay home while we travel. If you are a cat lover (or cat tolerant), and are willing to  co-exist and feed them daily, the cost of our house when the cats are here will be much lower than market rate. When I respond to your inquiry, I'll make sure to let you know if the cats will be with you during your stay or not.","We in a neighborhood that has ample, free street parking. We live near multiple bus lines that will take you to all over Seattle, including Capitol Hill, Downtown, South Lake Union, and the University District. We live about one mile away from the Mt. Baker Station Light Rail stop. You can easily take the light rail from Sea Tac Airport, and call a cab from there.",https://a0.muscache.com/ac/pictures/27283333/225cf9b0_original.jpg?interpolation=lanczos-none&size=small&output-format=jpg&output-quality=70,https://a0.muscache.com/im/pictures/27283333/225cf9b0_original.jpg?aki_policy=medium,https://a0.muscache.com/ac/pictures/27283333/225cf9b0_original.jpg?interpolation=lanczos-none&size=large_cover&output-format=jpg&output-quality=70,https://a0.muscache.com/ac/pictures/27283333/225cf9b0_original.jpg?interpolation=lanczos-none&size=x_large_cover&output-format=jpg&output-quality=70,10136334,https://www.airbnb.com/users/show/10136334,Sasha,2013-11-19,"Seattle, Washington, United States","We are a young couple - a social worker and software developer - who love a cocktail in the backyard, a challenging bike adventure, crafting meals from our garden and lounging with our two awesome housemates, Pico & Lucca (the cats). ",within an hour,100%,100%,t,"https://a1.muscache.com/ac/users/10136334/profile_pic/1384918739/original.jpg?interpolation=lanczos-none&crop=w:w;*,*&crop=h:h;*,*&resize=50:*&output-format=jpg&output-quality=70","https://a1.muscache.com/ac/users/10136334/profile_pic/1384918739/original.jpg?interpolation=lanczos-none&crop=w:w;*,*&crop=h:h;*,*&resize=225:*&output-format=jpg&output-quality=70",Leschi,2.0,2.0,"['email', 'phone', 'reviews', 'kba']",t,t,"32nd Avenue, Seattle, WA 98122, United States",Leschi,Leschi,Central Area,Seattle,WA,98122,Seattle,"Seattle, WA",US,United States,47.60639203167424,-122.29061238496936,t,House,Entire home/apt,6,2.0,3.0,3.0,Real Bed,"{TV,""Cable TV"",Internet,""Wireless Internet"",Kitchen,""Free Parking on Premises"",""Pets live on this property"",Cat(s),Heating,""Family/Kid Friendly"",Washer,Dryer,""Smoke Detector"",""Carbon Monoxide Detector"",""Fire Extinguisher"",Essentials,Shampoo}",,$200.00,$600.00,,$200.00,$75.00,6,$20.00,2,14,4 weeks ago,t,0,0,0,0,2016-01-04,20,2014-03-09,2015-12-28,100.0,10.0,10.0,10.0,10.0,10.0,10.0,f,,WASHINGTON,f,strict,f,f,2,0.9
3691288,https://www.airbnb.com/rooms/3691288,20160104002432,2016-01-04,Centrally Located 3bd/2.5ba Home,"Beautiful home located in the Central District features private slate entry, birch floors with radiant heat, granite countertops, stainless steel appliances, and vaulted ceilings.  Calendar and availability is kept updated for easy booking.","Our home offers amazing light filled rooms, and stylish details. It feels lived in, cared for, warm, inviting and inspiring.  The layout at a glance: *Floor 1:  Entrance, bathroom, guest bedroom with full bed and access to private backyard. *Floor 2:  Living room with fireplace, dining room with balcony, large kitchen, guest bathroom *Floor 3:  Master bedroom with queen bed and walk-in closet, Second bedroom with queen bed and walk-in closet, full bathroom, washer/dryer","Beautiful home located in the Central District features private slate entry, birch floors with radiant heat, granite countertops, stainless steel appliances, and vaulted ceilings.  Calendar and availability is kept updated for easy booking. Our home offers amazing light filled rooms, and stylish details. It feels lived in, cared for, warm, inviting and inspiring.  The layout at a glance: *Floor 1:  Entrance, bathroom, guest bedroom with full bed and access to private backyard. *Floor 2:  Living room with fireplace, dining room with balcony, large kitchen, guest bathroom *Floor 3:  Master bedroom with queen bed and walk-in closet, Second bedroom with queen bed and walk-in closet, full bathroom, washer/dryer Everything! Well, everything except the garage.  The rest of the home is yours during your stay, including one reserved parking spot and our small, shaded backyard. We ask that you please respect our neighbors' privacy and peace and quiet while enjoying our home and the backyard. No ",none,"We are located in the Central District between Puget Sound and Lake Washington.  The location offers quick access to downtown (~ 1 mile or 14 blocks) to Pioneer Square), the Mariner's Safeco Stadium (~ 2 miles) and Seahawks Century Link Stadium via bus, bike or Uber. Just north of us is the Capital Hill foodie, music and arts scenes, to the west of us is the best Asian Food ever, to the east beaches, parks and trails. This home is just outside downtown in an active, urban, city setting with neighborhoods (and unlike downtown: free parking!) surrounding us. We are walking distance to Red Apple Market, Starbucks, Taco Del Mar, Quizno's, and Walgreen's.","We offer basic amenities: cooking basics, laundry detergent, and toiletries so you won't need to buy your own. The smart TV includes our Netflix and Hulu account and offers access to your own Amazon account. Traditional cable TV is not available. Our home is not air conditioned. Seattle homes, including ours, are rarely built with air conditioning (the climate is usually mild through the summer).","We have a compact parking space available.  However, it is a tight space and we recommend street parking as there is ample street parking in front of the home.",https://a2.muscache.com/ac/pictures/61617b4e-fca2-43e4-87ae-b7b84bb32515.jpg?interpolation=lanczos-none&size=small&output-format=jpg&output-quality=70,https://a2.muscache.com/im/pictures/61617b4e-fca2-43e4-87ae-b7b84bb32515.jpg?aki_policy=medium,https://a2.muscache.com/ac/pictures/61617b4e-fca2-43e4-87ae-b7b84bb32515.jpg?interpolation=lanczos-none&size=large_cover&output-format=jpg&output-quality=70,https://a2.muscache.com/ac/pictures/61617b4e-fca2-43e4-87ae-b7b84bb32515.jpg?interpolation=lanczos-none&size=x_large_cover&output-format=jpg&output-quality=70,18791339,https://www.airbnb.com/users/show/18791339,Young,2014-07-24,"Seattle, Washington, United States","Welcome to Seattle,

I look forward to hosting you in my comfy, private house.

Airbnb has made it easier and economical for me to travel.  I hope you enjoy it as much as I do.

If you have any questions about the area or fun things to do, please ask! I've lived in Seattle for 10 years and LOVE the Central District for its convenience to EVERYWHERE.

Happy Travels",within a few hours,100%,100%,f,"https://a2.muscache.com/ac/users/18791339/profile_pic/1406198093/original.jpg?interpolation=lanczos-none&crop=w:w;*,*&crop=h:h;*,*&resize=50:*&output-format=jpg&output-quality=70","https://a2.muscache.com/ac/users/18791339/profile_pic/1406198093/original.jpg?interpolation=lanczos-none&crop=w:w;*,*&crop=h:h;*,*&resize=225:*&output-format=jpg&output-quality=70",Atlantic,1.0,1.0,"['email', 'phone', 'facebook', 'reviews', 'kba']",t,t,"Martin Luther King Junior Way South, Seattle, WA 98144, United States",Atlantic,Leschi,Central Area,Seattle,WA,98144,Seattle,"Seattle, WA",US,United States,47.59708807414581,-122.29739477892484,t,House,Entire home/apt,8,2.5,3.0,3.0,Real Bed,"{TV,Internet,""Wireless Internet"",Kitchen,""Free Parking on Premises"",""Indoor Fireplace"",Heating,""Family/Kid Friendly"",Washer,Dryer,""Smoke Detector"",""Carbon Monoxide Detector"",""First Aid Kit"",""Safety Card"",""Fire Extinguisher"",Essentials,Shampoo,""24-Hour Check-in"",Hangers,""Hair Dryer"",Iron,""Laptop Friendly Workspace""}",,$163.00,,,$200.00,$85.00,4,$25.00,2,1125,2 days ago,t,14,44,51,288,2016-01-04,5,2015-11-13,2015-12-30,100.0,10.0,10.0,10.0,10.0,10.0,10.0,f,,WASHINGTON,f,strict,f,f,1,2.83
8703557,https://www.airbnb.com/rooms/8703557,20160104002432,2016-01-04,Classical Sealle leafy street,"Located on a beautiful tree lined street, this 1920's home is quiet and comfortable. The simple design and classic style makes it both welcoming, private and comfortable place to stay, I live on the first floor of this home and have listed the guest.","You will have a dedicated bedroom and closet space, as well as a single hallway to cross to your living/seating/relaxing room and your private bathroom with bath, shower, mirrors, hair dryer, flat irons as well as shampoo and conditioner and fresh towels supplied. The bathroom also has a fan heater, privacy window and lots of lights.","Located on a beautiful tree lined street, this 1920's home is quiet and comfortable. The simple design and classic style makes it both welcoming, private and comfortable place to stay, I live on the first floor of this home and have listed the guest. You will have a dedicated bedroom and closet space, as well as a single hallway to cross to your living/seating/relaxing room and your private bathroom with bath, shower, mirrors, hair dryer, flat irons as well as shampoo and conditioner and fresh towels supplied. The bathroom also has a fan heater, privacy window and lots of lights. You will have full access to the second floor, while I have full access to the first floor. Typically there is no access to the kitchen on the first floor for guests. Of course in an emergency, I would help as much as possible. My office is less than one (1) mile from the house and I use my smart phone consistently. So feel free to call, text or email if needed. A beautiful tree lined street with lots of matur",none,"A beautiful tree lined street with lots of mature trees overhanging the street. It can be dark in the evenings, so if you are driving, leave nothing in your car. There are motion sensor lights in the driveway, front of house as well as the pathway to the front door.","I have a boat moored at my office if you would like a boat ride on the lake, as long as the lake is not too crazy choppy and I can get away from my work responsibilities.","Less than 2 miles from downtown Seattle shopping, waterfront activities, sports stadiums (Seahawks, Mariners & Sounders). Bus stops at the end of the street going there and back. Peak bus rate is $2.50 each way. Travel times to downtown: 10 minutes.",https://a1.muscache.com/ac/pictures/110390546/2ea39af7_original.jpg?interpolation=lanczos-none&size=small&output-format=jpg&output-quality=70,https://a1.muscache.com/im/pictures/110390546/2ea39af7_original.jpg?aki_policy=medium,https://a1.muscache.com/ac/pictures/110390546/2ea39af7_original.jpg?interpolation=lanczos-none&size=large_cover&output-format=jpg&output-quality=70,https://a1.muscache.com/ac/pictures/110390546/2ea39af7_original.jpg?interpolation=lanczos-none&size=x_large_cover&output-format=jpg&output-quality=70,41920475,https://www.airbnb.com/users/show/41920475,Patrick,2015-08-19,"Seattle, Washington, United States","Serial entrepreneur, small business owner and social philanthropist. I'm a small business owner and work almost each and every day. I have my office less than 1.0 mile from my home, which is convenient for both myself and yourself. There are no pets in the house and no children.

I enjoy my privacy and my quietness at home, and I hope you do also. I live on the first floor of the beautiful old home and the entire second floor is for your personal use when staying. There are two (2) large TV's (1 in the bedroom and 1 in your living area) each with a DVD player. I have a selection of DVD's that you are welcome to choose from.

If you are driving there is lots of on street parking. You are welcome to use the driveway, but most vehicles cannot make the sharp incline from the street without scratching their exhaust or front chin.

I have a personal 19 ft boat moored at my office. If you have time and the water is calm, feel free to ask for a free boat ride on Lake Washington, less than 1 mile away.

At the end of the street is a bus stop that will bring you into downtown Seattle for less than $2.50 at peak times. This ride takes less than 12 minutes and passes through ChinaTown aka The International District. The same bus will take will take you within 5 minutes walking distance of the football (Seahawks) or baseball (Mariners) or soccer (Mariners) stadiums. Taking the bus to and from is the best way to visit downtown Seattle and all the tourist locations.

You'll find a grocery store, pharmacy, bank, Starbucks, pizza restaurant, microbrewery and a host of other stores within a 5-7 minute walk from the house.

I enjoy my personal space when travelling and prefer quiet, clean, quality locations to rest, relax and recharge. ",,,,f,"https://a2.muscache.com/ac/users/41920475/profile_pic/1440001834/original.jpg?interpolation=lanczos-none&crop=w:w;*,*&crop=h:h;*,*&resize=50:*&output-format=jpg&output-quality=70","https://a2.muscache.com/ac/users/41920475/profile_pic/1440001834/original.jpg?interpolation=lanczos-none&crop=w:w;*,*&crop=h:h;*,*&resize=225:*&output-format=jpg&output-quality=70",Leschi,1.0,1.0,"['email', 'phone', 'facebook', 'google', 'reviews', 'jumio']",t,t,"30th Avenue South, Seattle, WA 98144, United States",Leschi,Leschi,Central Area,Seattle,WA,98144,Seattle,"Seattle, WA",US,United States,47.59880162512078,-122.29247610111098,t,House,Private room,2,1.0,1.0,1.0,Real Bed,"{TV,""Air Conditioning"",""Free Parking on Premises"",Breakfast,Heating,Washer,Dryer,""Smoke Detector"",""Carbon Monoxide Detector"",""First Aid Kit"",""Fire Extinguisher"",Essentials,Shampoo}",,$83.00,$552.00,"$2,208.00",$250.00,$25.00,1,$0.00,1,1125,3 months ago,t,30,60,90,365,2016-01-04,0,,,,,,,,,,f,,WASHINGTON,f,flexible,f,f,1,
8525338,https://www.airbnb.com/rooms/8525338,20160104002432,2016-01-04,Modern Seattle Townhome,"Located near Leschi area in Seattle, just 2 miles from downtown and walking distance from Lake Washington. Very modern new amenities as well as a great rooftop view of the city and surrounding area. Additional back yard space with barbecue.","Very open and spacious 3 bedroom 3.5 bathroom, kitchen is equipped with all new stainless steel appliances and gas range with convection oven. Open living room with new leather sectional and large gas fireplace. High efficiency washer and dryer. Spacious rooftop with gorgeous view of Seattle and surrounding areas.","Located near Leschi area in Seattle, just 2 miles from downtown and walking distance from Lake Washington. Very modern new amenities as well as a great rooftop view of the city and surrounding area. Additional back yard space with barbecue. Very open and spacious 3 bedroom 3.5 bathroom, kitchen is equipped with all new stainless steel appliances and gas range with convection oven. Open living room with new leather sectional and large gas fireplace. High efficiency washer and dryer. Spacious rooftop with gorgeous view of Seattle and surrounding areas. We will be available via email, phone, and text message anytime. Short drive to downtown or many bars on Capitol Hill, walking distance to lake Washington. Great public transit that brings you downtown or to Capitol Hill. Plenty of street parking options available at no cost.",none,"Short drive to downtown or many bars on Capitol Hill, walking distance to lake Washington.",,Great public transit that brings you downtown or to Capitol Hill. Plenty of street parking options available at no cost.,https://a1.muscache.com/ac/pictures/108351978/e6513517_original.jpg?interpolation=lanczos-none&size=small&output-format=jpg&output-quality=70,https://a1.muscache.com/im/pictures/108351978/e6513517_original.jpg?aki_policy=medium,https://a1.muscache.com/ac/pictures/108351978/e6513517_original.jpg?interpolation=lanczos-none&size=large_cover&output-format=jpg&output-quality=70,https://a1.muscache.com/ac/pictures/108351978/e6513517_original.jpg?interpolation=lanczos-none&size=x_large_cover&output-format=jpg&output-quality=70,44891644,https://www.airbnb.com/users/show/44891644,Taylor,2015-09-23,US,,within a few hours,89%,100%,f,"https://a2.muscache.com/ac/users/44891644/profile_pic/1442989253/original.jpg?interpolation=lanczos-none&crop=w:w;*,*&crop=h:h;*,*&resize=50:*&output-format=jpg&output-quality=70","https://a2.muscache.com/ac/users/44891644/profile_pic/1442989253/original.jpg?interpolation=lanczos-none&crop=w:w;*,*&crop=h:h;*,*&resize=225:*&output-format=jpg&output-quality=70",Leschi,3.0,3.0,"['phone', 'reviews']",t,f,"29th Avenue South, Seattle, WA 98144, United States",Leschi,Leschi,Central Area,Seattle,WA,98144,Seattle,"Seattle, WA",US,United States,47.594438603035485,-122.29387027808848,t,Townhouse,Entire home/apt,5,3.5,3.0,3.0,Real Bed,"{TV,Internet,""Wireless Internet"",Kitchen,""Indoor Fireplace"",Heating,""Family/Kid Friendly"",Washer,Dryer,""Smoke Detector"",""Carbon Monoxide Detector"",Essentials,Shampoo}",,$210.00,,,,,1,$0.00,1,1125,5 weeks ago,t,2,32,62,337,2016-01-04,0,,,,,,,,,,f,,WASHINGTON,f,flexible,f,f,3,
8049470,https://www.airbnb.com/rooms/8049470,20160104002432,2016-01-04,Lake Washington view on Bus 27 line,"Cozy and clean 2nd bedroom with a dbl bed, dresser, closet, and desk in quiet home, 20-min bus ride, 30-min walk downtown. I work from home and have a dog, cat (very lovable) and great neighbors in 4-plex. Full access to kitchen and shared full bath.","Smaller bedroom in a 2-bedroom apartment. Furnished with double bed, bedside table, dresser, desk, closet, and TV. Window that allows light and air. Large fan to keep room cool.  Wireless internet access throughout the house. We can also negotiate access to a Queen-sized sleeper sofa in living room.","Cozy and clean 2nd bedroom with a dbl bed, dresser, closet, and desk in quiet home, 20-min bus ride, 30-min walk downtown. I work from home and have a dog, cat (very lovable) and great neighbors in 4-plex. Full access to kitchen and shared full bath. Smaller bedroom in a 2-bedroom apartment. Furnished with double bed, bedside table, dresser, desk, closet, and TV. Window that allows light and air. Large fan to keep room cool.  Wireless internet access throughout the house. We can also negotiate access to a Queen-sized sleeper sofa in living room. You will have access to entire apartment including full kitchen, bathroom, and washer/dryer. You may borrow an iron and ironing board and we can negotiate the small appliances. You can use my dishes...just wash up afterward. Please buy your own food, drink, pet food, and booze. I can provide some linens. Small sun porch. Large-screen TV in living room. No cable but antenna with many channels, Apple TV, Roku, etc. I can pet sit for you (if neces",none,"We are close to MANY neighborhoods, including Leschi, Chinatown, Madrona, Capitol Hill, and the Central District. Just uphill from Lake Washington and a short walk to restaurant districts in Madrona and on Capitol Hill. Nice homes on our block with many parks nearby. Library branch 4 blocks away. Very little traffic noise.",My dog is very protective (great watchdog!) and will take a little adjustment to new people and animals in the house. It will just take some time. I usually take my dog to the park every day and can take yours as well. Pet care is additional.,"Street parking and EASY access to the 3, 4, 8, 14, and 27 bus lines. I can give lots of recommendations.",https://a1.muscache.com/ac/pictures/102588588/465aacff_original.jpg?interpolation=lanczos-none&size=small&output-format=jpg&output-quality=70,https://a1.muscache.com/im/pictures/102588588/465aacff_original.jpg?aki_policy=medium,https://a1.muscache.com/ac/pictures/102588588/465aacff_original.jpg?interpolation=lanczos-none&size=large_cover&output-format=jpg&output-quality=70,https://a1.muscache.com/ac/pictures/102588588/465aacff_original.jpg?interpolation=lanczos-none&size=x_large_cover&output-format=jpg&output-quality=70,42509172,https://www.airbnb.com/users/show/42509172,Kelly,2015-08-25,"Seattle, Washington, United States","Theater fan, work-at-home marketing professional, pet lover. I love Paris, National Public Radio, and good books of all sorts. Most of all, I love my dog Pablo and my cat Ella.",within an hour,100%,100%,f,"https://a1.muscache.com/ac/users/42509172/profile_pic/1440536794/original.jpg?interpolation=lanczos-none&crop=w:w;*,*&crop=h:h;*,*&resize=50:*&output-format=jpg&output-quality=70","https://a1.muscache.com/ac/users/42509172/profile_pic/1440536794/original.jpg?interpolation=lanczos-none&crop=w:w;*,*&crop=h:h;*,*&resize=225:*&output-format=jpg&output-quality=70",Leschi,1.0,1.0,"['email', 'phone', 'reviews']",t,f,"29th Avenue, Seattle, WA 98122, United States",Leschi,Leschi,Central Area,Seattle,WA,98122,Seattle,"Seattle, WA",US,United States,47.60297419124395,-122.2934195467164,t,Apartment,Private room,2,1.0,1.0,1.0,Real Bed,"{TV,Internet,""Wireless Internet"",Kitchen,""Pets Allowed"",""Pets live on this property"",Dog(s),Cat(s),Heating,Washer,Dryer,""Smoke Detector"",""Carbon Monoxide Detector"",""First Aid Kit"",""Fire Extinguisher"",Essentials,Shampoo}",,$59.00,$350.00,"$1,200.00",,,1,$0.00,1,1125,a week ago,t,0,0,0,106,2016-01-04,14,2015-09-04,2015-10-28,100.0,10.0,10.0,10.0,10.0,10.0,10.0,f,,WASHINGTON,f,flexible,f,f,1,3.41
1455908,https://www.airbnb.com/rooms/1455908,20160104002432,2016-01-04,"Convenient 2 BR, 10min to Downtown","Fully furnished 2 bed/1.5 bath townhouse in Seattle's Leschi / Judkins Park Neighborhood. 10min away (inside roads) from Int'l District, Downtown, and Capitol Hill. Private parking in front of house, unrestricted street parking and quick access to local bus.","***PLEASE READ THIS DESCRIPTION THOROUGHLY BEFORE INQUIRING!*** Disclaimer: 1) Previous history booking (with positive reviews from hosts) through Airbnb REQUIRED. We only consider requests from guests who have an established history and positive reviews as guests of other houses. 2) The person booking MUST BE PRESENT throughout the booking. We do not accept bookings made for guests who do not have an Airbnb account. Fully furnished 2 bed/1.5 bath townhouse in Seattle's Leschi / Judkins Park Neighborhood. 10min away (inside roads) from Int'l District, Downtown, and Capitol Hill. Private parking in front of house, unrestricted street parking and quick access to local bus. This is fully furnished, 3-story townhouse for those who need a comfortable home away from home.","***PLEASE READ THIS DESCRIPTION THOROUGHLY BEFORE INQUIRING!*** Disclaimer: 1) Previous history booking (with positive reviews from hosts) through Airbnb REQUIRED. We only consider requests from guests who have an established history and positive reviews as guests of other houses. 2) The person booking MUST BE PRESENT throughout the booking. We do not accept bookings made for guests who do not have an Airbnb account. Fully furnished 2 bed/1.5 bath townhouse in Seattle's Leschi / Judkins Park Neighborhood. 10min away (inside roads) from Int'l District, Downtown, and Capitol Hill. Private parking in front of house, unrestricted street parking and quick access to local bus. This is fully furnished, 3-story townhouse for those who need a comfortable home away from home. Those who stay here will have access to: * Master bedroom w/ 1 queen-size bed * Guest bedroom w/ 1 full-size bed * Livingroom w/ 1 full-size futon bed * Fully stocked kitchen * Uncovered deck * TV, DVD player, Nintendo Wii ",none,"We enjoy the Leschi/Judkins Park neighborhood for two key reasons: 1) The close proximity to fun things and delicious food, and 2) the separation from the hustle and bustle of living in a big city. If you'd like to cook at home, we offer a fully stocked cupboard and we're 1min away from a grocery and drug store. Use whatever is in the kitchen!","* 3-Story Townhouse Please note that this is a three-story townhouse; the bedrooms and bathtub/shower are all located on the top floor. This place may not be suitable for those who have trouble with stairs. * Air-cooling system As with many houses in Seattle (and in the NW in general), we do NOT have a centralized air-conditioning system more commonly found in the lower half of the States. Seattle summers only last a couple of months. We have a fan in the living room and a portable air-cooling system in the master bedroom that manually operated by you.","We are a 5min drive away from the Amtrak and Light Rail train stations and International District bus tunnel that provides access to the rest of the great Seattle region. Getting about town is easy. We have free, unrestricted street parking in front of the house. You're a quick 5min drive into Downtown and Chinatown/International District, and 10min into Capitol Hill. There are two bus stops in front of our house that take you to directly into Downtown and the University District.",https://a0.muscache.com/ac/pictures/23024100/8858de91_original.jpg?interpolation=lanczos-none&size=small&output-format=jpg&output-quality=70,https://a0.muscache.com/im/pictures/23024100/8858de91_original.jpg?aki_policy=medium,https://a0.muscache.com/ac/pictures/23024100/8858de91_original.jpg?interpolation=lanczos-none&size=large_cover&output-format=jpg&output-quality=70,https://a0.muscache.com/ac/pictures/23024100/8858de91_original.jpg?interpolation=lanczos-none&size=x_large_cover&output-format=jpg&output-quality=70,7354398,https://www.airbnb.com/users/show/7354398,Jesse,2013-07-08,"Seattle, Washington, United States","I travel, practice Krav Maga, enjoy salsa dancing, give back to my community, and, above all else, am a devout family man.

My wife and I are look for guests who are well-mannered, kind, fastidious, and respectful of others and their property. We also enjoy people who have a story to tell or a skill that they like to share.",within a day,100%,100%,f,"https://a0.muscache.com/ac/users/7354398/profile_pic/1377558337/original.jpg?interpolation=lanczos-none&crop=w:w;*,*&crop=h:h;*,*&resize=50:*&output-format=jpg&output-quality=70","https://a0.muscache.com/ac/users/7354398/profile_pic/1377558337/original.jpg?interpolation=lanczos-none&crop=w:w;*,*&crop=h:h;*,*&resize=225:*&output-format=jpg&output-quality=70",Leschi,1.0,1.0,"['email', 'phone', 'reviews', 'kba']",t,t,"27th Avenue South, Seattle, WA 98144, United States",Leschi,Leschi,Central Area,Seattle,WA,98144,Seattle,"Seattle, WA",US,United States,47.60568441543959,-122.29535981728516,t,House,Entire home/apt,6,1.5,2.0,3.0,Real Bed,"{TV,Internet,""Wireless Internet"",Kitchen,""Free Parking on Premises"",""Indoor Fireplace"",Heating,""Family/Kid Friendly"",Washer,Dryer,Essentials,Shampoo}",,$135.00,"$1,400.00","$4,500.00",$350.00,$50.00,1,$0.00,2,14,4 days ago,t,10,40,70,345,2016-01-04,32,2013-09-10,2015-11-08,97.0,9.0,10.0,10.0,10.0,9.0,9.0,f,,WASHINGTON,f,flexible,f,f,1,1.13
8525825,https://www.airbnb.com/rooms/8525825,20160104002432,2016-01-04,Master with on suite bathroom,"Open room in 3 bedroom townhouse, comes with great on suite master bathroom.",Very modern space with great amenities!,"Open room in 3 bedroom townhouse, comes with great on suite master bathroom. Very modern space with great amenities! Guests have access to the master bedroom and bathroom, living area, kitchen, backyard (With grill), as well the rooftop where you get a great view of the city. I will be around to offer recommendations or if you need help with anything else. Very close to Lake Washington as well two miles to the heart of Seattle. Neighborhood is very close to public transit, which will bring you right downtown, or a $7 Uber to the city center.",none,Very close to Lake Washington as well two miles to the heart of Seattle.,,"Neighborhood is very close to public transit, which will bring you right downtown, or a $7 Uber to the city center.",https://a0.muscache.com/ac/pictures/108355211/8f7f9e1a_original.jpg?interpolation=lanczos-none&size=small&output-format=jpg&output-quality=70,https://a0.muscache.com/im/pictures/108355211/8f7f9e1a_original.jpg?aki_policy=medium,https://a0.muscache.com/ac/pictures/108355211/8f7f9e1a_original.jpg?interpolation=lanczos-none&size=large_cover&output-format=jpg&output-quality=70,https://a0.muscache.com/ac/pictures/108355211/8f7f9e1a_original.jpg?interpolation=lanczos-none&size=x_large_cover&output-format=jpg&output-quality=70,44891644,https://www.airbnb.com/users/show/44891644,Taylor,2015-09-23,US,,within a few hours,89%,100%,f,"https://a2.muscache.com/ac/users/44891644/profile_pic/1442989253/original.jpg?interpolation=lanczos-none&crop=w:w;*,*&crop=h:h;*,*&resize=50:*&output-format=jpg&output-quality=70","https://a2.muscache.com/ac/users/44891644/profile_pic/1442989253/original.jpg?interpolation=lanczos-none&crop=w:w;*,*&crop=h:h;*,*&resize=225:*&output-format=jpg&output-quality=70",Leschi,3.0,3.0,"['phone', 'reviews']",t,f,"29th Avenue South, Seattle, WA 98144, United States",Leschi,Leschi,Central Area,Seattle,WA,98144,Seattle,"Seattle, WA",US,United States,47.59465847216215,-122.29541071211946,t,Townhouse,Private room,2,1.5,1.0,1.0,Real Bed,"{TV,Internet,""Wireless Internet"",Kitchen,""Indoor Fireplace"",Heating,""Family/Kid Friendly"",Washer,Dryer,""Smoke Detector"",""Carbon Monoxide Detector"",Essentials,Shampoo}",,$75.00,$420.00,"$1,500.00",,,1,$0.00,1,1125,3 months ago,t,30,60,90,365,2016-01-04,1,2015-09-30,2015-09-30,100.0,10.0,8.0,10.0,10.0,8.0,10.0,f,,WASHINGTON,f,flexible,f,f,3,0.31
3463245,https://www.airbnb.com/rooms/3463245,20160104002432,2016-01-04,Private Studio Apt in Madrona,"Madrona is a cute neighborhood minutes from downtown Seattle,Capital Hill ,UW and Husky games.  Near Lake Washington, Madrona has darling shops, restaurants, coffee shops.A patio in the backyard is a great resting spot at the end of your busy day.",,"Madrona is a cute neighborhood minutes from downtown Seattle,Capital Hill ,UW and Husky games.  Near Lake Washington, Madrona has darling shops, restaurants, coffee shops.A patio in the backyard is a great resting spot at the end of your busy day. For guests reserving for a 28 day or longer stay, a $50.00 cleaning fee will be added to the total upon acceptance of reservation.",none,,"For guests reserving for a 28 day or longer stay, a $50.00 cleaning fee will be added to the total upon acceptance of reservation.",,https://a1.muscache.com/ac/pictures/43780624/7d4aae6a_original.jpg?interpolation=lanczos-none&size=small&output-format=jpg&output-quality=70,https://a1.muscache.com/im/pictures/43780624/7d4aae6a_original.jpg?aki_policy=medium,https://a1.muscache.com/ac/pictures/43780624/7d4aae6a_original.jpg?interpolation=lanczos-none&size=large_cover&output-format=jpg&output-quality=70,https://a1.muscache.com/ac/pictures/43780624/7d4aae6a_original.jpg?interpolation=lanczos-none&size=x_large_cover&output-format=jpg&output-quality=70,7730805,https://www.airbnb.com/users/show/7730805,Stephanie,2013-07-26,"Seattle, Washington, United States","I'm originally from Rockford, Il. Spent many years in the Chicago area where I owned an art gallery.  I moved to Seattle about 15 years ago and just love this area.  ",within a few hours,90%,100%,t,"https://a1.muscache.com/ac/users/7730805/profile_pic/1374877133/original.jpg?interpolation=lanczos-none&crop=w:w;*,*&crop=h:h;*,*&resize=50:*&output-format=jpg&output-quality=70","https://a1.muscache.com/ac/users/7730805/profile_pic/1374877133/original.jpg?interpolation=lanczos-none&crop=w:w;*,*&crop=h:h;*,*&resize=225:*&output-format=jpg&output-quality=70",Madrona,2.0,2.0,"['email', 'phone', 'google', 'reviews', 'kba']",t,t,"34th Avenue, Seattle, WA 98122, United States",Madrona,Leschi,Central Area,Seattle,WA,98122,Seattle,"Seattle, WA",US,United States,47.60778217714765,-122.28928428484627,t,Apartment,Private room,2,1.0,1.0,1.0,Real Bed,"{""Wireless Internet"",Kitchen}",,$109.00,$541.00,$950.00,,,1,$0.00,2,1125,4 days ago,t,0,0,0,240,2016-01-04,20,2014-07-27,2015-11-21,98.0,10.0,10.0,9.0,10.0,10.0,9.0,f,,WASHINGTON,t,moderate,f,f,2,1.14
4172364,https://www.airbnb.com/rooms/4172364,20160104002432,2016-01-04,Blue Room,"This newly refinished Blue Room has everything you'll need to feel comfy after a day of travel or enjoying some of the many sights found within minutes of the house, including Seattle stadiums, hospitals, and Downtown business core.","This room was built for international university & college students, who arrive with only their clothes, and were here to focus on studies, which is why its fully furnished with bedding (sheets/blankets/pillow/mattress cover), lamp, towels & rack, chairs, and lots of storage space. Put your belongings under lock & key (included), for safe keeping while you're out.","This newly refinished Blue Room has everything you'll need to feel comfy after a day of travel or enjoying some of the many sights found within minutes of the house, including Seattle stadiums, hospitals, and Downtown business core. This room was built for international university & college students, who arrive with only their clothes, and were here to focus on studies, which is why its fully furnished with bedding (sheets/blankets/pillow/mattress cover), lamp, towels & rack, chairs, and lots of storage space. Put your belongings under lock & key (included), for safe keeping while you're out. Blue Room is accompanied with Blue Coded spaces in the Fridge & Freezer and kitchen cabinets. Use of the clothes washer & dryer is also available to each room guest. One of 2 full bathrooms is usually available for any of the 5 persons, living in the home. The large isolated kitchen has no rooms above or below it and its own door, so you can cook or do laundry late, w/o disturbing anyone, and two ",none,"This is a quiet well maintained residential area with lots of old maple and fir trees lining the streets with free parking up to 3 days. Most of the homes are single family, but demand for nice housing far out weighs the supply.","Arriving via Seatac:  Sound Link Train ($2.50) is the best option. If you plan to use Public Transit for more than a day or two, you may be wise to buy an Orca Card ($5.00) for convenience (my zip code: 98122), because buses require exact amounts and do not give change. The Orca Card allows you to bank as many transit fares as you like on the card. When you board a bus, simply wave the card at a machine, located near the bus driver. The machine deducts the correct fare from the card.  Orca Cards are sold at the Sound Link Train Stations and a few other stores. Getting to the house from Seatac Sound Link Train is easy, just exit at the Mt. Baker Station, walk across Rainer Ave. So. and take the #8 bus to E. Alder St., walk up E. Alder St to 30th Ave. (2 blocks), turn left walk to the 4th house.","This neighborhood was long overlooked but has become super popular because of its proximity to all of Seattle's best sites including SU, UW, SCCC, lots of hospitals on Pill Hill w/Swedish being the closest, and into the downtown business core w/o the need for a car. Its all about a clean, safe, comfortable location and public transit gets you to most downtown venues in under 30 minutes, whether it's a Hawks game or a ride up the Space Needle.",https://a2.muscache.com/ac/pictures/52442115/2b1dc3da_original.jpg?interpolation=lanczos-none&size=small&output-format=jpg&output-quality=70,https://a2.muscache.com/im/pictures/52442115/2b1dc3da_original.jpg?aki_policy=medium,https://a2.muscache.com/ac/pictures/52442115/2b1dc3da_original.jpg?interpolation=lanczos-none&size=large_cover&output-format=jpg&output-quality=70,https://a2.muscache.com/ac/pictures/52442115/2b1dc3da_original.jpg?interpolation=lanczos-none&size=x_large_cover&output-format=jpg&output-quality=70,21649497,https://www.airbnb.com/users/show/21649497,Jerome,2014-09-22,"Seattle, Washington, United States","The recent death of a Dear Friend is turning my life in a new & uncharted direction so its hard to describe right now.
Hi everybody, I’m Jerome and I’ll be your Host. When I’m not working on home improvement projects, I focus my thoughts on things that don’t exist, but could make life and the world better if they did. Some thoughts have matured and become issued patents, while others have kinks yet to be worked out. I record lots of my projects on video for my jeromegipson YouTube Chanel, which have received over a half million views.
I had a lot of allergies when I was young and found that I had to give up eating sugars, dairy, meat, and alcohols, but I haven’t been sick or even had a cold in over 30 years, and I wouldn’t trade my health for anything. As long as I’m able to keep up with my kids and now grand kids, in any sport, I’m happy. 
Fore",within an hour,100%,100%,t,"https://a2.muscache.com/ac/pictures/9559ab4e-6d90-445f-a048-4cd6af2d66eb.jpg?interpolation=lanczos-none&crop=w:w;*,*&crop=h:h;*,*&resize=50:*&output-format=jpg&output-quality=70","https://a2.muscache.com/ac/pictures/9559ab4e-6d90-445f-a048-4cd6af2d66eb.jpg?interpolation=lanczos-none&crop=w:w;*,*&crop=h:h;*,*&resize=225:*&output-format=jpg&output-quality=70",Leschi,4.0,4.0,"['email', 'phone', 'reviews', 'jumio']",t,t,"-30th. Ave., Seattle, WA, United States",,Leschi,Central Area,Seattle,WA,,Seattle,"Seattle, WA",US,United States,47.60475366826954,-122.29438262841263,f,House,Private room,2,2.0,1.0,1.0,Real Bed,"{TV,""Wireless Internet"",Heating,""Smoke Detector"",""Carbon Monoxide Detector"",""Fire Extinguisher"",Essentials}",,$55.00,,,,,1,$25.00,2,7,2 months ago,t,30,60,90,365,2016-01-04,33,2015-03-25,2015-10-19,97.0,10.0,10.0,10.0,10.0,10.0,10.0,f,,WASHINGTON,f,flexible,f,f,4,3.46
3728802,https://www.airbnb.com/rooms/3728802,20160104002432,2016-01-04,Madrona Urban Oasis-Views & Space!!,"Enjoy our 5-BR home: panoramic views of Lake Washington & Cascade Mountains. Fully remodeled, including gourmet kitchen, fabulous deck for lounging & A/C. Perfect for a family; comfortably sleeps 8 people. Walk to lake & shops, easy bus to downtown.","Our home offers views of Lake Washington and the Cascades from all 3 levels.  Main level offers gourmet kitchen; a large deck with sliding glass doors, which allows for a spacious indoor/outdoor dining area (gas grill & picnic table available); dining room and 2 living rooms for lounging.   Upper level has 3 bedrooms.  Master bedroom has king size bed and master bath with shower and bathtub.  2nd room has a twin bed.  3rd room has a bunk bed (queen bed + twin).  A second bathroom also available on this level. Lower level includes an entertainment area with large cozy couch and TV (cable and DVDs for kids & adults available); guest bedroom (full size bed); play room for kids (could also use as an extra bedroom with inflatable mattress); bathroom with shower and bathtub; washer and dryer; kitchenette and separate side entrance. The home has 2 separate heating and A/C systems - one for the upper 2 levels and a separate one for the lower level so you can tailor the temperature control to y","Enjoy our 5-BR home: panoramic views of Lake Washington & Cascade Mountains. Fully remodeled, including gourmet kitchen, fabulous deck for lounging & A/C. Perfect for a family; comfortably sleeps 8 people. Walk to lake & shops, easy bus to downtown. Our home offers views of Lake Washington and the Cascades from all 3 levels.  Main level offers gourmet kitchen; a large deck with sliding glass doors, which allows for a spacious indoor/outdoor dining area (gas grill & picnic table available); dining room and 2 living rooms for lounging.   Upper level has 3 bedrooms.  Master bedroom has king size bed and master bath with shower and bathtub.  2nd room has a twin bed.  3rd room has a bunk bed (queen bed + twin).  A second bathroom also available on this level. Lower level includes an entertainment area with large cozy couch and TV (cable and DVDs for kids & adults available); guest bedroom (full size bed); play room for kids (could also use as an extra bedroom with inflatable mattress); bath",none,"From our home, you can walk 5 blocks North to the Madrona shops or 5 blocks East to the Leschi shops and enjoy fabulous restaurants and boutique shops. We are a short 10-minute walk down the hill to Madrona beach (on Lake Washington), parks and nature hikes. Easy access to I-90 if want to head to East side for hiking or visit Bellevue/Mercer Island, etc.  Can ride bikes or run through our quiet neighborhood and continue along the lake front for miles to Seward Park and beyond.  Madrona is centrally located - by car, 10 minutes to downtown, the University of Washington, Capitol Hill neighborhood for nightlife (clubs, music, etc.).  Five blocks to local library, two local markets, bike shop, coffee shops, restaurants, cafes, parks and much more.  4 grocery stores (Trader Joes, Safeway, Red Apple &, Grocery outlet) and a Walgreens or Safeway Pharmacy within 5 minutes.",We have a trampoline in the back yard.  Guests may enjoy and are responsible for their own safety.,"#3 bus, which takes you to downtown and Seattle Center/Queen Ann neighborhood is located 2 blocks away.  Easy to bike and walk to local areas as well.  Once downtown, you can catch buses easily to other areas of town.",https://a1.muscache.com/ac/pictures/47013727/ab19c88f_original.jpg?interpolation=lanczos-none&size=small&output-format=jpg&output-quality=70,https://a1.muscache.com/im/pictures/47013727/ab19c88f_original.jpg?aki_policy=medium,https://a1.muscache.com/ac/pictures/47013727/ab19c88f_original.jpg?interpolation=lanczos-none&size=large_cover&output-format=jpg&output-quality=70,https://a1.muscache.com/ac/pictures/47013727/ab19c88f_original.jpg?interpolation=lanczos-none&size=x_large_cover&output-format=jpg&output-quality=70,19048175,https://www.airbnb.com/users/show/19048175,Pam,2014-07-28,"Seattle, Washington, United States","We enjoy traveling and would love to share our Urban Oasis with guests so they too can enjoy all the beauty that Seattle has to offer - the mountains, water, lush vegetation, the cuisine, the people, the music and culture.  My husband and I are very active people.  We enjoy skiing, tennis, sailing, hiking, camping, biking and playing music.  ",,,,f,"https://a1.muscache.com/ac/users/19048175/profile_pic/1406573755/original.jpg?interpolation=lanczos-none&crop=w:w;*,*&crop=h:h;*,*&resize=50:*&output-format=jpg&output-quality=70","https://a1.muscache.com/ac/users/19048175/profile_pic/1406573755/original.jpg?interpolation=lanczos-none&crop=w:w;*,*&crop=h:h;*,*&resize=225:*&output-format=jpg&output-quality=70",Leschi,1.0,1.0,"['email', 'phone', 'reviews']",t,f,"36th Avenue, Seattle, WA 98122, United States",Leschi,Leschi,Central Area,Seattle,WA,98122,Seattle,"Seattle, WA",US,United States,47.606884329734136,-122.28724188509948,t,House,Entire home/apt,8,3.5,5.0,5.0,Real Bed,"{TV,""Cable TV"",Internet,""Wireless Internet"",""Air Conditioning"",Kitchen,""Free Parking on Premises"",""Pets live on this property"",""Other pet(s)"",""Indoor Fireplace"",Heating,""Family/Kid Friendly"",Washer,Dryer,""Smoke Detector"",""Carbon Monoxide Detector"",""First Aid Kit"",""Safety Card"",""Fire Extinguisher"",Essentials,Shampoo}",,$500.00,,,$500.00,$250.00,1,$0.00,3,30,5 months ago,t,0,0,0,0,2016-01-04,3,2014-08-15,2015-08-31,93.0,9.0,9.0,10.0,10.0,9.0,8.0,f,,WASHINGTON,f,strict,f,f,1,0.18
6512378,https://www.airbnb.com/rooms/6512378,20160104002432,2016-01-04,Quiet Place in a Busy City,Private room in a 2 bedroom townhouse in nice Seattle neighborhood.,Comfortable room with a full size bed.  Perfect space for one person.,"Private room in a 2 bedroom townhouse in nice Seattle neighborhood. Comfortable room with a full size bed.  Perfect space for one person. Bedroom, Shared Bath, Deck, Living room We live here, so interact as much as you want, or not at all if you prefer some alone time. Quiet residential area. 3 City bus routes will get you to/from our place to the city center or surrounding suburbs",none,Quiet residential area.,,3 City bus routes will get you to/from our place to the city center or surrounding suburbs,https://a2.muscache.com/ac/pictures/81903676/e3f5edd6_original.jpg?interpolation=lanczos-none&size=small&output-format=jpg&output-quality=70,https://a2.muscache.com/im/pictures/81903676/e3f5edd6_original.jpg?aki_policy=medium,https://a2.muscache.com/ac/pictures/81903676/e3f5edd6_original.jpg?interpolation=lanczos-none&size=large_cover&output-format=jpg&output-quality=70,https://a2.muscache.com/ac/pictures/81903676/e3f5edd6_original.jpg?interpolation=lanczos-none&size=x_large_cover&output-format=jpg&output-quality=70,34049026,https://www.airbnb.com/users/show/34049026,Art And Jamie,2015-05-23,"Seattle, Washington, United States","Art is from Alaska and Jamie is from Mississippi.  We met 12 years ago and decided to make our home here in Seattle.  We love and know the city well.  We are laid back, open minded and welcoming of everybody.  We love to travel, but not getting to do it often enough, the next best thing is to host visitors.   We would love to have you as our guest.   ",within a day,100%,100%,f,"https://a1.muscache.com/ac/users/34049026/profile_pic/1432403741/original.jpg?interpolation=lanczos-none&crop=w:w;*,*&crop=h:h;*,*&resize=50:*&output-format=jpg&output-quality=70","https://a1.muscache.com/ac/users/34049026/profile_pic/1432403741/original.jpg?interpolation=lanczos-none&crop=w:w;*,*&crop=h:h;*,*&resize=225:*&output-format=jpg&output-quality=70",Leschi,1.0,1.0,"['email', 'phone', 'reviews', 'jumio']",t,t,"29th Avenue South, Seattle, WA 98144, United States",Leschi,Leschi,Central Area,Seattle,WA,98144,Seattle,"Seattle, WA",US,United States,47.59254367665021,-122.29393824358316,t,Townhouse,Private room,1,1.0,1.0,1.0,Real Bed,"{TV,""Cable TV"",Internet,""Wireless Internet"",""Air Conditioning"",Kitchen,""Free Parking on Premises"",Heating,Washer,Dryer,""Smoke Detector"",""Fire Extinguisher"",Essentials}",,$55.00,$275.00,,,,1,$0.00,1,1125,3 weeks ago,t,6,36,66,341,2016-01-04,12,2015-05-29,2015-12-01,97.0,10.0,10.0,10.0,10.0,9.0,10.0,f,,WASHINGTON,f,flexible,f,f,1,1.63
785830,https://www.airbnb.com/rooms/785830,20160104002432,2016-01-04,Seattle View Home Near Lake/Downtow,"We're in Madrona, a lovely, residential lake view neighborhood just 10 minutes from downtown attractions of the Mariners & Seahawks stadiums, Seattle Art Museum & the Aquarium. Stroll on Lake Washington in the morning, dine on Puget Sound at sunset.","Complete remodelled 5-bedroom, four-bath Seattle craftsman in the historic, tree-lined neighborhood of Madrona. Just ten minutes from downtown with a view of the Olympic Mountains. Chef's kitchen opens to private 400-square-foot outdoor blue stone desk. Walk to village of Madrona and enjoy wonderful restaurants, live music, fine bakeries, park and Molly Moon's gourmet ice cream. Hop on a car-free path for the ten minutes walk through Madrona Woods to the shore of Lake Washington. Take the bus downtown in 13 minutes. Or just soak in our giant bathtub or enjoy the sunset on the deck.  We have two bedrooms with queen beds, one bedroom with a full size bed, one bedroom with a twin bed, and one bedroom with bunk beds. So we sleep a total of 9-10 people comfortably.","We're in Madrona, a lovely, residential lake view neighborhood just 10 minutes from downtown attractions of the Mariners & Seahawks stadiums, Seattle Art Museum & the Aquarium. Stroll on Lake Washington in the morning, dine on Puget (EMAIL HIDDEN)plete remodelled 5-bedroom, four-bath Seattle craftsman in the historic, tree-lined neighborhood of Madrona. Just ten minutes from downtown with a view of the Olympic Mountains. Chef's kitchen opens to private 400-square-foot outdoor blue stone desk. Walk to village of Madrona and enjoy wonderful restaurants, live music, fine bakeries, park and Molly Moon's gourmet ice cream. Hop on a car-free path for the ten minutes walk through Madrona Woods to the shore of Lake Washington. Take the bus downtown in 13 minutes. Or just soak in our giant bathtub or enjoy the sunset on the deck.  We have two bedrooms with queen beds, one bedroom with a full size bed, one bedroom with a twin bed, and one bedroom with bunk beds. So we sleep a total of 9-10 peopl",none,"Historic and walkable, with a park, library, nationally sought after boutique like Glassy Baby and Hitchcock jewelry, neighborhood cafes like St. Clouds and Hi-Spot, the wine bar, and coffee shops like Verite & Cupcake Royale. Close to Capitol Hill and Madison Park. Art walk on Saturdays!",,"We use the number 2 and number 3 buses often to get downtown as they leave a block from our home. This routes run often and serve the Central District, First Hill, Downtown Seattle, Belltown, Seattle Center West, West Queen Anne, and Ballard. Car-to-go is readily available in our neighborhood as well.",https://a1.muscache.com/ac/pictures/11025644/038fa78a_original.jpg?interpolation=lanczos-none&size=small&output-format=jpg&output-quality=70,https://a1.muscache.com/im/pictures/11025644/038fa78a_original.jpg?aki_policy=medium,https://a1.muscache.com/ac/pictures/11025644/038fa78a_original.jpg?interpolation=lanczos-none&size=large_cover&output-format=jpg&output-quality=70,https://a1.muscache.com/ac/pictures/11025644/038fa78a_original.jpg?interpolation=lanczos-none&size=x_large_cover&output-format=jpg&output-quality=70,4142902,https://www.airbnb.com/users/show/4142902,Heath,2012-11-13,US,,within a few hours,100%,100%,f,"https://a1.muscache.com/ac/users/4142902/profile_pic/1352855256/original.jpg?interpolation=lanczos-none&crop=w:w;*,*&crop=h:h;*,*&resize=50:*&output-format=jpg&output-quality=70","https://a1.muscache.com/ac/users/4142902/profile_pic/1352855256/original.jpg?interpolation=lanczos-none&crop=w:w;*,*&crop=h:h;*,*&resize=225:*&output-format=jpg&output-quality=70",Leschi,1.0,1.0,"['email', 'phone', 'reviews']",t,f,"33rd Ave, Seattle, WA 98122, United States",Leschi,Leschi,Central Area,Seattle,WA,98122,Seattle,"Seattle, WA",US,United States,47.60673689580716,-122.2900877360172,t,House,Entire home/apt,8,3.5,5.0,5.0,Real Bed,"{TV,""Cable TV"",Internet,""Wireless Internet"",Kitchen,""Free Parking on Premises"",""Family/Kid Friendly"",Washer,Dryer}",,$400.00,"$2,700.00","$10,000.00",,$120.00,1,$0.00,5,365,3 months ago,t,0,0,0,72,2016-01-04,2,2014-08-16,2015-08-14,100.0,10.0,10.0,9.0,10.0,9.0,10.0,f,,WASHINGTON,f,moderate,f,f,1,0.12
8616606,https://www.airbnb.com/rooms/8616606,20160104002432,2016-01-04,Modern 2BR/2BA in Heart of Seattle,"Beautiful modern craftsman house located in Leschi neighborhood of Seattle. Centrally located - just minutes away from Downtown, Light Rail, Highways, Lake Washington waterfront, Capitol Hill, Madison Park, Pioneer Square and International District.","- 10min drive to downtown and Capitol Hill. - 7min drive to Madison Park. - 8min drive from Mt Baker Light Rail Station (from/to airport). - 3 blocks from Lake Washington water view. - 1 block away from bus stop, 20min bus ride to downtown.","Beautiful modern craftsman house located in Leschi neighborhood of Seattle. Centrally located - just minutes away from Downtown, Light Rail, Highways, Lake Washington waterfront, Capitol Hill, Madison Park, Pioneer Square and International District. Entire house, except for locked doors and garage. Please feel free to contact me if you have any questions regarding your stay. In addition, I'm happy to provide any recommendations on what to do, where to eat, and what to see around town! - 10min drive to downtown and Capitol Hill. - 7min drive to Madison Park. - 8min drive from Mt Baker Light Rail Station (from/to airport). - 3 blocks from Lake Washington water view. - 1 block away from bus stop, 20min bus ride to downtown. If you encounter any urgent issues with your stay, please feel free to contact me via text.",none,- 10min drive to downtown and Capitol Hill. - 7min drive to Madison Park. - 8min drive from Mt Baker Light Rail Station (from/to airport). - 3 blocks from Lake Washington water view.,"If you encounter any urgent issues with your stay, please feel free to contact me via text.","- 1 block away from bus stop, 20min bus ride to downtown.",https://a2.muscache.com/ac/pictures/110593791/4bc1f167_original.jpg?interpolation=lanczos-none&size=small&output-format=jpg&output-quality=70,https://a2.muscache.com/im/pictures/110593791/4bc1f167_original.jpg?aki_policy=medium,https://a2.muscache.com/ac/pictures/110593791/4bc1f167_original.jpg?interpolation=lanczos-none&size=large_cover&output-format=jpg&output-quality=70,https://a2.muscache.com/ac/pictures/110593791/4bc1f167_original.jpg?interpolation=lanczos-none&size=x_large_cover&output-format=jpg&output-quality=70,45328434,https://www.airbnb.com/users/show/45328434,Kerry,2015-09-29,US,,within an hour,100%,100%,f,"https://a1.muscache.com/ac/users/45328434/profile_pic/1444100159/original.jpg?interpolation=lanczos-none&crop=w:w;*,*&crop=h:h;*,*&resize=50:*&output-format=jpg&output-quality=70","https://a1.muscache.com/ac/users/45328434/profile_pic/1444100159/original.jpg?interpolation=lanczos-none&crop=w:w;*,*&crop=h:h;*,*&resize=225:*&output-format=jpg&output-quality=70",Leschi,1.0,1.0,"['phone', 'reviews']",t,f,"29th Avenue South, Seattle, WA 98144, United States",Leschi,Leschi,Central Area,Seattle,WA,98144,Seattle,"Seattle, WA",US,United States,47.592207947967154,-122.29500317024632,t,House,Entire home/apt,4,2.5,2.0,2.0,Real Bed,"{TV,Internet,""Wireless Internet"",""Air Conditioning"",Kitchen,""Indoor Fireplace"",Heating,""Family/Kid Friendly"",Washer,Dryer,""Smoke Detector"",Essentials,Shampoo}",,$105.00,$850.00,"$2,800.00",,$85.00,1,$0.00,2,1125,today,t,20,48,74,347,2016-01-04,14,2015-10-13,2015-12-31,97.0,10.0,9.0,10.0,10.0,10.0,10.0,f,,WASHINGTON,f,moderate,f,f,1,5.0
5078244,https://www.airbnb.com/rooms/5078244,20160104002432,2016-01-04,Private room heart of Seattle!,Be close to downtown without the noise in desirable Leschi neighborhood!  Bed I am offering is a hide-a-bed in second room I am currently using as an office.  Perfect for anyone looking for a cross between something economical and value!,,"Be close to downtown without the noise in desirable Leschi neighborhood!  Bed I am offering is a hide-a-bed in second room I am currently using as an office.  Perfect for anyone looking for a cross between something economical and value! Guests will have their own key I live in the desirable Leschi neighborhood, just minutes from downtown (by car) to the west and a short hike down to Lake Washington to the east. There is a bus stop right in front of the building, that can take you all around Seattle and what it has to offer I do not book more than 30 days in advance, and will not book a stay longer than approximately one month.",none,"I live in the desirable Leschi neighborhood, just minutes from downtown (by car) to the west and a short hike down to Lake Washington to the east.","I do not book more than 30 days in advance, and will not book a stay longer than approximately one month.","There is a bus stop right in front of the building, that can take you all around Seattle and what it has to offer",https://a2.muscache.com/ac/pictures/73318710/dddeac6e_original.jpg?interpolation=lanczos-none&size=small&output-format=jpg&output-quality=70,https://a2.muscache.com/im/pictures/73318710/dddeac6e_original.jpg?aki_policy=medium,https://a2.muscache.com/ac/pictures/73318710/dddeac6e_original.jpg?interpolation=lanczos-none&size=large_cover&output-format=jpg&output-quality=70,https://a2.muscache.com/ac/pictures/73318710/dddeac6e_original.jpg?interpolation=lanczos-none&size=x_large_cover&output-format=jpg&output-quality=70,26225259,https://www.airbnb.com/users/show/26225259,Alberto Stein,2015-01-16,"Seattle, Washington, United States",,within an hour,90%,100%,f,"https://a0.muscache.com/ac/users/26225259/profile_pic/1421457502/original.jpg?interpolation=lanczos-none&crop=w:w;*,*&crop=h:h;*,*&resize=50:*&output-format=jpg&output-quality=70","https://a0.muscache.com/ac/users/26225259/profile_pic/1421457502/original.jpg?interpolation=lanczos-none&crop=w:w;*,*&crop=h:h;*,*&resize=225:*&output-format=jpg&output-quality=70",Leschi,1.0,1.0,"['email', 'phone', 'reviews', 'kba']",t,t,"East Yesler Way, Seattle, WA 98122, United States",Leschi,Leschi,Central Area,Seattle,WA,98122,Seattle,"Seattle, WA",US,United States,47.60161606791941,-122.29437983336092,t,Apartment,Private room,2,1.0,1.0,1.0,Pull-out Sofa,"{""Wireless Internet"",Kitchen,""Family/Kid Friendly"",Washer,Dryer,""Smoke Detector"",""Carbon Monoxide Detector"",Essentials}",,$39.00,$250.00,,,,1,$0.00,1,1125,today,t,21,51,81,356,2016-01-04,54,2015-04-09,2015-12-25,82.0,9.0,7.0,9.0,9.0,9.0,9.0,f,,WASHINGTON,f,flexible,f,f,1,5.98
7921278,https://www.airbnb.com/rooms/7921278,20160104002432,2016-01-04,The Nest,"Our large light and comfy second bedroom includes a memory foam mattress, desk, large closet, mini fridge and coffee station. 5-10 Minutes away from Downtown, Capitol Hill, Beacon Hill, Madrona, Mt. Baker but in a quiet neighborhood and 100 yards away from bus route.","Plenty of Free Parking.  HBO GO, Netflix and Hulu, Apple TV (ESPN,FOX,SHOWTIME,CNN, etc. FREE ORCA card for the time of your stay( bus, light-rail).","Our large light and comfy second bedroom includes a memory foam mattress, desk, large closet, mini fridge and coffee station. 5-10 Minutes away from Downtown, Capitol Hill, Beacon Hill, Madrona, Mt. Baker but in a quiet neighborhood and 100 yards away from bus route. Plenty of Free Parking.  HBO GO, Netflix and Hulu, Apple TV (ESPN,FOX,SHOWTIME,CNN, etc. FREE ORCA card for the time of your stay( bus, light-rail). Checking in without one of the host. #1 Retrieve the key out of the lockbox near the front door. (CODE will be sent day of checkin). #2 Enter through the backdoor #3 your room is to the left when you face the (website hidden): Two remotes 1 for the TV and the other for Apple TV device -power on the TV, and hit any button on the apple remote. (your ready to choose from (HBO GO, NETFLIX, HULU LAUNDRY: Quarters for one load located on your night stand near your welcome message. Key - Laundry Key is the additional key on your key ring -the laundry room is located out the back door",none,Close access to public transportation.,"We have 3 cars available for rent on Relay rides, zip code 98144","Drive Time  Downtown SEA- 8 minute University District 10-15 minutes Capitol Hill- 5 minutes Beacon Hill/Columbia City - 5 Minutes Mt Baker 2 minutes away  Lower Queen Anne 10 minute drive  Madrone 2 minute drive Walking and public transit Light rail is a 15 minute walk from your Airbnb  Bus stop 4,8,14 2-5 minutes away from your Airbnb",https://a2.muscache.com/ac/pictures/f1666297-5711-49bd-9122-43f2a55d706e.jpg?interpolation=lanczos-none&size=small&output-format=jpg&output-quality=70,https://a2.muscache.com/im/pictures/f1666297-5711-49bd-9122-43f2a55d706e.jpg?aki_policy=medium,https://a2.muscache.com/ac/pictures/f1666297-5711-49bd-9122-43f2a55d706e.jpg?interpolation=lanczos-none&size=large_cover&output-format=jpg&output-quality=70,https://a2.muscache.com/ac/pictures/f1666297-5711-49bd-9122-43f2a55d706e.jpg?interpolation=lanczos-none&size=x_large_cover&output-format=jpg&output-quality=70,38245647,https://www.airbnb.com/users/show/38245647,Quay&Wren,2015-07-12,US,"We are two young women, working professionals in our 30s, who work full time and have our own business. We are quiet,humble and enjoy people. ",within an hour,100%,100%,f,"https://a2.muscache.com/ac/pictures/b7a04c31-49c4-488f-a437-cbb444b67e93.jpg?interpolation=lanczos-none&crop=w:w;*,*&crop=h:h;*,*&resize=50:*&output-format=jpg&output-quality=70","https://a2.muscache.com/ac/pictures/b7a04c31-49c4-488f-a437-cbb444b67e93.jpg?interpolation=lanczos-none&crop=w:w;*,*&crop=h:h;*,*&resize=225:*&output-format=jpg&output-quality=70",Minor,2.0,2.0,"['email', 'phone', 'facebook', 'linkedin', 'reviews', 'jumio']",t,t,"28th Ave S, Seattle, WA 98144, United States",,Leschi,Central Area,Seattle,WA,98144,Seattle,"Seattle, WA",US,United States,47.59788773837028,-122.29696275509468,f,Apartment,Private room,2,1.0,1.0,2.0,Real Bed,"{TV,Internet,""Wireless Internet"",""Free Parking on Premises"",""Pets live on this property"",""Other pet(s)"",Heating,""Family/Kid Friendly"",Washer,Dryer,""Smoke Detector"",""Carbon Monoxide Detector"",""First Aid Kit"",""Fire Extinguisher"",Essentials,Shampoo}",,$50.00,$325.00,"$1,300.00",$99.00,$50.00,1,$15.00,1,33,3 days ago,t,17,47,77,352,2016-01-04,10,2015-08-31,2015-12-02,100.0,10.0,10.0,10.0,10.0,9.0,10.0,f,,WASHINGTON,f,strict,f,f,2,2.36
8016610,https://www.airbnb.com/rooms/8016610,20160104002432,2016-01-04,Cute 2 BR/1 BA in Central Seattle,"This cute two bedroom, one bathroom house in Central Seattle has a full kitchen, and enough room for you and your guests. The living room is a great place to hang out with friends, as is the outdoor patio.","The Space This cute two bedroom, one bathroom house in Central Seattle has a full kitchen, and enough room for you and your guests. The living room is a great place to hang out with friends, as is the outdoor patio.  The Neighborhood Central Seattle is an ideal location and this is a nice house for exploring Seattle. It's convenient to restaurants, shopping, entertainment, and more. This home is also near Colman Park, Judkins Park and Playfield, Pratt Park, or Waterfall Garden. Or for the traveller who enjoys shopping, make a trip to Two Big Blondes, The Polka Dot Jersey, and Hosekibako. And of course, you're never far from water when you're staying in Seattle! Getting Around There are lots of bus stops within walking distance, especially on the nearby 31st Avenue. If you have a car, the I-90 Expressway is also easily accessible and can take you to Mercer Island and Bellevue.  Other Things to Note This cute home is the perfect destination after spending your day exploring Seattle! Plea","This cute two bedroom, one bathroom house in Central Seattle has a full kitchen, and enough room for you and your guests. The living room is a great place to hang out with friends, as is the outdoor patio. The Space This cute two bedroom, one bathroom house in Central Seattle has a full kitchen, and enough room for you and your guests. The living room is a great place to hang out with friends, as is the outdoor patio.  The Neighborhood Central Seattle is an ideal location and this is a nice house for exploring Seattle. It's convenient to restaurants, shopping, entertainment, and more. This home is also near Colman Park, Judkins Park and Playfield, Pratt Park, or Waterfall Garden. Or for the traveller who enjoys shopping, make a trip to Two Big Blondes, The Polka Dot Jersey, and Hosekibako. And of course, you're never far from water when you're staying in Seattle! Getting Around There are lots of bus stops within walking distance, especially on the nearby 31st Avenue. If you have a car,",none,,,,https://a0.muscache.com/ac/pictures/105984563/eade9412_original.jpg?interpolation=lanczos-none&size=small&output-format=jpg&output-quality=70,https://a0.muscache.com/im/pictures/105984563/eade9412_original.jpg?aki_policy=medium,https://a0.muscache.com/ac/pictures/105984563/eade9412_original.jpg?interpolation=lanczos-none&size=large_cover&output-format=jpg&output-quality=70,https://a0.muscache.com/ac/pictures/105984563/eade9412_original.jpg?interpolation=lanczos-none&size=x_large_cover&output-format=jpg&output-quality=70,31672756,https://www.airbnb.com/users/show/31672756,Simon,2015-04-21,"Seattle, Washington, United States",,within an hour,100%,100%,f,"https://a1.muscache.com/ac/users/31672756/profile_pic/1440388848/original.jpg?interpolation=lanczos-none&crop=w:w;*,*&crop=h:h;*,*&resize=50:*&output-format=jpg&output-quality=70","https://a1.muscache.com/ac/users/31672756/profile_pic/1440388848/original.jpg?interpolation=lanczos-none&crop=w:w;*,*&crop=h:h;*,*&resize=225:*&output-format=jpg&output-quality=70",Leschi,1.0,1.0,"['email', 'phone', 'reviews', 'jumio']",t,t,"28th Avenue South, Seattle, WA 98144, United States",Leschi,Leschi,Central Area,Seattle,WA,98144,Seattle,"Seattle, WA",US,United States,47.59481013397341,-122.2961644926146,t,House,Entire home/apt,4,1.0,2.0,2.0,Real Bed,"{TV,Internet,""Wireless Internet"",Kitchen,Heating,Washer,Dryer,""Smoke Detector"",""Carbon Monoxide Detector"",Essentials,Shampoo}",,$129.00,,,$200.00,$78.00,4,$50.00,2,15,2 days ago,t,24,54,84,229,2016-01-04,7,2015-09-07,2015-12-29,100.0,10.0,10.0,10.0,10.0,9.0,10.0,f,,WASHINGTON,f,strict,f,f,1,1.75
4468524,https://www.airbnb.com/rooms/4468524,20160104002432,2016-01-04,Yellow Room is Top Floor Top Notch!,"This room gets access to a balcony for viewing the Lake Washington, Sea Fair Air Show. Second floor bedroom faces East, overlooks the Cascades & Downtown Bellevue's Fireworks shows. It has a ceiling fan, maple floors, and a single bed.","This room was built for a single person to arrive with only your clothes, and focused on your activities, which is why its fully furnished with bedding (sheets/blankets/pillow/mattress cover), lamp, towels & rack, chairs, and lots of storage space.  Put your belongings under lock & key (included), for safe keeping when you go out.","This room gets access to a balcony for viewing the Lake Washington, Sea Fair Air Show. Second floor bedroom faces East, overlooks the Cascades & Downtown Bellevue's Fireworks shows. It has a ceiling fan, maple floors, and a single bed. This room was built for a single person to arrive with only your clothes, and focused on your activities, which is why its fully furnished with bedding (sheets/blankets/pillow/mattress cover), lamp, towels & rack, chairs, and lots of storage space.  Put your belongings under lock & key (included), for safe keeping when you go out. One of 2 full bathrooms is always available for a max of 5 persons, living in the home. The large isolated kitchen has no rooms above or below it and its own door, so you can cook or do laundry late, w/o disturbing anyone, and two people can easily cook meals at the same time. I'm always available to advise on almost any subject that will help to get you around the city to a venue as quickly and safely as I can. If you like to ",none,"This is a quiet well maintained residential neighborhood with lots of old maple and fir trees lining the streets and free parking up to 3 days. Most of the homes are single family, but popular demand far out weighs the supply, so change is coming.  ",,"Several bus lines are within 2 blocks (in 3 directions) walking distance of the house, which take you directly to the popular schools (SU, SCCC, UW), hospitals (Harborview, Swedish, V Mason), sites (Sea Hawks, Sounders, or Mariners Games, Space Needle, Underground City) or to Chinatown & King St. Train Station and Pike Place Market in the core of downtown, door-to-door within 30 minutes after leaving home. ",https://a0.muscache.com/ac/pictures/56119638/3538322a_original.jpg?interpolation=lanczos-none&size=small&output-format=jpg&output-quality=70,https://a0.muscache.com/im/pictures/56119638/3538322a_original.jpg?aki_policy=medium,https://a0.muscache.com/ac/pictures/56119638/3538322a_original.jpg?interpolation=lanczos-none&size=large_cover&output-format=jpg&output-quality=70,https://a0.muscache.com/ac/pictures/56119638/3538322a_original.jpg?interpolation=lanczos-none&size=x_large_cover&output-format=jpg&output-quality=70,21649497,https://www.airbnb.com/users/show/21649497,Jerome,2014-09-22,"Seattle, Washington, United States","The recent death of a Dear Friend is turning my life in a new & uncharted direction so its hard to describe right now.
Hi everybody, I’m Jerome and I’ll be your Host. When I’m not working on home improvement projects, I focus my thoughts on things that don’t exist, but could make life and the world better if they did. Some thoughts have matured and become issued patents, while others have kinks yet to be worked out. I record lots of my projects on video for my jeromegipson YouTube Chanel, which have received over a half million views.
I had a lot of allergies when I was young and found that I had to give up eating sugars, dairy, meat, and alcohols, but I haven’t been sick or even had a cold in over 30 years, and I wouldn’t trade my health for anything. As long as I’m able to keep up with my kids and now grand kids, in any sport, I’m happy. 
Fore",within an hour,100%,100%,t,"https://a2.muscache.com/ac/pictures/9559ab4e-6d90-445f-a048-4cd6af2d66eb.jpg?interpolation=lanczos-none&crop=w:w;*,*&crop=h:h;*,*&resize=50:*&output-format=jpg&output-quality=70","https://a2.muscache.com/ac/pictures/9559ab4e-6d90-445f-a048-4cd6af2d66eb.jpg?interpolation=lanczos-none&crop=w:w;*,*&crop=h:h;*,*&resize=225:*&output-format=jpg&output-quality=70",Leschi,4.0,4.0,"['email', 'phone', 'reviews', 'jumio']",t,t,"30th Avenue, Seattle, WA 98122, United States",Leschi,Leschi,Central Area,Seattle,WA,98122,Seattle,"Seattle, WA",US,United States,47.60429647452136,-122.29435859796423,t,House,Private room,1,2.0,1.0,1.0,Real Bed,"{""Wireless Internet"",Heating,""Smoke Detector"",""Carbon Monoxide Detector"",""Fire Extinguisher"",Essentials}",,$44.00,,,,,0,$0.00,2,7,2 months ago,t,18,48,78,353,2016-01-04,41,2014-12-03,2015-12-31,99.0,10.0,10.0,10.0,10.0,10.0,10.0,f,,WASHINGTON,f,flexible,f,f,4,3.09
8424532,https://www.airbnb.com/rooms/8424532,20160104002432,2016-01-04,Ideal Home for Small Reunions,"Lge  home- corner lot -walking distance to Lake Washington, shops,  restaurants.  1.5 miles from downtown Seattle.  3 large bdrms, 2 bths top floor, living, dining, large kitchen main floor.  2 bdrms  1 bth, media rm lower floor. deck, fenced bkyard.",,"Lge  home- corner lot -walking distance to Lake Washington, shops,  restaurants.  1.5 miles from downtown Seattle.  3 large bdrms, 2 bths top floor, living, dining, large kitchen main floor.  2 bdrms  1 bth, media rm lower floor. deck, fenced bkyard.",none,,,,https://a0.muscache.com/ac/pictures/107150138/03e8c5b3_original.jpg?interpolation=lanczos-none&size=small&output-format=jpg&output-quality=70,https://a0.muscache.com/im/pictures/107150138/03e8c5b3_original.jpg?aki_policy=medium,https://a0.muscache.com/ac/pictures/107150138/03e8c5b3_original.jpg?interpolation=lanczos-none&size=large_cover&output-format=jpg&output-quality=70,https://a0.muscache.com/ac/pictures/107150138/03e8c5b3_original.jpg?interpolation=lanczos-none&size=x_large_cover&output-format=jpg&output-quality=70,658155,https://www.airbnb.com/users/show/658155,Joe,2011-06-02,"Seattle, Washington, United States",Addicted renovator of homes.  Love helping people enjoy the awesome City of Seattle.,within an hour,100%,100%,t,"https://a2.muscache.com/ac/users/658155/profile_pic/1307117042/original.jpg?interpolation=lanczos-none&crop=w:w;*,*&crop=h:h;*,*&resize=50:*&output-format=jpg&output-quality=70","https://a2.muscache.com/ac/users/658155/profile_pic/1307117042/original.jpg?interpolation=lanczos-none&crop=w:w;*,*&crop=h:h;*,*&resize=225:*&output-format=jpg&output-quality=70",Capitol Hill,13.0,13.0,"['email', 'phone', 'reviews', 'kba']",t,t,"32nd Avenue, Seattle, WA 98122, United States",Leschi,Leschi,Central Area,Seattle,WA,98122,Seattle,"Seattle, WA",US,United States,47.604379217920886,-122.29111533563513,t,House,Entire home/apt,12,3.5,5.0,8.0,Real Bed,"{TV,""Cable TV"",Internet,""Wireless Internet"",""Air Conditioning"",Kitchen,""Indoor Fireplace"",Heating,""Family/Kid Friendly"",Washer,Dryer,""Smoke Detector"",Essentials,Shampoo}",,$350.00,,,$500.00,$250.00,1,$0.00,7,1125,today,t,18,40,70,292,2016-01-04,2,2015-10-08,2015-10-30,100.0,10.0,10.0,10.0,10.0,10.0,10.0,f,,WASHINGTON,f,strict,f,f,1,0.67
6990882,https://www.airbnb.com/rooms/6990882,20160104002432,2016-01-04,Modern charm in heart of Seattle,"Built in 2015. Convenient to City - 10 min to downtown by direct bus line on the corner!  Please expand ""Description"" and ""House Rules"" then read them carefully for early check-in and instant booking!","This is listing for entire single family home - 1821sqft plus attached garage. I have one brand-new king size bed with top quality memory form mattress in master room which has a balcony, and two brand-new queen size beds with memory form mattress in another two rooms. If you're group is more than 10 people, please consider renting the next door as well.(Please inquire first) 10 seconds by walk: https://www.airbnb.com/rooms/8104742 Equipped with:  - 70"" LED TV plus AppleTV for guest use.  - Quartz counter top on cabinets and island.  - Nice wooden 8' table from Restoration Hardware which can host 8+ people.  - Keurig 2.0 Coffee Brewer. Keeping bunch of K-cups available but it would be great for you if you bring your own favorite K-cups.  - Most-comfortable-ever motorized sectional (has 4 recliners). Pretty sure you don't want to go to bed :)  - Queen size air mattress.  - Massage chair!","Built in 2015. Convenient to City - 10 min to downtown by direct bus line on the corner!  Please expand ""Description"" and ""House Rules"" then read them carefully for early check-in and instant booking! This is listing for entire single family home - 1821sqft plus attached garage. I have one brand-new king size bed with top quality memory form mattress in master room which has a balcony, and two brand-new queen size beds with memory form mattress in another two rooms. If you're group is more than 10 people, please consider renting the next door as well.(Please inquire first) 10 seconds by walk: https://www.airbnb.com/rooms/8104742 Equipped with:  - 70"" LED TV plus AppleTV for guest use.  - Quartz counter top on cabinets and island.  - Nice wooden 8' table from Restoration Hardware which can host 8+ people.  - Keurig 2.0 Coffee Brewer. Keeping bunch of K-cups available but it would be great for you if you bring your own favorite K-cups.  - Most-comfortable-ever motorized sectional (has 4 ",none,,"1. Although the check in time is 7PM, you can check in at any time after previous guests checked out. However if you want to check in earlier, please note that the cleaning will be done by 5 to 7PM in case previous guests checked out on the same day. 2. Please note that sometimes I can't arrange cleaning service so drop the price significantly to make your stay plus cleaning fee less than or equal to normal rate. If you think the price is too low, please assume that it is the case below. You may want to inquire first:  - You check in a messy house so you need to clean whatever you want to use but it's OK for you to leave without cleaning any.",,https://a2.muscache.com/ac/pictures/88621841/fd0982cf_original.jpg?interpolation=lanczos-none&size=small&output-format=jpg&output-quality=70,https://a2.muscache.com/im/pictures/88621841/fd0982cf_original.jpg?aki_policy=medium,https://a2.muscache.com/ac/pictures/88621841/fd0982cf_original.jpg?interpolation=lanczos-none&size=large_cover&output-format=jpg&output-quality=70,https://a2.muscache.com/ac/pictures/88621841/fd0982cf_original.jpg?interpolation=lanczos-none&size=x_large_cover&output-format=jpg&output-quality=70,32807985,https://www.airbnb.com/users/show/32807985,Ted,2015-05-07,"Seattle, Washington, United States","Programmer, occasionally fixing home, newbie in wood working.",within an hour,100%,100%,t,"https://a2.muscache.com/ac/users/32807985/profile_pic/1435183241/original.jpg?interpolation=lanczos-none&crop=w:w;*,*&crop=h:h;*,*&resize=50:*&output-format=jpg&output-quality=70","https://a2.muscache.com/ac/users/32807985/profile_pic/1435183241/original.jpg?interpolation=lanczos-none&crop=w:w;*,*&crop=h:h;*,*&resize=225:*&output-format=jpg&output-quality=70",Leschi,5.0,5.0,"['email', 'phone', 'google', 'linkedin', 'amex', 'reviews', 'kba']",t,t,"Martin Luther King Junior Way South, Seattle, WA 98144, United States",Leschi,Leschi,Central Area,Seattle,WA,98144,Seattle,"Seattle, WA",US,United States,47.596970588919305,-122.29648174969871,t,House,Entire home/apt,10,3.5,3.0,3.0,Real Bed,"{TV,Internet,""Wireless Internet"",""Air Conditioning"",Kitchen,""Free Parking on Premises"",Heating,""Family/Kid Friendly"",""Suitable for Events"",Washer,Dryer,""Smoke Detector"",""Carbon Monoxide Detector"",""First Aid Kit"",""Fire Extinguisher"",Essentials,Shampoo,""24-Hour Check-in"",Hangers,""Hair Dryer"",""Laptop Friendly Workspace""}",,$300.00,,,$300.00,$110.00,8,$0.00,1,1125,yesterday,t,15,24,45,302,2016-01-04,31,2015-07-17,2015-12-23,97.0,10.0,10.0,10.0,10.0,9.0,10.0,f,,WASHINGTON,t,strict,f,f,5,5.41
4017140,https://www.airbnb.com/rooms/4017140,20160104002432,2016-01-04,Bed & Bath + Garden Oasis = Peace,"Enjoy a quiet 1st floor bed and bath to yourself in a modern 3 FL townhouse and a quiet garden oasis. About 15-20 minute drive to Downtown & Cap hill.  Easy access to I-90 with busses to downtown, CapHill, Seattle Center, and nearest light rail station (1.25 miles) blocks away","Enjoy a quiet stay with easy access to downtown, capital hill, and other neighborhoods.  Gay-friendly host About the house:   Modern 3 bedroom 2.5 bath bedroom with a fireplace, washer dryer and garden with a patio and BBQ.  Free on street parking. Your space: First floor bedroom and full bathroom, so you'll have the whole floor more or less to yourself.  The bedroom has direct access to patio/garden allowing you to have your own private entrance if you so choose or to read a book, relax, or enjoy morning coffee outdoors (when its not raining).   There's a BBQ on the patio that guests are welcome to use. You'll sleep on my very comfortable sofa bed (tested and approved by friends and myself) with memory foam mattress topper.  It's between a full and queen size and sleeps two comfortably.   Full bath all to yourself.   Amenities also included with the bed and bathroom are: Bedroom: Queen sized sofa bed, upholstered chair, 50"" smart tv with access to hulu, netflix, amazon instant video, ","Enjoy a quiet 1st floor bed and bath to yourself in a modern 3 FL townhouse and a quiet garden oasis. About 15-20 minute drive to Downtown & Cap hill.  Easy access to I-90 with busses to downtown, CapHill, Seattle Center, and nearest light rail station (1.25 miles) blocks away Enjoy a quiet stay with easy access to downtown, capital hill, and other neighborhoods.  Gay-friendly host About the house:   Modern 3 bedroom 2.5 bath bedroom with a fireplace, washer dryer and garden with a patio and BBQ.  Free on street parking. Your space: First floor bedroom and full bathroom, so you'll have the whole floor more or less to yourself.  The bedroom has direct access to patio/garden allowing you to have your own private entrance if you so choose or to read a book, relax, or enjoy morning coffee outdoors (when its not raining).   There's a BBQ on the patio that guests are welcome to use. You'll sleep on my very comfortable sofa bed (tested and approved by friends and myself) with memory foam matt",none,"My townhouse is located on the borders of the Leschi/Mt. Baker/Judkins Park neighborhoods, which are about 15-25 minutes south of downtown Seattle along Lake Washington.   There are great a Italian and a French restaurant, a neighborhood pizzeria, a microbrewery, and a diner short walk away.   The African American Museum, Sam Smith, Frink and Leschi (both Olmstead designed parks), the Mt. Baker viewpoint and Judkins Parks are all blocks from the house.   Lake Washington is a 15 minute walk away. If you're in the mood for a longer stroll along the lakefront, Leschi Marina and Mt. Baker Beach are just a 20-30 minute walk away.    Gorgeous views of Mt. Rainier, Mt. Baker, the Olympics, Cascades, and downtown Seattle, Bellevue, etc. abound all over the neighborhood. If you're active type, Seattle Bouldering Project (climbing gym) is just under a mile from the house and major jogging/biking trails are two blocks away. ","I own a friendly and well behaved big dog named Fenway.  He'll stay in my room on the third floor when I am not around. If you're afraid of or allergic to dogs, we might not be the right place for you. ",The #4 and #14 busses to downtown and the #8 bus to Capital Hill and the Mt Baker light rail (a little over a mile away) are a few blocks from the house.  The #48 bus to the University District is about 6 blocks away (5-10 minute walk).   Free on street parking is available. ,https://a0.muscache.com/ac/pictures/54438249/d1ff349c_original.jpg?interpolation=lanczos-none&size=small&output-format=jpg&output-quality=70,https://a0.muscache.com/im/pictures/54438249/d1ff349c_original.jpg?aki_policy=medium,https://a0.muscache.com/ac/pictures/54438249/d1ff349c_original.jpg?interpolation=lanczos-none&size=large_cover&output-format=jpg&output-quality=70,https://a0.muscache.com/ac/pictures/54438249/d1ff349c_original.jpg?interpolation=lanczos-none&size=x_large_cover&output-format=jpg&output-quality=70,20159192,https://www.airbnb.com/users/show/20159192,Michael,2014-08-17,"Seattle, Washington, United States","I'm a laid back friendly and flexible kind of guy.  I am Airbnb host because I like meeting new people, travel, and enjoy entertaining and sharing the best of my city with visitors.

I am an outdoorsy guy (snowboard in winters, hike, backpack, and boulder in the summers/fall) who dreams of having his own cabin, but loves everything the city has to offer too much to ever be able to live full-time in the country.

I studied music in college--my first love-- and am now a policy/political wonk.   In my spare time I also homebrew, make homecrafted bitters and licquers, cook, and garden.   Also enjoy a good book, a strong cup of coffee, the arts, video gaming, baseball and American football and other sports.  

Cities I've lived:  Seattle, WA; Boston, MA; Washington, D.C.; Indianapolis, IN, Manhattan, KS; Sheboygan, WI; Kingston-upon-Hull, UK; Nottingham, UK. 

Favorite travel destinations: Whistler, BC; Montreal, QB; Banff, AB; New York City, NY; San Francisco, CA; Yellowstone National Park, USA; London, UK; Roma, IT; Poisitano, IT; Firenze, IT.",within a day,100%,100%,f,"https://a2.muscache.com/ac/users/20159192/profile_pic/1424214359/original.jpg?interpolation=lanczos-none&crop=w:w;*,*&crop=h:h;*,*&resize=50:*&output-format=jpg&output-quality=70","https://a2.muscache.com/ac/users/20159192/profile_pic/1424214359/original.jpg?interpolation=lanczos-none&crop=w:w;*,*&crop=h:h;*,*&resize=225:*&output-format=jpg&output-quality=70",,1.0,1.0,"['email', 'phone', 'facebook', 'google', 'reviews', 'jumio']",t,t,"29th Ave S, Seattle, WA 98144, United States",,Leschi,Central Area,Seattle,WA,98144,Seattle,"Seattle, WA",US,United States,47.591768317579344,-122.2943216628796,f,House,Private room,2,1.0,1.0,1.0,Real Bed,"{TV,Internet,""Wireless Internet"",Kitchen,""Free Parking on Premises"",""Pets live on this property"",""Indoor Fireplace"",Heating,Washer,Dryer,""Smoke Detector"",""Fire Extinguisher"",Essentials,Shampoo}",,$53.00,$315.00,,,,0,$0.00,2,21,5 days ago,t,2,28,47,47,2016-01-04,37,2014-09-16,2015-11-16,95.0,10.0,9.0,10.0,10.0,9.0,10.0,f,,WASHINGTON,f,flexible,f,f,1,2.33
