id,listing_url,scrape_id,last_scraped,name,summary,space,description,experiences_offered,neighborhood_overview,notes,transit,thumbnail_url,medium_url,picture_url,xl_picture_url,host_id,host_url,host_name,host_since,host_location,host_about,host_response_time,host_response_rate,host_acceptance_rate,host_is_superhost,host_thumbnail_url,host_picture_url,host_neighbourhood,host_listings_count,host_total_listings_count,host_verifications,host_has_profile_pic,host_identity_verified,street,neighbourhood,neighbourhood_cleansed,neighbourhood_group_cleansed,city,state,zipcode,market,smart_location,country_code,country,latitude,longitude,is_location_exact,property_type,room_type,accommodates,bathrooms,bedrooms,beds,bed_type,amenities,square_feet,price,weekly_price,monthly_price,security_deposit,cleaning_fee,guests_included,extra_people,minimum_nights,maximum_nights,calendar_updated,has_availability,availability_30,availability_60,availability_90,availability_365,calendar_last_scraped,number_of_reviews,first_review,last_review,review_scores_rating,review_scores_accuracy,review_scores_cleanliness,review_scores_checkin,review_scores_communication,review_scores_location,review_scores_value,requires_license,license,jurisdiction_names,instant_bookable,cancellation_policy,require_guest_profile_picture,require_guest_phone_verification,calculated_host_listings_count,reviews_per_month
4288801,https://www.airbnb.com/rooms/4288801,20160104002432,2016-01-04,Beautiful Ravenna hardwood UW suite,"Quiet Ravenna neighborhood nr UW, 20 min. bus ride to downtown Seattle.  Suite with a living room, bedroom and 3/4 bath all to yourself.  New firm bed.  Allergy free bedroom (dust mite covers on queen mattress) & cork floors.  Free street parking",This is the  suite in the daylight basement of my home.  It has a bedroom as well as a separate living room that is carpeted and twice the size of the bedroom. You'll also have your own private bathroom with a shower as well. Recently painted and updated.  New and clean. No Basement smell. Carpeted living room and a cork floor in the bedroom makes it very cozy. You'll have a heater and quilt in winter and a window that opens to control your temperature. Nice and cool in the summer months. You can just see the olympic mountain range from one of the living room windows.,"Quiet Ravenna neighborhood nr UW, 20 min. bus ride to downtown Seattle.  Suite with a living room, bedroom and 3/4 bath all to yourself.  New firm bed.  Allergy free bedroom (dust mite covers on queen mattress) & cork floors.  Free street parking This is the  suite in the daylight basement of my home.  It has a bedroom as well as a separate living room that is carpeted and twice the size of the bedroom. You'll also have your own private bathroom with a shower as well. Recently painted and updated.  New and clean. No Basement smell. Carpeted living room and a cork floor in the bedroom makes it very cozy. You'll have a heater and quilt in winter and a window that opens to control your temperature. Nice and cool in the summer months. You can just see the olympic mountain range from one of the living room windows. The common areas are the dining room and kitchen upstairs. There is a moderate amount of food storage space for you on the shelves as you walk into the kitchen on your left and s",none,"It's beautiful here.  Fresh air, trees, gardens. Friendly, liberal, folks in a bedroom community to the University of Washington.  Whole Foods and PCC are grocery stores with organic produce within walking distance.  So close to Greenlake - a three mile walk or ride or roller skate or jog around the lake is a must do for ""people watching"".  Just south of here is Ravenna Park which is a beautiful old growth forest in a deep ravine, right in the middle of the city.  Ravines are typical here in hilly Seattle.   We are very close to the University District with reasonably priced restaurants, book stores, coffee shops, and the farmers market on Saturday's.","I also have am upstairs bedroom listed on airbnb.  So potentially, there will be myself, and one other guest or couple sharing this 3,000 sf, two level  house with you.  3 bedrooms, 3 bathrooms. -There is also a detached garage where you can store gear while you are staying here.","If you are working downtown ((EMAIL HIDDEN) I am located 20 minutes from downtown Seattle on the express bus (73E). The bus stop is 1 1/2 blocks from the house. It's a 5 minute walk to the buses that take you to Lake Union, Capitol Hill and Eastlake neighborhoods for restaurants and nightlife. 5 minutes to the university district by bus or walk there in 20 to 30 minutes.  Free street parking in front of the house.    From the airport:  take the m-link light rail into Seattle. Get off at Westlake Station Bay A at the end of the line. In the same bay, transfer to 73E bus headed north. Get off the bus on 15th Ave NE & NE 70th st.  My house is 2 blocks away.  Keep walking north ( the same direction the bus was going ) and turn right on NE 73rd st.  Go 1  1/2 blocks (which is 1/2 way up the hill) and you'll see my brick house on the SE corner of 16th and 73rd .",https://a1.muscache.com/ac/pictures/53879555/bbc60a8c_original.jpg?interpolation=lanczos-none&size=small&output-format=jpg&output-quality=70,https://a1.muscache.com/im/pictures/53879555/bbc60a8c_original.jpg?aki_policy=medium,https://a1.muscache.com/ac/pictures/53879555/bbc60a8c_original.jpg?interpolation=lanczos-none&size=large_cover&output-format=jpg&output-quality=70,https://a1.muscache.com/ac/pictures/53879555/bbc60a8c_original.jpg?interpolation=lanczos-none&size=x_large_cover&output-format=jpg&output-quality=70,19292422,https://www.airbnb.com/users/show/19292422,Claire,2014-08-01,"Seattle, Washington, United States","Avid outdoors person. What i can't do without? 1-wilderness (mountains and rivers) 2-my friends 3-public library 4-organic fruits and vegies and pasture raised meats 

adventure travel: have been to bhutan, ecuador, costa rica, & guatamala on white water kayaking trips; to British Columbia to  back country ski, whitewater kayak and backpack; and Austria on a bike trip in the last decade. Also like the high life when I can - Whistler for down hill skiing!

",within an hour,100%,100%,f,"https://a1.muscache.com/ac/users/19292422/profile_pic/1406937472/original.jpg?interpolation=lanczos-none&crop=w:w;*,*&crop=h:h;*,*&resize=50:*&output-format=jpg&output-quality=70","https://a1.muscache.com/ac/users/19292422/profile_pic/1406937472/original.jpg?interpolation=lanczos-none&crop=w:w;*,*&crop=h:h;*,*&resize=225:*&output-format=jpg&output-quality=70",Ravenna,2.0,2.0,"['email', 'phone', 'linkedin', 'reviews', 'jumio']",t,t,"Northeast 73rd Street, Seattle, WA 98115, United States",Ravenna,Ravenna,Other neighborhoods,Seattle,WA,98115,Seattle,"Seattle, WA",US,United States,47.67992234643474,-122.3103084980681,t,House,Private room,2,1.0,1.0,1.0,Real Bed,"{""Wireless Internet"",Kitchen,Heating,""Fire Extinguisher"",Essentials}",,$80.00,$400.00,"$1,400.00",$100.00,$20.00,2,$20.00,1,1125,5 weeks ago,t,28,32,62,337,2016-01-04,6,2014-11-29,2015-12-20,90.0,10.0,10.0,9.0,10.0,9.0,10.0,f,,WASHINGTON,f,moderate,f,f,2,0.45
5473498,https://www.airbnb.com/rooms/5473498,20160104002432,2016-01-04,Seattle UW Greenlake,"Ideal location for students, graduate/doctoral studies, internships,and travel. Wonderful fully furnished rooms available located near seattle's largest greenlake park and recreations  and university of Washington. Minutes to downtown Seattle by bus, bike or car. Walking distance to restaurants, coffee shops, café and lake","Close to Green lake park, downtown seattle, university of washington","Ideal location for students, graduate/doctoral studies, internships,and travel. Wonderful fully furnished rooms available located near seattle's largest greenlake park and recreations  and university of Washington. Minutes to downtown Seattle by bus, bike or car. Walking distance to restaurants, coffee shops, café and lake Close to Green lake park, downtown seattle, university of washington Free WiFi, cable TV, microwave, mini refrigerator in room, coin operated laundry $1 each (quarters) washer/dryer Happy to give advice and show around city if available Walk to beautiful green lake park and university of Washington. Minutes from downtown seattle by bus, car and bicycle. Metro bus trip planner (URL HIDDEN) to downtown seattle 15 minutes: routes (PHONE NUMBER HIDDEN). To Northgate mall shopping route 66, 16. To university of Washington route 48. Cab downtown $10-$15 There are many wonderful outdoor activities to explore the great pacific Northwest mountains, lakes, and rivers around th",none,"Walk to beautiful green lake park and university of Washington. Minutes from downtown seattle by bus, car and bicycle.","There are many wonderful outdoor activities to explore the great pacific Northwest mountains, lakes, and rivers around the greater Seattle metropolitan area. Many activities within walking distance or transportation to cross fit, yoga, hiking, rock climbing, skiing, snowboarding, fishing, mountain biking,bicycling, boating, sailing, soccer, futbol, basketball, skateboarding, bmx, rollerblading, movies, theatre, shopping mall, sightseeing and many restaurants","Metro bus trip planner (URL HIDDEN) to downtown seattle 15 minutes: routes (PHONE NUMBER HIDDEN). To Northgate mall shopping route 66, 16. To university of Washington route 48. Cab downtown $10-$15",https://a2.muscache.com/ac/pictures/900c2e31-42bd-418b-b92f-2bd25993b714.jpg?interpolation=lanczos-none&size=small&output-format=jpg&output-quality=70,https://a2.muscache.com/im/pictures/900c2e31-42bd-418b-b92f-2bd25993b714.jpg?aki_policy=medium,https://a2.muscache.com/ac/pictures/900c2e31-42bd-418b-b92f-2bd25993b714.jpg?interpolation=lanczos-none&size=large_cover&output-format=jpg&output-quality=70,https://a2.muscache.com/ac/pictures/900c2e31-42bd-418b-b92f-2bd25993b714.jpg?interpolation=lanczos-none&size=x_large_cover&output-format=jpg&output-quality=70,28379912,https://www.airbnb.com/users/show/28379912,Daniel James,2015-02-26,"Seattle, Washington, United States","Seahawk fan, football, Sounders fc soccer, basketball, Mariners baseball, Pac 12 sports, college sports, love coffee, love outdoors, love hot yoga, exercise, hiking, kayaking, skiing, snowboarding, boating, seafair, water skiing, camping, fishing, travelling, country/rock and roll/jazz/blues/rnb/hip hop music I listen to just about everything , concerts, I love trying new food",within a few hours,100%,100%,f,"https://a2.muscache.com/ac/pictures/2498b4e2-8b68-42dc-a382-c0301e733ff8.jpg?interpolation=lanczos-none&crop=w:w;*,*&crop=h:h;*,*&resize=50:*&output-format=jpg&output-quality=70","https://a2.muscache.com/ac/pictures/2498b4e2-8b68-42dc-a382-c0301e733ff8.jpg?interpolation=lanczos-none&crop=w:w;*,*&crop=h:h;*,*&resize=225:*&output-format=jpg&output-quality=70",Ravenna,4.0,4.0,"['email', 'phone', 'google', 'reviews', 'jumio']",t,t,"17th Avenue Northeast, Seattle, WA 98115, United States",Ravenna,Ravenna,Other neighborhoods,Seattle,WA,98115,Seattle,"Seattle, WA",US,United States,47.67857922742806,-122.30900255142302,t,House,Private room,2,1.0,1.0,1.0,Real Bed,"{TV,Internet,""Wireless Internet"",""Free Parking on Premises"",Heating,Washer,Dryer,""Smoke Detector"",""Carbon Monoxide Detector"",""Fire Extinguisher"",Essentials}",,$35.00,$208.00,$735.00,$295.00,$25.00,1,$15.00,6,31,5 weeks ago,t,5,35,65,154,2016-01-04,9,2015-04-30,2015-10-11,93.0,10.0,8.0,10.0,10.0,10.0,10.0,f,,WASHINGTON,f,strict,f,f,4,1.08
5057466,https://www.airbnb.com/rooms/5057466,20160104002432,2016-01-04,1910 Neoclassical in Ravenna,"Welcome to this charming home with modern amenities! The Rose Room features plantation shutters, hardwood floors, 10-foot ceilings, and picture rails . 1-2 kid(s) can sleep next door in the Amber Room. Private bath/tub, kitchen access, free wi-fi, street parking.","The home is a quiet haven in the middle of the city life. Stay in all day or get out and play. 10 foot ceilings and hardwood floors throughout. Only four miles north of downtown Seattle, one mile from University of Washington, a short walk to Whole Foods and restaurants. Very walkable (Walkscore 89), 5 minutes to buses.","Welcome to this charming home with modern amenities! The Rose Room features plantation shutters, hardwood floors, 10-foot ceilings, and picture rails . 1-2 kid(s) can sleep next door in the Amber Room. Private bath/tub, kitchen access, free wi-fi, street parking. The home is a quiet haven in the middle of the city life. Stay in all day or get out and play. 10 foot ceilings and hardwood floors throughout. Only four miles north of downtown Seattle, one mile from University of Washington, a short walk to Whole Foods and restaurants. Very walkable (Walkscore 89), 5 minutes to buses. Private full bathroom, kitchen and fridge access, enjoy your meals in the dining room, use the entire first floor as you like. The wood burning fire place has a log waiting to be lit. There is a second (over flow) room that can sleep 1-2 kids (adults have sometimes stayed there also), but be aware, it comes with an air mattress. You can reach me via email or phone instantly. I will be upstairs most days. I will",none,"Ravenna is a great residential neighborhood, with unique homes, a short pleasant walk to shopping, eating, parks and nature.",,Public transport (numerous bus lines) is two streets down and takes you to downtown Seattle in 20 minutes. Uber typically arrives in 4-7 minutes and takes you to downtown for $15. Bike and walk friendly area.,https://a1.muscache.com/ac/pictures/63302115/09ae735a_original.jpg?interpolation=lanczos-none&size=small&output-format=jpg&output-quality=70,https://a1.muscache.com/im/pictures/63302115/09ae735a_original.jpg?aki_policy=medium,https://a1.muscache.com/ac/pictures/63302115/09ae735a_original.jpg?interpolation=lanczos-none&size=large_cover&output-format=jpg&output-quality=70,https://a1.muscache.com/ac/pictures/63302115/09ae735a_original.jpg?interpolation=lanczos-none&size=x_large_cover&output-format=jpg&output-quality=70,25041496,https://www.airbnb.com/users/show/25041496,Eli,2014-12-20,"Seattle, Washington, United States","I like dining in, eating out, reading, cozy evenings when it rains, spending time with my kids, news, traveling, mountains...I would like to make you feel at home, by making your surroundings homey, cozy and comfortable. I would be out of your way, unless and until you would like me to help with anything, like recommending places to visit, or making your stay more pleasant.   ",within an hour,100%,100%,t,"https://a2.muscache.com/ac/users/25041496/profile_pic/1419124716/original.jpg?interpolation=lanczos-none&crop=w:w;*,*&crop=h:h;*,*&resize=50:*&output-format=jpg&output-quality=70","https://a2.muscache.com/ac/users/25041496/profile_pic/1419124716/original.jpg?interpolation=lanczos-none&crop=w:w;*,*&crop=h:h;*,*&resize=225:*&output-format=jpg&output-quality=70",Ravenna,1.0,1.0,"['email', 'phone', 'facebook', 'linkedin', 'reviews', 'jumio']",t,t,"17th Avenue Northeast, Seattle, WA 98115, United States",Ravenna,Ravenna,Other neighborhoods,Seattle,WA,98115,Seattle,"Seattle, WA",US,United States,47.67451869327541,-122.30891715295483,t,House,Private room,4,1.0,1.0,1.0,Real Bed,"{TV,""Cable TV"",Internet,""Wireless Internet"",Kitchen,""Free Parking on Premises"",""Indoor Fireplace"",Heating,""Family/Kid Friendly"",Washer,Dryer,""Smoke Detector"",""Carbon Monoxide Detector"",""First Aid Kit"",""Safety Card"",""Fire Extinguisher"",Essentials,Shampoo}",,$84.00,$539.00,"$1,996.00",,,2,$29.00,1,1125,2 months ago,t,29,59,88,363,2016-01-04,31,2015-04-19,2015-12-21,98.0,10.0,10.0,10.0,10.0,10.0,10.0,f,,WASHINGTON,t,flexible,f,f,1,3.56
1541705,https://www.airbnb.com/rooms/1541705,20160104002432,2016-01-04,Quiet wood flr Room U Village/UW 3,"A nice room situated in a nice neighborhood with newly installed double pane window, beautiful real hardwood floor and fireplace. Short walk to U Village Shopping center and many shops, restaurants,  UW,parks as well as pedestrian and bicycle trails.","This furnished room is on the main entrance level in a quiet house with a serene courtyard, located in a quiet neighborhood of the famous University Village. Restaurants, banks, and shopping center are within 5 minutes walking distance.  You share the bathroom and kitchen with two other graduates and one professor and  We have cleaning people to clean the kitchen and bathroom biweekly.  We always keep it clean.  *Free WiFi  *Private entry door *Free street parking or off street double parking.  *Fully equipped kitchen  *All of the windows are double pane new windows.  * One full size mattress bed with a brand new memory foam topper, desk, chair, book shelves. * Pillow case, comforter duvet, bed sheets, towels are always freshly washed. For the House itself, there are total three levels only 7 rooms here, some are UW faculty, some are graduate students or a adjunct professor. They are all quiet, friendly and considerate. You will love this convenient but quiet location just steps from t","A nice room situated in a nice neighborhood with newly installed double pane window, beautiful real hardwood floor and fireplace. Short walk to U Village Shopping center and many shops, restaurants,  UW,parks as well as pedestrian and bicycle trails. This furnished room is on the main entrance level in a quiet house with a serene courtyard, located in a quiet neighborhood of the famous University Village. Restaurants, banks, and shopping center are within 5 minutes walking distance.  You share the bathroom and kitchen with two other graduates and one professor and  We have cleaning people to clean the kitchen and bathroom biweekly.  We always keep it clean.  *Free WiFi  *Private entry door *Free street parking or off street double parking.  *Fully equipped kitchen  *All of the windows are double pane new windows.  * One full size mattress bed with a brand new memory foam topper, desk, chair, book shelves. * Pillow case, comforter duvet, bed sheets, towels are always freshly washed. For",none,The superb U Village Shopping center is just in 5 minutes walking distance. But the house is in a quiet nice neighborhood.,Due to the laundry machines in the house are free for everyone here to use and the check out cleaning cost you are paying is only one hour cleaning fee -- the cleaning people usually spends 3 hours to clean the other areas like bathroom and kitchen after each check out. Therefore we think it is fair that guests of this house to wash their sheets before they check out.,"If you come from the airport, you may either take the cab or take the link (train) to downtown Seattle. Then take the bus 71,72,73 to U district. Our place is just a couple blocks from the 25th ave where the University Village Shopping Center is, there are many bus lines to literally take you to anywhere in Seattle. ",https://a0.muscache.com/ac/pictures/63000142/a5649144_original.jpg?interpolation=lanczos-none&size=small&output-format=jpg&output-quality=70,https://a0.muscache.com/im/pictures/63000142/a5649144_original.jpg?aki_policy=medium,https://a0.muscache.com/ac/pictures/63000142/a5649144_original.jpg?interpolation=lanczos-none&size=large_cover&output-format=jpg&output-quality=70,https://a0.muscache.com/ac/pictures/63000142/a5649144_original.jpg?interpolation=lanczos-none&size=x_large_cover&output-format=jpg&output-quality=70,3074414,https://www.airbnb.com/users/show/3074414,Melissa,2012-07-27,"Seattle, Washington, United States","Used to be a professor (Ph.D. in Political Economy), then a homeschooling mom and  a religious non profit organization founder, now like to travel, read / review books and manage properties. The best cities I like are Seattle, Florence, Sanya and Taipei.  (Taipei is chosen as the #1 out of 26 Remarkable Places For Solo Travel by BuzzFeed!  (website hidden)) We have  a few nicely furnished studios and one bedrooms condo apt conveniently located near University of Washington in Seattle with your own private kitchen and bathroom.  You will enjoy the convenient locations and quietness of all these buildings. You will also be surprised how quickly we respond to your requests as long as I am in town.  My motto is Providing Quality Places at Fair Prices and my life motto is in Philippians 4:13. ",within a few hours,80%,100%,f,"https://a2.muscache.com/ac/users/3074414/profile_pic/1408093668/original.jpg?interpolation=lanczos-none&crop=w:w;*,*&crop=h:h;*,*&resize=50:*&output-format=jpg&output-quality=70","https://a2.muscache.com/ac/users/3074414/profile_pic/1408093668/original.jpg?interpolation=lanczos-none&crop=w:w;*,*&crop=h:h;*,*&resize=225:*&output-format=jpg&output-quality=70",Ravenna,34.0,34.0,"['email', 'phone', 'reviews', 'kba']",t,t,"Northeast 52nd Street, Seattle, WA 98105, United States",Ravenna,Ravenna,Other neighborhoods,Seattle,WA,98105,Seattle,"Seattle, WA",US,United States,47.66660760510428,-122.29726469674053,t,House,Private room,1,1.0,1.0,1.0,Real Bed,"{""Wireless Internet"",Kitchen,""Free Parking on Premises"",""Indoor Fireplace"",Heating,Washer,Dryer,""Smoke Detector"",""Fire Extinguisher"",Essentials}",,$49.00,$330.00,"$1,075.00",,$40.00,1,$15.00,2,1125,a week ago,t,30,60,90,365,2016-01-04,14,2013-09-02,2015-05-02,80.0,9.0,8.0,8.0,9.0,9.0,9.0,f,,WASHINGTON,f,moderate,f,f,34,0.49
7110923,https://www.airbnb.com/rooms/7110923,20160104002432,2016-01-04,Bright Remodeled Tudor in Ravenna,"Light and bright Ravenna home with newly-renovated chef's kitchen, open dining/living spaces, 3 bedrooms, 2 bathrooms, a separate family/TV room, laundry space, and fenced yard.  Located near UW, eateries, U Village, and parks. Pet and kid friendly!","This light and bright Seattle Tudor was built in the 1920's and lovingly remodeled in 2014 with all the character of an old house preserved .  It's within walking distance to the University of Washington, University Village shopping center, parks, shops, and restaurants. This rental is for the entire house, unshared. The main floor of our home has a large living room with TV, open dining room, and a chef's kitchen.  There are two bedrooms, one with a queen-sized mattress, and one with a twin (plus a pack and play in the closet for visiting babies) on this level as well as a tastefully-updated bathroom with tub. The lower level has a large playroom, equipped with a futon couch and TV.  A bedroom is located just off this space, boasting a comfortable queen-sized mattress.  There is a laundry room plus a second bathroom with a walk-in shower on this level.   The home has a fully-fenced front and back yard where dogs and kids can play.  One off-street parking spot.  We offer a comfortable,","Light and bright Ravenna home with newly-renovated chef's kitchen, open dining/living spaces, 3 bedrooms, 2 bathrooms, a separate family/TV room, laundry space, and fenced yard.  Located near UW, eateries, U Village, and parks. Pet and kid friendly! This light and bright Seattle Tudor was built in the 1920's and lovingly remodeled in 2014 with all the character of an old house preserved .  It's within walking distance to the University of Washington, University Village shopping center, parks, shops, and restaurants. This rental is for the entire house, unshared. The main floor of our home has a large living room with TV, open dining room, and a chef's kitchen.  There are two bedrooms, one with a queen-sized mattress, and one with a twin (plus a pack and play in the closet for visiting babies) on this level as well as a tastefully-updated bathroom with tub. The lower level has a large playroom, equipped with a futon couch and TV.  A bedroom is located just off this space, boasting a com",none,"We are located on vibrant 25th Avenue, just steps from all that Ravenna has to offer including restaurants, pubs, parks, and world-class shopping.  Some of our favorite local eateries include Din Tai Fung, Zeeks Pizza, Third Place Pub, and the Ram.  In the summer, catch Wednesday night concerts at the University Village and take your dog swimming at Magnusson Dog Park.",,,https://a0.muscache.com/ac/pictures/92539982/dd4e0dcb_original.jpg?interpolation=lanczos-none&size=small&output-format=jpg&output-quality=70,https://a0.muscache.com/im/pictures/92539982/dd4e0dcb_original.jpg?aki_policy=medium,https://a0.muscache.com/ac/pictures/92539982/dd4e0dcb_original.jpg?interpolation=lanczos-none&size=large_cover&output-format=jpg&output-quality=70,https://a0.muscache.com/ac/pictures/92539982/dd4e0dcb_original.jpg?interpolation=lanczos-none&size=x_large_cover&output-format=jpg&output-quality=70,3787979,https://www.airbnb.com/users/show/3787979,Cathy,2012-10-07,"Seattle, Washington, United States",We are a young family enjoying life in Seattle!,within an hour,100%,100%,f,"https://a1.muscache.com/ac/users/3787979/profile_pic/1435779428/original.jpg?interpolation=lanczos-none&crop=w:w;*,*&crop=h:h;*,*&resize=50:*&output-format=jpg&output-quality=70","https://a1.muscache.com/ac/users/3787979/profile_pic/1435779428/original.jpg?interpolation=lanczos-none&crop=w:w;*,*&crop=h:h;*,*&resize=225:*&output-format=jpg&output-quality=70",Ravenna,2.0,2.0,"['email', 'phone', 'reviews']",t,f,"25th Avenue Northeast, Seattle, WA 98115, United States",Ravenna,Ravenna,Other neighborhoods,Seattle,WA,98115,Seattle,"Seattle, WA",US,United States,47.672582695567286,-122.30192475844942,t,House,Entire home/apt,6,2.0,3.0,3.0,Real Bed,"{TV,""Cable TV"",Internet,""Wireless Internet"",Kitchen,""Free Parking on Premises"",""Pets Allowed"",""Indoor Fireplace"",Heating,""Family/Kid Friendly"",Washer,Dryer,""Smoke Detector"",""Carbon Monoxide Detector"",""First Aid Kit"",""Fire Extinguisher"",Essentials,Shampoo}",,$196.00,"$1,100.00","$3,800.00",$350.00,$90.00,6,$30.00,2,1125,4 days ago,t,2,32,56,88,2016-01-04,10,2015-10-28,2016-01-02,98.0,10.0,10.0,10.0,10.0,10.0,10.0,f,,WASHINGTON,t,strict,f,f,1,4.35
9067268,https://www.airbnb.com/rooms/9067268,20160104002432,2016-01-04,Multi-windowed spacious U-dist rm,"Room is located in a house within walking distance of University Village, University of Washington, Burke-Gilman trail, and bus lines. Close to shopping, restaurants, groceries. Safe and quiet neighborhood.",,"Room is located in a house within walking distance of University Village, University of Washington, Burke-Gilman trail, and bus lines. Close to shopping, restaurants, groceries. Safe and quiet neighborhood.",none,,,,https://a2.muscache.com/ac/pictures/bca82260-b7dc-4960-8c3e-0856d585b637.jpg?interpolation=lanczos-none&size=small&output-format=jpg&output-quality=70,https://a2.muscache.com/im/pictures/bca82260-b7dc-4960-8c3e-0856d585b637.jpg?aki_policy=medium,https://a2.muscache.com/ac/pictures/bca82260-b7dc-4960-8c3e-0856d585b637.jpg?interpolation=lanczos-none&size=large_cover&output-format=jpg&output-quality=70,https://a2.muscache.com/ac/pictures/bca82260-b7dc-4960-8c3e-0856d585b637.jpg?interpolation=lanczos-none&size=x_large_cover&output-format=jpg&output-quality=70,724729,https://www.airbnb.com/users/show/724729,Tania,2011-06-20,"Seattle, Washington, United States",,within a few hours,100%,100%,f,"https://a0.muscache.com/ac/users/724729/profile_pic/1388817742/original.jpg?interpolation=lanczos-none&crop=w:w;*,*&crop=h:h;*,*&resize=50:*&output-format=jpg&output-quality=70","https://a0.muscache.com/ac/users/724729/profile_pic/1388817742/original.jpg?interpolation=lanczos-none&crop=w:w;*,*&crop=h:h;*,*&resize=225:*&output-format=jpg&output-quality=70",Ravenna,4.0,4.0,"['email', 'phone', 'google', 'reviews', 'kba']",t,t,"27th Avenue Northeast, Seattle, WA 98105, United States",Ravenna,Ravenna,Other neighborhoods,Seattle,WA,98105,Seattle,"Seattle, WA",US,United States,47.66819644796393,-122.29946628855755,t,House,Private room,2,2.0,1.0,2.0,Real Bed,"{TV,""Wireless Internet"",Kitchen,""Free Parking on Premises"",Heating,Washer,Dryer,""Smoke Detector"",""Lock on Bedroom Door"",""24-Hour Check-in"",""Laptop Friendly Workspace""}",,$55.00,$250.00,"$1,000.00",,,1,$0.00,5,1125,3 weeks ago,t,14,32,61,61,2016-01-04,0,,,,,,,,,,f,,WASHINGTON,f,flexible,f,f,4,
7500000,https://www.airbnb.com/rooms/7500000,20160104002432,2016-01-04,Charming 2-story town home,"Bring fido and stay in this charming 2 story town house! Soaring ceilings and an open loft bedroom make this 800 sq ft home feel roomy. You'll have a gourmet kitchen for cooking, a second bedroom downstairs, parking, all close to parks and 10 mins to downtown.","This is a modern, built green 2 story loft style town home, 5 miles to downtown Seattle, and a 20 min ride to Seatac airport-it's a great option for travelers flying in or driving over for the weekend! As a dog lover, I understand folks who don't like to leave home without their best friend, so dogs are welcome (less than 60 lbs preferred, exceptions made case by case, please inquire).","Bring fido and stay in this charming 2 story town house! Soaring ceilings and an open loft bedroom make this 800 sq ft home feel roomy. You'll have a gourmet kitchen for cooking, a second bedroom downstairs, parking, all close to parks and 10 mins to downtown. This is a modern, built green 2 story loft style town home, 5 miles to downtown Seattle, and a 20 min ride to Seatac airport-it's a great option for travelers flying in or driving over for the weekend! As a dog lover, I understand folks who don't like to leave home without their best friend, so dogs are welcome (less than 60 lbs preferred, exceptions made case by case, please inquire). Enjoy the entire town house which sleeps up to 4 people (1 queen bed in the master bedroom loft and the downstairs bedroom includes a futon that pulls out to queen size). There is ample off street parking, a small side yard for your small dog (less than 60 lbs preferred). The master bedroom is an open loft with access to the master bathroom. There ",none,"Plenty of parks nearby: Gerg Davis Park and Camp Long are in walking distance; Lincoln Park and famous Alki beach are a short car ride away. Coffee shops and 2 good restaurants in walking distance, also west Seattle junction short ride away.",,"Our home is just a half block away from a bus that goes downtown every 10-15 minutes. I highly recommend skipping the parking fees and taking the bus if you're spending the day downtown: Seattle waterfront, downtown shopping, or Pike's Place Market. Plenty of parking in front of the house if you have wheels!",https://a1.muscache.com/ac/pictures/98900442/4ef42781_original.jpg?interpolation=lanczos-none&size=small&output-format=jpg&output-quality=70,https://a1.muscache.com/im/pictures/98900442/4ef42781_original.jpg?aki_policy=medium,https://a1.muscache.com/ac/pictures/98900442/4ef42781_original.jpg?interpolation=lanczos-none&size=large_cover&output-format=jpg&output-quality=70,https://a1.muscache.com/ac/pictures/98900442/4ef42781_original.jpg?interpolation=lanczos-none&size=x_large_cover&output-format=jpg&output-quality=70,39284820,https://www.airbnb.com/users/show/39284820,Mandy,2015-07-22,"Seattle, Washington, United States",,within an hour,100%,100%,f,"https://a2.muscache.com/ac/users/39284820/profile_pic/1437607399/original.jpg?interpolation=lanczos-none&crop=w:w;*,*&crop=h:h;*,*&resize=50:*&output-format=jpg&output-quality=70","https://a2.muscache.com/ac/users/39284820/profile_pic/1437607399/original.jpg?interpolation=lanczos-none&crop=w:w;*,*&crop=h:h;*,*&resize=225:*&output-format=jpg&output-quality=70",,1.0,1.0,"['email', 'phone', 'facebook', 'reviews', 'jumio', 'kba']",t,t,"SW Brandon St, Seattle, WA 98106, United States",,Riverview,Delridge,Seattle,WA,98106,Seattle,"Seattle, WA",US,United States,47.55292790828143,-122.3617998172893,f,House,Entire home/apt,4,1.5,2.0,2.0,Real Bed,"{TV,""Cable TV"",Internet,""Wireless Internet"",""Air Conditioning"",Kitchen,""Free Parking on Premises"",""Pets Allowed"",""Pets live on this property"",Dog(s),""Indoor Fireplace"",Heating,Washer,Dryer,""Smoke Detector"",""Carbon Monoxide Detector"",""First Aid Kit"",""Fire Extinguisher"",Essentials,Shampoo,""24-Hour Check-in"",Hangers,""Hair Dryer"",Iron}",,$120.00,,,$250.00,$60.00,2,$10.00,2,1125,5 days ago,t,11,20,30,267,2016-01-04,5,2015-08-16,2015-09-27,100.0,10.0,10.0,10.0,10.0,8.0,9.0,f,,WASHINGTON,f,strict,f,f,1,1.06
2556794,https://www.airbnb.com/rooms/2556794,20160104002432,2016-01-04,West Seattle Guest House,"We have a renovated studio guest house for rent. Beautiful bamboo floors, granite kitchen counters. The unit is fully furnished includes all utilities, cable TV and wireless internet. The kitchen has a stove, microwave, dishwasher and fridge.","It's just a small but very cozy and feature packed guest house.  We just built it in January 2014 so everything is like new.  There is a queen size bed, a loveseat, a dining table for 2, a small desk and desk chair as well as a small chest of drawers in the closet.  The space can hold up to 2 guests. The guest house has all its own amenities.  Nothing is shared with the main house.  Except the yard is shared with our dog.  There is 1 parking space available in the driveway for guests. We live in the main house and will be available for questions or issues, but otherwise won't bother you. We love the greenbelt behind our property, it makes it feel like we're not in the city.  However we're only 15 minutes from downtown by car. There are 2 bus lines fairly close the 120 is 1/4 mile by foot.  We live at the top of a ridge and you do have to walk down the hill to get to the bus.  There is a stairway down the hill about a block from us, or an inclined sidewalk  about 2 blocks away.  The 125","We have a renovated studio guest house for rent. Beautiful bamboo floors, granite kitchen counters. The unit is fully furnished includes all utilities, cable TV and wireless internet. The kitchen has a stove, microwave, dishwasher and fridge. It's just a small but very cozy and feature packed guest house.  We just built it in January 2014 so everything is like new.  There is a queen size bed, a loveseat, a dining table for 2, a small desk and desk chair as well as a small chest of drawers in the closet.  The space can hold up to 2 guests. The guest house has all its own amenities.  Nothing is shared with the main house.  Except the yard is shared with our dog.  There is 1 parking space available in the driveway for guests. We live in the main house and will be available for questions or issues, but otherwise won't bother you. We love the greenbelt behind our property, it makes it feel like we're not in the city.  However we're only 15 minutes from downtown by car. There are 2 bus lines",none,"We love the greenbelt behind our property, it makes it feel like we're not in the city.  However we're only 15 minutes from downtown by car.","We welcome guests from all walks of life, but just so you know, the hosts, Mike and Mike, are a gay couple.","There are 2 bus lines fairly close the 120 is 1/4 mile by foot.  We live at the top of a ridge and you do have to walk down the hill to get to the bus.  There is a stairway down the hill about a block from us, or an inclined sidewalk  about 2 blocks away.  The 125 & 128 lines are about 1/2 mile away.",https://a1.muscache.com/ac/pictures/33725254/fff3bf18_original.jpg?interpolation=lanczos-none&size=small&output-format=jpg&output-quality=70,https://a1.muscache.com/im/pictures/33725254/fff3bf18_original.jpg?aki_policy=medium,https://a1.muscache.com/ac/pictures/33725254/fff3bf18_original.jpg?interpolation=lanczos-none&size=large_cover&output-format=jpg&output-quality=70,https://a1.muscache.com/ac/pictures/33725254/fff3bf18_original.jpg?interpolation=lanczos-none&size=x_large_cover&output-format=jpg&output-quality=70,8266794,https://www.airbnb.com/users/show/8266794,Mike,2013-08-19,"Seattle, Washington, United States","Mike and Mike.  We've lived in Seattle for the past 3 years, coming from Tucson, AZ.  We bought our house in June 2013 in the wonderful West Seattle area and are loving being here.  This past winter we converted our garage into a studio guest house so that we can have our families come during the summer.  The rest of the year we rent it out and love meeting people from all over the world.",within a few hours,100%,,f,"https://a0.muscache.com/ac/users/8266794/profile_pic/1394721430/original.jpg?interpolation=lanczos-none&crop=w:w;*,*&crop=h:h;*,*&resize=50:*&output-format=jpg&output-quality=70","https://a0.muscache.com/ac/users/8266794/profile_pic/1394721430/original.jpg?interpolation=lanczos-none&crop=w:w;*,*&crop=h:h;*,*&resize=225:*&output-format=jpg&output-quality=70",Riverview,1.0,1.0,"['email', 'phone', 'linkedin', 'reviews', 'kba']",t,t,"21st Avenue Southwest, Seattle, WA 98106, United States",Riverview,Riverview,Delridge,Seattle,WA,98106,Seattle,"Seattle, WA",US,United States,47.544951779981744,-122.3582036327038,t,House,Entire home/apt,2,1.0,0.0,1.0,Real Bed,"{TV,""Cable TV"",Internet,""Wireless Internet"",""Air Conditioning"",Kitchen,""Free Parking on Premises"",""Pets live on this property"",Dog(s),Heating,Washer,Dryer,""Smoke Detector"",Essentials,""Laptop Friendly Workspace""}",,$55.00,$400.00,"$1,250.00",$250.00,$50.00,1,$0.00,2,60,today,t,30,57,57,119,2016-01-04,4,2015-01-14,2015-05-01,100.0,10.0,10.0,10.0,10.0,10.0,10.0,f,,WASHINGTON,f,moderate,f,f,1,0.34
6348159,https://www.airbnb.com/rooms/6348159,20160104002432,2016-01-04,Private room in a cohousing home,"You will be comfortable in a clean and bright bedroom, with your own full bathroom, and shared living and kitchen space. Our home in a beautifully landscaped urban cohousing community, is a 15-20 minute bus ride to the city center.","We are located in a cohousing community, so you will see probably see our neighbors, both children and adults, walking by, working in our  community gardens or playing. There is plenty of privacy in the house and a private deck where you can sit under our grape arbor and have your breakfast on a warm day or read a book. Both of us, Trudi and Stu, are happy to help you with logistics and suggestions for places to eat or sight see, according to your interests.","You will be comfortable in a clean and bright bedroom, with your own full bathroom, and shared living and kitchen space. Our home in a beautifully landscaped urban cohousing community, is a 15-20 minute bus ride to the city center. We are located in a cohousing community, so you will see probably see our neighbors, both children and adults, walking by, working in our  community gardens or playing. There is plenty of privacy in the house and a private deck where you can sit under our grape arbor and have your breakfast on a warm day or read a book. Both of us, Trudi and Stu, are happy to help you with logistics and suggestions for places to eat or sight see, according to your interests. You will have your own bathroom, with a large shower. We have a well equipped kitchen and can provide some refrigerator or other food storage space. We would appreciate if you let us know in advance.  The bedroom has a large screen TV and Roku, Blu-ray and Netflix. There is storage space for your belongi",none,"Our immediate neighborhood is a cohousing community made up of 25 households with people of diverse ages. The community has been in existence for 21 years. To learn something about cohousing see (website hidden).  We are located in the Puget Ridge neighborhood of West Seattle. We are 3 miles from Lincoln Park which has wonderful walking and biking paths with gorgeous sunsets and views of Puget Sound and Olympic mountains. We are 5 miles from the Alki Beach and Harbor Ave walking, biking. skating path with more beautiful views including the downtown skyline.",The sofa bed is a European design that does not use a metal folding frame. Instead it has a trundle design with two closely spaced firm mattresses making a queen sized bed.,"Two busses go downtown. The #125 bus is a block away and runs every 20 minutes during rush hours, and every 30 minutes in the middle of the day and does not run on Sunday.  The #120 bus on Del Ridge is a 7-8 minute walk; runs more frequently and every day.  Another way to get around is with Car2Go, which you can pick up in the neighborhood, rent by the mile, and just leave it wherever you go in the city and no parking costs.  See (email hidden).   Seatac Airport is 20 minutes by car or taxi from our home.",https://a0.muscache.com/ac/pictures/79436308/38b0b18c_original.jpg?interpolation=lanczos-none&size=small&output-format=jpg&output-quality=70,https://a0.muscache.com/im/pictures/79436308/38b0b18c_original.jpg?aki_policy=medium,https://a0.muscache.com/ac/pictures/79436308/38b0b18c_original.jpg?interpolation=lanczos-none&size=large_cover&output-format=jpg&output-quality=70,https://a0.muscache.com/ac/pictures/79436308/38b0b18c_original.jpg?interpolation=lanczos-none&size=x_large_cover&output-format=jpg&output-quality=70,429330,https://www.airbnb.com/users/show/429330,Trudi,2011-03-08,"Seattle, Washington, United States","We live in a Cohousing community in Seattle.  our children are grown and we are nearing retirement.  Stu is a biologist and I work in Public Health. We like city life, music and movies and both urban and rural walking, good cooking, (including our own) and meeting local people when we travel.",,,,f,"https://a2.muscache.com/ac/users/429330/profile_pic/1356596207/original.jpg?interpolation=lanczos-none&crop=w:w;*,*&crop=h:h;*,*&resize=50:*&output-format=jpg&output-quality=70","https://a2.muscache.com/ac/users/429330/profile_pic/1356596207/original.jpg?interpolation=lanczos-none&crop=w:w;*,*&crop=h:h;*,*&resize=225:*&output-format=jpg&output-quality=70",Riverview,1.0,1.0,"['email', 'phone', 'facebook', 'reviews', 'kba']",t,t,"18th Ave SW, Seattle, WA 98106, United States",Riverview,Riverview,Delridge,Seattle,WA,98106,Seattle,"Seattle, WA",US,United States,47.54027525327811,-122.3558026892214,t,House,Private room,2,1.0,1.0,1.0,Pull-out Sofa,"{TV,Internet,""Wireless Internet"",Kitchen,Heating,""Smoke Detector"",""Carbon Monoxide Detector"",""Fire Extinguisher"",Essentials,Shampoo}",,$60.00,,,$200.00,,1,$0.00,2,5,7 months ago,t,30,60,89,89,2016-01-04,4,2015-05-21,2015-06-20,100.0,10.0,10.0,10.0,10.0,10.0,10.0,f,,WASHINGTON,f,moderate,f,f,1,0.52
5941598,https://www.airbnb.com/rooms/5941598,20160104002432,2016-01-04,Seattle quiet park in-city home!,"New on mrkt; house next to quiet walk/view/kid PARK; sweet 2 bdrm home w/lrg fenced yd.  West Seattle, 10 min to downtown Seattle + 10 min to airport.  Lrg livingroom and good size bedrooms.  1 Qn + 2 twins. Park has tennis cts, bsktbll & sccr/bb",Great little house to feel like you are at home and have a dog comfortably secure in 6' fenced yard. Comfortable so sit back and relax.  Full kitchen conveniences.  Laundry room at back door so dog can come in and out and stay safe while out you are out visiting/sightseeing.,"New on mrkt; house next to quiet walk/view/kid PARK; sweet 2 bdrm home w/lrg fenced yd.  West Seattle, 10 min to downtown Seattle + 10 min to airport.  Lrg livingroom and good size bedrooms.  1 Qn + 2 twins. Park has tennis cts, bsktbll & sccr/bb Great little house to feel like you are at home and have a dog comfortably secure in 6' fenced yard. Comfortable so sit back and relax.  Full kitchen conveniences.  Laundry room at back door so dog can come in and out and stay safe while out you are out visiting/sightseeing. Tennis & basketball courts, soccer & baseball  fields; plenty of parking; dog walk trail; views of Seattle from park across the street The whole house is yours to enjoy! Great quiet neighbors who love their location.  Very friendly!  Easy commute to downtown Seattle.  Bus line 3 and 5 blocks away (3 long blocks or 1 long block + 4 short blocks)  Main bus lines. 2 different bus lines into downtown.  Easy communte to Clink, Safeco Fields, downtown and airport No dogs on furn",none,Great quiet neighbors who love their location.  Very friendly!  Easy commute to downtown Seattle.  Bus line 3 and 5 blocks away (3 long blocks or 1 long block + 4 short blocks)  Main bus lines.,No dogs on furniture.  Can't fully clean if they sit or lay on couches/beds Dog bed and gates available if needed to help,"2 different bus lines into downtown.  Easy communte to Clink, Safeco Fields, downtown and airport",https://a0.muscache.com/ac/pictures/73983158/ce93da3b_original.jpg?interpolation=lanczos-none&size=small&output-format=jpg&output-quality=70,https://a0.muscache.com/im/pictures/73983158/ce93da3b_original.jpg?aki_policy=medium,https://a0.muscache.com/ac/pictures/73983158/ce93da3b_original.jpg?interpolation=lanczos-none&size=large_cover&output-format=jpg&output-quality=70,https://a0.muscache.com/ac/pictures/73983158/ce93da3b_original.jpg?interpolation=lanczos-none&size=x_large_cover&output-format=jpg&output-quality=70,30845951,https://www.airbnb.com/users/show/30845951,Lisa,2015-04-08,"Seattle, Washington, United States",,,,,f,"https://a1.muscache.com/ac/users/30845951/profile_pic/1428511851/original.jpg?interpolation=lanczos-none&crop=w:w;*,*&crop=h:h;*,*&resize=50:*&output-format=jpg&output-quality=70","https://a1.muscache.com/ac/users/30845951/profile_pic/1428511851/original.jpg?interpolation=lanczos-none&crop=w:w;*,*&crop=h:h;*,*&resize=225:*&output-format=jpg&output-quality=70",Riverview,1.0,1.0,"['email', 'phone', 'facebook', 'reviews', 'kba']",t,t,"12th Avenue Southwest, Seattle, WA 98106, United States",Riverview,Riverview,Delridge,Seattle,WA,98106,Seattle,"Seattle, WA",US,United States,47.54349674374782,-122.35166409661171,t,House,Entire home/apt,5,1.0,2.0,3.0,Real Bed,"{TV,""Cable TV"",Internet,""Wireless Internet"",Kitchen,""Free Parking on Premises"",""Pets Allowed"",Heating,""Family/Kid Friendly"",Washer,Dryer,""Smoke Detector"",""Carbon Monoxide Detector"",""First Aid Kit"",""Fire Extinguisher"",Essentials,Shampoo}",,$129.00,,,$250.00,$80.00,2,$10.00,2,1125,4 months ago,t,30,60,89,89,2016-01-04,22,2015-04-21,2015-09-01,90.0,9.0,10.0,10.0,10.0,9.0,9.0,f,,WASHINGTON,f,flexible,f,f,1,2.55
3206305,https://www.airbnb.com/rooms/3206305,20160104002432,2016-01-04,West Seattle Greenbelt Garden Oasis,"A light filled private apartment, with windows in each room, overlooking our garden & greenbelt. Total seclusion & relaxation after a long day exploring Seattle. Return to our garden oasis, relax, and you'll forget you're even in the city!    ","INSIDE • Secure & private with separate entrance • Radiant heat throughout the apartment keeps  you cozy!     • DOWNSTAIRS BEDROOM WITH SUPER COMFY QUEEN SIZE BED  • Twin electric air mattress for an additional guest  • Extra linens and blankets  • Desk   • Closet and dresser SEPARATE LIVING ROOM UPSTAIRS • Leather reclining couch   • 42"" LCD TV • Cable, HDTV & HBO  • Wifi throughout the apartment and garden • Lots of books and games  • Bistro table with 2 chairs for dining • FULL KITCHEN with gas stove, full size refrigerator/freezer, microwave, toaster, coffee maker, tea kettle  • Organic oatmeal & breakfast bars.  Organic eggs are provided for the first 2 nights stay. • Organic coffee & tea with organic creamers • Cooking utensils, pots & pans, knives, cutting board, dishes & glassware  • Kitchen is stocked with basic condiments & cooking ingredients (organic olive oil, ketchup, mayo, sugar, jelly, etc)   • FULL BATH WITH RADIANT HEAT • Plenty of towels & wash cloths • Organic shamp","A light filled private apartment, with windows in each room, overlooking our garden & greenbelt. Total seclusion & relaxation after a long day exploring Seattle. Return to our garden oasis, relax, and you'll forget you're even in the city!     INSIDE • Secure & private with separate entrance • Radiant heat throughout the apartment keeps  you cozy!     • DOWNSTAIRS BEDROOM WITH SUPER COMFY QUEEN SIZE BED  • Twin electric air mattress for an additional guest  • Extra linens and blankets  • Desk   • Closet and dresser SEPARATE LIVING ROOM UPSTAIRS • Leather reclining couch   • 42"" LCD TV • Cable, HDTV & HBO  • Wifi throughout the apartment and garden • Lots of books and games  • Bistro table with 2 chairs for dining • FULL KITCHEN with gas stove, full size refrigerator/freezer, microwave, toaster, coffee maker, tea kettle  • Organic oatmeal & breakfast bars.  Organic eggs are provided for the first 2 nights stay. • Organic coffee & tea with organic creamers • Cooking utensils, pots & pans",none,"We're located in West Seattle on a quiet residential street. We are close to the West Seattle Bridge. We are minutes to Alki Beach and the West Seattle Junction where you will find many great restaurants, shops and bars. We supply a list of restaurants and shopping in the area. Check out our ""Guidebook"" (at the bottom of the listing below the reviews) for my recommendations of restaurants, shops and bars nearby.","In the summer we enjoy spending time outside & relaxing in the garden. We enjoy having a glass of wine in the adirondack chairs, staring off into the greenbelt. Sometimes we have friends over for dinner on the patio and possibly an evening fire. We welcome you to join us if you'd like!  We also have 2 cats. One of them, Lizzie, is SUPER friendly and will want to be your best friend.","We recommend having a car.  We are: • Close to downtown. Only a 10 minute drive (providing it's not rush hour.  We do live in a large city so please keep that in mind). Approx: 4.2 miles    • Near the stadiums. An easy quick 10 minute drive (even if it is rush hour) to the stadiums to root for the Seattle Seahawks, Sounders, Mariners or your favorite opposing team. Approx: 4.0 miles • 5 minutes to the West Seattle Junction. Approx:  2.1 miles • Close to the airport. Only a 20 minute or less drive. Approx:  10.5 miles Bus lines are conveniently located near our place that can take you where you want to go.There's lots of Cars2Go in the area as well as Uber and taxis of course.",https://a2.muscache.com/ac/pictures/41995544/b0951d5e_original.jpg?interpolation=lanczos-none&size=small&output-format=jpg&output-quality=70,https://a2.muscache.com/im/pictures/41995544/b0951d5e_original.jpg?aki_policy=medium,https://a2.muscache.com/ac/pictures/41995544/b0951d5e_original.jpg?interpolation=lanczos-none&size=large_cover&output-format=jpg&output-quality=70,https://a2.muscache.com/ac/pictures/41995544/b0951d5e_original.jpg?interpolation=lanczos-none&size=x_large_cover&output-format=jpg&output-quality=70,6549712,https://www.airbnb.com/users/show/6549712,"Dana, Jack And Nolan",2013-05-24,"Seattle, Washington, United States","A family of three, we love our home and our city.  We travel extensively and love to host when we are home!!!  We are happiest when outside working in the garden, firing up the smoker or taking the boat out for a day on the water.  We stay very busy when we're home doing all of the many things Seattle has to offer.  We look forward to sharing this beautiful area with our guests.",within a few hours,100%,,t,"https://a0.muscache.com/ac/users/6549712/profile_pic/1402417434/original.jpg?interpolation=lanczos-none&crop=w:w;*,*&crop=h:h;*,*&resize=50:*&output-format=jpg&output-quality=70","https://a0.muscache.com/ac/users/6549712/profile_pic/1402417434/original.jpg?interpolation=lanczos-none&crop=w:w;*,*&crop=h:h;*,*&resize=225:*&output-format=jpg&output-quality=70",Riverview,1.0,1.0,"['email', 'phone', 'reviews', 'kba']",t,t,"21st Avenue Southwest, Seattle, WA 98106, United States",Riverview,Riverview,Delridge,Seattle,WA,98106,Seattle,"Seattle, WA",US,United States,47.55102931441572,-122.36058484472898,t,Apartment,Entire home/apt,3,1.0,1.0,2.0,Real Bed,"{TV,""Cable TV"",Internet,""Wireless Internet"",Kitchen,""Free Parking on Premises"",Breakfast,""Pets live on this property"",Cat(s),Heating,""Family/Kid Friendly"",""Suitable for Events"",Washer,Dryer,""Smoke Detector"",""Carbon Monoxide Detector"",""First Aid Kit"",""Safety Card"",""Fire Extinguisher"",Essentials,Shampoo}",,$90.00,$600.00,"$2,500.00",$200.00,$40.00,2,$10.00,1,1125,3 months ago,t,0,0,0,247,2016-01-04,58,2014-06-12,2015-09-30,97.0,10.0,10.0,10.0,10.0,9.0,9.0,f,,WASHINGTON,f,moderate,f,f,1,3.04
3531616,https://www.airbnb.com/rooms/3531616,20160104002432,2016-01-04,Cozy Private Bed/Bath in W Seattle,"Our split-level West Seattle home is on a quiet street near South Seattle College, 3 blocks from the city bus stop, minutes to downtown Seattle, stadiums, Alki Beach, West Seattle Junction, and the Vashon Island Ferry. Enjoy our deck and our garden!","Your private room, with a full-sized bed, and it's adjacent bathroom are on the first level of our house, which also has the family room, with a TV, and laundry facilities. This allows for complete privacy for you.  You will share our kitchen, dining room, living room and family room. If you need refrigerator space, we can provide that. We will definitely welcome you at check-in time. We will most likely leave you alone, but feel free to chat and share stories with us, if you feel like it. We can provide tips for exploring Seattle and nearby areas. Our quiet neighborhood is a great jump-off place to explore Seattle and nearby areas, and our home is a quiet retreat from a busy day of touring or meetings. South Seattle College and the Chinese Garden are a short walk away. Downtown (Pike Market, Seattle Art Museum, shopping) is only 15 minutes away, the Space Needle and the Chihuly Glass Museum, another extra 5 minutes from downtown. The University of Washington is half-an-hour away, the ","Our split-level West Seattle home is on a quiet street near South Seattle College, 3 blocks from the city bus stop, minutes to downtown Seattle, stadiums, Alki Beach, West Seattle Junction, and the Vashon Island Ferry. Enjoy our deck and our garden! Your private room, with a full-sized bed, and it's adjacent bathroom are on the first level of our house, which also has the family room, with a TV, and laundry facilities. This allows for complete privacy for you.  You will share our kitchen, dining room, living room and family room. If you need refrigerator space, we can provide that. We will definitely welcome you at check-in time. We will most likely leave you alone, but feel free to chat and share stories with us, if you feel like it. We can provide tips for exploring Seattle and nearby areas. Our quiet neighborhood is a great jump-off place to explore Seattle and nearby areas, and our home is a quiet retreat from a busy day of touring or meetings. South Seattle College and the Chinese",none,"Our quiet neighborhood is a great jump-off place to explore Seattle and nearby areas, and our home is a quiet retreat from a busy day of touring or meetings. South Seattle College and the Chinese Garden are a short walk away. Century link field, Safeco field , Pike Market, Seattle Art Museum and shopping is only a 15 minute drive away with light traffic. The Space Needle and the Chihuly Glass Museum, another extra 5 minutes from downtown. The University of Washington is half-an-hour away, the airport is only 20 minutes away.","Continental breakfast will include baked goods, coffee, tea, yoghurt or cheese, juice and fruit in season. Notify us if you have any allergies.","We are three blocks from a Metrobus stop to and from downtown, and bus that goes to Westfield Southcenter Mall. Plus our area is a Car2Go Home Area. We can also pick you up at the airport if our schedule allows it ($15 fee). We have an off-street parking strip in front of our house, and there is plenty of parking on our street. If you are traveling light and have time, you can definitely take public transit to our house from the airport for a few bucks, but it takes about an hour or so with at least one transfer depending on the route you want to take.",https://a0.muscache.com/ac/pictures/44583005/b26a4910_original.jpg?interpolation=lanczos-none&size=small&output-format=jpg&output-quality=70,https://a0.muscache.com/im/pictures/44583005/b26a4910_original.jpg?aki_policy=medium,https://a0.muscache.com/ac/pictures/44583005/b26a4910_original.jpg?interpolation=lanczos-none&size=large_cover&output-format=jpg&output-quality=70,https://a0.muscache.com/ac/pictures/44583005/b26a4910_original.jpg?interpolation=lanczos-none&size=x_large_cover&output-format=jpg&output-quality=70,16835162,https://www.airbnb.com/users/show/16835162,Esperanza & Leo,2014-06-15,"Seattle, Washington, United States","We love to work in our garden, and make ""stuff"" which you will see around our house. We love going on long walks and we love good food!",within a few hours,100%,100%,t,"https://a1.muscache.com/ac/users/16835162/profile_pic/1404785213/original.jpg?interpolation=lanczos-none&crop=w:w;*,*&crop=h:h;*,*&resize=50:*&output-format=jpg&output-quality=70","https://a1.muscache.com/ac/users/16835162/profile_pic/1404785213/original.jpg?interpolation=lanczos-none&crop=w:w;*,*&crop=h:h;*,*&resize=225:*&output-format=jpg&output-quality=70",Riverview,1.0,1.0,"['email', 'phone', 'google', 'reviews', 'kba']",t,t,"17th Avenue Southwest, Seattle, WA 98106, United States",Riverview,Riverview,Delridge,Seattle,WA,98106,Seattle,"Seattle, WA",US,United States,47.55149120178432,-122.3553172793086,t,House,Private room,2,1.0,1.0,1.0,Real Bed,"{TV,""Cable TV"",Internet,""Wireless Internet"",Kitchen,""Free Parking on Premises"",Breakfast,""Indoor Fireplace"",""Buzzer/Wireless Intercom"",Heating,Washer,Dryer,""Smoke Detector"",Essentials,Shampoo}",,$70.00,,,$100.00,$15.00,2,$0.00,2,1125,6 weeks ago,t,9,27,57,332,2016-01-04,37,2014-07-14,2015-09-07,98.0,10.0,10.0,10.0,10.0,9.0,10.0,f,,WASHINGTON,f,strict,f,f,1,2.06
3404700,https://www.airbnb.com/rooms/3404700,20160104002432,2016-01-04, Studio apartment- West Seattle,"Cute little studio apartment located in Highland park, which is part of West Seattle. Studio is built above a detached garage with balcony. Includes tv, internet, queen futon bed, small kitchenette, bathroom w/ shower. Small dining area.","Unit located above garage. Park in your own parking space and walk in through the gate in our back yard oasis, while greeted by our super friendly dogs ""Chip"" and his sister""Salsa"". Up the stairs and your in your own little one bedroom studio. queen size futon bed, TV, internet, DVD. kitchenette includes mini fridge, hot plate, toaster oven, microwave, dishes for two. Unit is small and cozy, with limited head room in some areas. we can be contacted for further questions at (phone number hidden)","Cute little studio apartment located in Highland park, which is part of West Seattle. Studio is built above a detached garage with balcony. Includes tv, internet, queen futon bed, small kitchenette, bathroom w/ shower. Small dining area. Unit located above garage. Park in your own parking space and walk in through the gate in our back yard oasis, while greeted by our super friendly dogs ""Chip"" and his sister""Salsa"". Up the stairs and your in your own little one bedroom studio. queen size futon bed, TV, internet, DVD. kitchenette includes mini fridge, hot plate, toaster oven, microwave, dishes for two. Unit is small and cozy, with limited head room in some areas. we can be contacted for further questions at (phone number hidden) Patio area, and studio. Possibly see each other in passing. Feel free to ask us for anything.. Any where you want to go in Seattle is only 20 min or less away. Airport 20 min. Downtown 20 min. Alki beach 10 min. West Seattle junction 10 min. West Seattle water t",none,Any where you want to go in Seattle is only 20 min or less away. Airport 20 min. Downtown 20 min. Alki beach 10 min. West Seattle junction 10 min. West Seattle water taxi 10 min. ,,one block from bus lines that take you in all directions,https://a0.muscache.com/ac/pictures/43104145/df009875_original.jpg?interpolation=lanczos-none&size=small&output-format=jpg&output-quality=70,https://a0.muscache.com/im/pictures/43104145/df009875_original.jpg?aki_policy=medium,https://a0.muscache.com/ac/pictures/43104145/df009875_original.jpg?interpolation=lanczos-none&size=large_cover&output-format=jpg&output-quality=70,https://a0.muscache.com/ac/pictures/43104145/df009875_original.jpg?interpolation=lanczos-none&size=x_large_cover&output-format=jpg&output-quality=70,17170773,https://www.airbnb.com/users/show/17170773,Adin & Lynda,2014-06-23,"Seattle, Washington, United States",,within an hour,100%,100%,f,"https://a0.muscache.com/ac/users/17170773/profile_pic/1403567037/original.jpg?interpolation=lanczos-none&crop=w:w;*,*&crop=h:h;*,*&resize=50:*&output-format=jpg&output-quality=70","https://a0.muscache.com/ac/users/17170773/profile_pic/1403567037/original.jpg?interpolation=lanczos-none&crop=w:w;*,*&crop=h:h;*,*&resize=225:*&output-format=jpg&output-quality=70",Riverview,1.0,1.0,"['email', 'phone', 'google', 'reviews', 'jumio']",t,t,"Southwest Webster Street, Seattle, WA 98106, United States",Riverview,Riverview,Delridge,Seattle,WA,98106,Seattle,"Seattle, WA",US,United States,47.53530376975965,-122.35527373328648,t,Apartment,Entire home/apt,2,1.0,1.0,1.0,Futon,"{TV,Internet,""Wireless Internet"",Kitchen,""Free Parking on Premises"",""Pets live on this property"",Heating,""Smoke Detector"",""Carbon Monoxide Detector"",""First Aid Kit"",""Fire Extinguisher"",Essentials,Shampoo}",,$65.00,$400.00,,$200.00,$25.00,2,$0.00,2,1125,2 weeks ago,t,22,52,82,357,2016-01-04,55,2014-07-12,2015-11-25,96.0,10.0,10.0,10.0,10.0,9.0,10.0,f,,WASHINGTON,f,moderate,f,f,1,3.04
533443,https://www.airbnb.com/rooms/533443,20160104002432,2016-01-04,Max's West Seattle Hideaway,"Max's West Seattle Hideaway, started out as a foreclosure and is slowly making it's way to a small private retreat.  It is a work in progress...","Looking for something close to the city, but away from the hustle and bustle? Want to feel at home when you're away from home? Come enjoy a stay in the eclectic community of West Seattle! My 1926 Craftsman bungalow is on a quiet, residential street with convenient, free on street parking. Additionally, the bus line going directly to Seattle is one block away (20-30 minute ride). I share my home with my dog Max.  He's a shepherd/beagle mix with a very sweet disposition. The guest room has a queen bed, chest of drawers, small flat screen TV with DVD player and closet. Fresh bed linens are supplied.  Towels and washcloths are provided for the bathroom. Please note: There is only one bathroom in the house, so it IS shared. Wireless internet is available. In the mornings I have assorted teas, and regular coffee available as well as oatmeal, fruit and yogurt to start the day right. I also offer full kitchen privileges for those who prefer to prepare their own food. Need an airport pick up? A","Max's West Seattle Hideaway, started out as a foreclosure and is slowly making it's way to a small private retreat.  It is a work in progress... Looking for something close to the city, but away from the hustle and bustle? Want to feel at home when you're away from home? Come enjoy a stay in the eclectic community of West Seattle! My 1926 Craftsman bungalow is on a quiet, residential street with convenient, free on street parking. Additionally, the bus line going directly to Seattle is one block away (20-30 minute ride). I share my home with my dog Max.  He's a shepherd/beagle mix with a very sweet disposition. The guest room has a queen bed, chest of drawers, small flat screen TV with DVD player and closet. Fresh bed linens are supplied.  Towels and washcloths are provided for the bathroom. Please note: There is only one bathroom in the house, so it IS shared. Wireless internet is available. In the mornings I have assorted teas, and regular coffee available as well as oatmeal, fruit a",none,,Please complete your Airbnb profile prior to making a reservation request.  I will only rent to those with complete profiles.   It's only fair that I get an idea of who you are since this is my home...,"There is plenty of on-street parking (free) and several bus stops close by with connections to downtown, West Seattle and the airport.",https://a1.muscache.com/ac/pictures/44711787/1218d492_original.jpg?interpolation=lanczos-none&size=small&output-format=jpg&output-quality=70,https://a1.muscache.com/im/pictures/44711787/1218d492_original.jpg?aki_policy=medium,https://a1.muscache.com/ac/pictures/44711787/1218d492_original.jpg?interpolation=lanczos-none&size=large_cover&output-format=jpg&output-quality=70,https://a1.muscache.com/ac/pictures/44711787/1218d492_original.jpg?interpolation=lanczos-none&size=x_large_cover&output-format=jpg&output-quality=70,2370749,https://www.airbnb.com/users/show/2370749,Tom,2012-05-14,"Seattle, Washington, United States","I always seem to have something going on, could be a bike ride, backpacking trip or out with friends.   I am a former Air Force officer who has spent a lot of time in Florida and I'm still getting acquainted/acclimated to the Pacific Northwest.  The Puget Sound area and Seattle in particular is a great location for whatever is on your horizon...",within a few hours,100%,100%,t,"https://a2.muscache.com/ac/users/2370749/profile_pic/1337024070/original.jpg?interpolation=lanczos-none&crop=w:w;*,*&crop=h:h;*,*&resize=50:*&output-format=jpg&output-quality=70","https://a2.muscache.com/ac/users/2370749/profile_pic/1337024070/original.jpg?interpolation=lanczos-none&crop=w:w;*,*&crop=h:h;*,*&resize=225:*&output-format=jpg&output-quality=70",Riverview,1.0,1.0,"['email', 'phone', 'facebook', 'reviews', 'kba']",t,t,"15th Ave SW, Seattle, WA 98106, United States",Riverview,Riverview,Delridge,Seattle,WA,98106,Seattle,"Seattle, WA",US,United States,47.53660440506037,-122.35605231373758,t,House,Private room,2,1.0,1.0,1.0,Real Bed,"{TV,""Wireless Internet"",Kitchen,""Free Parking on Premises"",Breakfast,""Pets live on this property"",Dog(s),Heating,Washer,Dryer,""Smoke Detector"",""First Aid Kit"",""Fire Extinguisher"",Essentials}",,$55.00,,,,,1,$5.00,1,90,2 weeks ago,t,30,60,89,89,2016-01-04,204,2012-06-24,2015-12-16,97.0,10.0,10.0,10.0,10.0,9.0,10.0,f,,WASHINGTON,f,moderate,f,t,1,4.74
6214517,https://www.airbnb.com/rooms/6214517,20160104002432,2016-01-04,Chic 1 Bed with Fantastic Lake View,Sparkling new unit.  800 sq ft w/open Living/Dining/Kitchen area;  Walk to Husky Stadium!   Bedroom with shutters that open to the view;   Huge bathroom and closet;  In-unit Laundry; 150 sq ft deck w/view.  Centrally located!,"The apartment is a very private space, located on the lower floor and the back side of a small 6 unit apartment building. Guests will be wowed by the 8 x 20 foot deck with glass railings, and the fantastic views of Portage Bay and the University of Washington. Inside, the unit is furnished in a clean, modern style with everything you need for a comfortable stay. • Bedroom has California King bed and shutters that open to a view out the living room windows • Huge bathroom,  dedicated laundry area • Living room sofa folds out flat into a twin + sized bed for a second sleeping option  • Beautiful  kitchen with plenty of cabinet space, quartz countertops, and new stainless appliances: side-by-side fridge, electric range, range-top microwave, and dishwasher • 150 square foot private deck with glass railing and wonderful lake views.","Sparkling new unit.  800 sq ft w/open Living/Dining/Kitchen area;  Walk to Husky Stadium!   Bedroom with shutters that open to the view;   Huge bathroom and closet;  In-unit Laundry; 150 sq ft deck w/view.  Centrally located! The apartment is a very private space, located on the lower floor and the back side of a small 6 unit apartment building. Guests will be wowed by the 8 x 20 foot deck with glass railings, and the fantastic views of Portage Bay and the University of Washington. Inside, the unit is furnished in a clean, modern style with everything you need for a comfortable stay. • Bedroom has California King bed and shutters that open to a view out the living room windows • Huge bathroom,  dedicated laundry area • Living room sofa folds out flat into a twin + sized bed for a second sleeping option  • Beautiful  kitchen with plenty of cabinet space, quartz countertops, and new stainless appliances: side-by-side fridge, electric range, range-top microwave, and dishwasher • 150 squar",none,"Eastlake is a great, close-in Seattle neighborhood that is right on Lake Union. There are many high quality restaurants nearby in both Eastlake and the University District. If you are looking for fun and funky shopping or nightlife, it's only a short trip up to Capitol Hill. The apartment is also close to the Arboretum, or walk down the hill to take in the waterfront, houseboats, and the classic ambiance of Seattle","HOLIDAY MINIMUMS:  • 6-night minimum Thanksgiving, Christmas, New Year's Eve. BOOKING:  Enter your dates above and click the ""Request to Book"" button. The calendar is up-to-date, so there's no need to check availability with me first. QUESTIONS???  • For questions about using the AirBnB website or how payments, security deposits and cancellation policies work, click the ""Help"" link at the top of this page.  • For questions about the apartment, click the ""Contact Host"" link above","• Half a block to transit - with 7 different bus lines available. A 20 minute bus ride to Downtown Seattle.  • Easy access by car to I-5 North and South, and the 520 Bridge.  • 15 minute walk to the University of Washington, Arboretum, or Eastlake shops and restaurants",https://a1.muscache.com/ac/pictures/93228746/7d3f813e_original.jpg?interpolation=lanczos-none&size=small&output-format=jpg&output-quality=70,https://a1.muscache.com/im/pictures/93228746/7d3f813e_original.jpg?aki_policy=medium,https://a1.muscache.com/ac/pictures/93228746/7d3f813e_original.jpg?interpolation=lanczos-none&size=large_cover&output-format=jpg&output-quality=70,https://a1.muscache.com/ac/pictures/93228746/7d3f813e_original.jpg?interpolation=lanczos-none&size=x_large_cover&output-format=jpg&output-quality=70,9555983,https://www.airbnb.com/users/show/9555983,Dennis,2013-10-21,"Seattle, Washington, United States","Hi, my name is Dennis and I'd be delighted to host you in Seattle. Eastlake is really a great neighborhood for travelers -- the feel of a real Seattle neighborhood AND close to everything. Hope to see you soon!
",within an hour,80%,100%,f,"https://a2.muscache.com/ac/users/9555983/profile_pic/1428292290/original.jpg?interpolation=lanczos-none&crop=w:w;*,*&crop=h:h;*,*&resize=50:*&output-format=jpg&output-quality=70","https://a2.muscache.com/ac/users/9555983/profile_pic/1428292290/original.jpg?interpolation=lanczos-none&crop=w:w;*,*&crop=h:h;*,*&resize=225:*&output-format=jpg&output-quality=70",Portage Bay,2.0,2.0,"['email', 'phone', 'google', 'reviews', 'kba']",t,t,"Fuhrman Avenue East, Seattle, WA 98102, United States",Portage Bay,Portage Bay,Capitol Hill,Seattle,WA,98102,Seattle,"Seattle, WA",US,United States,47.65027651882392,-122.31919144491675,t,Apartment,Entire home/apt,3,1.0,1.0,2.0,Real Bed,"{TV,""Cable TV"",Internet,""Wireless Internet"",Kitchen,Heating,""Family/Kid Friendly"",Washer,Dryer,""Smoke Detector"",""Carbon Monoxide Detector"",""Safety Card"",Essentials,Shampoo,Hangers,""Hair Dryer"",Iron,""Laptop Friendly Workspace""}",,$120.00,$900.00,"$3,000.00",$500.00,$80.00,1,$0.00,2,1125,2 days ago,t,30,60,80,170,2016-01-04,22,2015-06-16,2015-12-07,95.0,9.0,10.0,10.0,10.0,10.0,10.0,f,,WASHINGTON,f,moderate,f,f,2,3.25
8036620,https://www.airbnb.com/rooms/8036620,20160104002432,2016-01-04,Elegant home in N. Capitol Hill,"A 4500 square foot elegant home that is the perfect blend of old and new.  Centrally located in a quiet and highly desirable neighborhood, this family friendly home is just minutes from both UW and downtown.  There are plenty of restaurant options within walking distance as well as transportation options nearby.  This house is better suited for families and mature groups.","Enter the front door, into a grand formal entry with sweeping staircase leading to the second floor.  Off to the right is a large dining room that seats 8 comfortably.  Off to the left, the living room has multiple couches and seating options for reading, curling up by the gas fire, or enjoying the large screen TV (cable included).   Off the living room is an additional sun room with northern views of the University, with an L shaped couch which offers another intimate gathering space.  An updated kitchen with top of the line appliances (gas stove/oven), an eating bar, and additional eating area with territorial views make this the center of our home when we gather with family and friends. The first floor offers so many quiet places to have long conversations or just read a book and relax. On the second floor, a modern master bathroom with spa tub compliment a spacious master bedroom with queen bed.  Two additional, over-sized and light filled bedrooms are located on the other side of ","A 4500 square foot elegant home that is the perfect blend of old and new.  Centrally located in a quiet and highly desirable neighborhood, this family friendly home is just minutes from both UW and downtown.  There are plenty of restaurant options within walking distance as well as transportation options nearby.  This house is better suited for families and mature groups. Enter the front door, into a grand formal entry with sweeping staircase leading to the second floor.  Off to the right is a large dining room that seats 8 comfortably.  Off to the left, the living room has multiple couches and seating options for reading, curling up by the gas fire, or enjoying the large screen TV (cable included).   Off the living room is an additional sun room with northern views of the University, with an L shaped couch which offers another intimate gathering space.  An updated kitchen with top of the line appliances (gas stove/oven), an eating bar, and additional eating area with territorial views",none,"Located in the Roanoke Park neighborhood of North Capitol Hill, this house is in a quiet, yet beautiful part of the city.  The neighborhood park, just walking distance, has a playground and is well maintained, while there are also numerous restaurants and bars along Eastlake Ave within easy walking distance.  Just blocks down the street is a gourmet cafe with exceptional coffee and pastries.  The University of Washington is a 15-20 minute walk, Seattle University is a 7 min drive and downtown is just minutes away via car/bus.","This is our family's home and is not a party house or a place for loud, late night activity. You will find that our home is a perfect setting for families to gather, a reunion for friends or an easy to access retreat while working in Seattle or at UW.  We are also very close to highways I-5 and 520 for those needing to travel north / south or to the east side.","Our house has a two car driveway and there is easy parking on the street in front of the house.  Bus lines run just a block away that can take you to various parts of the city. For those more adventurous, the Burke-Gilman trail (great for biking and walking) is right across the bridge. Our street over looks the Montlake Cut, where UW rowing races finish their regattas (a la Boys in the Boat!) and you can watch boats come in and out throughout the day.",https://a0.muscache.com/ac/pictures/102888130/4b43eb4c_original.jpg?interpolation=lanczos-none&size=small&output-format=jpg&output-quality=70,https://a0.muscache.com/im/pictures/102888130/4b43eb4c_original.jpg?aki_policy=medium,https://a0.muscache.com/ac/pictures/102888130/4b43eb4c_original.jpg?interpolation=lanczos-none&size=large_cover&output-format=jpg&output-quality=70,https://a0.muscache.com/ac/pictures/102888130/4b43eb4c_original.jpg?interpolation=lanczos-none&size=x_large_cover&output-format=jpg&output-quality=70,42436525,https://www.airbnb.com/users/show/42436525,William,2015-08-25,"Seattle, Washington, United States","We are an active family with two boys. You'll find us at a UW Huskies game, biking the Burke-Gilman, heading off to the mountains or down to the water. We love Seattle and all that it has to offer. As both a couple and a family, we have traveled all around. Much of the art in the house is from these travels. ",within a few hours,89%,100%,f,"https://a0.muscache.com/ac/users/42436525/profile_pic/1440798141/original.jpg?interpolation=lanczos-none&crop=w:w;*,*&crop=h:h;*,*&resize=50:*&output-format=jpg&output-quality=70","https://a0.muscache.com/ac/users/42436525/profile_pic/1440798141/original.jpg?interpolation=lanczos-none&crop=w:w;*,*&crop=h:h;*,*&resize=225:*&output-format=jpg&output-quality=70",Portage Bay,1.0,1.0,"['email', 'phone', 'reviews', 'kba']",t,t,"East Shelby Street, Seattle, WA 98102, United States",Portage Bay,Portage Bay,Capitol Hill,Seattle,WA,98102,Seattle,"Seattle, WA",US,United States,47.64741620464863,-122.32137509318228,t,House,Entire home/apt,8,3.5,4.0,5.0,Real Bed,"{TV,Internet,""Wireless Internet"",Kitchen,""Free Parking on Premises"",""Indoor Fireplace"",Heating,""Family/Kid Friendly"",Washer,Dryer,""Smoke Detector"",""Carbon Monoxide Detector"",""Fire Extinguisher"",Essentials}",,$525.00,,,"$1,000.00",$100.00,8,$50.00,2,1125,yesterday,t,9,20,36,76,2016-01-04,4,2015-09-27,2015-12-28,85.0,9.0,9.0,10.0,10.0,9.0,9.0,f,,WASHINGTON,f,strict,f,f,1,1.2
8152764,https://www.airbnb.com/rooms/8152764,20160104002432,2016-01-04,Beautiful Water View Apartment,"Our home is cozy with lots of natural light. The view overlooking Portage Bay is unlike any other. You can enjoy meals or a glass of wine on our private porch and watch sailboats, kayakers and yachts drift by. Our quiet, centralized location is perfect for your Seattle bucket list.","The view of Portage Bay makes this space very unique. The back wall of the apartment is all windows overlooking the bay.  Our guests sleep on an expandable Ikea couch. We provide fresh sheets, blankets and two pillows. The couch is in the living room. We have to walk past the couch to get to the kitchen. We will give you as much privacy as possible!  The apartment is in a quieter area of the city in close proximity (driving, bus or bike ride) to most all of the city's favorites!","Our home is cozy with lots of natural light. The view overlooking Portage Bay is unlike any other. You can enjoy meals or a glass of wine on our private porch and watch sailboats, kayakers and yachts drift by. Our quiet, centralized location is perfect for your Seattle bucket list. The view of Portage Bay makes this space very unique. The back wall of the apartment is all windows overlooking the bay.  Our guests sleep on an expandable Ikea couch. We provide fresh sheets, blankets and two pillows. The couch is in the living room. We have to walk past the couch to get to the kitchen. We will give you as much privacy as possible!  The apartment is in a quieter area of the city in close proximity (driving, bus or bike ride) to most all of the city's favorites! Guests will have access to all areas of the apartment. We are happy to share our spices, cooking oil, etc. Guests are welcome to any kitchen utilities or supplies. We ask that guests bring their own food, if you wish to cook. We are ",none,"Our neighborhood is quieter, nudged between the young, hip and trendy Capitol Hill and the University District of the University of Washington. Public transportation is by bus and very easily accessible. It's about a 25 minute ride to the heart of downtown by bus, about 10 minutes by car (without traffic). There is a nearby bike rental spot.","There are laundry facilities in the apartment complex, it is $1.25 per load. We do not have air conditioning and Seattle gets pretty hot in the summer months. We have two fans that you can blow directly on you to keep cool! Not many places in Seattle have AC.","There are several bus stops within a 5-minute walk that can essentially take you anywhere. There is ample, free parking surrounding our apartment with no time limits. This is VERY rare anywhere in Seattle proper!",https://a2.muscache.com/ac/pictures/103854441/05de8ffa_original.jpg?interpolation=lanczos-none&size=small&output-format=jpg&output-quality=70,https://a2.muscache.com/im/pictures/103854441/05de8ffa_original.jpg?aki_policy=medium,https://a2.muscache.com/ac/pictures/103854441/05de8ffa_original.jpg?interpolation=lanczos-none&size=large_cover&output-format=jpg&output-quality=70,https://a2.muscache.com/ac/pictures/103854441/05de8ffa_original.jpg?interpolation=lanczos-none&size=x_large_cover&output-format=jpg&output-quality=70,9951683,https://www.airbnb.com/users/show/9951683,Kelsey & Wes,2013-11-11,"Seattle, Washington, United States","We are a young, fun-loving couple. We have a passion for travel. We try to get the MOST out of every place we are lucky enough to visit! Meeting cool people is pretty awesome, too :)

Native East Coasters living it up in Seattle: startup life, outdoors and lots of adventure.",within an hour,100%,100%,t,"https://a2.muscache.com/ac/users/9951683/profile_pic/1438665929/original.jpg?interpolation=lanczos-none&crop=w:w;*,*&crop=h:h;*,*&resize=50:*&output-format=jpg&output-quality=70","https://a2.muscache.com/ac/users/9951683/profile_pic/1438665929/original.jpg?interpolation=lanczos-none&crop=w:w;*,*&crop=h:h;*,*&resize=225:*&output-format=jpg&output-quality=70",Portage Bay,2.0,2.0,"['email', 'phone', 'facebook', 'linkedin', 'reviews', 'kba']",t,t,"Fuhrman Avenue East, Seattle, WA 98102, United States",Portage Bay,Portage Bay,Capitol Hill,Seattle,WA,98102,Seattle,"Seattle, WA",US,United States,47.65042411781592,-122.3220168792875,t,Apartment,Entire home/apt,4,1.0,1.0,2.0,Real Bed,"{Internet,""Wireless Internet"",Kitchen,""Free Parking on Premises"",Heating,Washer,Dryer,""Smoke Detector"",""Carbon Monoxide Detector"",""Fire Extinguisher"",Essentials,Shampoo}",,$99.00,$525.00,,,,2,$10.00,1,1125,yesterday,t,5,12,23,135,2016-01-04,1,2015-10-26,2015-10-26,100.0,10.0,10.0,10.0,10.0,10.0,10.0,f,,WASHINGTON,f,flexible,f,f,1,0.42
6837751,https://www.airbnb.com/rooms/6837751,20160104002432,2016-01-04,1908 Craftsman home - cozy room,"This listing is for a cozy room nestled in the Roanoke park neighborhood. Our home is close to popular areas of Seattle; downtown is 5 minutes away by car, and 10 minutes away by bus.","Our space is close to all the activities that Seattle has to offer. It has restaurants and convenience stores nearby, and it sits one block away from beautiful Roanoke park. We're very close to the University of Washington, are we're also close to Capitol Hill and Downtown Seattle. It's a Craftsman house with crown molding, hardwood floors, and leaded glass windows.","This listing is for a cozy room nestled in the Roanoke park neighborhood. Our home is close to popular areas of Seattle; downtown is 5 minutes away by car, and 10 minutes away by bus. Our space is close to all the activities that Seattle has to offer. It has restaurants and convenience stores nearby, and it sits one block away from beautiful Roanoke park. We're very close to the University of Washington, are we're also close to Capitol Hill and Downtown Seattle. It's a Craftsman house with crown molding, hardwood floors, and leaded glass windows. bathroom: Rustic, walk-in shower, as well as original classic claw foot tub; shared. Shampoo & conditioner, hair dryer, and fresh towels provided at your convenience. room: Sun porch is an extension off of your room; enjoy a cup of coffee or tea, or grab something from the mini fridge in this cozy nook. WiFi, and a TV with Chrome Cast included. other perusals: The patio is available for your use, and includes a propane grill. Inside, you'll fi",none,"Roanoke park, established in 1908, is a beautiful park just a block south of our house. If you're in the mood for a delicious sandwich, or pastry & latte, there is Le Fournil, a bakery just a few blocks away. There are multiple places to eat, as well as a couple convenience stores in the area within a five to ten minute walk.","We live next to Interstate-5. While we've become accustomed to it, our guests may be sensitive to the surrounding noise.","One can take multiple buses from our area to various parts of the city and the suburbs.  The 49 Metro bus stops a block away from our home and goes to Downtown Seattle. Uber, Lyft and standard taxi service are minutes away. In addition ZipCar and Car2Go are available.",https://a2.muscache.com/ac/pictures/86487557/9e5cdfce_original.jpg?interpolation=lanczos-none&size=small&output-format=jpg&output-quality=70,https://a2.muscache.com/im/pictures/86487557/9e5cdfce_original.jpg?aki_policy=medium,https://a2.muscache.com/ac/pictures/86487557/9e5cdfce_original.jpg?interpolation=lanczos-none&size=large_cover&output-format=jpg&output-quality=70,https://a2.muscache.com/ac/pictures/86487557/9e5cdfce_original.jpg?interpolation=lanczos-none&size=x_large_cover&output-format=jpg&output-quality=70,34219060,https://www.airbnb.com/users/show/34219060,Cody,2015-05-25,"Seattle, Washington, United States","I'm a youngin that loves to keep his life organized. The 22 years of living in a moderately large house continues to present me with a wealth of responsibilities which I've grown adept to maintaining. There's nothing like checking off a todo in your list after you've congratulated yourself for a job well done; I strive to feel that way on a daily basis.

As a host, I try my best to make your experience not only pleasant, but excellent! I treat my guests with respect from the moment we meet, and am willing to do almost anything to make a guest feel at home. If there is anything that you'll need from me during your stay, let me know, and I'll accommodate you to the highest degree of my ability.

I'd describe myself as somewhat of an extrovert. Though I'm learning to listen more and more, I do enjoy taking care of others and am always up to learn something new. I like staying in the company of others, but I also enjoy my own company. Meeting new people consistently fascinates me, and I always enjoy trying to see things from another's perspective.

I'm preparing to study Computer Engineering at a four year university; ever since I was 12 years old and received my first laptop, I've been immersed in trying to understand how a computer works from the ground up.
I am currently the president of the Computer Science club at Seattle Central, and enjoy my studies very much. My favorite subject has always been mathematics, but for some reason I feel like I'd be interested in learning about anything.",within an hour,100%,100%,t,"https://a0.muscache.com/ac/users/34219060/profile_pic/1432595593/original.jpg?interpolation=lanczos-none&crop=w:w;*,*&crop=h:h;*,*&resize=50:*&output-format=jpg&output-quality=70","https://a0.muscache.com/ac/users/34219060/profile_pic/1432595593/original.jpg?interpolation=lanczos-none&crop=w:w;*,*&crop=h:h;*,*&resize=225:*&output-format=jpg&output-quality=70",Portage Bay,2.0,2.0,"['email', 'phone', 'google', 'linkedin', 'reviews', 'jumio']",t,t,"Harvard Avenue East, Seattle, WA 98102, United States",Portage Bay,Portage Bay,Capitol Hill,Seattle,WA,98102,Seattle,"Seattle, WA",US,United States,47.64461496754134,-122.3214240645804,t,House,Private room,1,1.5,1.0,1.0,Real Bed,"{TV,Internet,""Wireless Internet"",Kitchen,""Free Parking on Premises"",""Indoor Fireplace"",Washer,Dryer,""Smoke Detector"",""Carbon Monoxide Detector"",""First Aid Kit"",""Fire Extinguisher"",Essentials,Shampoo}",,$90.00,,,$150.00,,1,$0.00,2,1125,5 weeks ago,t,30,60,90,365,2016-01-04,25,2015-06-20,2015-10-20,99.0,10.0,10.0,10.0,10.0,10.0,10.0,f,,WASHINGTON,t,moderate,f,f,2,3.77
2459519,https://www.airbnb.com/rooms/2459519,20160104002432,2016-01-04,Fabulous Views of Lakes & Mountains,"Centrally located, minutes to downtown. Views are panoramic of the Cascade Mountains,  Portage Bay and University of Washington. We overlook the Seattle Yacht Club and Seattle's famous floating homes. Walk to restaurants. Superb & quiet neighborhood!","Welcome! Our house is ideally located for visiting Seattle. Minutes to downtown sites and nightlife, but in a quiet highly desirable neighbourhood. Our fully remodeled 1903 house is bright and light with an open floor plan in the main floor. The gourmet kitchen is well-equipped for entertaining and large groups. The kitchen opens to the living space which also has a built-in reading nook for afternoon lounging. The kitchen also opens to an East-facing deck with tables and seating for eight. The gas BBQ is just down the stairs. Just off the entry is our den with fireplace, piano and guest guitars for your use.  The second floor has three bedrooms, each with ample space.  The master bed is a Cal King, one bedroom is a double bed and the other has a queen bed. Two bedrooms share a bathroom with shower. The master has its own ensuite soaking tub and shower, and access to a lovely deck with panoramic views from University of Washington to the Cascade Mountains.  The third floor is open plan","Centrally located, minutes to downtown. Views are panoramic of the Cascade Mountains,  Portage Bay and University of Washington. We overlook the Seattle Yacht Club and Seattle's famous floating homes. Walk to restaurants. Superb & quiet neighborhood! Welcome! Our house is ideally located for visiting Seattle. Minutes to downtown sites and nightlife, but in a quiet highly desirable neighbourhood. Our fully remodeled 1903 house is bright and light with an open floor plan in the main floor. The gourmet kitchen is well-equipped for entertaining and large groups. The kitchen opens to the living space which also has a built-in reading nook for afternoon lounging. The kitchen also opens to an East-facing deck with tables and seating for eight. The gas BBQ is just down the stairs. Just off the entry is our den with fireplace, piano and guest guitars for your use.  The second floor has three bedrooms, each with ample space.  The master bed is a Cal King, one bedroom is a double bed and the othe",none,"Roanoke/Portage Bay is one of Seattle's oldest neighbourhoods. We have easy access via bus or freeway to anywhere in Seattle and Bellevue. We are directly opposite the University of Washington. Walking to the Arboretum, Interlaken Park and the trails around the lakes is minutes away and always enjoyable. Walk to coffee shops, restaurants and local bars & pubs. Ski Snoqualmie or Stevens Pass within an hour of stepping from the door.","We love books and have left them for your use. Please feel free to enjoy them, but leave them when you go. We also have books, toys and games for children that you are welcome to take advantage of. Windows, however, are not child safe so do maintain supervision of your children, please!","Bus stops one block from the house and is  a 25 minute trip to downtown, 10 minutes to UW. Via car, the city centre is minutes away.",https://a1.muscache.com/ac/pictures/70737623/9bec2d31_original.jpg?interpolation=lanczos-none&size=small&output-format=jpg&output-quality=70,https://a1.muscache.com/im/pictures/70737623/9bec2d31_original.jpg?aki_policy=medium,https://a1.muscache.com/ac/pictures/70737623/9bec2d31_original.jpg?interpolation=lanczos-none&size=large_cover&output-format=jpg&output-quality=70,https://a1.muscache.com/ac/pictures/70737623/9bec2d31_original.jpg?interpolation=lanczos-none&size=x_large_cover&output-format=jpg&output-quality=70,12575330,https://www.airbnb.com/users/show/12575330,Megan,2014-02-25,"Seattle, Washington, United States","Canadians living in the beautiful city of Seattle. We've lived in Japan, Malaysia, San Diego and Seattle. We love great food, music, art and the anything that gets us outdoors. We love to travel, too! Megan is a garden designer and John works for a non-profit.",within a few hours,100%,100%,t,"https://a0.muscache.com/ac/users/12575330/profile_pic/1393359714/original.jpg?interpolation=lanczos-none&crop=w:w;*,*&crop=h:h;*,*&resize=50:*&output-format=jpg&output-quality=70","https://a0.muscache.com/ac/users/12575330/profile_pic/1393359714/original.jpg?interpolation=lanczos-none&crop=w:w;*,*&crop=h:h;*,*&resize=225:*&output-format=jpg&output-quality=70",Portage Bay,1.0,1.0,"['email', 'phone', 'facebook', 'linkedin', 'reviews', 'kba']",t,t,"10th Avenue East, Seattle, WA 98102, United States",Portage Bay,Portage Bay,Capitol Hill,Seattle,WA,98102,Seattle,"Seattle, WA",US,United States,47.645748659091176,-122.3185807054856,t,House,Entire home/apt,10,4.0,6.0,7.0,Real Bed,"{TV,""Cable TV"",Internet,""Wireless Internet"",Kitchen,""Free Parking on Premises"",""Pets Allowed"",""Pets live on this property"",Dog(s),""Indoor Fireplace"",Heating,""Family/Kid Friendly"",Washer,Dryer,""Smoke Detector"",""Carbon Monoxide Detector"",""First Aid Kit"",""Safety Card"",""Fire Extinguisher"",Essentials,Shampoo}",,$750.00,"$4,800.00","$19,000.00","$1,000.00",$300.00,8,$75.00,3,1125,3 weeks ago,t,25,46,76,345,2016-01-04,13,2015-04-13,2015-11-29,94.0,9.0,10.0,10.0,9.0,9.0,9.0,f,,WASHINGTON,f,strict,f,f,1,1.46
4940379,https://www.airbnb.com/rooms/4940379,20160104002432,2016-01-04,"Portage Bay Escape, Seattle","        Midcentury style home overlooking Portage Bay with dock access (no boat mooring at this time). Walking distance to UW, Husky stadium, U-Hospital. East facing with gorgeous views of Cascade mountain range. Private garden and large deck.      ","The house fits 6 guests very comfortably in 3 bedrooms. The furniture is a combination of vintage midcentury and current labels such as Crate and Barrel. We have styled the home to be a vacation dream of comfort, the  couch in the living room is the best for napping and lounging the beds are all pillow top, the linnens are all Nordstrom 400ct. Our house is at the center of the very best that Seattle has to offer - views, water, and fast access to downtown and surrounding neighborhoods (South Lake Union, Capitol Hill, Ballard, Queen Anne, U district).  A large open floor plan with an incredible view deck.  A fun walking, biking or jogging neighborhood. We LOVE having guests but respect your privacy 100%.  Our goal is to have you back, let us know what we can do make it happen!  We are very close to both downtown and the University as well as the gorgeous Arboretum!  Portage Bay is an active community of house boats and land dwellers. People are jogging,  sailing, paddling by on water bo","        Midcentury style home overlooking Portage Bay with dock access (no boat mooring at this time). Walking distance to UW, Husky stadium, U-Hospital. East facing with gorgeous views of Cascade mountain range. Private garden and large deck.       The house fits 6 guests very comfortably in 3 bedrooms. The furniture is a combination of vintage midcentury and current labels such as Crate and Barrel. We have styled the home to be a vacation dream of comfort, the  couch in the living room is the best for napping and lounging the beds are all pillow top, the linnens are all Nordstrom 400ct. Our house is at the center of the very best that Seattle has to offer - views, water, and fast access to downtown and surrounding neighborhoods (South Lake Union, Capitol Hill, Ballard, Queen Anne, U district).  A large open floor plan with an incredible view deck.  A fun walking, biking or jogging neighborhood. We LOVE having guests but respect your privacy 100%.  Our goal is to have you back, let us",none,"We are very close to both downtown and the University as well as the gorgeous Arboretum!  Portage Bay is an active community of house boats and land dwellers. People are jogging,  sailing, paddling by on water boards and kayaks all day long! Walking their dogs and of course having lattes at the super cute Canal Street Market Cafe.","Our property is overlooking the water.   All though we can not offer moorage to our guests you are welcome to access the water from our dock. During the summer, the channel in front of the house is a great place for a swim! All at your own risk of course. P.S For fishing you'll need a fishing license.","Metro bus #25 stops on our block, it travels Downtown via UW to Laurelhurst. A cab ride to down town will take about 8 min.",https://a1.muscache.com/ac/pictures/62977920/7dc2d3a6_original.jpg?interpolation=lanczos-none&size=small&output-format=jpg&output-quality=70,https://a1.muscache.com/im/pictures/62977920/7dc2d3a6_original.jpg?aki_policy=medium,https://a1.muscache.com/ac/pictures/62977920/7dc2d3a6_original.jpg?interpolation=lanczos-none&size=large_cover&output-format=jpg&output-quality=70,https://a1.muscache.com/ac/pictures/62977920/7dc2d3a6_original.jpg?interpolation=lanczos-none&size=x_large_cover&output-format=jpg&output-quality=70,25460065,https://www.airbnb.com/users/show/25460065,Mimmi,2015-01-01,"Seattle, Washington, United States","I love the water and am so thrilled to be able to share this location with our guest at the ""Portage Bay Retreat"".  Evening swimming, BBQ's, watching the days roll by on the bay, it's all here!  Walks in the UW Arboretum or bike rides to Eastlake and downtown is a favorite weekend pastime. ",within a few hours,90%,100%,f,"https://a1.muscache.com/ac/users/25460065/profile_pic/1421027852/original.jpg?interpolation=lanczos-none&crop=w:w;*,*&crop=h:h;*,*&resize=50:*&output-format=jpg&output-quality=70","https://a1.muscache.com/ac/users/25460065/profile_pic/1421027852/original.jpg?interpolation=lanczos-none&crop=w:w;*,*&crop=h:h;*,*&resize=225:*&output-format=jpg&output-quality=70",Portage Bay,1.0,1.0,"['email', 'phone', 'reviews']",t,f,"Boyer Avenue East, Suite A, Seattle, WA 98102, United States",Portage Bay,Portage Bay,Capitol Hill,Seattle,WA,98102,Seattle,"Seattle, WA",US,United States,47.64646125745715,-122.31704056417558,t,House,Entire home/apt,6,2.0,3.0,3.0,Real Bed,"{TV,""Cable TV"",Internet,""Wireless Internet"",Kitchen,""Free Parking on Premises"",""Pets Allowed"",""Indoor Fireplace"",Heating,""Family/Kid Friendly"",Washer,Dryer,""Smoke Detector"",""Carbon Monoxide Detector"",""First Aid Kit"",""Safety Card"",""Fire Extinguisher"",Essentials,Shampoo,""24-Hour Check-in"",Hangers,""Hair Dryer"",Iron,""Laptop Friendly Workspace""}",,$250.00,"$1,575.00","$5,600.00",$200.00,$100.00,6,$20.00,2,1125,today,t,8,8,32,274,2016-01-04,9,2015-06-11,2016-01-02,93.0,10.0,10.0,10.0,9.0,10.0,10.0,f,,WASHINGTON,f,flexible,f,f,1,1.3
2413338,https://www.airbnb.com/rooms/2413338,20160104002432,2016-01-04,Experience a Seattle floating home!,"Private first floor room and bathroom with separate entrance in a lovely renovated floating home on Portage Bay, Seattle. 10 minute walk to the UW campus and close to many bus routes. Experience life on the water for a while - it is special.","Lots of people are curious about Seattle ""houseboats"" - I was one of them. Now that I live in one, it  makes me very happy to be able to share the space with others who would like to experience this unique lifestyle for a few days. The house is super comfortable and supremely well-located in an historically significant neighborhood.","Private first floor room and bathroom with separate entrance in a lovely renovated floating home on Portage Bay, Seattle. 10 minute walk to the UW campus and close to many bus routes. Experience life on the water for a while - it is special. Lots of people are curious about Seattle ""houseboats"" - I was one of them. Now that I live in one, it  makes me very happy to be able to share the space with others who would like to experience this unique lifestyle for a few days. The house is super comfortable and supremely well-located in an historically significant neighborhood. You will need to be able to navigate a set of stairs and a short (somewhat fragile) dock.  The dock is fixed but the house floats and the water level changes, so you may also have to negotiate differences in the levels of the walkways.  Once you enter the neighborhood, it will be a different world - close to nature and right on the water. You will have access to everything on the ground floor, inside and out (approx. 80",none,"You will be minutes away from a French bakery and one of the best sushi restaurants in Seattle, yet tucked away in a quiet, rural neighborhood. A 20 min. walk/5 min. drive to Trader Joe's, 10-15 minute drive to Whole Foods, 1 minute to the Burke-Gilman bike trail, and just across the bridge from the UW.  Excellent driving access to I-5 and SR-520 (to the Eastside).",Small refrigerator in room. Kayak and bicycle rentals located nearby.,"This is city living at its best - the walk score is 78 (very walkable); transit score is 73; and bike score is 85. The UW is a public transit hub because it employs so many people.  The location is extremely accessible to other neighborhoods and parts of the city via car or Seattle metro transit. Plentiful free street parking five minutes away.  There is no parking on the street or driveway, except for temporary load/unload.  Please do not park in just any spot - the parking is very tight on the street itself and I must stay on good terms with neighbors.",https://a1.muscache.com/ac/pictures/32072730/b60ddc95_original.jpg?interpolation=lanczos-none&size=small&output-format=jpg&output-quality=70,https://a1.muscache.com/im/pictures/32072730/b60ddc95_original.jpg?aki_policy=medium,https://a1.muscache.com/ac/pictures/32072730/b60ddc95_original.jpg?interpolation=lanczos-none&size=large_cover&output-format=jpg&output-quality=70,https://a1.muscache.com/ac/pictures/32072730/b60ddc95_original.jpg?interpolation=lanczos-none&size=x_large_cover&output-format=jpg&output-quality=70,12334975,https://www.airbnb.com/users/show/12334975,Margaret,2014-02-17,"Seattle, Washington, United States",,,,,f,"https://a0.muscache.com/ac/users/12334975/profile_pic/1392686390/original.jpg?interpolation=lanczos-none&crop=w:w;*,*&crop=h:h;*,*&resize=50:*&output-format=jpg&output-quality=70","https://a0.muscache.com/ac/users/12334975/profile_pic/1392686390/original.jpg?interpolation=lanczos-none&crop=w:w;*,*&crop=h:h;*,*&resize=225:*&output-format=jpg&output-quality=70",,1.0,1.0,"['email', 'phone', 'reviews', 'kba']",t,t,"Portage Bay Place East, Seattle, WA 98102, United States",,Portage Bay,Capitol Hill,Seattle,WA,98102,Seattle,"Seattle, WA",US,United States,47.65029534954054,-122.32063135008796,t,Other,Private room,2,1.0,1.0,1.0,Futon,"{TV,""Cable TV"",Internet,""Wireless Internet"",Kitchen,Heating,Washer,Dryer,""Smoke Detector"",""Carbon Monoxide Detector"",""First Aid Kit"",""Fire Extinguisher"",Essentials,Shampoo,""Lock on Bedroom Door"",Hangers,""Hair Dryer"",Iron,""Laptop Friendly Workspace""}",,$125.00,$650.00,"$1,800.00",,$50.00,1,$25.00,2,1125,a week ago,t,27,27,55,250,2016-01-04,18,2014-04-02,2015-09-10,99.0,10.0,10.0,10.0,10.0,10.0,10.0,f,,WASHINGTON,f,moderate,f,f,1,0.84
2332949,https://www.airbnb.com/rooms/2332949,20160104002432,2016-01-04,Centrally located Roanoke Park home,"Recently remodeled 4br/2.75ba family-friendly house with modern amenities including gourmet kitchen, full size stone tile shower, and space for the whole family.  Located centrally with easy access to the airport, freeways, the city and more.","Our house is a 1920s house but with all the modern amenities.  Over the last ten years we've redone literally every piece of it to make sure it's a great home for us and a great space for you.   We'll start with the basics - the house is on an alleyway and you have parking for 2-3 cars in the back and oodles of parking on the street. There's never a shortage of parking by our house.  The back of the house also has a 200+ square foot deck where you can sit out and enjoy the sunny days in Seattle. When you enter the house (with a keypad lock, so no worries about futzing with keys) you'll have an entry way complete with seating bench, cubbies, and a closet for all your outdoor clothes.  It's time to get comfy! Walk through our gourmet kitchen and you'll immediately get a sense for who we are.  We host dinner parties of 12-16 often and this kitchen was designed for that.  A commercial range and hood, pot filler, hot water dispenser, high-end appliances and lots of counter and storage space","Recently remodeled 4br/2.75ba family-friendly house with modern amenities including gourmet kitchen, full size stone tile shower, and space for the whole family.  Located centrally with easy access to the airport, freeways, the city and more. Our house is a 1920s house but with all the modern amenities.  Over the last ten years we've redone literally every piece of it to make sure it's a great home for us and a great space for you.   We'll start with the basics - the house is on an alleyway and you have parking for 2-3 cars in the back and oodles of parking on the street. There's never a shortage of parking by our house.  The back of the house also has a 200+ square foot deck where you can sit out and enjoy the sunny days in Seattle. When you enter the house (with a keypad lock, so no worries about futzing with keys) you'll have an entry way complete with seating bench, cubbies, and a closet for all your outdoor clothes.  It's time to get comfy! Walk through our gourmet kitchen and you",none,"Roanoke Park is very much a family neighborhood.  It is centrally located between Capitol Hill, the water, the University District, and Eastlake (heading to downtown).  It's quite a little gem because it has a big park nearby where you can take a stroll or play around with the kids.  It's also very good because there is so much easy access to key roads and freeways.  All this while being one of the nicer, quieter locations in the city.  It's a spectacular balance!",If you're traveling with a baby you can use the Pack 'n Play (and mattress) we just bought for the house as well as the high-chair.  That way you don't have to carry one with you.  :-) ALSO: There is 1 king bed and 3 queen beds.  We can accommodate 10 as needed either with folks sleeping on the sectional couch (it's large) or with a queen air-mattress.,Within four blocks there are 3-4 key bus lines that take you to downtown or to key points where you can connect to much of the city.  Realistically that's what all Seattle transportation is about - it's a big hub and spoke system emanating from downtown.  So each neighborhood has 3-4 key lines that go either to downtown or to a connection.  (Seattle isn't the best at public transport... :-)),https://a0.muscache.com/ac/pictures/34597682/12a7358e_original.jpg?interpolation=lanczos-none&size=small&output-format=jpg&output-quality=70,https://a0.muscache.com/im/pictures/34597682/12a7358e_original.jpg?aki_policy=medium,https://a0.muscache.com/ac/pictures/34597682/12a7358e_original.jpg?interpolation=lanczos-none&size=large_cover&output-format=jpg&output-quality=70,https://a0.muscache.com/ac/pictures/34597682/12a7358e_original.jpg?interpolation=lanczos-none&size=x_large_cover&output-format=jpg&output-quality=70,640731,https://www.airbnb.com/users/show/640731,Dan And Natalia,2011-05-29,"Seattle, Washington, United States","We are a family of five (we just added Mateo, our 3rd son) who enjoy traveling, playing with the boys, and living life.  We like to cook a lot and host dinner parties so our house is well set up for that.  It's all about stories and friends and family.",within an hour,100%,100%,f,"https://a2.muscache.com/ac/users/640731/profile_pic/1391481994/original.jpg?interpolation=lanczos-none&crop=w:w;*,*&crop=h:h;*,*&resize=50:*&output-format=jpg&output-quality=70","https://a2.muscache.com/ac/users/640731/profile_pic/1391481994/original.jpg?interpolation=lanczos-none&crop=w:w;*,*&crop=h:h;*,*&resize=225:*&output-format=jpg&output-quality=70",Portage Bay,1.0,1.0,"['email', 'phone', 'facebook', 'reviews', 'kba']",t,t,"Harvard Avenue East, Seattle, WA, United States",Portage Bay,Portage Bay,Capitol Hill,Seattle,WA,,Seattle,"Seattle, WA",US,United States,47.64586724358393,-122.32141560696932,t,House,Entire home/apt,10,3.0,4.0,4.0,Real Bed,"{TV,""Cable TV"",Internet,""Wireless Internet"",Kitchen,""Free Parking on Premises"",""Indoor Fireplace"",Heating,""Family/Kid Friendly"",Washer,Dryer,""Smoke Detector"",""Carbon Monoxide Detector"",Essentials,Shampoo}",,$380.00,,,$100.00,$100.00,8,$20.00,1,1125,5 days ago,t,30,60,90,347,2016-01-04,38,2014-05-19,2015-11-22,95.0,9.0,9.0,9.0,10.0,9.0,9.0,f,,WASHINGTON,f,strict,f,f,1,1.91
6543683,https://www.airbnb.com/rooms/6543683,20160104002432,2016-01-04,1908 Craftsman home - spacious room,"This listing is for a large room connected to a sun porch overlooking the Roanoke park neighborhood. Our home is close to popular areas of Seattle; downtown is 5 minutes away by car, and 10 minutes away by bus.","Our space is close to all the activities that Seattle has to offer. It has restaurants and convenience stores nearby, and it sits one block away from beautiful Roanoke park. We're very close to the University of Washington, are we're also close to Capitol Hill and Downtown Seattle. It's a Craftsman house with crown molding, hardwood floors, and leaded glass windows.","This listing is for a large room connected to a sun porch overlooking the Roanoke park neighborhood. Our home is close to popular areas of Seattle; downtown is 5 minutes away by car, and 10 minutes away by bus. Our space is close to all the activities that Seattle has to offer. It has restaurants and convenience stores nearby, and it sits one block away from beautiful Roanoke park. We're very close to the University of Washington, are we're also close to Capitol Hill and Downtown Seattle. It's a Craftsman house with crown molding, hardwood floors, and leaded glass windows. bathroom: Rustic, walk-in shower, as well as original classic claw foot tub; shared. Shampoo & conditioner, hair dryer, and fresh towels provided at your convenience.  room: Sun porch is an extension off of your room; enjoy a cup of coffee or tea, or grab something from the mini fridge in this cozy nook. WiFi, and a TV with Chrome Cast included.   other perusals: The patio is available for your use, and includes a pr",none,"Roanoke park, established in 1908, is a beautiful park just a block south of our house. If you're in the mood for a delicious sandwich, or pastry & latte, there is Le Fournil, a bakery just a few blocks away. There are multiple places to eat, as well as a couple convenience stores in the area within a five to ten minute walk.","We live next to Interstate-5. While we've become accustomed to it, our guests may be sensitive to the surrounding noise.","One can take multiple buses from our area to various parts of the city and the suburbs. The 49 Metro bus stops a block away from our home and goes to Downtown Seattle. Uber, Lyft and standard taxi service are minutes away. In addition ZipCar and Car2Go  are available.",https://a0.muscache.com/ac/pictures/86109632/9e173ce6_original.jpg?interpolation=lanczos-none&size=small&output-format=jpg&output-quality=70,https://a0.muscache.com/im/pictures/86109632/9e173ce6_original.jpg?aki_policy=medium,https://a0.muscache.com/ac/pictures/86109632/9e173ce6_original.jpg?interpolation=lanczos-none&size=large_cover&output-format=jpg&output-quality=70,https://a0.muscache.com/ac/pictures/86109632/9e173ce6_original.jpg?interpolation=lanczos-none&size=x_large_cover&output-format=jpg&output-quality=70,34219060,https://www.airbnb.com/users/show/34219060,Cody,2015-05-25,"Seattle, Washington, United States","I'm a youngin that loves to keep his life organized. The 22 years of living in a moderately large house continues to present me with a wealth of responsibilities which I've grown adept to maintaining. There's nothing like checking off a todo in your list after you've congratulated yourself for a job well done; I strive to feel that way on a daily basis.

As a host, I try my best to make your experience not only pleasant, but excellent! I treat my guests with respect from the moment we meet, and am willing to do almost anything to make a guest feel at home. If there is anything that you'll need from me during your stay, let me know, and I'll accommodate you to the highest degree of my ability.

I'd describe myself as somewhat of an extrovert. Though I'm learning to listen more and more, I do enjoy taking care of others and am always up to learn something new. I like staying in the company of others, but I also enjoy my own company. Meeting new people consistently fascinates me, and I always enjoy trying to see things from another's perspective.

I'm preparing to study Computer Engineering at a four year university; ever since I was 12 years old and received my first laptop, I've been immersed in trying to understand how a computer works from the ground up.
I am currently the president of the Computer Science club at Seattle Central, and enjoy my studies very much. My favorite subject has always been mathematics, but for some reason I feel like I'd be interested in learning about anything.",within an hour,100%,100%,t,"https://a0.muscache.com/ac/users/34219060/profile_pic/1432595593/original.jpg?interpolation=lanczos-none&crop=w:w;*,*&crop=h:h;*,*&resize=50:*&output-format=jpg&output-quality=70","https://a0.muscache.com/ac/users/34219060/profile_pic/1432595593/original.jpg?interpolation=lanczos-none&crop=w:w;*,*&crop=h:h;*,*&resize=225:*&output-format=jpg&output-quality=70",Portage Bay,2.0,2.0,"['email', 'phone', 'google', 'linkedin', 'reviews', 'jumio']",t,t,"Harvard Avenue East, Seattle, WA 98102, United States",Portage Bay,Portage Bay,Capitol Hill,Seattle,WA,98102,Seattle,"Seattle, WA",US,United States,47.64421156166618,-122.32269891618436,t,House,Private room,2,1.5,1.0,1.0,Real Bed,"{TV,Internet,""Wireless Internet"",Kitchen,""Free Parking on Premises"",""Indoor Fireplace"",Heating,Washer,Dryer,""Smoke Detector"",""Carbon Monoxide Detector"",""First Aid Kit"",""Fire Extinguisher"",Essentials,Shampoo}",,$130.00,,,$150.00,,1,$10.00,2,1125,5 weeks ago,t,30,60,90,365,2016-01-04,15,2015-06-22,2015-09-28,100.0,10.0,10.0,10.0,10.0,10.0,10.0,f,,WASHINGTON,t,moderate,f,f,2,2.28
4340410,https://www.airbnb.com/rooms/4340410,20160104002432,2016-01-04,Modern 1 bedroom condo in EastLake,"Open and airy layout with 9' ceilings, a wall of windows, hardwoods, gourmet kitchen w/ appliances, granite counter-tops, sleek dark cabinets.  A community garden/courtyard is perfect for barbecuing, socializing & enjoying the Lake Union view.","Who Airbnb's our place?: This condo is perfect for a small family, couples or an individual traveler interested in booking for short-term trips. Most of our guests have been couples and even one family of three which included a small baby.  What's the building like?: The building is 4 stories tall and sits about 400 feet from Lake Union on the northeast side.  What about the unit?: The unit and surrounding neighbors are quiet, kind and respectful. Inside the unit is 702 square feet, primarily hardwood and carpeted in the bedroom. There is a fully stocked kitchen, bathroom and very comfortable bed with memory foam mattress. One of the best features are the wall to wall windows in the living room that let in a ton of light when it's not a cloudy Seattle day.","Open and airy layout with 9' ceilings, a wall of windows, hardwoods, gourmet kitchen w/ appliances, granite counter-tops, sleek dark cabinets.  A community garden/courtyard is perfect for barbecuing, socializing & enjoying the Lake Union view. Who Airbnb's our place?: This condo is perfect for a small family, couples or an individual traveler interested in booking for short-term trips. Most of our guests have been couples and even one family of three which included a small baby.  What's the building like?: The building is 4 stories tall and sits about 400 feet from Lake Union on the northeast side.  What about the unit?: The unit and surrounding neighbors are quiet, kind and respectful. Inside the unit is 702 square feet, primarily hardwood and carpeted in the bedroom. There is a fully stocked kitchen, bathroom and very comfortable bed with memory foam mattress. One of the best features are the wall to wall windows in the living room that let in a ton of light when it's not a cloudy Se",none,"Eastlake is divided by the I5 freeway. We live in a very safe and modern neighborhood where people frequently walk their dogs, take the bus, run and enjoy the neighboring restaurants (sushi, french bakery, grill). If you are more sensitive to noise, you can hear the freeway a little bit. It is much more of a white noise sound that is little to not audible from the bedroom and fine in the living area if the window is closed. We personally don't mind it even with the window open but most of our guests that are older or not used to city living have noted it as a concern.","Reading our more rough reviews? Good, that means you're doing your research and like to be prepared. So do we! While we won't spend too much time rebutting, and we do thank our previous guests for their stays, here are some points of concern we'd like to clarify as you decide on where to stay for your trip. Bathroom - We bought a brand new shower curtain and have plenty of clean towels ready for you should you chose our condo. The shower is a standard sized shower with ample pressure. Please see photos for reference on size. AC - We're from California, and most homes don't have AC there. It's common for Seattle buildings as well since it's usually cooler, with the exception of our recent hot summers. If you visit outside of the summer season, you should be more than comfortable with the indoor temperature. Dog - A small dog does resides in this condo when we're not hosting. We appreciate our guests feedback and have secured a cleaning service to prepare for your stay prior to your visi","Our condo is 3 miles north of downtown and the Space Needle. Modes of transportation include walking, driving, Lyft or Uber, the bus is right across the street from the building and there is a bike rental across the street too.",https://a2.muscache.com/ac/pictures/55458569/ce8b1939_original.jpg?interpolation=lanczos-none&size=small&output-format=jpg&output-quality=70,https://a2.muscache.com/im/pictures/55458569/ce8b1939_original.jpg?aki_policy=medium,https://a2.muscache.com/ac/pictures/55458569/ce8b1939_original.jpg?interpolation=lanczos-none&size=large_cover&output-format=jpg&output-quality=70,https://a2.muscache.com/ac/pictures/55458569/ce8b1939_original.jpg?interpolation=lanczos-none&size=x_large_cover&output-format=jpg&output-quality=70,5275075,https://www.airbnb.com/users/show/5275075,Andrew,2013-03-01,"Seattle, Washington, United States","I'm from San Francisco, lived in Los Angeles and currently in Seattle. I love to travel and see new things.",within a day,75%,100%,f,"https://a0.muscache.com/ac/users/5275075/profile_pic/1374787646/original.jpg?interpolation=lanczos-none&crop=w:w;*,*&crop=h:h;*,*&resize=50:*&output-format=jpg&output-quality=70","https://a0.muscache.com/ac/users/5275075/profile_pic/1374787646/original.jpg?interpolation=lanczos-none&crop=w:w;*,*&crop=h:h;*,*&resize=225:*&output-format=jpg&output-quality=70",Eastlake,1.0,1.0,"['email', 'phone', 'linkedin', 'reviews', 'jumio']",t,t,"Eastlake Avenue East, Seattle, WA 98102, United States",Eastlake,Portage Bay,Capitol Hill,Seattle,WA,98102,Seattle,"Seattle, WA",US,United States,47.647421523359824,-122.3220040067104,t,Apartment,Entire home/apt,2,1.0,1.0,1.0,Real Bed,"{TV,""Cable TV"",Internet,""Wireless Internet"",Kitchen,""Free Parking on Premises"",""Pets Allowed"",""Pets live on this property"",Dog(s),""Elevator in Building"",Heating,""Family/Kid Friendly"",Washer,Dryer,""Smoke Detector"",Essentials,Shampoo}",,$135.00,$950.00,"$3,500.00",,,1,$0.00,2,1125,today,t,0,3,31,302,2016-01-04,5,2014-10-26,2015-12-30,76.0,8.0,7.0,9.0,10.0,8.0,8.0,f,,WASHINGTON,f,moderate,f,f,1,0.34
7003848,https://www.airbnb.com/rooms/7003848,20160104002432,2016-01-04,Garden unit in historic home 2BR2BA,"Your own private entrance, enormous windows with views on two sides of a canal, a bay, a lake, the Cascade Mountains (see Mt. Baker on a clear day) amazing sunrises and despite facing East, sunset time is gorgeous too -complete with alpenglow.","Two bedrooms, one King bed, one Queen bed, large living area and a large kitchen with a pass through window the dining area.","Your own private entrance, enormous windows with views on two sides of a canal, a bay, a lake, the Cascade Mountains (see Mt. Baker on a clear day) amazing sunrises and despite facing East, sunset time is gorgeous too -complete with alpenglow. Two bedrooms, one King bed, one Queen bed, large living area and a large kitchen with a pass through window the dining area. Large backyard with a deck and a grassy area big enough for lounging and bocce, Too small for baseball, but there is a park three quiet blocks away. If I'm home I'm happy to help, I usually just provide a list of the great food and sights nearby.  I'm always available via text or email with any Seattle tips and tricks, I know this town well! Come home to a quiet block of stately homes from the early 1900s but take advantage of nearby food and entertainment options that you can walk to. Ample on street parking, bus lines to downtown Seattle and other points of interest within two blocks.  Best location for Uber cars and Yell",none,Come home to a quiet block of stately homes from the early 1900s but take advantage of nearby food and entertainment options that you can walk to.,"Age-appropriate toys available for kids, just let me know. Level II Electric Charging available on site for your electric car!","Ample on street parking, bus lines to downtown Seattle and other points of interest within two blocks.  Best location for Uber cars and Yellow Taxis in Seattle.  Even during ""Surge Pricing"" you can just call (PHONE NUMBER HIDDEN) for a Yellow Cab which will likely arrive within minutes.",https://a0.muscache.com/ac/pictures/95084104/fae242ad_original.jpg?interpolation=lanczos-none&size=small&output-format=jpg&output-quality=70,https://a0.muscache.com/im/pictures/95084104/fae242ad_original.jpg?aki_policy=medium,https://a0.muscache.com/ac/pictures/95084104/fae242ad_original.jpg?interpolation=lanczos-none&size=large_cover&output-format=jpg&output-quality=70,https://a0.muscache.com/ac/pictures/95084104/fae242ad_original.jpg?interpolation=lanczos-none&size=x_large_cover&output-format=jpg&output-quality=70,7637853,https://www.airbnb.com/users/show/7637853,Gabe,2013-07-22,"Seattle, Washington, United States","Seattle Expert!  I know all the tips and tricks, whether it's how to beat traffic for normal tourist stuff or off-the-beaten path local's secrets that I will share with my guests.  

I've been a Seattle Expert for nearly forty years.  Our location above Portage Bay is literally 10-15 minutes from everywhere (except Ballard, that takes 20 min), and we have literally a handful of routes available to get wherever you are going.",within an hour,100%,100%,f,"https://a1.muscache.com/ac/users/7637853/profile_pic/1436570660/original.jpg?interpolation=lanczos-none&crop=w:w;*,*&crop=h:h;*,*&resize=50:*&output-format=jpg&output-quality=70","https://a1.muscache.com/ac/users/7637853/profile_pic/1436570660/original.jpg?interpolation=lanczos-none&crop=w:w;*,*&crop=h:h;*,*&resize=225:*&output-format=jpg&output-quality=70",Portage Bay,1.0,1.0,"['email', 'phone', 'facebook', 'google', 'reviews', 'jumio', 'kba']",t,t,"10th Avenue East, Seattle, WA 98102, United States",Portage Bay,Portage Bay,Capitol Hill,Seattle,WA,98102,Seattle,"Seattle, WA",US,United States,47.64728777986516,-122.31945523017168,t,House,Entire home/apt,4,2.0,2.0,2.0,Real Bed,"{Internet,""Wireless Internet"",Kitchen,""Free Parking on Premises"",Heating,""Family/Kid Friendly"",Washer,Dryer,""Smoke Detector"",""Carbon Monoxide Detector"",Essentials,Shampoo}",,$257.00,"$1,650.00","$7,200.00",,$100.00,4,$60.00,1,27,6 weeks ago,t,30,60,90,365,2016-01-04,10,2015-07-16,2015-11-28,100.0,10.0,10.0,10.0,10.0,10.0,10.0,f,,WASHINGTON,t,strict,f,f,1,1.73
3479851,https://www.airbnb.com/rooms/3479851,20160104002432,2016-01-04,Sunny 1 Bedroom Eastlake Apartment,"I love my apartment! It is spacious, light, with a view of the beautiful Ship Canal Bridge and University drawbridge, and would love to share it with you.  It has everything: kitchen, bus lines, parking, a bakery on the ground floor and dog friendly!","My spacious 1 bedroom is a great space for a few days in the city. It has a parking spot but is very walkable and has access to buses that go directly to the heart of Capitol Hill (5 mins), South Lake Union/Downtown/Pike Market (7-10 mins), and the Stadiums (15-20 mins). So I would recommend skipping the car!  The apartment is right on the ship canal and the University drawbridge, so the Burke Gilman Trail--the 27 mile waterfront urban trail that you can walk or bike (or rollerblade if you're visiting from the 1990s) to Ballard or out to wine tasting in Woodinville--is just a block away over the bridge. A lovely place for a long walk! It's 3 miles round trip along north Lake Union to the famous Gasworks Park, 4 miles round trip walk or bike to the iconic Seattle Fremont Brewery.  There is a washer/dryer in unit, friendly/quiet dogs are welcome, and a I have a full kitchen with all the cooking tools you might need.  It is a 1 bedroom with a queen bed, plus a fold-out couch for a third p","I love my apartment! It is spacious, light, with a view of the beautiful Ship Canal Bridge and University drawbridge, and would love to share it with you.  It has everything: kitchen, bus lines, parking, a bakery on the ground floor and dog friendly! My spacious 1 bedroom is a great space for a few days in the city. It has a parking spot but is very walkable and has access to buses that go directly to the heart of Capitol Hill (5 mins), South Lake Union/Downtown/Pike Market (7-10 mins), and the Stadiums (15-20 mins). So I would recommend skipping the car!  The apartment is right on the ship canal and the University drawbridge, so the Burke Gilman Trail--the 27 mile waterfront urban trail that you can walk or bike (or rollerblade if you're visiting from the 1990s) to Ballard or out to wine tasting in Woodinville--is just a block away over the bridge. A lovely place for a long walk! It's 3 miles round trip along north Lake Union to the famous Gasworks Park, 4 miles round trip walk or bik",none,"Eastlake & Portage Bay (my apartment sits on the corner of the two areas) are the quieter neighbors to Capitol Hill and South Lake Union. Several great restaurants, bars and recreation activities within walking distance and convenient access to the rest of the city.    Some examples of the neighborhood walkability: Hot yoga studio, Trader Joe's and small 21+ movie theater- 0.8 miles Several restaurants for breakfast, lunch, and dinner- 0-1.0 miles Burke Gilman access- 0.4 miles Ship canal and lake union access- 2 blocks Kayak rental/Mexican restaurant (yes they're the same place, go Seattle)- 0.8 miles","This is a city and the apartment is on a main road and by the highway, so if you're extra sensitive to city noise I'd maybe find another wonderful place in the neighborhood. It's very quiet/soundproof with the windows closed, but I love fresh air so they're almost always open for me. Also, as this is my regular residence, I rarely rent it out for more than 4 days.  If you're looking for a trip longer than this, you can inquire, but know I only occasionally make exceptions.","Within a block, bus lines pick up that directly access Downtown, South Lake Union, Stadiums, Capitol Hill, the U District, and Wallingford.  There are also usually several Car2Go anytime of day in the area if you have that service and a Pronto bike rental stand 1 block south of the apartment, Uber is almost always within 5 minutes and taxis pass pretty regularly. So I recommend skipping the car with crazy Seattle traffic/street parking, but if you're attached to having one, there is a secure parking spot you can use when you're staying at the apartment. The spot is very much meant for a compact car though, so plan any car renting accordingly or plan to park on the street.",https://a1.muscache.com/ac/pictures/91267375/b7f59fa9_original.jpg?interpolation=lanczos-none&size=small&output-format=jpg&output-quality=70,https://a1.muscache.com/im/pictures/91267375/b7f59fa9_original.jpg?aki_policy=medium,https://a1.muscache.com/ac/pictures/91267375/b7f59fa9_original.jpg?interpolation=lanczos-none&size=large_cover&output-format=jpg&output-quality=70,https://a1.muscache.com/ac/pictures/91267375/b7f59fa9_original.jpg?interpolation=lanczos-none&size=x_large_cover&output-format=jpg&output-quality=70,17482326,https://www.airbnb.com/users/show/17482326,Morgan,2014-07-01,"Seattle, Washington, United States","Traveler, Seattlite, non-profit worker, vegetarian cook and avid fiction reader. See more regularly updated details on these things below :) 

Where did I recently travel? Vancouver BC; Leavenworth, Washington; Colorado.
What did I recently do at home in Seattle? Took some out of towners to my favorite spots: Hitchcock on Bainbridge Island, Liberty cocktail bar in Capitol Hill, Pike Place Market & Le Panier, the Underground Tour, Damn the Weather in Pioneer Square and the Space Needle. 
What's going on at my non-profit? Flood response :/
What did I cook lately? Lentils & chickpeas with roasted cumin and coriander cauliflower.
What's the last book I finished? ""The Taming of the Queen"" by Phillippa Gregory, ""The Good Neighbor"" by AJ Banner, ""Let Me Go"" by Chelsea Cain.

And I'm so excited to see all the places! Yes all the places. In the world. ",within a day,80%,100%,f,"https://a0.muscache.com/ac/users/17482326/profile_pic/1404279320/original.jpg?interpolation=lanczos-none&crop=w:w;*,*&crop=h:h;*,*&resize=50:*&output-format=jpg&output-quality=70","https://a0.muscache.com/ac/users/17482326/profile_pic/1404279320/original.jpg?interpolation=lanczos-none&crop=w:w;*,*&crop=h:h;*,*&resize=225:*&output-format=jpg&output-quality=70",Portage Bay,1.0,1.0,"['email', 'phone', 'linkedin', 'reviews', 'jumio']",t,t,"Eastlake Avenue East, Seattle, WA 98102, United States",Portage Bay,Portage Bay,Capitol Hill,Seattle,WA,98102,Seattle,"Seattle, WA",US,United States,47.65044200196876,-122.32197964171344,t,Apartment,Entire home/apt,3,1.0,1.0,1.0,Real Bed,"{Internet,""Wireless Internet"",""Air Conditioning"",Kitchen,""Free Parking on Premises"",""Pets Allowed"",""Elevator in Building"",""Buzzer/Wireless Intercom"",Heating,Washer,Dryer,""Smoke Detector"",""First Aid Kit"",""Safety Card"",""Fire Extinguisher"",Essentials,Shampoo}",,$90.00,,,$100.00,$50.00,1,$0.00,1,1125,4 weeks ago,t,23,53,83,358,2016-01-04,14,2015-07-13,2015-12-05,100.0,10.0,10.0,10.0,10.0,10.0,10.0,f,,WASHINGTON,f,flexible,f,f,1,2.39
5104918,https://www.airbnb.com/rooms/5104918,20160104002432,2016-01-04,Beautiful 2 Bed w/Portage Bay Views,"This newly remodeled and  modern apartment is a perfect location for travelers.  Walk to Husky Stadium, Eastlake shops and dining.  Easy bus ride to Downtown, Amazon, UW, Seattle U, and Capitol Hill.  Idyllic views of Portage Bay, houseboats, and the UW campus.  1,000 Square feet.","The apartment is a very private space, located on the lower floor and the back side  of a small 6 unit apartment building.  Guests will be wowed by the 8 x 20 foot deck with glass railings, the Sonos the Ultimate Home Music Experience, and the fantastic views of Portage Bay and the University of Washington.  Inside, the unit is furnished in a clean, modern style with everything you need for a comfortable stay. • Main Bedroom has California King bed and Armoire-style closet •  Second Bedroom has full-sized bed and walk in closet • Living room sofa folds out flat into a twin-sized bed for a third sleeping option • Full kitchen with side-by-side fridge, electric range, range-top microwave, and dishwasher • 1,000 square feet","This newly remodeled and  modern apartment is a perfect location for travelers.  Walk to Husky Stadium, Eastlake shops and dining.  Easy bus ride to Downtown, Amazon, UW, Seattle U, and Capitol Hill.  Idyllic views of Portage Bay, houseboats, and the UW campus.  1,000 Square feet. The apartment is a very private space, located on the lower floor and the back side  of a small 6 unit apartment building.  Guests will be wowed by the 8 x 20 foot deck with glass railings, the Sonos the Ultimate Home Music Experience, and the fantastic views of Portage Bay and the University of Washington.  Inside, the unit is furnished in a clean, modern style with everything you need for a comfortable stay. • Main Bedroom has California King bed and Armoire-style closet •  Second Bedroom has full-sized bed and walk in closet • Living room sofa folds out flat into a twin-sized bed for a third sleeping option • Full kitchen with side-by-side fridge, electric range, range-top microwave, and dishwasher • 1,000",none,"Eastlake is a great, close-in Seattle neighborhood that is right on Lake Union.  There are many high quality restaurants nearby in both Eastlake and the University District.  If  you are looking for fun and funky shopping or nightlife, it's only a short trip up to Capitol Hill.    The apartment is also close to the Arboretum, or walk down the hill to take in the waterfront, houseboats, and the classic ambiance of Seattle.","HOLIDAY MINIMUMS:  • 6-night minimum Thanksgiving, Christmas, New Year's Eve. BOOKING:  Enter your dates above and click the ""Request to Book"" button. The calendar is up-to-date, so there's no need to check availability with me first. QUESTIONS???  • For questions about using the AirBNB website or how payments, security deposits and cancellation policies work, click the ""Help"" link at the top of this page.  • For questions about the apartment, click the ""Contact Host"" link above.","• Half a block to  transit - with 7 different bus lines available.  A 20 minute bus ride to Downtown Seattle. • Easy access by car to I-5 North and South, and the 520 Bridge. • 15 minute walk to the University of Washington, Arboretum, or Eastlake shops and restaurants",https://a1.muscache.com/ac/pictures/63876424/ef0de991_original.jpg?interpolation=lanczos-none&size=small&output-format=jpg&output-quality=70,https://a1.muscache.com/im/pictures/63876424/ef0de991_original.jpg?aki_policy=medium,https://a1.muscache.com/ac/pictures/63876424/ef0de991_original.jpg?interpolation=lanczos-none&size=large_cover&output-format=jpg&output-quality=70,https://a1.muscache.com/ac/pictures/63876424/ef0de991_original.jpg?interpolation=lanczos-none&size=x_large_cover&output-format=jpg&output-quality=70,9555983,https://www.airbnb.com/users/show/9555983,Dennis,2013-10-21,"Seattle, Washington, United States","Hi, my name is Dennis and I'd be delighted to host you in Seattle. Eastlake is really a great neighborhood for travelers -- the feel of a real Seattle neighborhood AND close to everything. Hope to see you soon!
",within an hour,80%,100%,f,"https://a2.muscache.com/ac/users/9555983/profile_pic/1428292290/original.jpg?interpolation=lanczos-none&crop=w:w;*,*&crop=h:h;*,*&resize=50:*&output-format=jpg&output-quality=70","https://a2.muscache.com/ac/users/9555983/profile_pic/1428292290/original.jpg?interpolation=lanczos-none&crop=w:w;*,*&crop=h:h;*,*&resize=225:*&output-format=jpg&output-quality=70",Portage Bay,2.0,2.0,"['email', 'phone', 'google', 'reviews', 'kba']",t,t,"Fuhrman Avenue East, Seattle, WA 98102, United States",Portage Bay,Portage Bay,Capitol Hill,Seattle,WA,98102,Seattle,"Seattle, WA",US,United States,47.65112464560923,-122.32043087418124,t,Apartment,Entire home/apt,5,1.0,2.0,3.0,Real Bed,"{TV,""Cable TV"",Internet,""Wireless Internet"",Kitchen,""Free Parking on Premises"",Heating,""Family/Kid Friendly"",Washer,Dryer,""Smoke Detector"",""Carbon Monoxide Detector"",Essentials,Shampoo,Hangers,""Hair Dryer"",Iron,""Laptop Friendly Workspace""}",,$160.00,"$1,600.00",,$500.00,$80.00,1,$0.00,2,1125,3 weeks ago,t,25,55,85,175,2016-01-04,25,2015-04-20,2015-11-28,92.0,10.0,10.0,10.0,10.0,10.0,9.0,f,,WASHINGTON,t,moderate,f,f,2,2.88
1386306,https://www.airbnb.com/rooms/1386306,20160104002432,2016-01-04,"Garden Room near UW, Childrens Hosp",,"We have a lovely private room called the Garden Room. We are conveniently located near U Village, Children' s Hospital, 15 minutes by car from Downtown Seattle, 4 houses away from the Burke Gillman Trail, close proximity to Magneson Park and more! We are within a 2 minute walk to public transportation. Seatec Airport is approximately 25 minutes south. Located nearby in walking distance is a Gourmet Market and the U Villiage outdoor mall with plenty of restaurants.  You can also rent one of my bikes for $5.00/a day and take the Burke Gilman trail to Lake Washington.","We have a lovely private room called the Garden Room. We are conveniently located near U Village, Children' s Hospital, 15 minutes by car from Downtown Seattle, 4 houses away from the Burke Gillman Trail, close proximity to Magneson Park and more! We are within a 2 minute walk to public transportation. Seatec Airport is approximately 25 minutes south. Located nearby in walking distance is a Gourmet Market and the U Villiage outdoor mall with plenty of restaurants.  You can also rent one of my bikes for $5.00/a day and take the Burke Gilman trail to Lake Washington. You can expect your hostess to interact with guests as much or as little as they wish. Always available to help out with any inquiries or just to chat. Bus #'s 65, also #75, as well as #71, additionally #73 are in very close proximity.",none,,,"Bus #'s 65, also #75, as well as #71, additionally #73 are in very close proximity.",https://a0.muscache.com/ac/pictures/33080310/a758de1e_original.jpg?interpolation=lanczos-none&size=small&output-format=jpg&output-quality=70,https://a0.muscache.com/im/pictures/33080310/a758de1e_original.jpg?aki_policy=medium,https://a0.muscache.com/ac/pictures/33080310/a758de1e_original.jpg?interpolation=lanczos-none&size=large_cover&output-format=jpg&output-quality=70,https://a0.muscache.com/ac/pictures/33080310/a758de1e_original.jpg?interpolation=lanczos-none&size=x_large_cover&output-format=jpg&output-quality=70,2409388,https://www.airbnb.com/users/show/2409388,Lisa,2012-05-18,"Seattle, Washington, United States","My best friends would I am easy going, fun and smile a lot, very respectful and often consider others first. I love new experiences, especially traveling.

Interests:

Living in Seattle, the lovely foliage and peaceful water is around us all the time. One can't help but feel grateful. I also like to read and watch biographies as well as taking walks on the Burke-Gillman Trail.",within an hour,100%,100%,t,"https://a2.muscache.com/ac/users/2409388/profile_pic/1438662523/original.jpg?interpolation=lanczos-none&crop=w:w;*,*&crop=h:h;*,*&resize=50:*&output-format=jpg&output-quality=70","https://a2.muscache.com/ac/users/2409388/profile_pic/1438662523/original.jpg?interpolation=lanczos-none&crop=w:w;*,*&crop=h:h;*,*&resize=225:*&output-format=jpg&output-quality=70",Bryant,5.0,5.0,"['email', 'phone', 'facebook', 'linkedin', 'reviews', 'kba']",t,t,"Northeast 50th Street, Seattle, WA 98105, United States",Bryant,Bryant,Other neighborhoods,Seattle,WA,98105,Seattle,"Seattle, WA",US,United States,47.66354784225842,-122.2859381456835,t,House,Private room,2,1.0,1.0,1.0,Real Bed,"{""Wireless Internet"",Kitchen,""Pets Allowed"",""Indoor Fireplace"",Heating,Washer,Dryer,""Smoke Detector"",""Fire Extinguisher"",Essentials}",,$66.00,$415.00,"$1,495.00",,$15.00,1,$8.00,1,90,5 days ago,t,28,56,83,357,2016-01-04,63,2013-08-05,2015-11-10,96.0,10.0,10.0,10.0,10.0,9.0,10.0,f,,WASHINGTON,f,strict,t,t,5,2.14
486829,https://www.airbnb.com/rooms/486829,20160104002432,2016-01-04,Cascadia Room Near UW & Childrens ,,"We have a lovely private room called the Cascadia Room. Inside the room you will find it fully furnished with everything you will need: Queen size pillow-top bed, dresser, couch, personal fridge w/freezer, microwave, closet, ceiling fan, night stands and a view of the rear yard garden area. We are conveniently located near U Village, Children' s Hospital, 15 minutes by car from Downtown Seattle, 4 houses away from the Burke Gillman Trail, close proximity to Magneson Park and more! We are within a 2 minute walk to public transportation. Seatec Airport is approximately 25 minutes south. Located nearby in walking distance is a Gourmet Market and the U Village outdoor mall with plenty of restaurants.  We do have 2 small dogs that will be a bit yappy at first but we are working on that. They are actually pretty cute once they get used to you.","We have a lovely private room called the Cascadia Room. Inside the room you will find it fully furnished with everything you will need: Queen size pillow-top bed, dresser, couch, personal fridge w/freezer, microwave, closet, ceiling fan, night stands and a view of the rear yard garden area. We are conveniently located near U Village, Children' s Hospital, 15 minutes by car from Downtown Seattle, 4 houses away from the Burke Gillman Trail, close proximity to Magneson Park and more! We are within a 2 minute walk to public transportation. Seatec Airport is approximately 25 minutes south. Located nearby in walking distance is a Gourmet Market and the U Village outdoor mall with plenty of restaurants.  We do have 2 small dogs that will be a bit yappy at first but we are working on that. They are actually pretty cute once they get used to you. Their Room, shared bath, shared kitchen, shared living room, shared dining room, shared laundry room and back yard.  I interact with guests as much or",none,,"Housekeeping Stuff: Bathroom: You are welcome to keep your toiletries on one of the shelves above the toilet also there is a rack in the shower for your shampoo etc.  Please use the towel hanging on the back of the bathroom door for the floor while taking a shower.  Bedroom: You might want to keep your bedroom door closed most of the time because I have some very curious dogs and if they find something interesting in your stuff they might decide to steal it!  Parking: is everywhere around here for free except within 30' of the stop sign right in front of my house.  Wifi connection: choose: Home-0CE9, Password: Seattlelife1 Kitchen/Laundry Usage: Feel free to use anything in the kitchen as well as the washer/dryer. The glasses, cups and plates are located in the cabinet to the left of the sink. TV Remotes: Silver remote is for the cable, the black remote is for the volume & power. By selecting ""Guide"" on the silver remote, you will get a list of programs. The only channels we don't get ","Bus #'s 65, also #75, as well as #71, additionally #73 are in very close proximity.",https://a0.muscache.com/ac/pictures/63897187/da1e8b42_original.jpg?interpolation=lanczos-none&size=small&output-format=jpg&output-quality=70,https://a0.muscache.com/im/pictures/63897187/da1e8b42_original.jpg?aki_policy=medium,https://a0.muscache.com/ac/pictures/63897187/da1e8b42_original.jpg?interpolation=lanczos-none&size=large_cover&output-format=jpg&output-quality=70,https://a0.muscache.com/ac/pictures/63897187/da1e8b42_original.jpg?interpolation=lanczos-none&size=x_large_cover&output-format=jpg&output-quality=70,2409388,https://www.airbnb.com/users/show/2409388,Lisa,2012-05-18,"Seattle, Washington, United States","My best friends would I am easy going, fun and smile a lot, very respectful and often consider others first. I love new experiences, especially traveling.

Interests:

Living in Seattle, the lovely foliage and peaceful water is around us all the time. One can't help but feel grateful. I also like to read and watch biographies as well as taking walks on the Burke-Gillman Trail.",within an hour,100%,100%,t,"https://a2.muscache.com/ac/users/2409388/profile_pic/1438662523/original.jpg?interpolation=lanczos-none&crop=w:w;*,*&crop=h:h;*,*&resize=50:*&output-format=jpg&output-quality=70","https://a2.muscache.com/ac/users/2409388/profile_pic/1438662523/original.jpg?interpolation=lanczos-none&crop=w:w;*,*&crop=h:h;*,*&resize=225:*&output-format=jpg&output-quality=70",Bryant,5.0,5.0,"['email', 'phone', 'facebook', 'linkedin', 'reviews', 'kba']",t,t,"NE 50th St, Seattle, WA 98105, United States",Bryant,Bryant,Other neighborhoods,Seattle,WA,98105,Seattle,"Seattle, WA",US,United States,47.66450162424873,-122.28381465704764,t,House,Private room,2,1.0,1.0,1.0,Real Bed,"{TV,""Cable TV"",Internet,""Wireless Internet"",Kitchen,""Free Parking on Premises"",""Pets live on this property"",Dog(s),""Indoor Fireplace"",Heating,Washer,Dryer,""Smoke Detector"",""Carbon Monoxide Detector"",""First Aid Kit"",""Safety Card"",""Fire Extinguisher"",Essentials,Shampoo}",,$65.00,$430.00,"$1,675.00",,,1,$5.00,3,365,3 months ago,t,0,0,0,185,2016-01-04,53,2012-06-08,2015-07-01,92.0,9.0,9.0,10.0,10.0,9.0,9.0,f,,WASHINGTON,f,strict,t,t,5,1.22
3604904,https://www.airbnb.com/rooms/3604904,20160104002432,2016-01-04,Private Room in Seattle's North End,Private room/bathroom on own floor -Great room right next to the Burke-GIlman Bike Trail & Seattle Children's Hospital -Short walk to Metropolitan Market & U. Village Mall -Convenient bus routes right at your doorstep -Minutes from U Washington,Private room/bathroom on own floor -Great room right next to the Burke-GIlman Bike Trail & Seattle Children's Hospital -Short walk to Metropolitan Market & U. Village Mall -Convenient bus routes right at your doorstep -Minutes from U Washington,Private room/bathroom on own floor -Great room right next to the Burke-GIlman Bike Trail & Seattle Children's Hospital -Short walk to Metropolitan Market & U. Village Mall -Convenient bus routes right at your doorstep -Minutes from U Washington Private room/bathroom on own floor -Great room right next to the Burke-GIlman Bike Trail & Seattle Children's Hospital -Short walk to Metropolitan Market & U. Village Mall -Convenient bus routes right at your doorstep -Minutes from U Washington,none,,,,https://a1.muscache.com/ac/pictures/45422466/7450389d_original.jpg?interpolation=lanczos-none&size=small&output-format=jpg&output-quality=70,https://a1.muscache.com/im/pictures/45422466/7450389d_original.jpg?aki_policy=medium,https://a1.muscache.com/ac/pictures/45422466/7450389d_original.jpg?interpolation=lanczos-none&size=large_cover&output-format=jpg&output-quality=70,https://a1.muscache.com/ac/pictures/45422466/7450389d_original.jpg?interpolation=lanczos-none&size=x_large_cover&output-format=jpg&output-quality=70,6432638,https://www.airbnb.com/users/show/6432638,Ari,2013-05-16,"Seattle, Washington, United States","I am a teacher in Seattle, WA. I enjoy traveling, meeting new people, and sharing new experiences. ",within a day,60%,100%,f,"https://a2.muscache.com/ac/users/6432638/profile_pic/1403672338/original.jpg?interpolation=lanczos-none&crop=w:w;*,*&crop=h:h;*,*&resize=50:*&output-format=jpg&output-quality=70","https://a2.muscache.com/ac/users/6432638/profile_pic/1403672338/original.jpg?interpolation=lanczos-none&crop=w:w;*,*&crop=h:h;*,*&resize=225:*&output-format=jpg&output-quality=70",Bryant,1.0,1.0,"['email', 'phone', 'facebook', 'google', 'reviews', 'kba']",t,t,"41st Avenue Northeast, Seattle, WA 98105, United States",Bryant,Bryant,Other neighborhoods,Seattle,WA,98105,Seattle,"Seattle, WA",US,United States,47.66559614931552,-122.28466836728953,t,House,Private room,2,1.0,1.0,1.0,Pull-out Sofa,"{Internet,""Wireless Internet"",Heating,""Family/Kid Friendly"",Essentials,Shampoo}",,$60.00,,,,,1,$0.00,2,7,3 months ago,t,30,60,90,365,2016-01-04,45,2014-07-19,2015-10-15,87.0,9.0,9.0,9.0,9.0,9.0,9.0,f,,WASHINGTON,f,flexible,f,f,1,2.52
1450262,https://www.airbnb.com/rooms/1450262,20160104002432,2016-01-04,Executive Retreat,"Our 2,500 sq ft home tucked in a quiet, peaceful neighborhood is within walking distance of the University of Washington, Husky Stadium, University Village Shopping Center, Children's Hospital, UW Medical Center and the Burke Gilman Trail, which surrounds Lake Washington for walking, running, and biking. ","A beautifully furnished, spacious open floor plan has a grand entry and cozy living room with gas fireplace. The family room has a 55 inch LCD flat screen TV and a gas fireplace adjoining an eating area next to a fully equipped kitchen with granite counter tops, stainless steel Viking appliances, a large island with bar stools, and a dining room that comfortably seats 8. French doors lead out to a private, fully enclosed courtyard with grill and outdoor seating.  The upper floor offers two executive offices, one furnished with an antique leather desk, the other with a modern style glass desk and a full size sectional couch. The spacious master bedroom suite with King sized bed has an adjoining large bath, a shower with two heads, a counter with two sinks all designed for maximum luxury. The 2nd bedroom has a queen size bed and a bathroom next door with a shower, bath, and two sinks. The upstairs laundry room has a Bosch washer and dryer with a full length counter top and sink.  You are","Our 2,500 sq ft home tucked in a quiet, peaceful neighborhood is within walking distance of the University of Washington, Husky Stadium, University Village Shopping Center, Children's Hospital, UW Medical Center and the Burke Gilman Trail, which surrounds Lake Washington for walking, running, and biking. A beautifully furnished, spacious open floor plan has a grand entry and cozy living room with gas fireplace. The family room has a 55 inch LCD flat screen TV and a gas fireplace adjoining an eating area next to a fully equipped kitchen with granite counter tops, stainless steel Viking appliances, a large island with bar stools, and a dining room that comfortably seats 8. French doors lead out to a private, fully enclosed courtyard with grill and outdoor seating.  The upper floor offers two executive offices, one furnished with an antique leather desk, the other with a modern style glass desk and a full size sectional couch. The spacious master bedroom suite with King sized bed has an a",none,,,,https://a0.muscache.com/ac/pictures/21578378/74b31253_original.jpg?interpolation=lanczos-none&size=small&output-format=jpg&output-quality=70,https://a0.muscache.com/im/pictures/21578378/74b31253_original.jpg?aki_policy=medium,https://a0.muscache.com/ac/pictures/21578378/74b31253_original.jpg?interpolation=lanczos-none&size=large_cover&output-format=jpg&output-quality=70,https://a0.muscache.com/ac/pictures/21578378/74b31253_original.jpg?interpolation=lanczos-none&size=x_large_cover&output-format=jpg&output-quality=70,7782878,https://www.airbnb.com/users/show/7782878,Sarah,2013-07-28,"Seattle, Washington, United States","Ron and I were born and raised in the Seattle area and always consider ourselves lucky to be Pacific North-Westerners. The water, the Olympic and Cascade mountains, the great restaurants and the kindness of the people have kept us tied to this place. We love to travel, and consider these country's some of our most favorite: France, Italy, Turkey, Croatia, China and Canada. We love entertaining with friends and sharing fabulous food bought at the Pike Place Market and paring it with a great wine from Washington which ranks second in the nation for wineries. We look forward to sharing our home with you, so you can indulge in some of the same amenities as we have done in our own home. 
",within a few hours,100%,100%,t,"https://a2.muscache.com/ac/users/7782878/profile_pic/1375148960/original.jpg?interpolation=lanczos-none&crop=w:w;*,*&crop=h:h;*,*&resize=50:*&output-format=jpg&output-quality=70","https://a2.muscache.com/ac/users/7782878/profile_pic/1375148960/original.jpg?interpolation=lanczos-none&crop=w:w;*,*&crop=h:h;*,*&resize=225:*&output-format=jpg&output-quality=70",,1.0,1.0,"['email', 'phone', 'reviews']",t,f,"Northeast 50th Street, Seattle, WA 98105, United States",,Bryant,Other neighborhoods,Seattle,WA,98105,Seattle,"Seattle, WA",US,United States,47.66914256010224,-122.27986654417865,t,House,Entire home/apt,4,3.0,2.0,2.0,Real Bed,"{TV,""Cable TV"",Internet,""Wireless Internet"",""Air Conditioning"",Kitchen,""Free Parking on Premises"",""Indoor Fireplace"",Heating,""Family/Kid Friendly"",Washer,Dryer,""Smoke Detector"",""Carbon Monoxide Detector"",Essentials,Shampoo,""24-Hour Check-in"",Hangers,""Hair Dryer"",Iron,""Laptop Friendly Workspace""}",,$295.00,"$1,950.00","$7,434.00",$150.00,$145.00,1,$0.00,3,30,5 days ago,t,28,58,88,319,2016-01-04,25,2013-08-11,2015-11-29,99.0,10.0,10.0,10.0,10.0,10.0,10.0,f,,WASHINGTON,f,flexible,f,f,1,0.86
9995551,https://www.airbnb.com/rooms/9995551,20160104002432,2016-01-04,Inviting Backyard Cottage,"This is a very unique and beautiful cottage, with high ceilings, subway tile, restoration hardware lighting, french doors, and sleeping loft. Kitchenette, no stove, but with a single burner. Close to U-village and Children's Hospital.",High ceilings with large windows and cement floors. This cottage has a nice mix of old and new.,"This is a very unique and beautiful cottage, with high ceilings, subway tile, restoration hardware lighting, french doors, and sleeping loft. Kitchenette, no stove, but with a single burner. Close to U-village and Children's Hospital. High ceilings with large windows and cement floors. This cottage has a nice mix of old and new. Guests have separate house with backyard. Neighborhood is close to shopping at University Village and Metropolitan Market. I will almost always be available for any help or questions you may have. This neighborhood is very safe and quiet. Big trees line the street and it is very close to shopping and healthy groceries. Metro city bus line is on three blocks away.",none,This neighborhood is very safe and quiet. Big trees line the street and it is very close to shopping and healthy groceries.,,Metro city bus line is on three blocks away.,https://a2.muscache.com/ac/pictures/29cb8157-3b5f-4278-a22a-b74c576c3679.jpg?interpolation=lanczos-none&size=small&output-format=jpg&output-quality=70,https://a2.muscache.com/im/pictures/29cb8157-3b5f-4278-a22a-b74c576c3679.jpg?aki_policy=medium,https://a2.muscache.com/ac/pictures/29cb8157-3b5f-4278-a22a-b74c576c3679.jpg?interpolation=lanczos-none&size=large_cover&output-format=jpg&output-quality=70,https://a2.muscache.com/ac/pictures/29cb8157-3b5f-4278-a22a-b74c576c3679.jpg?interpolation=lanczos-none&size=x_large_cover&output-format=jpg&output-quality=70,38387186,https://www.airbnb.com/users/show/38387186,Jennifer,2015-07-13,"Seattle, Washington, United States",I moved to Seattle from San Francisco.  I'm a professional designer and have my own home-staging business.,within an hour,100%,100%,f,"https://a0.muscache.com/ac/users/38387186/profile_pic/1436827575/original.jpg?interpolation=lanczos-none&crop=w:w;*,*&crop=h:h;*,*&resize=50:*&output-format=jpg&output-quality=70","https://a0.muscache.com/ac/users/38387186/profile_pic/1436827575/original.jpg?interpolation=lanczos-none&crop=w:w;*,*&crop=h:h;*,*&resize=225:*&output-format=jpg&output-quality=70",Bryant,2.0,2.0,"['email', 'phone', 'reviews']",t,f,"38th Avenue Northeast, Seattle, WA 98105, United States",Bryant,Bryant,Other neighborhoods,Seattle,WA,98105,Seattle,"Seattle, WA",US,United States,47.66639415633005,-122.28817250565396,t,Bungalow,Entire home/apt,2,1.0,0.0,2.0,Real Bed,"{TV,Internet,""Wireless Internet"",Kitchen,""Free Parking on Premises"",""Pets live on this property"",Dog(s),Heating,""Family/Kid Friendly"",""Smoke Detector"",""Fire Extinguisher"",Essentials,Shampoo,Hangers,""Hair Dryer"",""Laptop Friendly Workspace""}",,$79.00,,,$400.00,$60.00,1,$0.00,1,29,today,t,25,55,85,360,2016-01-04,1,2016-01-01,2016-01-01,100.0,10.0,10.0,10.0,10.0,10.0,10.0,f,,WASHINGTON,f,strict,f,f,2,1.0
8849095,https://www.airbnb.com/rooms/8849095,20160104002432,2016-01-04,"Sunrise views, 2 Gas Stoves, 4 beds","Near the University of Washington on a tree-lined street, our home is light, bright, spacious, and clean.  Warm yourself up next to one of the two gas stoves after jumping on the trampoline in the backyard -- it's the perfect home away from home.","The house has four bedrooms.  Three queen-sized beds and one king-sized bed.  There is one full bath with a skylight and one 3/4 bath.   From the back of the house on a clear day there are views of the Olympic Mountains and on many mornings you can see amazing sunrises.  Our home, located in the Bryant neighborhood, is on a quiet, tree-lined street.","Near the University of Washington on a tree-lined street, our home is light, bright, spacious, and clean.  Warm yourself up next to one of the two gas stoves after jumping on the trampoline in the backyard -- it's the perfect home away from home. The house has four bedrooms.  Three queen-sized beds and one king-sized bed.  There is one full bath with a skylight and one 3/4 bath.   From the back of the house on a clear day there are views of the Olympic Mountains and on many mornings you can see amazing sunrises.  Our home, located in the Bryant neighborhood, is on a quiet, tree-lined street. We're just a few blocks away from the Burke-Gilman, the best bike trail in the city.  We're also within blocks of U Village, one of the best shopping spots in Seattle.  The Bryant neighborhood is residential, quiet, and close to everything. It's just a few minutes away from the University of Washington, Children's Hospital, and great restaurants. There is a Metro Bus stop just half a block away. Fr",none,"We're just a few blocks away from the Burke-Gilman, the best bike trail in the city.  We're also within blocks of U Village, one of the best shopping spots in Seattle.  The Bryant neighborhood is residential, quiet, and close to everything. It's just a few minutes away from the University of Washington, Children's Hospital, and great restaurants.",,"There is a Metro Bus stop just half a block away. From there you can easily go downtown and all around the city. The Burke-Gilman trail is just a block away, a perfect route through the city for walkers and bikes.",https://a2.muscache.com/ac/pictures/5a1c7f83-a2ee-43c3-b457-056b0a080bdd.jpg?interpolation=lanczos-none&size=small&output-format=jpg&output-quality=70,https://a2.muscache.com/im/pictures/5a1c7f83-a2ee-43c3-b457-056b0a080bdd.jpg?aki_policy=medium,https://a2.muscache.com/ac/pictures/5a1c7f83-a2ee-43c3-b457-056b0a080bdd.jpg?interpolation=lanczos-none&size=large_cover&output-format=jpg&output-quality=70,https://a2.muscache.com/ac/pictures/5a1c7f83-a2ee-43c3-b457-056b0a080bdd.jpg?interpolation=lanczos-none&size=x_large_cover&output-format=jpg&output-quality=70,46337971,https://www.airbnb.com/users/show/46337971,Sarah,2015-10-12,"Seattle, Washington, United States",The home belongs to my partner and I.  I'm  a researcher at the University of Washington and she's the head of an independent elementary school here in Seattle.  We live here with our two kids.  Our days are filled with athletic events and the general hustle and bustle of daily life.  We love opening up our home to travelers when we're away and we hope you'll be our next guests!,within an hour,100%,100%,f,"https://a0.muscache.com/ac/users/46337971/profile_pic/1444623302/original.jpg?interpolation=lanczos-none&crop=w:w;*,*&crop=h:h;*,*&resize=50:*&output-format=jpg&output-quality=70","https://a0.muscache.com/ac/users/46337971/profile_pic/1444623302/original.jpg?interpolation=lanczos-none&crop=w:w;*,*&crop=h:h;*,*&resize=225:*&output-format=jpg&output-quality=70",Bryant,1.0,1.0,"['email', 'phone', 'google', 'kba']",t,t,"36th Avenue Northeast, Seattle, WA 98105, United States",Bryant,Bryant,Other neighborhoods,Seattle,WA,98105,Seattle,"Seattle, WA",US,United States,47.66836004352661,-122.28958887766034,t,House,Entire home/apt,8,2.0,4.0,4.0,Real Bed,"{TV,""Cable TV"",Internet,""Wireless Internet"",Kitchen,""Free Parking on Premises"",""Indoor Fireplace"",Heating,""Family/Kid Friendly"",Washer,Dryer,""Smoke Detector"",""Carbon Monoxide Detector"",""First Aid Kit"",""Safety Card"",""Fire Extinguisher"",Essentials,Shampoo,Iron,""Laptop Friendly Workspace""}",,$250.00,,,,$80.00,4,$50.00,1,1125,5 days ago,t,3,10,10,45,2016-01-04,0,,,,,,,,,,f,,WASHINGTON,f,moderate,f,f,1,
7742525,https://www.airbnb.com/rooms/7742525,20160104002432,2016-01-04,Ginger Room by UW & Childrens Hosp,"This is a cozy room located in a great location if you will be at Children's Hospital, the University of Washington Medical Center or the University of Washington.","We are conveniently located near U Village, Children' s Hospital, 15 minutes by car from Downtown Seattle, 4 houses away from the Burke Gillman Trail, close proximity to Magneson Park and more! We are within a 2 minute walk to public transportation. Seatec Airport is approximately 25 minutes south. Also be sure to understand that some small dogs that live here too and they are a bit yappy. They will sometimes jump on your leg but they settle down and will get accustomed to a new person while looking for dog treats and petting. Additionally, the Ginger Room is often occupied by a female that frequently travels.  Located nearby in walking distance is a Gourmet Market and the U Village outdoor mall with plenty of restaurants.","This is a cozy room located in a great location if you will be at Children's Hospital, the University of Washington Medical Center or the University of Washington. We are conveniently located near U Village, Children' s Hospital, 15 minutes by car from Downtown Seattle, 4 houses away from the Burke Gillman Trail, close proximity to Magneson Park and more! We are within a 2 minute walk to public transportation. Seatec Airport is approximately 25 minutes south. Also be sure to understand that some small dogs that live here too and they are a bit yappy. They will sometimes jump on your leg but they settle down and will get accustomed to a new person while looking for dog treats and petting. Additionally, the Ginger Room is often occupied by a female that frequently travels.  Located nearby in walking distance is a Gourmet Market and the U Village outdoor mall with plenty of restaurants. All shared areas plus the backyard garden. I interact with guests as much or as little as they wish. I ",none,I love how safe and convenient everything is in my neighborhood.,"Housekeeping Stuff: Bathroom: You are welcome to keep your toiletries on one of the shelves above the toilet also there is a rack in the shower for your shampoo etc.  Please use the towel hanging on the back of the bathroom door for the floor while taking a shower.  Bedroom: You might want to keep your bedroom door closed most of the time because I have some very curious dogs and if they find something interesting in your stuff they might decide to steal it!  Parking: is everywhere around here for free except within 30' of the stop sign right in front of my house.  Wifi connection: choose: Home-0CE9, Password: Seattlelife1 Kitchen/Laundry Usage: Feel free to use anything in the kitchen as well as the washer/dryer. The glasses, cups and plates are located in the cabinet to the left of the sink. Please feel free to come and go as you wish and don't worry about disturbing anyone.  While we do live in a safe neighborhood, please lock the front door after each use.",Bus #'s (PHONE NUMBER HIDDEN) are in very close proximity.,https://a1.muscache.com/ac/pictures/98428477/ddeed16a_original.jpg?interpolation=lanczos-none&size=small&output-format=jpg&output-quality=70,https://a1.muscache.com/im/pictures/98428477/ddeed16a_original.jpg?aki_policy=medium,https://a1.muscache.com/ac/pictures/98428477/ddeed16a_original.jpg?interpolation=lanczos-none&size=large_cover&output-format=jpg&output-quality=70,https://a1.muscache.com/ac/pictures/98428477/ddeed16a_original.jpg?interpolation=lanczos-none&size=x_large_cover&output-format=jpg&output-quality=70,2409388,https://www.airbnb.com/users/show/2409388,Lisa,2012-05-18,"Seattle, Washington, United States","My best friends would I am easy going, fun and smile a lot, very respectful and often consider others first. I love new experiences, especially traveling.

Interests:

Living in Seattle, the lovely foliage and peaceful water is around us all the time. One can't help but feel grateful. I also like to read and watch biographies as well as taking walks on the Burke-Gillman Trail.",within an hour,100%,100%,t,"https://a2.muscache.com/ac/users/2409388/profile_pic/1438662523/original.jpg?interpolation=lanczos-none&crop=w:w;*,*&crop=h:h;*,*&resize=50:*&output-format=jpg&output-quality=70","https://a2.muscache.com/ac/users/2409388/profile_pic/1438662523/original.jpg?interpolation=lanczos-none&crop=w:w;*,*&crop=h:h;*,*&resize=225:*&output-format=jpg&output-quality=70",Bryant,5.0,5.0,"['email', 'phone', 'facebook', 'linkedin', 'reviews', 'kba']",t,t,"Northeast 50th Street, Seattle, WA 98105, United States",Bryant,Bryant,Other neighborhoods,Seattle,WA,98105,Seattle,"Seattle, WA",US,United States,47.66509422863739,-122.28404850934808,t,House,Private room,2,1.0,1.0,1.0,Real Bed,"{TV,""Cable TV"",""Wireless Internet"",Kitchen,""Free Parking on Premises"",""Pets live on this property"",Dog(s),Heating,Washer,Dryer,""Smoke Detector"",""Carbon Monoxide Detector"",""First Aid Kit"",""Safety Card"",""Fire Extinguisher"",Shampoo}",,$58.00,$350.00,"$1,200.00",,$15.00,1,$10.00,1,1125,5 months ago,t,0,0,0,186,2016-01-04,2,2015-08-16,2015-08-20,100.0,10.0,10.0,10.0,10.0,10.0,10.0,f,,WASHINGTON,f,moderate,t,t,5,0.42
4550199,https://www.airbnb.com/rooms/4550199,20160104002432,2016-01-04,Charming 1940's craftsman 3bdrm 2bt,This charming 1940's house is fully remodeled. Right off the Burke-Gilman Trail and minutes from UVillage. 3bedroom(ones a nursery) 2bathroom fully finished basement which can also sleep additional people. Perfect for hosting people with a large yard. 10min from downtown. 2 blocks from the best grocery store.,"The entire house and yard 1 2 blocks from the Metropolitan Market, the best grocery store in Seattle. The Burke-Gilman trail is the most famous walking biking path in Seattle the goes for miles. You can walk it to UVillage, a great shopping and restaurant area.  One block from two bus stops","This charming 1940's house is fully remodeled. Right off the Burke-Gilman Trail and minutes from UVillage. 3bedroom(ones a nursery) 2bathroom fully finished basement which can also sleep additional people. Perfect for hosting people with a large yard. 10min from downtown. 2 blocks from the best grocery store. The entire house and yard 1 2 blocks from the Metropolitan Market, the best grocery store in Seattle. The Burke-Gilman trail is the most famous walking biking path in Seattle the goes for miles. You can walk it to UVillage, a great shopping and restaurant area.  One block from two bus stops The entire house and yard 1 2 blocks from the Metropolitan Market, the best grocery store in Seattle. The Burke-Gilman trail is the most famous walking biking path in Seattle the goes for miles. You can walk it to UVillage, a great shopping and restaurant area. One block from two bus stops",none,"2 blocks from the Metropolitan Market, the best grocery store in Seattle. The Burke-Gilman trail is the most famous walking biking path in Seattle the goes for miles. You can walk it to UVillage, a great shopping and restaurant area.",,One block from two bus stops,https://a1.muscache.com/ac/pictures/110801344/bde85caa_original.jpg?interpolation=lanczos-none&size=small&output-format=jpg&output-quality=70,https://a1.muscache.com/im/pictures/110801344/bde85caa_original.jpg?aki_policy=medium,https://a1.muscache.com/ac/pictures/110801344/bde85caa_original.jpg?interpolation=lanczos-none&size=large_cover&output-format=jpg&output-quality=70,https://a1.muscache.com/ac/pictures/110801344/bde85caa_original.jpg?interpolation=lanczos-none&size=x_large_cover&output-format=jpg&output-quality=70,23591558,https://www.airbnb.com/users/show/23591558,Jason,2014-11-10,"Seattle, Washington, United States",,within a day,50%,100%,f,"https://a2.muscache.com/ac/users/23591558/profile_pic/1415678397/original.jpg?interpolation=lanczos-none&crop=w:w;*,*&crop=h:h;*,*&resize=50:*&output-format=jpg&output-quality=70","https://a2.muscache.com/ac/users/23591558/profile_pic/1415678397/original.jpg?interpolation=lanczos-none&crop=w:w;*,*&crop=h:h;*,*&resize=225:*&output-format=jpg&output-quality=70",Bryant,1.0,1.0,"['email', 'phone', 'facebook', 'reviews', 'jumio']",t,t,"Northeast 55th Street, Seattle, WA 98105, United States",Bryant,Bryant,Other neighborhoods,Seattle,WA,98105,Seattle,"Seattle, WA",US,United States,47.66846403365959,-122.2829888380098,t,House,Entire home/apt,6,2.0,3.0,2.0,Real Bed,{},,$250.00,,,$250.00,$150.00,1,$0.00,2,1125,6 weeks ago,t,0,0,2,198,2016-01-04,7,2015-07-11,2015-11-29,100.0,10.0,10.0,10.0,10.0,10.0,10.0,f,,WASHINGTON,f,flexible,f,f,1,1.18
2822984,https://www.airbnb.com/rooms/2822984,20160104002432,2016-01-04,Charming tudor home near UW,"This family home has 3 bedrooms and 1 bath and rest on a quiet neighborhood street. Downtown is accessible easily by bus, the UW is available by bus, bike or walking.","Beautiful home in great Seattle neighborhood.   Close, walkable to UW, Children's Hospital, cafes, stores, University Village, and the Burke Gilman bike trail which can take you pretty much anywhere! Please no smokers.  I have this listed as a non-smoking house, and that doesn't mean that smoking outside or elsewhere is ok and then coming into the house.  The chemicals and smell linger on a smoker and therefore, please no smokers allowed.","This family home has 3 bedrooms and 1 bath and rest on a quiet neighborhood street. Downtown is accessible easily by bus, the UW is available by bus, bike or walking. Beautiful home in great Seattle neighborhood.   Close, walkable to UW, Children's Hospital, cafes, stores, University Village, and the Burke Gilman bike trail which can take you pretty much anywhere! Please no smokers.  I have this listed as a non-smoking house, and that doesn't mean that smoking outside or elsewhere is ok and then coming into the house.  The chemicals and smell linger on a smoker and therefore, please no smokers allowed. My guest have full access of the house other than my room.   For the spring, I will be home later in the evenings only, but gone the rest of the day and early evening.  I will be out of town most of the week after Memorial Day, for a couple of weeks at the end of June, early July and again later in August. If and when I may be at home, my guest would have complete privacy and access to t",none,"My neighbors rock!  It is a very friendly neighborhood with folks out walking and conversing frequently.  We are very close to anything and everything.  Restaurants and cafes are walkable, PCC, our coop is walkable, several parks, the UW, etc.",I do have two cats that go in and out a cat door.  I could ask a neighbor to feed them or the person staying could take it on.  They are very sweet and friendly.  They do not sleep in the main area of the house but are closed off in the area with the cat door.  They are also not allowed on the leather furniture :),"There are several bus lines within a 5 minute walk down the street.  The bus does not go down this street, making it a very quiet street.  Our underground train is coming, a quick bus ride down 65th street, but that is still years away.",https://a1.muscache.com/ac/pictures/81340467/9aef56bb_original.jpg?interpolation=lanczos-none&size=small&output-format=jpg&output-quality=70,https://a1.muscache.com/im/pictures/81340467/9aef56bb_original.jpg?aki_policy=medium,https://a1.muscache.com/ac/pictures/81340467/9aef56bb_original.jpg?interpolation=lanczos-none&size=large_cover&output-format=jpg&output-quality=70,https://a1.muscache.com/ac/pictures/81340467/9aef56bb_original.jpg?interpolation=lanczos-none&size=x_large_cover&output-format=jpg&output-quality=70,14441471,https://www.airbnb.com/users/show/14441471,Lizbeth,2014-04-18,"Seattle, Washington, United States",,within a day,100%,100%,f,"https://a1.muscache.com/ac/users/14441471/profile_pic/1397947316/original.jpg?interpolation=lanczos-none&crop=w:w;*,*&crop=h:h;*,*&resize=50:*&output-format=jpg&output-quality=70","https://a1.muscache.com/ac/users/14441471/profile_pic/1397947316/original.jpg?interpolation=lanczos-none&crop=w:w;*,*&crop=h:h;*,*&resize=225:*&output-format=jpg&output-quality=70",Bryant,1.0,1.0,"['email', 'phone', 'reviews', 'kba']",t,t,"36th Avenue Northeast, Seattle, WA 98115, United States",Bryant,Bryant,Other neighborhoods,Seattle,WA,98115,Seattle,"Seattle, WA",US,United States,47.673477873972665,-122.28811040187912,t,House,Private room,3,1.0,1.0,3.0,Real Bed,"{TV,""Wireless Internet"",Kitchen,""Free Parking on Premises"",""Pets live on this property"",Cat(s),""Indoor Fireplace"",""Family/Kid Friendly"",Washer,Dryer,""Smoke Detector"",""Carbon Monoxide Detector""}",,$50.00,,,$100.00,,1,$25.00,1,4,7 weeks ago,t,0,0,0,275,2016-01-04,20,2014-07-02,2015-10-19,97.0,10.0,10.0,10.0,10.0,10.0,10.0,f,,WASHINGTON,f,flexible,f,f,1,1.09
202260,https://www.airbnb.com/rooms/202260,20160104002432,2016-01-04,Cozy Seattle Apartment Near UW ,"Close to: UW Campus, Children's & UW Hospitals, & U Village; 7 minute drive to I-5 & just 1 exit to Capitol Hill, 2 to Queen Anne & 3 to Downtown; easy walk to: PCC & Metropolitan Markets, & multiple bus routes to Downtown & all of Seattle. ","Cosy & clean one bedroom/one bathroom downstairs apartment in home.  At 700 square feet, the apartment is spacious with a full kitchen, washer/dryer, gas fireplace, ample recessed lighting throughout, & a tankless/on-demand water heater (so that hot water does not run out mid-shower).  Separate entrance & parking in quiet, beautiful & safe residential neighborhood, ideally situated for walking & biking, with dining, shopping & groceries nearby.  Large sunny yard has organic fruit & vegetable gardens, mature trees, & a picnic table. The apartment is very comfortably furnished with a king size Duxiana bed (this is an especially comfortable bed), two full size couches, a large desk, dining table, & reading library. Wireless internet service gives guests with laptops access to radio shows via Stitcher Radio, television shows via Hulu and movies via Netflix. There is also a television monitor for use with DVDs & Wii.  The apartment is ideal for both long & short term stays. Due to our close","Close to: UW Campus, Children's & UW Hospitals, & U Village; 7 minute drive to I-5 & just 1 exit to Capitol Hill, 2 to Queen Anne & 3 to Downtown; easy walk to: PCC & Metropolitan Markets, & multiple bus routes to Downtown & all of Seattle.  Cosy & clean one bedroom/one bathroom downstairs apartment in home.  At 700 square feet, the apartment is spacious with a full kitchen, washer/dryer, gas fireplace, ample recessed lighting throughout, & a tankless/on-demand water heater (so that hot water does not run out mid-shower).  Separate entrance & parking in quiet, beautiful & safe residential neighborhood, ideally situated for walking & biking, with dining, shopping & groceries nearby.  Large sunny yard has organic fruit & vegetable gardens, mature trees, & a picnic table. The apartment is very comfortably furnished with a king size Duxiana bed (this is an especially comfortable bed), two full size couches, a large desk, dining table, & reading library. Wireless internet service gives gues",none,"The apartment is located in one of Seattle's wonderful walkable, bike-able, & bus-able neighborhoods. Situated in a quiet, safe, & beautiful residential neighborhood, a short walk will bring guests to two excellent markets, bus routes to Downtown & all areas of Seattle, & the Burke-Gilman walking & riding trail. Abundant shopping & restaurant options are a short & easy drive to U Village & other local neighborhood businesses, including Ventoux Roasters, a great neighborhood coffee spot; Queen Mary Tea Room for those who love tea & cucumber sandwiches; Frank's Oyster House & Champagne Parlor for those who enjoy fine culinary pleasures; & Mioposto, a wonderful wood fired pizzeria--all 2 minutes by car or around 10 by foot.","For guests with allergies or chemical sensitivities, the apartment is cleaned, & the laundry is washed, with natural cleaning solutions that are free & clear of fragrances & dyes. I also provide natural soap & shampoo that are scented with natural oils.","I-5 is 7 minutes away, with exits to Capitol Hill, Queen Anne, & Downtown 1, 2, & 3 exits away. There are bus stops at either end of our street with routes to Downtown & all areas of Seattle.  If you like to bike ride, the Burke-Gilman wends through the University, Fremont, & Ballard neighborhoods. If you prefer walking, it is a beautiful sheltered trail through mostly wooded & residential areas.",https://a2.muscache.com/ac/pictures/56819435/c4575828_original.jpg?interpolation=lanczos-none&size=small&output-format=jpg&output-quality=70,https://a2.muscache.com/im/pictures/56819435/c4575828_original.jpg?aki_policy=medium,https://a2.muscache.com/ac/pictures/56819435/c4575828_original.jpg?interpolation=lanczos-none&size=large_cover&output-format=jpg&output-quality=70,https://a2.muscache.com/ac/pictures/56819435/c4575828_original.jpg?interpolation=lanczos-none&size=x_large_cover&output-format=jpg&output-quality=70,990195,https://www.airbnb.com/users/show/990195,Kerry,2011-08-18,"Seattle, Washington, United States","I enjoy writing, making art, gardening & cooking.  I am able to walk or ride my bike for most local outings because our home is right next to the Burke-Gilman bike trail.",within a few hours,100%,100%,t,"https://a0.muscache.com/ac/users/990195/profile_pic/1313709290/original.jpg?interpolation=lanczos-none&crop=w:w;*,*&crop=h:h;*,*&resize=50:*&output-format=jpg&output-quality=70","https://a0.muscache.com/ac/users/990195/profile_pic/1313709290/original.jpg?interpolation=lanczos-none&crop=w:w;*,*&crop=h:h;*,*&resize=225:*&output-format=jpg&output-quality=70",Bryant,1.0,1.0,"['email', 'phone', 'reviews', 'kba']",t,t,"43rd Ave NE, Seattle, WA 98115, United States",Bryant,Bryant,Other neighborhoods,Seattle,WA,98115,Seattle,"Seattle, WA",US,United States,47.67207657145333,-122.28281642775688,t,Apartment,Entire home/apt,2,1.0,1.0,1.0,Real Bed,"{Internet,""Wireless Internet"",Kitchen,""Free Parking on Premises"",""Pets live on this property"",Dog(s),""Indoor Fireplace"",Heating,Washer,Dryer,""Smoke Detector"",""Carbon Monoxide Detector"",""First Aid Kit"",""Fire Extinguisher"",Essentials,Shampoo,Hangers,Iron,""Laptop Friendly Workspace""}",,$89.00,$525.00,"$1,960.00",$175.00,,2,$15.00,1,1125,yesterday,t,1,7,7,125,2016-01-04,134,2011-08-26,2015-12-22,98.0,10.0,10.0,10.0,10.0,10.0,10.0,f,,WASHINGTON,f,moderate,f,t,1,2.52
8597687,https://www.airbnb.com/rooms/8597687,20160104002432,2016-01-04,Quiet cozy downstairs unit near UW,"Hi, If you're looking for a nice, relaxed place to stay with lots of privacy and comfort, take a look at the rest of this posting. We've got a large furnished room in the downstairs with access to a private bathroom and full privacy.","A beautifully recently remodeled brick home, we're located in Wedgwood, a quiet neighborhood that allows for one to escape the hustle and bustle of the city, yet allows for easy access to some of the busiest parts of the city! The room downstairs is fully furnished with mostly everything you need. -Desk and workspace -Full size tempurpedic bed -40"" Plasma with HDMI -Microwave and Coffee maker -Private heating system The bathroom is just down the hall -Fresh towels -Shower -Washer and Dryer -Toilet","Hi, If you're looking for a nice, relaxed place to stay with lots of privacy and comfort, take a look at the rest of this posting. We've got a large furnished room in the downstairs with access to a private bathroom and full privacy. A beautifully recently remodeled brick home, we're located in Wedgwood, a quiet neighborhood that allows for one to escape the hustle and bustle of the city, yet allows for easy access to some of the busiest parts of the city! The room downstairs is fully furnished with mostly everything you need. -Desk and workspace -Full size tempurpedic bed -40"" Plasma with HDMI -Microwave and Coffee maker -Private heating system The bathroom is just down the hall -Fresh towels -Shower -Washer and Dryer -Toilet Our home is two stories, your room is in the downstairs as well as the bathroom. Essentially, you'll have all of the privacy downstairs as we will be keeping the door to the upstairs closed. However, you'll only have access to the room and bathroom you're staying",none,"Here are a few more features of the location: •4 minute walk to bus stops that go to the University of Washington or Downtown  •Within walking distance of three grocery stores (PCC, Rite Aid, and QFC)  •Within walking distance to two coffee shops--Starbuck's and Van Gogh Coffee--and Top Pot doughnut shop  •Within walking distance to Seattle Public Library  •One mile from Matthew's Beach  •One mile from Magnuson Park  •Two miles away from Greenlake  •Eight miles from downtown Seattle  •Nice, quiet, and safe neighborhood  •Close to University of Washington and Seattle Children's Hospital  •Close to two shopping centers: University Village and Northgate Mall","You might hear a little piano in the evening, but other than that nothing to be too worried about.","Two buses within 4 minute walk that take you straight to Downtown or the University District! Otherwise, lots of places are within walking distance. If you're looking for adventure, unfortunately there's not too much of a night life in this neighborhood.",https://a1.muscache.com/ac/pictures/109210844/61e34bb9_original.jpg?interpolation=lanczos-none&size=small&output-format=jpg&output-quality=70,https://a1.muscache.com/im/pictures/109210844/61e34bb9_original.jpg?aki_policy=medium,https://a1.muscache.com/ac/pictures/109210844/61e34bb9_original.jpg?interpolation=lanczos-none&size=large_cover&output-format=jpg&output-quality=70,https://a1.muscache.com/ac/pictures/109210844/61e34bb9_original.jpg?interpolation=lanczos-none&size=x_large_cover&output-format=jpg&output-quality=70,26225330,https://www.airbnb.com/users/show/26225330,William,2015-01-16,"Seattle, Washington, United States","Software Engineer, Beer Enthusiast, always down to chill and have a good time.",within a day,86%,100%,f,"https://a0.muscache.com/ac/users/26225330/profile_pic/1421457697/original.jpg?interpolation=lanczos-none&crop=w:w;*,*&crop=h:h;*,*&resize=50:*&output-format=jpg&output-quality=70","https://a0.muscache.com/ac/users/26225330/profile_pic/1421457697/original.jpg?interpolation=lanczos-none&crop=w:w;*,*&crop=h:h;*,*&resize=225:*&output-format=jpg&output-quality=70",Bryant,1.0,1.0,"['email', 'phone', 'facebook', 'reviews', 'kba']",t,t,"38th Avenue Northeast, Seattle, WA 98115, United States",Bryant,Bryant,Other neighborhoods,Seattle,WA,98115,Seattle,"Seattle, WA",US,United States,47.681445536852266,-122.28667330883664,t,House,Private room,2,1.0,1.0,1.0,Real Bed,"{TV,Internet,""Wireless Internet"",""Free Parking on Premises"",Heating,Washer,Dryer,""Smoke Detector"",Essentials,Shampoo}",,$47.00,$320.00,"$1,000.00",,$5.00,1,$0.00,1,1125,2 months ago,t,9,39,69,344,2016-01-04,1,2015-09-29,2015-09-29,100.0,8.0,10.0,8.0,10.0,10.0,8.0,f,,WASHINGTON,f,flexible,f,f,1,0.31
2309250,https://www.airbnb.com/rooms/2309250,20160104002432,2016-01-04,City Farmhouse-Children's Hosp.- UW,Our bright and spacious home is a cozy oasis in the midst of a bustling city neighborhood.  Visitors enjoy the beautiful kitchen's update complete with new gas appliances and all the modern conveniences of home.,"Our bright and spacious home is a cozy oasis in the midst of a bustling city neighborhood.  Visitors enjoy the beautiful kitchen's clean and updated industrial feel, complete with new gas appliances and all the modern conveniences of home.  Sleep in comfort and security in one of the Seattle area's safest neighborhoods.  Guests enjoy the entire 3 bedroom house, Sleeps 6, Also a blow up bed kids or adult could sleep on. Fenced back yard with fire pit, & Off-street parking in the driveway.   Owners are minutes away and are available at any time during guests stay. Our neighborhood is full of restaurants, shops, boutiques, and 2 of the city's finest groceries.   Unlimited shopping opportunities at University Village as well as neighborhood boutiques and specialty stores.  University of Washington campus, Children's Hospital, the Arboretum and Magnuson Park are just minutes away!  Take in the breathtaking views at Matthew's Beach with Mount Rainier in the background. Conveniently located j","Our bright and spacious home is a cozy oasis in the midst of a bustling city neighborhood.  Visitors enjoy the beautiful kitchen's update complete with new gas appliances and all the modern conveniences of home. Our bright and spacious home is a cozy oasis in the midst of a bustling city neighborhood.  Visitors enjoy the beautiful kitchen's clean and updated industrial feel, complete with new gas appliances and all the modern conveniences of home.  Sleep in comfort and security in one of the Seattle area's safest neighborhoods.  Guests enjoy the entire 3 bedroom house, Sleeps 6, Also a blow up bed kids or adult could sleep on. Fenced back yard with fire pit, & Off-street parking in the driveway.   Owners are minutes away and are available at any time during guests stay. Our neighborhood is full of restaurants, shops, boutiques, and 2 of the city's finest groceries.   Unlimited shopping opportunities at University Village as well as neighborhood boutiques and specialty stores.  Universi",none,"An eclectic residential neighborhood with restaurants, shopping and supermarkets within walking distance.  Burke-Gilman bike trail just blocks away.  University of Washington campus close by as well as Children's Hospital and University Medical Center.","We have a Graco Pak-n-Play, bouncy chair and other baby items. The house has a fully fenced back yard & we may consider pets in some situations.","Metro Bus Routes 75, 33 & 63 stop is several doors away ",https://a1.muscache.com/ac/pictures/31029612/3c4ccd05_original.jpg?interpolation=lanczos-none&size=small&output-format=jpg&output-quality=70,https://a1.muscache.com/im/pictures/31029612/3c4ccd05_original.jpg?aki_policy=medium,https://a1.muscache.com/ac/pictures/31029612/3c4ccd05_original.jpg?interpolation=lanczos-none&size=large_cover&output-format=jpg&output-quality=70,https://a1.muscache.com/ac/pictures/31029612/3c4ccd05_original.jpg?interpolation=lanczos-none&size=x_large_cover&output-format=jpg&output-quality=70,11792289,https://www.airbnb.com/users/show/11792289,Michelle & Mark,2014-01-30,"Seattle, Washington, United States","Homeowners
",within an hour,100%,100%,f,"https://a0.muscache.com/ac/users/11792289/profile_pic/1395120270/original.jpg?interpolation=lanczos-none&crop=w:w;*,*&crop=h:h;*,*&resize=50:*&output-format=jpg&output-quality=70","https://a0.muscache.com/ac/users/11792289/profile_pic/1395120270/original.jpg?interpolation=lanczos-none&crop=w:w;*,*&crop=h:h;*,*&resize=225:*&output-format=jpg&output-quality=70",Bryant,1.0,1.0,"['email', 'phone', 'reviews', 'manual_offline', 'jumio']",t,t,"Northeast 55th Street, Seattle, WA 98105, United States",Bryant,Bryant,Other neighborhoods,Seattle,WA,98105,Seattle,"Seattle, WA",US,United States,47.66975239335336,-122.28750791179203,t,House,Entire home/apt,5,1.0,3.0,3.0,Real Bed,"{TV,""Cable TV"",Internet,""Wireless Internet"",Kitchen,""Free Parking on Premises"",Heating,""Family/Kid Friendly"",Washer,Dryer,""Smoke Detector"",""Carbon Monoxide Detector"",""First Aid Kit"",""Safety Card"",""Fire Extinguisher"",Essentials,Shampoo,""24-Hour Check-in"",Hangers,""Hair Dryer"",Iron}",2.0,$189.00,"$1,350.00",,$95.00,$150.00,5,$50.00,2,1125,2 weeks ago,t,18,48,78,343,2016-01-04,23,2014-05-21,2015-10-21,100.0,10.0,10.0,10.0,10.0,10.0,10.0,f,,WASHINGTON,f,moderate,f,f,1,1.16
7420339,https://www.airbnb.com/rooms/7420339,20160104002432,2016-01-04,"Spacious, Private, & Relaxing","Located on a corner lot in the heart of the Bryant neighborhood. Covered porches provide a private, countryside feel. One block from both the Burke-Gilman trail. Walking distance to numerous pubs, restaurants, and parks. Ample parking.","My favorite part of this home is by far and away the garden. It has been landscaped with inspired outdoor living spaces, fruit trees, grape vines, pacific NW natives & perennials. The front porch is covered to allow year round enjoyment regardless of the rain. I love taking my morning coffee from the porch swing!","Located on a corner lot in the heart of the Bryant neighborhood. Covered porches provide a private, countryside feel. One block from both the Burke-Gilman trail. Walking distance to numerous pubs, restaurants, and parks. Ample parking. My favorite part of this home is by far and away the garden. It has been landscaped with inspired outdoor living spaces, fruit trees, grape vines, pacific NW natives & perennials. The front porch is covered to allow year round enjoyment regardless of the rain. I love taking my morning coffee from the porch swing! I own the home and have redesigned it to be a duplex. I live in the other side of the duplex but am rarely home due to medical school obligations. You'll have prompt cell or text communication with either Kaitlin, my girlfriend, or me during your stay. I will respect your privacy completely and will be responsive if there are questions or concerns. There are a number of bus routes that run down 40th Ave NE (just two blocks from the house) that w",none,,"Seattle, like many other cities, has issues with car prowling. While my neighborhood has not had significant issues with this sort of petty crime, I strongly recommend that you not leave any belongings in your vehicles.",There are a number of bus routes that run down 40th Ave NE (just two blocks from the house) that will allow you to easily commute within the city.,https://a1.muscache.com/ac/pictures/94837477/bf30ef09_original.jpg?interpolation=lanczos-none&size=small&output-format=jpg&output-quality=70,https://a1.muscache.com/im/pictures/94837477/bf30ef09_original.jpg?aki_policy=medium,https://a1.muscache.com/ac/pictures/94837477/bf30ef09_original.jpg?interpolation=lanczos-none&size=large_cover&output-format=jpg&output-quality=70,https://a1.muscache.com/ac/pictures/94837477/bf30ef09_original.jpg?interpolation=lanczos-none&size=x_large_cover&output-format=jpg&output-quality=70,38870313,https://www.airbnb.com/users/show/38870313,Miles,2015-07-18,"Seattle, Washington, United States","I grew up in Wichita, KS, went to college in Minnesota, and have lived in the Seattle area -- the place I consider home -- for the past decade. I am currently a medical school student at the University of Washington here in Seattle. Previously I worked as an EMT and taught courses for the Seattle based company Remote Medical International mostly in Leavenworth, WA and the North Cascades. I have volunteered for both Everett Mountain Rescue and the Snohomish Co. Helicopter Rescue Team for the past 6 years. I love adventuring here in the pacific NW which usually includes alpine climbing, trail running, sailing, and backcountry skiing! ",,,,f,"https://a2.muscache.com/ac/users/38870313/profile_pic/1437536179/original.jpg?interpolation=lanczos-none&crop=w:w;*,*&crop=h:h;*,*&resize=50:*&output-format=jpg&output-quality=70","https://a2.muscache.com/ac/users/38870313/profile_pic/1437536179/original.jpg?interpolation=lanczos-none&crop=w:w;*,*&crop=h:h;*,*&resize=225:*&output-format=jpg&output-quality=70",Bryant,1.0,1.0,"['email', 'phone', 'facebook', 'google', 'linkedin', 'reviews', 'kba']",t,t,"38th Avenue Northeast, Seattle, WA 98105, United States",Bryant,Bryant,Other neighborhoods,Seattle,WA,98105,Seattle,"Seattle, WA",US,United States,47.66600718076132,-122.28674498072051,t,House,Entire home/apt,4,1.0,2.0,2.0,Real Bed,"{Internet,""Wireless Internet"",Kitchen,""Free Parking on Premises"",""Indoor Fireplace"",Heating,""Family/Kid Friendly"",Washer,Dryer,""Smoke Detector"",""Carbon Monoxide Detector"",""Fire Extinguisher"",Essentials,Shampoo}",,$175.00,"$1,500.00","$3,600.00",$500.00,$50.00,6,$0.00,2,1125,2 weeks ago,t,0,0,0,0,2016-01-04,2,2015-07-27,2015-08-09,90.0,9.0,9.0,10.0,9.0,9.0,9.0,f,,WASHINGTON,f,strict,f,f,1,0.37
1742425,https://www.airbnb.com/rooms/1742425,20160104002432,2016-01-04,City Bungalow by University of Wa,"Cute stylish bungalow with formal kitchen, dining and living facilities in safe quiet residential neighborhood.  Wifi, Cable Tv available. Comfortably sleeps two, with the sofa bed sleeps 3.","Hotel level accommodations in this compact home, in a residential neighborhood yet close to University Village, Children's Hospital, University of Washington, University Medical Center, Burke Gilman trail, Husky Stadium.  Easy access to downtown Seattle","Cute stylish bungalow with formal kitchen, dining and living facilities in safe quiet residential neighborhood.  Wifi, Cable Tv available. Comfortably sleeps two, with the sofa bed sleeps 3. Hotel level accommodations in this compact home, in a residential neighborhood yet close to University Village, Children's Hospital, University of Washington, University Medical Center, Burke Gilman trail, Husky Stadium.  Easy access to downtown Seattle Guests have access to WIFI, Cable TV, radio/stereo, built in coffee machine, all appliances of kitchen, spices and kitchen ware, bedroom, bathroom (tub only, no shower), kitchen,and dining room. Parking pass available for parking during Husky Games. China in china cabinet off limits.  Attic bedroom has max 6' ceiling in center, good for shorter people like myself, may be uncomfortable for tall people. Steep stairs to attic bedroom are not suitable for children or elderly. (please see picture of stairs.) Shoes off at front door please.  Basement tena",none,"Love the quiet residential neighborhood, and love walking one block to the Burke Gilman trail.  Shopping and dining is great at University Village, Jaks Grill is also two blocks away and is excellent.","I look forward to greeting you and hopefully will see you again on return visits!  Also, I am working on a rainwater harvesting system in the back yard, so there are workers going in and out of the yard during daytime hours.","Bus stop is two blocks away, street parking is available and a Parking Pass is available for parking in front of the house on Husky Game days.  Airport access best by Airporter service",https://a0.muscache.com/ac/pictures/90403742/9da460ec_original.jpg?interpolation=lanczos-none&size=small&output-format=jpg&output-quality=70,https://a0.muscache.com/im/pictures/90403742/9da460ec_original.jpg?aki_policy=medium,https://a0.muscache.com/ac/pictures/90403742/9da460ec_original.jpg?interpolation=lanczos-none&size=large_cover&output-format=jpg&output-quality=70,https://a0.muscache.com/ac/pictures/90403742/9da460ec_original.jpg?interpolation=lanczos-none&size=x_large_cover&output-format=jpg&output-quality=70,3948039,https://www.airbnb.com/users/show/3948039,Christine,2012-10-22,"Seattle, Washington, United States",,within a few hours,100%,100%,f,"https://a0.muscache.com/ac/users/3948039/profile_pic/1379705338/original.jpg?interpolation=lanczos-none&crop=w:w;*,*&crop=h:h;*,*&resize=50:*&output-format=jpg&output-quality=70","https://a0.muscache.com/ac/users/3948039/profile_pic/1379705338/original.jpg?interpolation=lanczos-none&crop=w:w;*,*&crop=h:h;*,*&resize=225:*&output-format=jpg&output-quality=70",Bryant,1.0,1.0,"['email', 'phone', 'facebook', 'reviews', 'kba']",t,t,"37th Avenue Northeast, Seattle, WA 98105, United States",Bryant,Bryant,Other neighborhoods,Seattle,WA,98105,Seattle,"Seattle, WA",US,United States,47.66199059741328,-122.29072881192651,t,House,Entire home/apt,3,1.0,1.0,1.0,Real Bed,"{TV,""Cable TV"",Internet,""Wireless Internet"",""Air Conditioning"",Kitchen,""Free Parking on Premises"",""Pets live on this property"",Cat(s),Heating,Washer,Dryer,""Smoke Detector"",""Carbon Monoxide Detector"",""First Aid Kit"",""Safety Card"",""Fire Extinguisher"",Essentials,Shampoo,""Hair Dryer"",Iron}",,$95.00,$700.00,,$350.00,$85.00,2,$50.00,2,10,4 days ago,t,21,51,80,80,2016-01-04,48,2013-11-12,2015-12-20,93.0,9.0,9.0,10.0,10.0,10.0,9.0,f,,WASHINGTON,f,strict,f,f,1,1.84
4559985,https://www.airbnb.com/rooms/4559985,20160104002432,2016-01-04,2 BR apt University District,"2 BR, 1 BA daylight basement apt in house in great neighborhood close to UW, U Village, Ravenna, Bryant, Children's Hospital.  Amenities include fully equipped kitchen, TV/DVD/wifi, washer/dryer, & use of yard/BBQ.  Discount avail. for wk+/mo+ stay."," Enjoy the best of all worlds – a quiet, garden-setting, but with all the amenities at your fingertips. We are close to the University of Washington, premiere shopping at University Village, restaurants galore, as well as Children's Hospital, and tons of great parks. Multiple bus lines give easy access to other parts of the city. Or, bring your bike! The house is just two blocks away from the Burke Gilman trail. ","2 BR, 1 BA daylight basement apt in house in great neighborhood close to UW, U Village, Ravenna, Bryant, Children's Hospital.  Amenities include fully equipped kitchen, TV/DVD/wifi, washer/dryer, & use of yard/BBQ.  Discount avail. for wk+/mo+ stay.  Enjoy the best of all worlds – a quiet, garden-setting, but with all the amenities at your fingertips. We are close to the University of Washington, premiere shopping at University Village, restaurants galore, as well as Children's Hospital, and tons of great parks. Multiple bus lines give easy access to other parts of the city. Or, bring your bike! The house is just two blocks away from the Burke Gilman trail.  Apartment has completely separate entrance.  Unit upstairs is also a vacation rental.  Amenities include: WiFi, cable TV/DVD, Full kitchen, ¾ bath, laundry, and shared use of backyard and BBQ. The units have separate entrances.  Guests are given their privacy, but the owner or manager is available as needed. I fell in love with thi",none,"I fell in love with this house because of the residential feel with all the benefits of city living. I love having all key amenities in walking distance, a safe neighborhood, and perks of a yard and local parks. One of Seattle's hottest neighborhoods, with lots to do for adults, college students, and kids! ",Pack n play available for baby/toddler upon request. People with severe animal allergies should note that cats/dogs lived here in the past.,"Free street parking.  Easy access to buses, Uber, Zipcar, etc.",https://a2.muscache.com/ac/pictures/57262980/ba90568e_original.jpg?interpolation=lanczos-none&size=small&output-format=jpg&output-quality=70,https://a2.muscache.com/im/pictures/57262980/ba90568e_original.jpg?aki_policy=medium,https://a2.muscache.com/ac/pictures/57262980/ba90568e_original.jpg?interpolation=lanczos-none&size=large_cover&output-format=jpg&output-quality=70,https://a2.muscache.com/ac/pictures/57262980/ba90568e_original.jpg?interpolation=lanczos-none&size=x_large_cover&output-format=jpg&output-quality=70,18988566,https://www.airbnb.com/users/show/18988566,Lisa,2014-07-27,"Seattle, Washington, United States",,within a day,100%,100%,f,"https://a1.muscache.com/ac/users/18988566/profile_pic/1415777756/original.jpg?interpolation=lanczos-none&crop=w:w;*,*&crop=h:h;*,*&resize=50:*&output-format=jpg&output-quality=70","https://a1.muscache.com/ac/users/18988566/profile_pic/1415777756/original.jpg?interpolation=lanczos-none&crop=w:w;*,*&crop=h:h;*,*&resize=225:*&output-format=jpg&output-quality=70",Bryant,2.0,2.0,"['email', 'phone', 'reviews']",t,f,"35th Avenue Northeast, Seattle, WA 98105, United States",Bryant,Bryant,Other neighborhoods,Seattle,WA,98105,Seattle,"Seattle, WA",US,United States,47.66305915009921,-122.28944774580228,t,Apartment,Entire home/apt,4,1.0,2.0,2.0,Real Bed,"{TV,""Cable TV"",Internet,""Wireless Internet"",Kitchen,Heating,""Family/Kid Friendly"",Washer,Dryer,""Smoke Detector"",""Carbon Monoxide Detector"",""Fire Extinguisher"",Essentials,Shampoo,""24-Hour Check-in"",Hangers,""Hair Dryer"",Iron}",,$80.00,,,$150.00,$85.00,1,$0.00,1,1125,3 weeks ago,t,27,57,87,361,2016-01-04,4,2015-01-05,2015-10-24,80.0,9.0,10.0,9.0,7.0,9.0,8.0,f,,WASHINGTON,f,strict,f,f,2,0.33
6304139,https://www.airbnb.com/rooms/6304139,20160104002432,2016-01-04,"Apt in Bryant, near UW &Children's","Modern, clean and cozy apt located in the sought out Seattle neighborhood of Bryant. Minutes away from the University of Washington and Seattle Children's Hospital. Walkable to the neighborhood cafes, grocery stores and library. Convenient bus lines to downtown.","Modern and cozy lower unit with private deck. Table and chairs on deck to dine outside. Large windows let in lots of light. French doors lead you into a spacious sunken bedroom with office space. Walk-in closet for all your storage needs.  No carpets in the home, so very allergy friendly and clean.","Modern, clean and cozy apt located in the sought out Seattle neighborhood of Bryant. Minutes away from the University of Washington and Seattle Children's Hospital. Walkable to the neighborhood cafes, grocery stores and library. Convenient bus lines to downtown. Modern and cozy lower unit with private deck. Table and chairs on deck to dine outside. Large windows let in lots of light. French doors lead you into a spacious sunken bedroom with office space. Walk-in closet for all your storage needs.  No carpets in the home, so very allergy friendly and clean. You will have the entire lower unit of a two story home. Private access and free parking. Queen bed in the bedroom, and a queen pull-out futon in the living room.  Other amenities include: -Fresh bed linens -Full kitchen with fridge, dishwasher, gas stove, microwave and coffee maker -Basic kitchen necessities (utensils, plates, mugs, knives, pots, pans, etc) -Bathroom has tub and shower -Soap and fresh towels -Hairdryer -Iron and boa",none,"The home is located on the cusp of the neighborhoods of Viewridge and Bryant. It is a convenient, family friendly and safe neighborhood approx 10 minutes northeast of downtown and 5 minutes away from the University of Washington campus and Medical Center. We have two top-notch organic grocery stores, a Seattle public library, a pharmacy and great local restaurants. We are steps away from Seattle's famous Top Pot handforged donut shop, Starbucks, and Grateful Bread, a local bread bakery and cafe. My favorite yoga studio, 8 Limbs, is a 5 minute walk away. A quick drive takes you to University Village, a premiere outdoor shopping experience with numerous restaurants to choose from. It is also home to the world renowned, Michelin starred, Chinese dumpling restaurant Din Tai Fung. Amazing outdoor sights to be seen from Magnuson Park and the Arboretum which are also a very quick drive or bike ride.","We live by a small private school, so please note that there will be sounds of children playing at recess during school days/hours. Otherwise, our neighborhood is very quiet. This apt is a lower level unit and we live upstairs. You will hear typical footsteps and sounds but we are respectful of guests.",Easy access to bus lines to downtown and airport. Seattle Metro website is a great resource for trip planning via bus. The Burke-Gilman Trail is a safe and scenic way for cyclists to get around and explore the city.,https://a0.muscache.com/ac/pictures/78741086/219ab6b5_original.jpg?interpolation=lanczos-none&size=small&output-format=jpg&output-quality=70,https://a0.muscache.com/im/pictures/78741086/219ab6b5_original.jpg?aki_policy=medium,https://a0.muscache.com/ac/pictures/78741086/219ab6b5_original.jpg?interpolation=lanczos-none&size=large_cover&output-format=jpg&output-quality=70,https://a0.muscache.com/ac/pictures/78741086/219ab6b5_original.jpg?interpolation=lanczos-none&size=x_large_cover&output-format=jpg&output-quality=70,32552913,https://www.airbnb.com/users/show/32552913,P.H.,2015-05-04,"Seattle, Washington, United States",I was born in Hawaii and raised in a small town across the Puget Sound. I  moved to Seattle 20 years ago to attend the University of Washington and have been living in the city ever since.  I am a child and newborn photographer and jewelry designer/metalsmith. I photograph newborns on location and design and create my jewelry in a studio in the University District. ,within a day,100%,100%,f,"https://a0.muscache.com/ac/users/32552913/profile_pic/1430956844/original.jpg?interpolation=lanczos-none&crop=w:w;*,*&crop=h:h;*,*&resize=50:*&output-format=jpg&output-quality=70","https://a0.muscache.com/ac/users/32552913/profile_pic/1430956844/original.jpg?interpolation=lanczos-none&crop=w:w;*,*&crop=h:h;*,*&resize=225:*&output-format=jpg&output-quality=70",Bryant,1.0,1.0,"['email', 'phone', 'linkedin', 'reviews', 'kba']",t,t,"36th Avenue Northeast, Seattle, WA 98115, United States",Bryant,Bryant,Other neighborhoods,Seattle,WA,98115,Seattle,"Seattle, WA",US,United States,47.68118720310556,-122.28925743782364,t,House,Entire home/apt,4,1.0,1.0,2.0,Real Bed,"{""Wireless Internet"",Kitchen,""Free Parking on Premises"",Heating,""Family/Kid Friendly"",""Smoke Detector"",""Carbon Monoxide Detector"",""First Aid Kit"",""Safety Card"",""Fire Extinguisher"",Essentials}",,$95.00,$650.00,"$1,895.00",$250.00,$75.00,2,$15.00,3,1125,6 weeks ago,t,26,56,86,361,2016-01-04,8,2015-06-09,2015-11-29,100.0,10.0,10.0,10.0,10.0,10.0,10.0,f,,WASHINGTON,f,moderate,f,f,1,1.14
2610187,https://www.airbnb.com/rooms/2610187,20160104002432,2016-01-04,Large Loft quiet View  Bryant/UW 08,"Enjoy watching the mountain and lake and tree tops while living in  the quiet, bright, clean and spacious loft apt. Great neighborhood minutes to UW, Green Lake, Wedgwood, and downtown. ","You will like this nicely furnished large studio apt  located in the quiet and convenient Bryant/Ravenna neighborhood, just a few blocks north of the University District and south of Wedgewood. Its convenient location near UW, restaurants, whole food store, parks, entertainment and many buslines with easy access to downtown and Eastside employment centers makes its demand the highest in the Seattle area. The Bryant Elementary School and Bryant Neighborhood Playground as well as Burke-Gilman Trail are just a few blocks away. The immediate neighborhood has apartments nestled in with single family homes creating a quiet and safe atmosphere. *Furnished and equipped.  * Private deck with a view * one queen bed and one full size futon bed-chair can accommodate 3 people * Professional & responsive management  * 4 min drive to UW campus and Green Lake or 10 minutes bus ride (frequent bus schedules)  Looking for nonsmoking no pet mature guests to rent this nicely furnished apt short term.  ","Enjoy watching the mountain and lake and tree tops while living in  the quiet, bright, clean and spacious loft apt. Great neighborhood minutes to UW, Green Lake, Wedgwood, and downtown. You will like this nicely furnished large studio apt  located in the quiet and convenient Bryant/Ravenna neighborhood, just a few blocks north of the University District and south of Wedgewood. Its convenient location near UW, restaurants, whole food store, parks, entertainment and many buslines with easy access to downtown and Eastside employment centers makes its demand the highest in the Seattle area. The Bryant Elementary School and Bryant Neighborhood Playground as well as Burke-Gilman Trail are just a few blocks away. The immediate neighborhood has apartments nestled in with single family homes creating a quiet and safe atmosphere. *Furnished and equipped.  * Private deck with a view * one queen bed and one full size futon bed-chair can accommodate 3 people * Professional & responsive management  ",none,,, Bus 71 go to the UW every 15 minutes. Bus 65 or 64 take you to many other places. Microsoft Connector bus stop is just 5 min walk to 40th Ave NE & NE 65Th St.,https://a2.muscache.com/ac/pictures/34317434/5c026661_original.jpg?interpolation=lanczos-none&size=small&output-format=jpg&output-quality=70,https://a2.muscache.com/im/pictures/34317434/5c026661_original.jpg?aki_policy=medium,https://a2.muscache.com/ac/pictures/34317434/5c026661_original.jpg?interpolation=lanczos-none&size=large_cover&output-format=jpg&output-quality=70,https://a2.muscache.com/ac/pictures/34317434/5c026661_original.jpg?interpolation=lanczos-none&size=x_large_cover&output-format=jpg&output-quality=70,3074414,https://www.airbnb.com/users/show/3074414,Melissa,2012-07-27,"Seattle, Washington, United States","Used to be a professor (Ph.D. in Political Economy), then a homeschooling mom and  a religious non profit organization founder, now like to travel, read / review books and manage properties. The best cities I like are Seattle, Florence, Sanya and Taipei.  (Taipei is chosen as the #1 out of 26 Remarkable Places For Solo Travel by BuzzFeed!  (website hidden)) We have  a few nicely furnished studios and one bedrooms condo apt conveniently located near University of Washington in Seattle with your own private kitchen and bathroom.  You will enjoy the convenient locations and quietness of all these buildings. You will also be surprised how quickly we respond to your requests as long as I am in town.  My motto is Providing Quality Places at Fair Prices and my life motto is in Philippians 4:13. ",within a few hours,80%,100%,f,"https://a2.muscache.com/ac/users/3074414/profile_pic/1408093668/original.jpg?interpolation=lanczos-none&crop=w:w;*,*&crop=h:h;*,*&resize=50:*&output-format=jpg&output-quality=70","https://a2.muscache.com/ac/users/3074414/profile_pic/1408093668/original.jpg?interpolation=lanczos-none&crop=w:w;*,*&crop=h:h;*,*&resize=225:*&output-format=jpg&output-quality=70",Ravenna,34.0,34.0,"['email', 'phone', 'reviews', 'kba']",t,t,"35th Avenue Northeast, Seattle, WA 98115, United States",Bryant,Bryant,Other neighborhoods,Seattle,WA,98115,Seattle,"Seattle, WA",US,United States,47.67635105699692,-122.28949875990207,t,Apartment,Entire home/apt,3,1.0,0.0,2.0,Real Bed,"{""Wireless Internet"",Kitchen,""Free Parking on Premises"",Heating,""Suitable for Events"",Washer,Dryer,""Smoke Detector"",""First Aid Kit"",Essentials,Shampoo}",,$65.00,$430.00,"$1,495.00",$100.00,$60.00,1,$12.00,3,1125,5 months ago,t,30,60,90,365,2016-01-04,4,2014-05-07,2014-08-17,85.0,10.0,9.0,8.0,9.0,8.0,9.0,f,,WASHINGTON,f,moderate,f,f,34,0.2
8508341,https://www.airbnb.com/rooms/8508341,20160104002432,2016-01-04,2 Story 2+BR/2BA House near UW,"Classic Seattle home in a great residential neighborhood in the city! Enjoy the best of all worlds– quiet garden setting, all amenities at your fingertips, and only 5 miles from downtown Seattle/Pike Place Mkt!  Discounts avail. for wk+ & mo+ stays.","This spacious, 1500 sf, 3 BR, 2 BA unit is great for families or couples. The main floor features 1 bedroom and 1 office/bedroom. Upstairs is a large master suite and treadmill/workout area.","Classic Seattle home in a great residential neighborhood in the city! Enjoy the best of all worlds– quiet garden setting, all amenities at your fingertips, and only 5 miles from downtown Seattle/Pike Place Mkt!  Discounts avail. for wk+ & mo+ stays. This spacious, 1500 sf, 3 BR, 2 BA unit is great for families or couples. The main floor features 1 bedroom and 1 office/bedroom. Upstairs is a large master suite and treadmill/workout area. We are just 5 miles from downtown, and close to the University of Washington, premiere shopping at University Village, restaurants galore, as well as Children's Hospital, and tons of great parks. There is free street parking.  Multiple bus lines give easy access to other parts of the city.  Or, bring your bike! The house is just two blocks away from the Burke Gilman trail. Amenities include: WiFi, cable TV/Roku, dishwasher, formal dining room, laundry. Unit shares use of backyard and BBQ with separate unit in basement.   People with severe allergies sho",none,"We are just 5 miles from downtown, and close to the University of Washington, premiere shopping at University Village, restaurants galore, as well as Children's Hospital, and tons of great parks.","Amenities include: WiFi, cable TV/Roku, dishwasher, formal dining room, laundry. Unit shares use of backyard and BBQ with separate unit in basement.   People with severe allergies should be aware that cats used to live here. *Contact me directly to arrange special pricing for weekly or monthly stays!","There is free street parking.  Multiple bus lines give easy access to other parts of the city.  Or, bring your bike! The house is just two blocks away from the Burke Gilman trail.",https://a2.muscache.com/ac/pictures/108139325/06fd0f3a_original.jpg?interpolation=lanczos-none&size=small&output-format=jpg&output-quality=70,https://a2.muscache.com/im/pictures/108139325/06fd0f3a_original.jpg?aki_policy=medium,https://a2.muscache.com/ac/pictures/108139325/06fd0f3a_original.jpg?interpolation=lanczos-none&size=large_cover&output-format=jpg&output-quality=70,https://a2.muscache.com/ac/pictures/108139325/06fd0f3a_original.jpg?interpolation=lanczos-none&size=x_large_cover&output-format=jpg&output-quality=70,18988566,https://www.airbnb.com/users/show/18988566,Lisa,2014-07-27,"Seattle, Washington, United States",,within a day,100%,100%,f,"https://a1.muscache.com/ac/users/18988566/profile_pic/1415777756/original.jpg?interpolation=lanczos-none&crop=w:w;*,*&crop=h:h;*,*&resize=50:*&output-format=jpg&output-quality=70","https://a1.muscache.com/ac/users/18988566/profile_pic/1415777756/original.jpg?interpolation=lanczos-none&crop=w:w;*,*&crop=h:h;*,*&resize=225:*&output-format=jpg&output-quality=70",Bryant,2.0,2.0,"['email', 'phone', 'reviews']",t,f,"35th Avenue Northeast, Seattle, WA 98105, United States",Bryant,Bryant,Other neighborhoods,Seattle,WA,98105,Seattle,"Seattle, WA",US,United States,47.66374670205,-122.28870354951738,t,House,Entire home/apt,6,2.0,2.0,2.0,Real Bed,"{TV,""Cable TV"",Internet,""Wireless Internet"",Kitchen,Gym,Heating,""Family/Kid Friendly"",Washer,Dryer,""Smoke Detector"",""Carbon Monoxide Detector"",""Fire Extinguisher"",Essentials,Shampoo,""24-Hour Check-in"",Hangers,""Hair Dryer"",Iron,""Laptop Friendly Workspace""}",,$150.00,,,$250.00,$100.00,4,$10.00,1,1125,3 weeks ago,t,22,50,80,355,2016-01-04,1,2015-11-01,2015-11-01,80.0,8.0,10.0,10.0,10.0,10.0,8.0,f,,WASHINGTON,f,strict,f,f,2,0.46
7327623,https://www.airbnb.com/rooms/7327623,20160104002432,2016-01-04,Charming Loft near the University,"This beautiful loft is within walking distance of Children's Hospital, University Village, University of Washington, shopping, restaurants and healthy groceries.  Stylish and serene, it's a perfect retreat for 1 or 2 people.","The loft includes a bedroom with skylight, marble bath, kitchenette and sitting room, with views out over a quiet, tree-lined neighborhood. Guests have a separate entrance through the back garden. It is located on the top level of my tudor style home in the Bryant neighborhood.","This beautiful loft is within walking distance of Children's Hospital, University Village, University of Washington, shopping, restaurants and healthy groceries.  Stylish and serene, it's a perfect retreat for 1 or 2 people. The loft includes a bedroom with skylight, marble bath, kitchenette and sitting room, with views out over a quiet, tree-lined neighborhood. Guests have a separate entrance through the back garden. It is located on the top level of my tudor style home in the Bryant neighborhood. I'm happy to help in any way to make your visit more enjoyable. The Bryant neighborhood is residential, quiet, and close to everything.  It's just a few minutes away from the University of Washington, Children's Hospital, Burke-Gilman trail, restaurants, shopping and many other places. There is a Metro Bus stop just 2 blocks away.  From there you can easily go downtown and all around the city.  The Burke-Gilman trail is just a block away, a perfect route through the city for walkers and bike",none,"The Bryant neighborhood is residential, quiet, and close to everything.  It's just a few minutes away from the University of Washington, Children's Hospital, Burke-Gilman trail, restaurants, shopping and many other places.",,"There is a Metro Bus stop just 2 blocks away.  From there you can easily go downtown and all around the city.  The Burke-Gilman trail is just a block away, a perfect route through the city for walkers and bikes.",https://a1.muscache.com/ac/pictures/96634333/532e073f_original.jpg?interpolation=lanczos-none&size=small&output-format=jpg&output-quality=70,https://a1.muscache.com/im/pictures/96634333/532e073f_original.jpg?aki_policy=medium,https://a1.muscache.com/ac/pictures/96634333/532e073f_original.jpg?interpolation=lanczos-none&size=large_cover&output-format=jpg&output-quality=70,https://a1.muscache.com/ac/pictures/96634333/532e073f_original.jpg?interpolation=lanczos-none&size=x_large_cover&output-format=jpg&output-quality=70,38387186,https://www.airbnb.com/users/show/38387186,Jennifer,2015-07-13,"Seattle, Washington, United States",I moved to Seattle from San Francisco.  I'm a professional designer and have my own home-staging business.,within an hour,100%,100%,f,"https://a0.muscache.com/ac/users/38387186/profile_pic/1436827575/original.jpg?interpolation=lanczos-none&crop=w:w;*,*&crop=h:h;*,*&resize=50:*&output-format=jpg&output-quality=70","https://a0.muscache.com/ac/users/38387186/profile_pic/1436827575/original.jpg?interpolation=lanczos-none&crop=w:w;*,*&crop=h:h;*,*&resize=225:*&output-format=jpg&output-quality=70",Bryant,2.0,2.0,"['email', 'phone', 'reviews']",t,f,"38th Avenue Northeast, Seattle, WA 98105, United States",Bryant,Bryant,Other neighborhoods,Seattle,WA,98105,Seattle,"Seattle, WA",US,United States,47.6656180519684,-122.287880710489,t,Loft,Entire home/apt,2,1.0,1.0,1.0,Real Bed,"{TV,Internet,""Wireless Internet"",Kitchen,""Free Parking on Premises"",""Pets live on this property"",Dog(s),Heating,""Smoke Detector"",""Carbon Monoxide Detector"",""Fire Extinguisher"",Essentials,Shampoo}",,$94.00,,,$400.00,$75.00,1,$0.00,2,29,today,t,26,51,81,356,2016-01-04,21,2015-07-21,2015-12-31,99.0,10.0,10.0,10.0,10.0,10.0,10.0,f,,WASHINGTON,f,strict,f,f,2,3.75
2412633,https://www.airbnb.com/rooms/2412633,20160104002432,2016-01-04,Peaceful Retreat Near UW,"Children's Hospital, UW Campus, University Village shopping center, Metropolitan Market grocery store and a variety of restaurants within walking distance! Right off bus line and Burke Gilman trail for ease of getting around, unlimited street parking","I am a professional track and field athlete traveling for altitude training and competitions, I love my little condo and thought someone else might too while I am away! The condo will be cleaned in-between guests to ensure a comfortable stay, and I have teammates in the neighborhood should any immediate needs arise.","Children's Hospital, UW Campus, University Village shopping center, Metropolitan Market grocery store and a variety of restaurants within walking distance! Right off bus line and Burke Gilman trail for ease of getting around, unlimited street parking I am a professional track and field athlete traveling for altitude training and competitions, I love my little condo and thought someone else might too while I am away! The condo will be cleaned in-between guests to ensure a comfortable stay, and I have teammates in the neighborhood should any immediate needs arise. Private Townhome: laundry, kitchen with everything available for cooking, cable/DVD player on out 60"" TV and stereo, PSP2, wireless internet, full bath and private bedroom with a TEMPURPEDIC queen bed. The couch also become a queen sized sleeper and can accommodate up to 2 more guests. I will contact you upon arrival/checkout to make sure everything is satisfactory, and be available on my cell throughout your stay. Safe neighbo",none,"Safe neighborhood conveniently located near Seattle Children's Hospital and the University of Washington. Easy access to University Village Outdoor Shopping Center, Metropolitan Market a whole foods type grocery store is right across the street, multiple restaurants including Ciao Amore Italian, Marlai Thai, Jak's Steakhouse, and Varlamos Pizzeria. Town home backs up to the Burke Gilman Bike Trail.",,Walk Score of: 74 Transit Score of: 46 Bike Score of: 84 *According to (website hidden),https://a0.muscache.com/ac/pictures/101764817/3f22bcf9_original.jpg?interpolation=lanczos-none&size=small&output-format=jpg&output-quality=70,https://a0.muscache.com/im/pictures/101764817/3f22bcf9_original.jpg?aki_policy=medium,https://a0.muscache.com/ac/pictures/101764817/3f22bcf9_original.jpg?interpolation=lanczos-none&size=large_cover&output-format=jpg&output-quality=70,https://a0.muscache.com/ac/pictures/101764817/3f22bcf9_original.jpg?interpolation=lanczos-none&size=x_large_cover&output-format=jpg&output-quality=70,11024255,https://www.airbnb.com/users/show/11024255,Katherine,2014-01-04,"Seattle, Washington, United States",I am a professional runner who leaves periodically for training at higher elevations and races around the world. I love my cozy condo and thought someone else might too while I am away! ,,,,f,"https://a0.muscache.com/ac/users/11024255/profile_pic/1395026297/original.jpg?interpolation=lanczos-none&crop=w:w;*,*&crop=h:h;*,*&resize=50:*&output-format=jpg&output-quality=70","https://a0.muscache.com/ac/users/11024255/profile_pic/1395026297/original.jpg?interpolation=lanczos-none&crop=w:w;*,*&crop=h:h;*,*&resize=225:*&output-format=jpg&output-quality=70",Bryant,1.0,1.0,"['email', 'phone', 'reviews', 'jumio', 'kba']",t,t,"40th Ave NE, Seattle, WA, Seattle, WA 98105, United States",Bryant,Bryant,Other neighborhoods,Seattle,WA,98105,Seattle,"Seattle, WA",US,United States,47.66806493888242,-122.28453631042434,t,Townhouse,Entire home/apt,2,1.0,1.0,2.0,Real Bed,"{TV,""Cable TV"",Internet,""Wireless Internet"",""Air Conditioning"",Kitchen,""Free Parking on Premises"",""Indoor Fireplace"",Heating,Washer,Dryer,""Smoke Detector"",Essentials,Shampoo}",,$109.00,$699.00,"$2,400.00",$500.00,$75.00,2,$25.00,1,31,3 months ago,t,0,0,0,92,2016-01-04,12,2014-03-06,2015-09-29,96.0,10.0,9.0,10.0,10.0,10.0,10.0,f,,WASHINGTON,f,strict,f,f,1,0.54
4205026,https://www.airbnb.com/rooms/4205026,20160104002432,2016-01-04,Seattle Room by UW & Childrens Hosp,"This is a cozy room located in a great location if you will be at Children's Hospital, the University of Washington Medical Center or the University of Washington. This room has currently had some updating and the bed has been moved to the cubby.","We are conveniently located near U Village, Children' s Hospital, 15 minutes by car from Downtown Seattle, 4 houses away from the Burke Gillman Trail, close proximity to Magneson Park and more! We are within a 2 minute walk to public transportation. Seatec Airport is approximately 25 minutes south. Located nearby in walking distance is a Gourmet Market and the U Village outdoor mall with plenty of restaurants.  We do have 3 small dogs that will be a bit yappy at first but we are working on that. Don't be surprised if they attempt to intimidate you with their big barking. They are actually pretty cute once they get used to you. I would say that this room does hold 2 people, but it would most likely have optimal comfort for 1 due to the size of the full size bed.","This is a cozy room located in a great location if you will be at Children's Hospital, the University of Washington Medical Center or the University of Washington. This room has currently had some updating and the bed has been moved to the cubby. We are conveniently located near U Village, Children' s Hospital, 15 minutes by car from Downtown Seattle, 4 houses away from the Burke Gillman Trail, close proximity to Magneson Park and more! We are within a 2 minute walk to public transportation. Seatec Airport is approximately 25 minutes south. Located nearby in walking distance is a Gourmet Market and the U Village outdoor mall with plenty of restaurants.  We do have 3 small dogs that will be a bit yappy at first but we are working on that. Don't be surprised if they attempt to intimidate you with their big barking. They are actually pretty cute once they get used to you. I would say that this room does hold 2 people, but it would most likely have optimal comfort for 1 due to the size of ",none,I love how safe and convenient everything is in my neighborhood. ,"Housekeeping Stuff: Bathroom: You are welcome to keep your toiletries on one of the shelves above the toilet also there is a rack in the shower for your shampoo etc.  Please use the towel hanging on the back of the bathroom door for the floor while taking a shower.  Bedroom: You might want to keep your bedroom door closed most of the time because I have some very curious dogs and if they find something interesting in your stuff they might decide to steal it!  Parking: is everywhere around here for free except within 30' of the stop sign right in front of my house.  Wifi connection: choose: Home-0CE9, Password: Seattlelife1 Kitchen/Laundry Usage: Feel free to use anything in the kitchen as well as the washer/dryer. The glasses, cups and plates are located in the cabinet to the left of the sink. Please feel free to come and go as you wish and don't worry about disturbing anyone.  While we do live in a safe neighborhood, please lock the front door after each use. ",Bus #'s (PHONE NUMBER HIDDEN) are in very close proximity.,https://a2.muscache.com/ac/pictures/fbca1010-559e-490a-98d3-d32f7dce90f8.jpg?interpolation=lanczos-none&size=small&output-format=jpg&output-quality=70,https://a2.muscache.com/im/pictures/fbca1010-559e-490a-98d3-d32f7dce90f8.jpg?aki_policy=medium,https://a2.muscache.com/ac/pictures/fbca1010-559e-490a-98d3-d32f7dce90f8.jpg?interpolation=lanczos-none&size=large_cover&output-format=jpg&output-quality=70,https://a2.muscache.com/ac/pictures/fbca1010-559e-490a-98d3-d32f7dce90f8.jpg?interpolation=lanczos-none&size=x_large_cover&output-format=jpg&output-quality=70,2409388,https://www.airbnb.com/users/show/2409388,Lisa,2012-05-18,"Seattle, Washington, United States","My best friends would I am easy going, fun and smile a lot, very respectful and often consider others first. I love new experiences, especially traveling.

Interests:

Living in Seattle, the lovely foliage and peaceful water is around us all the time. One can't help but feel grateful. I also like to read and watch biographies as well as taking walks on the Burke-Gillman Trail.",within an hour,100%,100%,t,"https://a2.muscache.com/ac/users/2409388/profile_pic/1438662523/original.jpg?interpolation=lanczos-none&crop=w:w;*,*&crop=h:h;*,*&resize=50:*&output-format=jpg&output-quality=70","https://a2.muscache.com/ac/users/2409388/profile_pic/1438662523/original.jpg?interpolation=lanczos-none&crop=w:w;*,*&crop=h:h;*,*&resize=225:*&output-format=jpg&output-quality=70",Bryant,5.0,5.0,"['email', 'phone', 'facebook', 'linkedin', 'reviews', 'kba']",t,t,"Northeast 50th Street, Seattle, WA 98105, United States",Bryant,Bryant,Other neighborhoods,Seattle,WA,98105,Seattle,"Seattle, WA",US,United States,47.66442796681938,-122.28619288614053,t,House,Private room,2,1.0,1.0,1.0,Real Bed,"{""Wireless Internet"",Kitchen,""Free Parking on Premises"",""Pets live on this property"",Dog(s),Heating,Washer,Dryer,""Smoke Detector"",""Carbon Monoxide Detector"",""First Aid Kit"",""Safety Card"",""Fire Extinguisher"",Essentials,Shampoo,Hangers,""Hair Dryer"",Iron,""Laptop Friendly Workspace""}",,$62.00,,,,$25.00,1,$15.00,1,1125,2 days ago,t,24,54,84,359,2016-01-04,20,2015-07-10,2015-12-06,94.0,10.0,9.0,10.0,10.0,10.0,9.0,f,,WASHINGTON,f,strict,t,t,5,3.35
7858454,https://www.airbnb.com/rooms/7858454,20160104002432,2016-01-04,Lovely Tudor near UW/Children's,"Within walking distance of UW( 1.5 miles) U Village(1 mile) and Childrens' Hospital (1/2 mile), this lovely tudor has everything you need to make your Seattle stay great. Quick access to the Burke Gilman Trail also makes it a prime spot for biking. One block from both the 65 and the 73 busses. Includes main floor with living room, dining room, office, remodeled kitchen and updated bathroom. Washer/dryer combination on this floor. 2 bedrooms (1 king and 1 twin) and 1.75 bath upstairs.","Beautifully decorated home in the close-in Bryant neighborhood of Seattle.  Cozy, charming and fully equipped.  There is ample street parking in front of the house.","Within walking distance of UW( 1.5 miles) U Village(1 mile) and Childrens' Hospital (1/2 mile), this lovely tudor has everything you need to make your Seattle stay great. Quick access to the Burke Gilman Trail also makes it a prime spot for biking. One block from both the 65 and the 73 busses. Includes main floor with living room, dining room, office, remodeled kitchen and updated bathroom. Washer/dryer combination on this floor. 2 bedrooms (1 king and 1 twin) and 1.75 bath upstairs. Beautifully decorated home in the close-in Bryant neighborhood of Seattle.  Cozy, charming and fully equipped.  There is ample street parking in front of the house. Large deck with BBQ looks out over a quaint garden.   Basement floor apartment occupied and accessed from garden.  Please do not disturb tenants. As this is an entire home rental, the place is completely yours to enjoy.  I work during the day but am a phone call/text away if you have any questions. Bryant has a well-kept-secret sort of feel. It",none,"Bryant has a well-kept-secret sort of feel. It's mainly residential and full of some extremely charming houses, but there are a few areas around the University Village and along 35th Avenue that contain businesses. This is a great place to be if you enjoy the surrounding neighborhoods but like to be in a quieter location. At the southern border of the neighborhood, marked by 55th Street, there are several noteworthy places to investigate. Take the kiddos into Planet Happy Toys or to a fancy tea party at Queen Mary Tea Room. Partake in some self-care at one of the many salons and yoga studios. Finally, grab a bite to eat at the original Kidd Valley location, get drinks at Duchess Tavern, or get fancy and head to Pair for some French cuisine.",,Buses 65 and 73 are just a block away to University of Washington and downtown.,https://a2.muscache.com/ac/pictures/2881b823-ed7a-49cd-9570-6d4af7163059.jpg?interpolation=lanczos-none&size=small&output-format=jpg&output-quality=70,https://a2.muscache.com/im/pictures/2881b823-ed7a-49cd-9570-6d4af7163059.jpg?aki_policy=medium,https://a2.muscache.com/ac/pictures/2881b823-ed7a-49cd-9570-6d4af7163059.jpg?interpolation=lanczos-none&size=large_cover&output-format=jpg&output-quality=70,https://a2.muscache.com/ac/pictures/2881b823-ed7a-49cd-9570-6d4af7163059.jpg?interpolation=lanczos-none&size=x_large_cover&output-format=jpg&output-quality=70,24843788,https://www.airbnb.com/users/show/24843788,Kelly,2014-12-14,"Seattle, Washington, United States",,within an hour,100%,100%,f,"https://a2.muscache.com/ac/pictures/a32dfe73-ff59-424d-89c9-260c0b58e692.jpg?interpolation=lanczos-none&crop=w:w;*,*&crop=h:h;*,*&resize=50:*&output-format=jpg&output-quality=70","https://a2.muscache.com/ac/pictures/a32dfe73-ff59-424d-89c9-260c0b58e692.jpg?interpolation=lanczos-none&crop=w:w;*,*&crop=h:h;*,*&resize=225:*&output-format=jpg&output-quality=70",Bryant,1.0,1.0,"['email', 'phone', 'facebook', 'reviews', 'kba']",t,t,"36th Avenue Northeast, Seattle, WA 98105, United States",Bryant,Bryant,Other neighborhoods,Seattle,WA,98105,Seattle,"Seattle, WA",US,United States,47.67060807500743,-122.2878475210691,t,House,Entire home/apt,3,2.0,2.0,2.0,Real Bed,"{TV,""Cable TV"",Internet,""Wireless Internet"",""Air Conditioning"",Kitchen,""Indoor Fireplace"",Heating,Washer,Dryer,""Smoke Detector"",""First Aid Kit"",""Safety Card"",""Fire Extinguisher"",Essentials,Shampoo}",,$150.00,"$1,000.00","$3,000.00",$500.00,,3,$25.00,2,1125,3 weeks ago,t,0,2,32,121,2016-01-04,3,2015-09-20,2015-10-27,100.0,10.0,10.0,10.0,9.0,9.0,9.0,f,,WASHINGTON,f,moderate,f,f,1,0.84
9299824,https://www.airbnb.com/rooms/9299824,20160104002432,2016-01-04,Warm and cozy Seattle Home,"A sophisticated 3BR home in Seattle, 3 miles to Green Lake and 6 miles to the center of the city, with a huge back yard and an unbeatable away-from-it-all feeling.","Welcome to our 3BR Seattle vacation rental, just 3 miles from Green Lake and 6 miles from the center of the city, with a huge back yard and an unbeatable away-from-it-all feeling.  Inside, find open-plan living and sophisticated décor, with three double bedrooms and room for six, with a generous bathroom and great living areas.  If you want to spend time outside on your trip, this rental's got you covered: there's a huge back yard featuring a grill, a fire pit, and plenty of seating for everyone for chat long into the evening. Or head out to the many restaurants and attractions nearby. Or take a quick trip into the heart of Seattle.  Whatever you do with your day, the comfort and peace of this rental is there to ensure a great night's rest!  INSIDE THE HOUSE  An open plan living area with leather couch and armchairs greets you, and throughout the house, quality furnishings and elegant decor sets the mood for a grownup holiday. A dining table seats six on leather chairs, next to an open","A sophisticated 3BR home in Seattle, 3 miles to Green Lake and 6 miles to the center of the city, with a huge back yard and an unbeatable away-from-it-all feeling. Welcome to our 3BR Seattle vacation rental, just 3 miles from Green Lake and 6 miles from the center of the city, with a huge back yard and an unbeatable away-from-it-all feeling.  Inside, find open-plan living and sophisticated décor, with three double bedrooms and room for six, with a generous bathroom and great living areas.  If you want to spend time outside on your trip, this rental's got you covered: there's a huge back yard featuring a grill, a fire pit, and plenty of seating for everyone for chat long into the evening. Or head out to the many restaurants and attractions nearby. Or take a quick trip into the heart of Seattle.  Whatever you do with your day, the comfort and peace of this rental is there to ensure a great night's rest!  INSIDE THE HOUSE  An open plan living area with leather couch and armchairs greets y",none,"OUR LOCATION We are less than a mile away from Seattle Children's Hospital and will offer discounts if you seek medical treatment. Less than half a mile from the University of Washington,Magnuson Park and under three miles to Green Lake, there's lots to see and enjoy from this Bryant location. A four-minute walk takes you to Metropolitan Markets where you can buy high end deli items and prepared meals, or enjoy a three minutes' stroll to Gaudi's Restaurant for traditional Spanish fare.  The city center is less than six miles away, so you can easily check out Seattle's iconic waterfront, Pike Place Market, and the Space Needle.",,,https://a2.muscache.com/ac/pictures/9cde7562-058e-48f2-af82-a35085d26140.jpg?interpolation=lanczos-none&size=small&output-format=jpg&output-quality=70,https://a2.muscache.com/im/pictures/9cde7562-058e-48f2-af82-a35085d26140.jpg?aki_policy=medium,https://a2.muscache.com/ac/pictures/9cde7562-058e-48f2-af82-a35085d26140.jpg?interpolation=lanczos-none&size=large_cover&output-format=jpg&output-quality=70,https://a2.muscache.com/ac/pictures/9cde7562-058e-48f2-af82-a35085d26140.jpg?interpolation=lanczos-none&size=x_large_cover&output-format=jpg&output-quality=70,31148752,https://www.airbnb.com/users/show/31148752,Bo,2015-04-13,US,,within a few hours,99%,100%,f,"https://a2.muscache.com/ac/users/31148752/profile_pic/1434475320/original.jpg?interpolation=lanczos-none&crop=w:w;*,*&crop=h:h;*,*&resize=50:*&output-format=jpg&output-quality=70","https://a2.muscache.com/ac/users/31148752/profile_pic/1434475320/original.jpg?interpolation=lanczos-none&crop=w:w;*,*&crop=h:h;*,*&resize=225:*&output-format=jpg&output-quality=70",Holly,354.0,354.0,"['email', 'phone', 'linkedin', 'reviews', 'jumio']",t,t,"Northeast 55th Street, Seattle, WA 98105, United States",Bryant,Bryant,Other neighborhoods,Seattle,WA,98105,Seattle,"Seattle, WA",US,United States,47.667803858606725,-122.28773811947144,t,House,Entire home/apt,6,1.0,3.0,3.0,Real Bed,"{TV,""Cable TV"",Internet,""Wireless Internet"",Kitchen,""Free Parking on Premises"",""Hot Tub"",Heating,""Family/Kid Friendly"",Washer,Dryer,""Smoke Detector"",""Fire Extinguisher"",Essentials,Shampoo,""24-Hour Check-in"",Hangers,""Hair Dryer"",Iron,""Laptop Friendly Workspace""}",,$185.00,,,,$165.00,1,$0.00,2,1125,today,t,14,44,74,324,2016-01-04,0,,,,,,,,,,f,,WASHINGTON,f,strict,f,f,8,
656909,https://www.airbnb.com/rooms/656909,20160104002432,2016-01-04,Olympia Room by UW & Childrens Hosp,,"Come stay in our comfortable queen size pillow-top bed with rich deep colors that will relax you so you will fall into a tranquil sleep. We are conveniently located near U Village, Children' s Hospital, 15 minutes by car from Downtown Seattle, 4 houses away from the Burke Gillman Trail, close proximity to Magneson Park and more! We are within a 2 minute walk to public transportation. Seatec Airport is approximately 25 minutes south. Located nearby in walking distance is a Gourmet Market and the U Village outdoor mall with plenty of restaurants.  We do have 2 small dogs that will be a bit yappy at first but we are working on that. They are actually pretty cute once they get used to you.","Come stay in our comfortable queen size pillow-top bed with rich deep colors that will relax you so you will fall into a tranquil sleep. We are conveniently located near U Village, Children' s Hospital, 15 minutes by car from Downtown Seattle, 4 houses away from the Burke Gillman Trail, close proximity to Magneson Park and more! We are within a 2 minute walk to public transportation. Seatec Airport is approximately 25 minutes south. Located nearby in walking distance is a Gourmet Market and the U Village outdoor mall with plenty of restaurants.  We do have 2 small dogs that will be a bit yappy at first but we are working on that. They are actually pretty cute once they get used to you. I interact with guests as much or as little as they wish. I work mostly from home so I'm around most weekdays at least part of the day and can help out with any inquiries or just to chat. I love how safe and convenient everything is in my neighborhood.  Bus #'s (PHONE NUMBER HIDDEN) are in very close pro",none,I love how safe and convenient everything is in my neighborhood. ,"Housekeeping Stuff: Bathroom: You are welcome to keep your toiletries on one of the shelves above the toilet also there is a rack in the shower for your shampoo etc.  Please use the towel hanging on the back of the bathroom door for the floor while taking a shower.  Bedroom: You might want to keep your bedroom door closed most of the time because I have some very curious dogs and if they find something interesting in your stuff they might decide to steal it!  Parking: is everywhere around here for free except within 30' of the stop sign right in front of my house.  Wifi connection: choose: Home-0CE9, Password: Seattlelife1 Kitchen/Laundry Usage: Feel free to use anything in the kitchen as well as the washer/dryer. The glasses, cups and plates are located in the cabinet to the left of the sink. TV Remotes: Silver remote is for the cable, the black remote is for the volume & power. By selecting ""Guide"" on the silver remote, you will get a list of programs. The only channels we don't get ",Bus #'s (PHONE NUMBER HIDDEN) are in very close proximity.,https://a1.muscache.com/ac/pictures/29052841/acb5df72_original.jpg?interpolation=lanczos-none&size=small&output-format=jpg&output-quality=70,https://a1.muscache.com/im/pictures/29052841/acb5df72_original.jpg?aki_policy=medium,https://a1.muscache.com/ac/pictures/29052841/acb5df72_original.jpg?interpolation=lanczos-none&size=large_cover&output-format=jpg&output-quality=70,https://a1.muscache.com/ac/pictures/29052841/acb5df72_original.jpg?interpolation=lanczos-none&size=x_large_cover&output-format=jpg&output-quality=70,2409388,https://www.airbnb.com/users/show/2409388,Lisa,2012-05-18,"Seattle, Washington, United States","My best friends would I am easy going, fun and smile a lot, very respectful and often consider others first. I love new experiences, especially traveling.

Interests:

Living in Seattle, the lovely foliage and peaceful water is around us all the time. One can't help but feel grateful. I also like to read and watch biographies as well as taking walks on the Burke-Gillman Trail.",within an hour,100%,100%,t,"https://a2.muscache.com/ac/users/2409388/profile_pic/1438662523/original.jpg?interpolation=lanczos-none&crop=w:w;*,*&crop=h:h;*,*&resize=50:*&output-format=jpg&output-quality=70","https://a2.muscache.com/ac/users/2409388/profile_pic/1438662523/original.jpg?interpolation=lanczos-none&crop=w:w;*,*&crop=h:h;*,*&resize=225:*&output-format=jpg&output-quality=70",Bryant,5.0,5.0,"['email', 'phone', 'facebook', 'linkedin', 'reviews', 'kba']",t,t,"NE 50th St, Seattle, WA 98105, United States",Bryant,Bryant,Other neighborhoods,Seattle,WA,98105,Seattle,"Seattle, WA",US,United States,47.66566398788688,-122.28567666760794,t,House,Private room,2,1.0,1.0,1.0,Real Bed,"{TV,""Cable TV"",""Wireless Internet"",Kitchen,""Pets live on this property"",Dog(s),""Indoor Fireplace"",Heating,Washer,Dryer,""Smoke Detector"",""Carbon Monoxide Detector"",""First Aid Kit"",""Safety Card"",""Fire Extinguisher"",Essentials,Shampoo}",,$64.00,$350.00,"$1,400.00",,,1,$5.00,1,90,3 months ago,t,0,0,0,1,2016-01-04,22,2012-10-23,2014-11-03,96.0,10.0,10.0,10.0,10.0,9.0,10.0,f,,WASHINGTON,f,strict,t,t,5,0.56
6728419,https://www.airbnb.com/rooms/6728419,20160104002432,2016-01-04,Cozy guest suite on lower level,Home away from home in quiet neighborhood near U of W and Children's Hospital. Entry is from private garden at rear of home and guests are invited to use the patio BBQ and enjoy the serenity of the garden. Blocks to bus and grocery.,,"Home away from home in quiet neighborhood near U of W and Children's Hospital. Entry is from private garden at rear of home and guests are invited to use the patio BBQ and enjoy the serenity of the garden. Blocks to bus and grocery. Access is along a short path by the side of the house with motion sensor lights for safety in the evening.  There is plenty of street parking in front of the house. I live upstairs and will be very happy to assist with any questions about restaurants, travel or sightseeing.",none,,,,https://a0.muscache.com/ac/pictures/84952292/bfc14f0e_original.jpg?interpolation=lanczos-none&size=small&output-format=jpg&output-quality=70,https://a0.muscache.com/im/pictures/84952292/bfc14f0e_original.jpg?aki_policy=medium,https://a0.muscache.com/ac/pictures/84952292/bfc14f0e_original.jpg?interpolation=lanczos-none&size=large_cover&output-format=jpg&output-quality=70,https://a0.muscache.com/ac/pictures/84952292/bfc14f0e_original.jpg?interpolation=lanczos-none&size=x_large_cover&output-format=jpg&output-quality=70,17034883,https://www.airbnb.com/users/show/17034883,Theresa,2014-06-20,US,"I am a baker and have lived in the Seattle area my entire life.  I am happy to share information about restaurants, events and sightseeing but will also respect your wish for privacy. The guest suite is on the lower level of my home, so I am usually available for assistance. If you enjoy a fresh pastry or light breakfast, I am glad to provide this for you!",within a day,90%,100%,t,"https://a2.muscache.com/ac/users/17034883/profile_pic/1403274926/original.jpg?interpolation=lanczos-none&crop=w:w;*,*&crop=h:h;*,*&resize=50:*&output-format=jpg&output-quality=70","https://a2.muscache.com/ac/users/17034883/profile_pic/1403274926/original.jpg?interpolation=lanczos-none&crop=w:w;*,*&crop=h:h;*,*&resize=225:*&output-format=jpg&output-quality=70",Bryant,1.0,1.0,"['email', 'phone', 'google', 'reviews']",t,f,"Northeast 60th Street, Seattle, WA 98115, United States",Bryant,Bryant,Other neighborhoods,Seattle,WA,98115,Seattle,"Seattle, WA",US,United States,47.672343252110615,-122.28329071900096,t,House,Entire home/apt,2,1.0,1.0,1.0,Real Bed,"{TV,""Wireless Internet"",""Free Parking on Premises"",""Indoor Fireplace"",Heating,Washer,Dryer,""Smoke Detector"",""Carbon Monoxide Detector"",Essentials,Shampoo}",,$100.00,$600.00,"$2,300.00",,,1,$0.00,1,1125,2 months ago,t,30,60,90,365,2016-01-04,45,2015-06-10,2016-01-02,99.0,10.0,10.0,10.0,10.0,10.0,10.0,f,,WASHINGTON,f,flexible,f,f,1,6.46
8766231,https://www.airbnb.com/rooms/8766231,20160104002432,2016-01-04,Charming House in Seattle (Bryant),"Cute 1920's house in Bryant, NE Seattle (close to UW, U village, Children's, Burke Gillman, etc). 3 bedrooms, 2 baths, fenced yard, quiet street, fully furnished, DW, W/D, FP, WiFi. Sleeps 6. Available for short-term rental. Non Smoking.",,"Cute 1920's house in Bryant, NE Seattle (close to UW, U village, Children's, Burke Gillman, etc). 3 bedrooms, 2 baths, fenced yard, quiet street, fully furnished, DW, W/D, FP, WiFi. Sleeps 6. Available for short-term rental. Non Smoking. Entire house Bryant neighborhood. Walk to UW, University Village Shopping, Children's Hospital, shops, restaurants, cafes. 1.5 blocks to Burke Gillman trail. Bike on Burke Gillman trail.  Convenient bus stops nearby.",none,"Bryant neighborhood. Walk to UW, University Village Shopping, Children's Hospital, shops, restaurants, cafes. 1.5 blocks to Burke Gillman trail.",,Bike on Burke Gillman trail.  Convenient bus stops nearby.,https://a0.muscache.com/ac/pictures/111037873/2f1a0472_original.jpg?interpolation=lanczos-none&size=small&output-format=jpg&output-quality=70,https://a0.muscache.com/im/pictures/111037873/2f1a0472_original.jpg?aki_policy=medium,https://a0.muscache.com/ac/pictures/111037873/2f1a0472_original.jpg?interpolation=lanczos-none&size=large_cover&output-format=jpg&output-quality=70,https://a0.muscache.com/ac/pictures/111037873/2f1a0472_original.jpg?interpolation=lanczos-none&size=x_large_cover&output-format=jpg&output-quality=70,2766687,https://www.airbnb.com/users/show/2766687,Karen,2012-06-27,US,,within a few hours,71%,,f,"https://a2.muscache.com/ac/users/2766687/profile_pic/1444208863/original.jpg?interpolation=lanczos-none&crop=w:w;*,*&crop=h:h;*,*&resize=50:*&output-format=jpg&output-quality=70","https://a2.muscache.com/ac/users/2766687/profile_pic/1444208863/original.jpg?interpolation=lanczos-none&crop=w:w;*,*&crop=h:h;*,*&resize=225:*&output-format=jpg&output-quality=70",Bryant,1.0,1.0,"['email', 'phone']",t,f,"36th Avenue Northeast, Seattle, WA 98105, United States",Bryant,Bryant,Other neighborhoods,Seattle,WA,98105,Seattle,"Seattle, WA",US,United States,47.662923090792745,-122.2890039024932,t,House,Entire home/apt,6,2.0,3.0,4.0,Real Bed,"{TV,""Cable TV"",Internet,""Wireless Internet"",Kitchen,""Free Parking on Premises"",""Indoor Fireplace"",Heating,""Family/Kid Friendly"",Washer,Dryer,""Smoke Detector"",""Fire Extinguisher"",Essentials}",,$125.00,,,,,1,$0.00,7,1125,4 days ago,t,30,57,57,120,2016-01-04,0,,,,,,,,,,f,,WASHINGTON,f,flexible,f,f,1,
9110560,https://www.airbnb.com/rooms/9110560,20160104002432,2016-01-04,Private Room by Childrens Hospital,"The room is located in an Upper 3 bedroom House Unit. Keyless Access Entry Locks at entrance and room.  Air Forced Furnace Heating, additional space heater in room.","Key-less Access Entry Lock Key-less Bedroom Lock. Queen Size bed. Keurig coffee maker. Hardwood Flooring.  Gas Forced-Air Furnace + space Heater in Room Large Living Room/Dining Room  1 Block from Burke Gilman Trail  Steps away from Metropolitan Super Market  Close to UW and 15 min walking distance from Seattle Childrens Hospital. One Car Parking on Driveway  Easy to find Street Parking, No Permit Needed.","The room is located in an Upper 3 bedroom House Unit. Keyless Access Entry Locks at entrance and room.  Air Forced Furnace Heating, additional space heater in room. Key-less Access Entry Lock Key-less Bedroom Lock. Queen Size bed. Keurig coffee maker. Hardwood Flooring.  Gas Forced-Air Furnace + space Heater in Room Large Living Room/Dining Room  1 Block from Burke Gilman Trail  Steps away from Metropolitan Super Market  Close to UW and 15 min walking distance from Seattle Childrens Hospital. One Car Parking on Driveway  Easy to find Street Parking, No Permit Needed. Living Room, Kitchen, Yard. Feel Free to use pot, pan, silverware, Keurig coffee maker. The house is located in a safe residential neighborhood, it is close to UW and right by Seattle Children's Hospital. getting around: 1 Block from Burke Gilman Trail - Bus stop in front of the house will take you to U-district from there you can transfer to bus to take you to downtown, etc. - Bus Line 30, 65, 74 (For Timetables please go",none,"The house is located in a safe residential neighborhood, it is close to UW and right by Seattle Children's Hospital.","Please no smoking inside the house at all time, no excessive drinking/noise, no party.  No pet.","getting around: 1 Block from Burke Gilman Trail - Bus stop in front of the house will take you to U-district from there you can transfer to bus to take you to downtown, etc. - Bus Line 30, 65, 74 (For Timetables please go to (URL HIDDEN) and enter route number)",https://a2.muscache.com/ac/pictures/f2b18304-a037-43aa-b0e4-126414e7f9aa.jpg?interpolation=lanczos-none&size=small&output-format=jpg&output-quality=70,https://a2.muscache.com/im/pictures/f2b18304-a037-43aa-b0e4-126414e7f9aa.jpg?aki_policy=medium,https://a2.muscache.com/ac/pictures/f2b18304-a037-43aa-b0e4-126414e7f9aa.jpg?interpolation=lanczos-none&size=large_cover&output-format=jpg&output-quality=70,https://a2.muscache.com/ac/pictures/f2b18304-a037-43aa-b0e4-126414e7f9aa.jpg?interpolation=lanczos-none&size=x_large_cover&output-format=jpg&output-quality=70,26475960,https://www.airbnb.com/users/show/26475960,David,2015-01-21,"Bellevue, Washington, United States","Welcome to my home.  I am delighted to host you, answer your questions, make you feel comfortable.

My name is David, I was born in Taiwan.  I moved here in the beautiful Pacific NW in 1989. My past work experience was Real Estate Realtor, but currently working as general 

contractor and property management.   I am fond of hands-on activities and tasks, hence I enjoy my work as contractor.  In my free time, I like to go hiking, fishing and gardening.  I enjoy playing chess and I collect Starbucks City mugs.

I love to get to know my guests, so feel free to tell me more about yourselves and your travels while you're here.  Please keep drinking reasonable, refrain from smoking in the house.  Outside guest are allow (please keep it under two), but please keep the visiting hours reasonable (8 am to 10 pm), no overnight outside guest. 

Thank you for viewing.",within an hour,100%,100%,f,"https://a2.muscache.com/ac/users/26475960/profile_pic/1421976587/original.jpg?interpolation=lanczos-none&crop=w:w;*,*&crop=h:h;*,*&resize=50:*&output-format=jpg&output-quality=70","https://a2.muscache.com/ac/users/26475960/profile_pic/1421976587/original.jpg?interpolation=lanczos-none&crop=w:w;*,*&crop=h:h;*,*&resize=225:*&output-format=jpg&output-quality=70",Bryant,3.0,3.0,"['email', 'phone', 'facebook', 'google', 'reviews', 'jumio']",t,t,"Northeast 55th Street, Seattle, WA 98105, United States",Bryant,Bryant,Other neighborhoods,Seattle,WA,98105,Seattle,"Seattle, WA",US,United States,47.66911843633682,-122.28504603419856,t,House,Private room,2,1.0,1.0,1.0,Real Bed,"{Internet,""Wireless Internet"",Kitchen,""Free Parking on Premises"",Heating,Washer,Dryer,""Smoke Detector"",""Carbon Monoxide Detector"",""Safety Card"",""Fire Extinguisher"",Essentials,Shampoo,""Lock on Bedroom Door"",""24-Hour Check-in"",Hangers,""Hair Dryer"",Iron,""Laptop Friendly Workspace""}",,$45.00,$285.00,"$1,150.00",,,1,$0.00,2,1125,6 weeks ago,t,28,58,87,87,2016-01-04,1,2015-12-14,2015-12-14,100.0,10.0,10.0,10.0,10.0,10.0,10.0,f,,WASHINGTON,t,flexible,f,f,1,1.0
4599119,https://www.airbnb.com/rooms/4599119,20160104002432,2016-01-04,CUSTOM REMODEL NEAR UW & CHILDREN'S,"Our newly renovated home is boho chic. Eco friendly solar power & an electric car charger. Cook in our gourmet kitchen & do your shopping at nearby UVillage. It's quiet but Children's Hospital, UW, busses, and much more are within walking distance.","The house is newly renovated and carefully decorated with all modern updates including fiber high speed internet, Netflix and Amazon for streaming movies or tv and a CD and DVD player. There is a gas fireplace to keep you cozy in the winter and double ovens for all of your cooking and baking needs. The house has solar panels and an electric car charger in the carport. There is space for parking one car off-street and also plenty of on-street parking.","Our newly renovated home is boho chic. Eco friendly solar power & an electric car charger. Cook in our gourmet kitchen & do your shopping at nearby UVillage. It's quiet but Children's Hospital, UW, busses, and much more are within walking distance. The house is newly renovated and carefully decorated with all modern updates including fiber high speed internet, Netflix and Amazon for streaming movies or tv and a CD and DVD player. There is a gas fireplace to keep you cozy in the winter and double ovens for all of your cooking and baking needs. The house has solar panels and an electric car charger in the carport. There is space for parking one car off-street and also plenty of on-street parking. The whole house will be yours during your rental period. I am readily available via email and mobile phone and have local hosts who are always available by phone or in person as necessary to deal with any issues that may arise. Bryant is a great neighborhood because it is quiet but nearby all mo",none,"Bryant is a great neighborhood because it is quiet but nearby all modern conveniences. You can walk to several grocery stores and banks, the post office, library, nail salon, Starbucks and other coffee shops, a great yoga studio, and of course, University Village for all of your shopping needs.",,"The home is two blocks from multiple busses that will take you around the city, including direct busses to downtown. You can get to the house from the airport via public transportation with only one transfer, but it will take a while. You would take the light rail from the airport to one of the downtown tunnel stations and change to the bus there that comes to our house. If you are coming from the Amtrak train station you can come directly via bus. You can also get a taxi or call an Uber.",https://a0.muscache.com/ac/pictures/59868279/2222480b_original.jpg?interpolation=lanczos-none&size=small&output-format=jpg&output-quality=70,https://a0.muscache.com/im/pictures/59868279/2222480b_original.jpg?aki_policy=medium,https://a0.muscache.com/ac/pictures/59868279/2222480b_original.jpg?interpolation=lanczos-none&size=large_cover&output-format=jpg&output-quality=70,https://a0.muscache.com/ac/pictures/59868279/2222480b_original.jpg?interpolation=lanczos-none&size=x_large_cover&output-format=jpg&output-quality=70,2095307,https://www.airbnb.com/users/show/2095307,Paige,2012-04-08,"Seattle, Washington, United States","accountant with a creative side, Seattle is home but I currently live and work in Switzerland, love to travel and eat",,,,f,"https://a0.muscache.com/ac/users/2095307/profile_pic/1416221395/original.jpg?interpolation=lanczos-none&crop=w:w;*,*&crop=h:h;*,*&resize=50:*&output-format=jpg&output-quality=70","https://a0.muscache.com/ac/users/2095307/profile_pic/1416221395/original.jpg?interpolation=lanczos-none&crop=w:w;*,*&crop=h:h;*,*&resize=225:*&output-format=jpg&output-quality=70",Bryant,1.0,1.0,"['email', 'phone', 'reviews', 'kba']",t,t,"37th Avenue Northeast, Seattle, WA 98115, United States",Bryant,Bryant,Other neighborhoods,Seattle,WA,98115,Seattle,"Seattle, WA",US,United States,47.67178534495583,-122.28767750479604,t,House,Entire home/apt,3,1.5,2.0,2.0,Real Bed,"{TV,""Cable TV"",Internet,""Wireless Internet"",""Air Conditioning"",Kitchen,""Free Parking on Premises"",""Indoor Fireplace"",Heating,Washer,Dryer,""Smoke Detector"",""Carbon Monoxide Detector"",""First Aid Kit"",""Fire Extinguisher"",Essentials,Shampoo,""24-Hour Check-in"",Hangers,""Hair Dryer"",Iron,""Laptop Friendly Workspace""}",,$180.00,"$1,300.00","$3,200.00",$500.00,$85.00,1,$0.00,1,1125,2 months ago,t,24,54,84,359,2016-01-04,4,2015-01-21,2015-08-18,100.0,10.0,10.0,10.0,10.0,10.0,10.0,f,,WASHINGTON,f,strict,f,f,1,0.34
10043487,https://www.airbnb.com/rooms/10043487,20160104002432,2016-01-04,Room - Close to UW & Children's,"Private bedroom and bathroom available in a 1500 sq foot townhouse. This room is located on the first floor, which provides a lot of privacy. It contains a twin bed. The bathroom will only be used by you, and has a shower.","Free WiFi ** Free Street Parking ** Your Own Private Bathroom ** Kitchen Access ** Pet Free This ground level room has a large sliding door that looks into a private backyard. The twin mattress is a Sealy Posturepedic, which is super comfortable. This room is very private and quiet.","Private bedroom and bathroom available in a 1500 sq foot townhouse. This room is located on the first floor, which provides a lot of privacy. It contains a twin bed. The bathroom will only be used by you, and has a shower. Free WiFi ** Free Street Parking ** Your Own Private Bathroom ** Kitchen Access ** Pet Free This ground level room has a large sliding door that looks into a private backyard. The twin mattress is a Sealy Posturepedic, which is super comfortable. This room is very private and quiet. The main living area starts on the second floor. You will have access to the kitchen, including a microwave, toaster oven, coffee maker and kettle. We are located in a quiet and safe residential neighborhood with easy street parking, half a mile from Children's Hospital and less than 2 miles away from University Village Mall and UW.  There is a Metropolitan Market across the street, which has an extensive deli, including an espresso bar. There is also a PCC 10 blocks away that has an orga",none,"We are located in a quiet and safe residential neighborhood with easy street parking, half a mile from Children's Hospital and less than 2 miles away from University Village Mall and UW.  There is a Metropolitan Market across the street, which has an extensive deli, including an espresso bar. There is also a PCC 10 blocks away that has an organic deli with ample vegetarian options.",,"An entrance to the Burke-Gilman trail is across the street. This is great for getting around by foot or bike. Bus stops for the 30, 74 and 65 are located across the street. Bus stops for the 75 and 25 are 1/2 a mile away. The Microsoft Connector shuttle stops across the street as well. It's also very easy to drive to and park in this neighborhood, with lots of free street parking.",https://a2.muscache.com/ac/pictures/742e52a2-b65f-49d8-ab28-311b195e8d11.jpg?interpolation=lanczos-none&size=small&output-format=jpg&output-quality=70,https://a2.muscache.com/im/pictures/742e52a2-b65f-49d8-ab28-311b195e8d11.jpg?aki_policy=medium,https://a2.muscache.com/ac/pictures/742e52a2-b65f-49d8-ab28-311b195e8d11.jpg?interpolation=lanczos-none&size=large_cover&output-format=jpg&output-quality=70,https://a2.muscache.com/ac/pictures/742e52a2-b65f-49d8-ab28-311b195e8d11.jpg?interpolation=lanczos-none&size=x_large_cover&output-format=jpg&output-quality=70,51554113,https://www.airbnb.com/users/show/51554113,Sima,2015-12-17,"Seattle, Washington, United States",,within an hour,100%,,f,"https://a2.muscache.com/ac/pictures/5b266757-2c84-48c1-a575-ce819ed07b59.jpg?interpolation=lanczos-none&crop=w:w;*,*&crop=h:h;*,*&resize=50:*&output-format=jpg&output-quality=70","https://a2.muscache.com/ac/pictures/5b266757-2c84-48c1-a575-ce819ed07b59.jpg?interpolation=lanczos-none&crop=w:w;*,*&crop=h:h;*,*&resize=225:*&output-format=jpg&output-quality=70",Bryant,1.0,1.0,"['email', 'phone']",t,f,"Northeast 55th Street, Seattle, WA 98105, United States",Bryant,Bryant,Other neighborhoods,Seattle,WA,98105,Seattle,"Seattle, WA",US,United States,47.6696399149561,-122.281995873385,t,Townhouse,Private room,1,1.0,1.0,1.0,Real Bed,"{""Wireless Internet"",Heating,""Smoke Detector"",""Fire Extinguisher"",Essentials,""Laptop Friendly Workspace""}",,$60.00,,,$125.00,$30.00,1,$0.00,1,1125,2 weeks ago,t,30,60,90,365,2016-01-04,0,,,,,,,,,,f,,WASHINGTON,f,flexible,f,f,1,
3646393,https://www.airbnb.com/rooms/3646393,20160104002432,2016-01-04,Private Suite w Jacuzzi near UW!,"Spacious bedroom and den with separate entry in our remodeled 1912 Craftsman home. Luxury bathroom has tiled double shower and jacuzzi tub!  Full sofabed with pillowtop mattress, kitchenette and 60"" tv in den.  Close to UW and parks. Relax on patio or ride our bikes!  Free parking. Quiet, central neighborhood.","We are world travelers and long-time Seattle residents who will ensure you feel comfortable during your stay.  The private space is in the basement of our remodeled 1912 home.  The bedroom has a queen sized bed and natural lighting from 1 large and 2 small windows.  The luxurious bathroom has a tiled double shower and jacuzzi tub. The den offers  a 60"" cable TV and sleeps 2 on full sofabed with pillow top mattress.  Minifridge, coffeemaker, microwave, toaster and snacks in kitchenette. The secure separate entry door leads to the back patio.  There is ample free parking on our block.","Spacious bedroom and den with separate entry in our remodeled 1912 Craftsman home. Luxury bathroom has tiled double shower and jacuzzi tub!  Full sofabed with pillowtop mattress, kitchenette and 60"" tv in den.  Close to UW and parks. Relax on patio or ride our bikes!  Free parking. Quiet, central neighborhood. We are world travelers and long-time Seattle residents who will ensure you feel comfortable during your stay.  The private space is in the basement of our remodeled 1912 home.  The bedroom has a queen sized bed and natural lighting from 1 large and 2 small windows.  The luxurious bathroom has a tiled double shower and jacuzzi tub. The den offers  a 60"" cable TV and sleeps 2 on full sofabed with pillow top mattress.  Minifridge, coffeemaker, microwave, toaster and snacks in kitchenette. The secure separate entry door leads to the back patio.  There is ample free parking on our block. Guests will have shared access to our laundry room in basement. You may use our bicycles and helme",none,"We are located on a quiet residential street in the Montlake neighborhood, It's a one mile walk to University of Washington Medical School and Husky Stadium.  In fact, many commuters park on our street and walk to work or a football game.  It's 3 blocks to a popular Italian restaurant, a bike shop, a sports bar, a coffee shop, public library and a neighborhood food market with fresh sandwiches.  A short walk takes you to the UW Arboretum, Lake Washington, or Interlaken Park (a wooded area with hiking and biking trails). We are a short drive, bus or bike ride to University Village, an open air shopping center with boutiques and restaurants, as well as retail stores such as the Apple Store, Microsoft store, and Starbucks Reserve.  Our location provides easy access to 520 (the highway to Microsoft headquarters) as well as I-5 to downtown, the airport, or other locations.",We know all our neighbors on the block and have a truly special community.,Metro buses 43 and 48 to downtown Seattle run frequently on the arterial 23rd Ave E and the bus stop is a 3 block walk.  The 48 bus connects at Mt Baker station to Sound Transit and SeaTac Airport.  A 15 min walk takes you to express buses to the Eastside (Bellevue and Redmond).,https://a0.muscache.com/ac/pictures/86100541/50430a77_original.jpg?interpolation=lanczos-none&size=small&output-format=jpg&output-quality=70,https://a0.muscache.com/im/pictures/86100541/50430a77_original.jpg?aki_policy=medium,https://a0.muscache.com/ac/pictures/86100541/50430a77_original.jpg?interpolation=lanczos-none&size=large_cover&output-format=jpg&output-quality=70,https://a0.muscache.com/ac/pictures/86100541/50430a77_original.jpg?interpolation=lanczos-none&size=x_large_cover&output-format=jpg&output-quality=70,579854,https://www.airbnb.com/users/show/579854,Sharon,2011-05-11,"Seattle, Washington, United States","I teach team building and leadership courses to undergraduate, MBA and executive business students at Seattle University.  I speak Portuguese fluently and am competent in Spanish.  I enjoy a  good meal with friends, music and wine.  My husband is Brazilian.  We have a very mellow dog we rescued from a shelter.",within an hour,100%,100%,t,"https://a2.muscache.com/ac/users/579854/profile_pic/1435371815/original.jpg?interpolation=lanczos-none&crop=w:w;*,*&crop=h:h;*,*&resize=50:*&output-format=jpg&output-quality=70","https://a2.muscache.com/ac/users/579854/profile_pic/1435371815/original.jpg?interpolation=lanczos-none&crop=w:w;*,*&crop=h:h;*,*&resize=225:*&output-format=jpg&output-quality=70",Montlake,1.0,1.0,"['email', 'phone', 'reviews', 'kba']",t,t,"22nd Avenue East, Seattle, WA 98112, United States",Montlake,Montlake,Capitol Hill,Seattle,WA,98112,Seattle,"Seattle, WA",US,United States,47.63965784052907,-122.30463152528402,t,House,Entire home/apt,4,1.0,1.0,2.0,Real Bed,"{TV,""Cable TV"",Internet,""Wireless Internet"",""Free Parking on Premises"",""Pets live on this property"",Dog(s),Heating,""Family/Kid Friendly"",Washer,Dryer,""Smoke Detector"",""First Aid Kit"",""Fire Extinguisher"",Essentials,Shampoo,""24-Hour Check-in"",Hangers,""Hair Dryer"",Iron,""Laptop Friendly Workspace""}",,$125.00,$725.00,,,$40.00,2,$25.00,2,1125,today,t,26,56,86,356,2016-01-04,30,2015-06-17,2015-12-29,98.0,10.0,10.0,10.0,10.0,10.0,10.0,f,,WASHINGTON,t,moderate,f,f,1,4.46
6537432,https://www.airbnb.com/rooms/6537432,20160104002432,2016-01-04,Exquisite View Home in Capitol Hill,"Enjoy one of the quietest streets in the city with unmatched views of Seattle's waterways & mountains, you can enjoy dining inside or out (2 decks), strolling through the historic neighborhood & parks or visiting Seattle's best minutes from our door.","This four story Craftsman home is perfect for a family or two to stay in and relax or enjoy unmatched access to downtown, University of Washington, Husky Stadium, Bellevue/Redmond, biking trails, parks, medical centers and a handful of unique Seattle neighborhoods.  Indoor/outdoor dining will be a wonderful option with breathtaking views from our 4th floor deck off the ensuite master bedroom.   Our home is surrounded by wonderful neighbors, parks and restaurants.  You can easily access the ""most popular, must see"" spots Seattle has to offer, but will also experience countless hidden gems right out our front door. Near bus line and close to downtown and freeways.","Enjoy one of the quietest streets in the city with unmatched views of Seattle's waterways & mountains, you can enjoy dining inside or out (2 decks), strolling through the historic neighborhood & parks or visiting Seattle's best minutes from our door. This four story Craftsman home is perfect for a family or two to stay in and relax or enjoy unmatched access to downtown, University of Washington, Husky Stadium, Bellevue/Redmond, biking trails, parks, medical centers and a handful of unique Seattle neighborhoods.  Indoor/outdoor dining will be a wonderful option with breathtaking views from our 4th floor deck off the ensuite master bedroom.   Our home is surrounded by wonderful neighbors, parks and restaurants.  You can easily access the ""most popular, must see"" spots Seattle has to offer, but will also experience countless hidden gems right out our front door. Near bus line and close to downtown and freeways. Guest computer available. Nice outdoor gas BBQ We will be available by email o",none,"Capitol Hill is in the heart of Seattle.  If you want a true Seattle experience, staying in this neighborhood is a must.",,"Walking and biking (bikes stored in our garage can be used) are great options in our neighborhood, but we are also blocks from the convenient busline to downtown, UW, north & south Seattle.",https://a0.muscache.com/ac/pictures/109331217/3230e0a4_original.jpg?interpolation=lanczos-none&size=small&output-format=jpg&output-quality=70,https://a0.muscache.com/im/pictures/109331217/3230e0a4_original.jpg?aki_policy=medium,https://a0.muscache.com/ac/pictures/109331217/3230e0a4_original.jpg?interpolation=lanczos-none&size=large_cover&output-format=jpg&output-quality=70,https://a0.muscache.com/ac/pictures/109331217/3230e0a4_original.jpg?interpolation=lanczos-none&size=x_large_cover&output-format=jpg&output-quality=70,34189648,https://www.airbnb.com/users/show/34189648,Tara,2015-05-25,"Seattle, Washington, United States","We are both professionals, ER physician and Photographer.  We met in Lesotho, Southern Africa as Peace Corps Volunteers.  We love to travel the world with our boys as well as opening our home to adventurous travelers.  ",within a day,83%,100%,f,"https://a2.muscache.com/ac/users/34189648/profile_pic/1443462857/original.jpg?interpolation=lanczos-none&crop=w:w;*,*&crop=h:h;*,*&resize=50:*&output-format=jpg&output-quality=70","https://a2.muscache.com/ac/users/34189648/profile_pic/1443462857/original.jpg?interpolation=lanczos-none&crop=w:w;*,*&crop=h:h;*,*&resize=225:*&output-format=jpg&output-quality=70",Montlake,1.0,1.0,"['email', 'phone', 'facebook', 'linkedin', 'kba']",t,t,"East Newton Street, Seattle, WA 98102, United States",Montlake,Montlake,Capitol Hill,Seattle,WA,98102,Seattle,"Seattle, WA",US,United States,47.63766672991541,-122.31530428016352,t,House,Entire home/apt,8,3.5,5.0,4.0,Real Bed,"{TV,""Cable TV"",Internet,""Wireless Internet"",Kitchen,""Free Parking on Premises"",""Pets Allowed"",Heating,""Family/Kid Friendly"",Washer,Dryer,""Smoke Detector"",""Fire Extinguisher"",Essentials,Shampoo}",,$415.00,"$2,200.00","$7,750.00",,$150.00,1,$0.00,2,1125,4 weeks ago,t,4,12,21,223,2016-01-04,0,,,,,,,,,,f,,WASHINGTON,f,strict,f,f,1,
1950446,https://www.airbnb.com/rooms/1950446,20160104002432,2016-01-04,Spacious 2BD w Parking & Lake Views,Great location on this large upper floor unit of a 1904 Craftsman Style Duplex where Capitol Hill meets Eastlake. With beautiful views of Lake Union this fully furnished two bedroom space is ideal for group stays or family accommodations.,"This classic home in Eastlake is the perfect place for an extended stay, family vacation or weekend escape. With beautiful views of Lake Union, this space is a true charm.  2 bedrooms with 3 beds a large couch and a pullout, 1 bathroom, and a fully furnished space. Free parking spot included.  Both units have digital locks on their front doors in addition to the main entry. I am also located only a few meters from bus routes, so transportation is a cinch.","Great location on this large upper floor unit of a 1904 Craftsman Style Duplex where Capitol Hill meets Eastlake. With beautiful views of Lake Union this fully furnished two bedroom space is ideal for group stays or family accommodations. This classic home in Eastlake is the perfect place for an extended stay, family vacation or weekend escape. With beautiful views of Lake Union, this space is a true charm.  2 bedrooms with 3 beds a large couch and a pullout, 1 bathroom, and a fully furnished space. Free parking spot included.  Both units have digital locks on their front doors in addition to the main entry. I am also located only a few meters from bus routes, so transportation is a cinch. Please do not bother the other unit or attempt to go into the basement. We can interact as much or as little as you like.  I've lived in Seattle my whole life and know all the best places and the best things to do in Seattle. Eastlake and Capitol Hill have many great restaurants, quaint houseboats, d",none,"Eastlake and Capitol Hill have many great restaurants, quaint houseboats, delicious diners and  some really fun bars and pubs.  The proximity to everything and super central location makes it a great place to experience Seattle!","The heating system can be difficult to figure out.  The main thermostat is in the shared area when you first walk in, but then you can control each room by turning the knob on the radiant heaters.  Just be aware that the main thermostat is shared by the tenants below.","Free parking makes renting or bringing a car easy! I am also located only a few meters from bus routes, so transportation is a cinch.",https://a0.muscache.com/ac/pictures/28318487/bf22948c_original.jpg?interpolation=lanczos-none&size=small&output-format=jpg&output-quality=70,https://a0.muscache.com/im/pictures/28318487/bf22948c_original.jpg?aki_policy=medium,https://a0.muscache.com/ac/pictures/28318487/bf22948c_original.jpg?interpolation=lanczos-none&size=large_cover&output-format=jpg&output-quality=70,https://a0.muscache.com/ac/pictures/28318487/bf22948c_original.jpg?interpolation=lanczos-none&size=x_large_cover&output-format=jpg&output-quality=70,225845,https://www.airbnb.com/users/show/225845,Gavin,2010-09-06,"Seattle, Washington, United States","Hi!   Welcome to Seattle!  I've lived here my whole life and work in the Real Estate industry.  I look forward to making your stay here as pleasant and memorable as possible.  Please let me know if you have any questions or concerns, I'm here to help!",within an hour,96%,100%,f,"https://a2.muscache.com/ac/pictures/e9813f9e-db5a-4606-b0e2-4fda06d18fcc.jpg?interpolation=lanczos-none&crop=w:w;*,*&crop=h:h;*,*&resize=50:*&output-format=jpg&output-quality=70","https://a2.muscache.com/ac/pictures/e9813f9e-db5a-4606-b0e2-4fda06d18fcc.jpg?interpolation=lanczos-none&crop=w:w;*,*&crop=h:h;*,*&resize=225:*&output-format=jpg&output-quality=70",Capitol Hill,2.0,2.0,"['email', 'phone', 'facebook', 'google', 'linkedin', 'amex', 'reviews', 'kba']",t,t,"Boylston Avenue East, Seattle, WA 98102, United States",Capitol Hill,Montlake,Capitol Hill,Seattle,WA,98102,Seattle,"Seattle, WA",US,United States,47.6365043077423,-122.31930477017605,t,House,Entire home/apt,7,1.0,2.0,3.0,Real Bed,"{Internet,""Wireless Internet"",Kitchen,""Free Parking on Premises"",""Pets Allowed"",Heating,""Family/Kid Friendly"",Essentials,Shampoo}",900.0,$129.00,,,,$40.00,4,$20.00,1,1125,today,t,22,52,82,167,2016-01-04,136,2013-12-23,2015-12-09,84.0,9.0,8.0,9.0,9.0,9.0,9.0,f,,WASHINGTON,t,moderate,f,f,2,5.49
9519968,https://www.airbnb.com/rooms/9519968,20160104002432,2016-01-04,Montlake /University/Capitol Hill,"Super charming 3 bedroom home in Montlake, one of Seattle's finest neighborhoods.  Built in 1903, this lovely home has 3 bedrooms, 1 bath,  large fenced yard with a brick patio, a classic front porch,  just a block from the Washington Park Arboretum.","Our home is a classic Craftsmen, with living and dining rooms, two bedrooms, full bathroom and kitchen on the main floor, and another bedroom, office, and meditation room on the second floor.  The house sits high off the street, with a large covered front porch and a fenced yard with brick patio.  Both the front porch and the patio have outdoor seating.","Super charming 3 bedroom home in Montlake, one of Seattle's finest neighborhoods.  Built in 1903, this lovely home has 3 bedrooms, 1 bath,  large fenced yard with a brick patio, a classic front porch,  just a block from the Washington Park Arboretum. Our home is a classic Craftsmen, with living and dining rooms, two bedrooms, full bathroom and kitchen on the main floor, and another bedroom, office, and meditation room on the second floor.  The house sits high off the street, with a large covered front porch and a fenced yard with brick patio.  Both the front porch and the patio have outdoor seating. The entire house is available to our guests, and we will not be present at all during your stay.  The keys will be left for you to check in at your convenience, and there will be no interaction with us unless there are specific requirements. We are available to assist our guests through email, voice and text messages.  We have another home in Seattle in addition to this listing, and our mai",none,"Our home is in one of Seattle's finest neighborhoods, with many great restaurants and superior shopping within minutes.","There is abundant street parking adjacent to our home, but it is controlled by the City of Seattle.  A parking pass for one car is available for our guests to use during their stay.  Montlake is a quiet, residential neighborhood of mostly early 20th century homes.  It is adjacent to the Washington Park Arboretum, very convenient","Our home is very convenient to downtown Seattle, University of Washington, University Village shopping mall, as well as I-5, the main expressway north and south in Washington, and 520, which links Seattle to the cities on the east side of Lake Washington, including Bellevue, Kirkland, and Redmond.  Numerous bus lines with connections to all the main transit lines and destinations are a block from the house.",https://a2.muscache.com/ac/pictures/c2d8f511-ad24-4af4-b92f-76fa59a6aa1a.jpg?interpolation=lanczos-none&size=small&output-format=jpg&output-quality=70,https://a2.muscache.com/im/pictures/c2d8f511-ad24-4af4-b92f-76fa59a6aa1a.jpg?aki_policy=medium,https://a2.muscache.com/ac/pictures/c2d8f511-ad24-4af4-b92f-76fa59a6aa1a.jpg?interpolation=lanczos-none&size=large_cover&output-format=jpg&output-quality=70,https://a2.muscache.com/ac/pictures/c2d8f511-ad24-4af4-b92f-76fa59a6aa1a.jpg?interpolation=lanczos-none&size=x_large_cover&output-format=jpg&output-quality=70,2458745,https://www.airbnb.com/users/show/2458745,Paul,2012-05-24,"Seattle and Bellingham, Washington, United States","Hello, and welcome!  
I'm originally from Pennsylvania, but have lived in Toronto, Maine, Oregon, Alaska, and Texas before I moved to Seattle in 1988.  My wife grew up in Missouri, but has lived in Sweden, Germany and California before moving to Seattle in 1986.  I'm a photojournalist and she is a psychotherapist.  We divide our time between homes in Seattle and Bellingham.  We enjoy our five children (all but one launched!), travel, our wonderful circle of friends, and as much time with one another as our busy careers allow.  ",within an hour,100%,100%,f,"https://a1.muscache.com/ac/users/2458745/profile_pic/1337973432/original.jpg?interpolation=lanczos-none&crop=w:w;*,*&crop=h:h;*,*&resize=50:*&output-format=jpg&output-quality=70","https://a1.muscache.com/ac/users/2458745/profile_pic/1337973432/original.jpg?interpolation=lanczos-none&crop=w:w;*,*&crop=h:h;*,*&resize=225:*&output-format=jpg&output-quality=70",Montlake,2.0,2.0,"['email', 'phone', 'facebook', 'linkedin', 'reviews', 'jumio']",t,t,"25th Avenue East, Seattle, WA 98112, United States",Montlake,Montlake,Capitol Hill,Seattle,WA,98112,Seattle,"Seattle, WA",US,United States,47.63972889988455,-122.30121810131388,t,House,Entire home/apt,5,1.0,2.0,3.0,Real Bed,"{Internet,""Wireless Internet"",Kitchen,""Free Parking on Premises"",""Pets Allowed"",""Indoor Fireplace"",Heating,""Family/Kid Friendly"",Washer,Dryer,""Smoke Detector"",""Carbon Monoxide Detector"",""First Aid Kit"",""Fire Extinguisher"",Essentials,Shampoo,""24-Hour Check-in"",Hangers,""Hair Dryer"",Iron,""Laptop Friendly Workspace""}",,$130.00,,,,$75.00,4,$25.00,2,1125,today,t,20,45,75,313,2016-01-04,4,2015-12-17,2016-01-03,80.0,8.0,7.0,8.0,8.0,8.0,8.0,f,,WASHINGTON,t,moderate,f,t,2,4.0
8507062,https://www.airbnb.com/rooms/8507062,20160104002432,2016-01-04,Pleasant room rear UW,"This 1918 house in the Montlake district is located between two of the nicest parks in Seattle, Interlaken and the Arboretum. The University is a 20 minute walk or a short bus ride away. Frequent buses take you directly to Capitol Hill or Downtown.",I recently purchased this older home when I fell in love with the neighborhood and nearby parks.,"This 1918 house in the Montlake district is located between two of the nicest parks in Seattle, Interlaken and the Arboretum. The University is a 20 minute walk or a short bus ride away. Frequent buses take you directly to Capitol Hill or Downtown. I recently purchased this older home when I fell in love with the neighborhood and nearby parks. Two common spaces are available for hanging out, the dining room and an upstairs common room off the back deck. There are two shared bathrooms. You will have access to the kitchen for light meal prep. I am new to Seattle myself and happy to share my discoveries with you. Privacy or more interaction is up to you. I am usually around if you'd like to chat. Montlake is a fashionable residential neighborhood of older homes located just south of ""the cut,"" the boat canal running alongside the University of Washington campus. Nearby Interlaken Park is a tranquil wilderness area hidden in the middle of a dynamic city. And the Arboretum, with its Japanes",none,"Montlake is a fashionable residential neighborhood of older homes located just south of ""the cut,"" the boat canal running alongside the University of Washington campus. Nearby Interlaken Park is a tranquil wilderness area hidden in the middle of a dynamic city. And the Arboretum, with its Japanese Garden and other attractions, is perfect for your daily run or a pleasant stroll. Another nearby favorite is Volunteer Park with its Asian Art Museum and Victorian botanical conservatory. A small commercial area just up the street includes our local coffee shop and a popular restaurant. You can also rent a bicycle there at the Montlake Bicycle Shop.","If you have a car, please remember that city street parking can sometimes be difficult. Many of the streets in the immediate vicinity have a two hour parking limit. It will probably be necessary to park a couple of streets over for overnight parking. If you don't have a car, you should know that Uber and Car2Go are excellent here in Seattle. And buses run frequently to the most popular destinations.","Two frequent bus lines, #43 and #48, pass in front of the house. The #43 bus goes north to the University and southwest to Capitol Hill and Downtown with the final stop near Pike Place Market. The #48 goes north to the University on its way out to Golden Gardens and Sunset Hill Park, and south down the 23rd Ave. artery.",https://a2.muscache.com/ac/pictures/108124202/8529ba32_original.jpg?interpolation=lanczos-none&size=small&output-format=jpg&output-quality=70,https://a2.muscache.com/im/pictures/108124202/8529ba32_original.jpg?aki_policy=medium,https://a2.muscache.com/ac/pictures/108124202/8529ba32_original.jpg?interpolation=lanczos-none&size=large_cover&output-format=jpg&output-quality=70,https://a2.muscache.com/ac/pictures/108124202/8529ba32_original.jpg?interpolation=lanczos-none&size=x_large_cover&output-format=jpg&output-quality=70,30804330,https://www.airbnb.com/users/show/30804330,David,2015-04-07,"Seattle, Washington, United States","Been in the computer field most of my life, mostly on the coasts, recently moved to Seattle.",within an hour,100%,100%,f,"https://a2.muscache.com/ac/users/30804330/profile_pic/1428453527/original.jpg?interpolation=lanczos-none&crop=w:w;*,*&crop=h:h;*,*&resize=50:*&output-format=jpg&output-quality=70","https://a2.muscache.com/ac/users/30804330/profile_pic/1428453527/original.jpg?interpolation=lanczos-none&crop=w:w;*,*&crop=h:h;*,*&resize=225:*&output-format=jpg&output-quality=70",Montlake,2.0,2.0,"['email', 'phone', 'reviews', 'jumio']",t,t,"24th Avenue East, Seattle, WA 98112, United States",Montlake,Montlake,Capitol Hill,Seattle,WA,98112,Seattle,"Seattle, WA",US,United States,47.63713056901353,-122.30271380413792,t,House,Private room,2,0.0,1.0,1.0,Real Bed,"{TV,Internet,""Wireless Internet"",Kitchen,Breakfast,Heating,""Smoke Detector"",""Carbon Monoxide Detector"",""First Aid Kit"",""Fire Extinguisher"",Essentials,Shampoo}",,$55.00,,,,$15.00,1,$0.00,2,1125,today,t,5,20,49,127,2016-01-04,6,2015-09-27,2015-12-13,97.0,10.0,10.0,10.0,10.0,9.0,10.0,f,,WASHINGTON,f,moderate,f,f,2,1.8
4454121,https://www.airbnb.com/rooms/4454121,20160104002432,2016-01-04,2-bedroom Apartment in the Trees,"An amazing Northwest sanctuary in the heart of the city...   Close to everything in Seattle, yet surrounded by lush vegetation. Recently updated with all modern appliances, new furniture, and quality bedding.","A cozy 2-bedroom apartment situated in a beautiful tree-filled park right in the heart of the city. There are only a handful of houses allowed in Interlaken Park, and this is one. Locals often don't believe a park like this exists. Peaceful, yet not very far away from everything Seattle has to offer. Two bedrooms, the first of which has a Queen bed and French doors that open on to a 350 sq ft partially covered wood deck, surrounded by lush vegetation. The second bedroom has two Twin beds. It is light-filled and has a view through and over trees towards the University of Washington. Open kitchen/living-room layout with hardwood (parquet) floors.  A couch pulls out into a comfortable Queen bed for additional guests. The space is quite comfortable for 4 people. It's a bit more cozy for 5 or 6 people, but doable if you're mostly just sleeping there. The unit was recently remodeled with all brand new stainless steel appliances:  - High-efficiency steam washer, gas dryer  - Both gas and elec","An amazing Northwest sanctuary in the heart of the city...   Close to everything in Seattle, yet surrounded by lush vegetation. Recently updated with all modern appliances, new furniture, and quality bedding. A cozy 2-bedroom apartment situated in a beautiful tree-filled park right in the heart of the city. There are only a handful of houses allowed in Interlaken Park, and this is one. Locals often don't believe a park like this exists. Peaceful, yet not very far away from everything Seattle has to offer. Two bedrooms, the first of which has a Queen bed and French doors that open on to a 350 sq ft partially covered wood deck, surrounded by lush vegetation. The second bedroom has two Twin beds. It is light-filled and has a view through and over trees towards the University of Washington. Open kitchen/living-room layout with hardwood (parquet) floors.  A couch pulls out into a comfortable Queen bed for additional guests. The space is quite comfortable for 4 people. It's a bit more cozy f",none,"Amazing biking/walking/hiking right out the front door. And Seattle's top bars, cafes, restaurants, galleries, and nightlife are only about a mile away.",,"Two parking spots. 8 min walk up a trail to local coffee shop/bar/pizza/etc and the bus line (#49), which takes you to Capitol Hill or Downtown.",https://a0.muscache.com/ac/pictures/55940732/b1110740_original.jpg?interpolation=lanczos-none&size=small&output-format=jpg&output-quality=70,https://a0.muscache.com/im/pictures/55940732/b1110740_original.jpg?aki_policy=medium,https://a0.muscache.com/ac/pictures/55940732/b1110740_original.jpg?interpolation=lanczos-none&size=large_cover&output-format=jpg&output-quality=70,https://a0.muscache.com/ac/pictures/55940732/b1110740_original.jpg?interpolation=lanczos-none&size=x_large_cover&output-format=jpg&output-quality=70,504978,https://www.airbnb.com/users/show/504978,Sven,2011-04-13,"Seattle, Washington, United States","We're from Seattle, WA. We love to travel and love using AirBnB. We've rented houses in the US and internationally for a number of years, but just started hosting two years ago... so we understand both what it takes to be a good guest and host!",within an hour,100%,100%,t,"https://a0.muscache.com/ac/users/504978/profile_pic/1413822956/original.jpg?interpolation=lanczos-none&crop=w:w;*,*&crop=h:h;*,*&resize=50:*&output-format=jpg&output-quality=70","https://a0.muscache.com/ac/users/504978/profile_pic/1413822956/original.jpg?interpolation=lanczos-none&crop=w:w;*,*&crop=h:h;*,*&resize=225:*&output-format=jpg&output-quality=70",Capitol Hill,2.0,2.0,"['email', 'phone', 'facebook', 'google', 'linkedin', 'reviews', 'jumio']",t,t,"East Interlaken Boulevard, Seattle, WA 98102, United States",Capitol Hill,Montlake,Capitol Hill,Seattle,WA,98102,Seattle,"Seattle, WA",US,United States,47.64012774906391,-122.31525876358366,t,Apartment,Entire home/apt,6,1.0,2.0,4.0,Real Bed,"{Internet,""Wireless Internet"",Kitchen,""Free Parking on Premises"",Heating,""Family/Kid Friendly"",Washer,Dryer,""Smoke Detector"",""Carbon Monoxide Detector"",""Fire Extinguisher"",Essentials,Shampoo}",,$160.00,$985.00,"$4,000.00",$200.00,$50.00,4,$10.00,2,1125,4 months ago,t,0,0,0,0,2016-01-04,5,2014-11-08,2015-01-03,88.0,10.0,10.0,10.0,10.0,10.0,10.0,f,,WASHINGTON,f,strict,f,f,2,0.35
8505940,https://www.airbnb.com/rooms/8505940,20160104002432,2016-01-04,Cozy room near UW,"This 1918 house in the Montlake district is located between two of the nicest parks in Seattle, Interlaken and the Arboretum. The University is a 20 minute walk or a short bus ride away. Frequent buses take you directly to Capitol Hill or Downtown.","This beautiful 1918 home in the Montlake district is located between two of the nicest parks in Seattle, Interlaken and the Arboretum.  The home features tastefully appointed bedrooms, inviting dining room and a media/hang-out room for reading, card games or visiting and an updated kitchen for meals in. Our local coffee shop and a bustling Italian restaurant are part of the nearby commercial area.  The University is a 20 minute walk or a short bus ride away. Frequent buses take you directly to vibrant Capitol Hill or Downtown in minutes.","This 1918 house in the Montlake district is located between two of the nicest parks in Seattle, Interlaken and the Arboretum. The University is a 20 minute walk or a short bus ride away. Frequent buses take you directly to Capitol Hill or Downtown. This beautiful 1918 home in the Montlake district is located between two of the nicest parks in Seattle, Interlaken and the Arboretum.  The home features tastefully appointed bedrooms, inviting dining room and a media/hang-out room for reading, card games or visiting and an updated kitchen for meals in. Our local coffee shop and a bustling Italian restaurant are part of the nearby commercial area.  The University is a 20 minute walk or a short bus ride away. Frequent buses take you directly to vibrant Capitol Hill or Downtown in minutes. Two common spaces are available for hanging out, the dining room and an upstairs common room off the back deck. There are two shared bathrooms. You will have access to the kitchen for light meal prep. Enjoy ",none,"Montlake is a fashionable residential neighborhood of older homes located just south of ""the cut,"" the boat canal running alongside the University of Washington campus. Nearby Interlaken Park is a tranquil wilderness area hidden in the middle of a dynamic city. And the Arboretum, with its Japanese Garden and other attractions, is perfect for your daily run or a pleasant stroll. Another nearby favorite is Volunteer Park with its Asian Art Museum and Victorian botanical conservatory. A small commercial area just up the street includes our local coffee shop and a popular restaurant. You can also rent a bicycle there at the Montlake Bicycle Shop.","If you have a car, please remember that city street parking can sometimes be difficult. Many of the streets in the immediate vicinity have a two hour parking limit. It will probably be necessary to park a couple of streets over for overnight parking. If you don't have a car, you should know that Uber and Car2Go are both excellent here in Seattle. And buses run frequently to the most popular destinations.","Two frequent bus lines, #43 and #48, pass in front of the house. The #43 bus goes north to the University and southwest to Capitol Hill and Downtown with the final stop near Pike Place Market. The #48 goes north to the University on its way out to Golden Gardens and Sunset Hill Park, and south down the 23rd Ave. artery.",https://a2.muscache.com/ac/pictures/108111983/a2ca22c9_original.jpg?interpolation=lanczos-none&size=small&output-format=jpg&output-quality=70,https://a2.muscache.com/im/pictures/108111983/a2ca22c9_original.jpg?aki_policy=medium,https://a2.muscache.com/ac/pictures/108111983/a2ca22c9_original.jpg?interpolation=lanczos-none&size=large_cover&output-format=jpg&output-quality=70,https://a2.muscache.com/ac/pictures/108111983/a2ca22c9_original.jpg?interpolation=lanczos-none&size=x_large_cover&output-format=jpg&output-quality=70,30804330,https://www.airbnb.com/users/show/30804330,David,2015-04-07,"Seattle, Washington, United States","Been in the computer field most of my life, mostly on the coasts, recently moved to Seattle.",within an hour,100%,100%,f,"https://a2.muscache.com/ac/users/30804330/profile_pic/1428453527/original.jpg?interpolation=lanczos-none&crop=w:w;*,*&crop=h:h;*,*&resize=50:*&output-format=jpg&output-quality=70","https://a2.muscache.com/ac/users/30804330/profile_pic/1428453527/original.jpg?interpolation=lanczos-none&crop=w:w;*,*&crop=h:h;*,*&resize=225:*&output-format=jpg&output-quality=70",Montlake,2.0,2.0,"['email', 'phone', 'reviews', 'jumio']",t,t,"24th Avenue East, Seattle, WA 98112, United States",Montlake,Montlake,Capitol Hill,Seattle,WA,98112,Seattle,"Seattle, WA",US,United States,47.63639417563842,-122.30240055347782,t,House,Private room,2,0.0,1.0,1.0,Real Bed,"{TV,Internet,""Wireless Internet"",""Air Conditioning"",Kitchen,Breakfast,Heating,""Smoke Detector"",""Carbon Monoxide Detector"",""First Aid Kit"",""Fire Extinguisher"",Essentials,Shampoo,""24-Hour Check-in"",Hangers,""Hair Dryer"",""Laptop Friendly Workspace""}",,$55.00,,,,$15.00,1,$0.00,2,1125,5 days ago,t,22,43,73,151,2016-01-04,14,2015-09-27,2015-12-13,97.0,10.0,10.0,10.0,10.0,10.0,10.0,f,,WASHINGTON,f,moderate,f,f,2,4.2
1012003,https://www.airbnb.com/rooms/1012003,20160104002432,2016-01-04, Capitol Hill Gem in Great Location,"Large studio, queen bed and sofa  beds accommodate up to 4 in great historic neighborhood. Super convenient location, free off-street parking, WiFi, HD TV with private entrance. Public transport one block away to/from downtown and airport.","MORE INFORMATION The Brass Bed Guestroom (BBG) is a nicely sized and comfortable studio apartment in the basement of our turn-of-the-century “salt box"" style home in the residential part of Capitol Hill – but just minutes to the commercial and entertainment center of this neighborhood. We are very convenient to all of Seattle's specialty medical centers: the Fred Hutchinson Cancer Center, the Seattle Care Alliance, the University of Washington Medical Center and Harborview Medical Center are just minutes away. And South Lake Union's emerging biotech development, the recent addition of Amazon's headquarters and the Bill and Melinda Gates Foundation are just down the hill from BBG – perfect for business travelers who want all the amenities of a vacation rental but with quick access to their professional site.    Our 500 sq. ft. guestroom has been recently renovated and remodeled to provide all the amenities to make your stay comfortable.  The queen-size bed and a sleeper sofa can easily ","Large studio, queen bed and sofa  beds accommodate up to 4 in great historic neighborhood. Super convenient location, free off-street parking, WiFi, HD TV with private entrance. Public transport one block away to/from downtown and airport. MORE INFORMATION The Brass Bed Guestroom (BBG) is a nicely sized and comfortable studio apartment in the basement of our turn-of-the-century “salt box"" style home in the residential part of Capitol Hill – but just minutes to the commercial and entertainment center of this neighborhood. We are very convenient to all of Seattle's specialty medical centers: the Fred Hutchinson Cancer Center, the Seattle Care Alliance, the University of Washington Medical Center and Harborview Medical Center are just minutes away. And South Lake Union's emerging biotech development, the recent addition of Amazon's headquarters and the Bill and Melinda Gates Foundation are just down the hill from BBG – perfect for business travelers who want all the amenities of a vacatio",none,"We are located in a historic neighborhood in Seattle, most of the homes we built in the early 1900's.  The neighborhood is quite and very friendly but with easy access to the Capital Hill business district with a huge variety or restaurants, night time activities and parks.  The city and Seattle Center (home of the Space Needle) are  just down the hill.  Many guests enjoy walking to these destinations.  Take advantage of all the sites and activities that Seattle has to offer and then return to our home for a relaxing and peaceful evening in your apartment.  ",The apartment  may not be  suitable for younger children as there some areas  with environmental risks.  Wheelchair accessibility is not avail as there are 5 stairs leading down to the apartment.,Public transportation is super convenient - just one block away to our Metro bus service hop on and you're in the middle of the business district of Capital Hill in 5 minutes and in 15 minutes you are in the center of downtown Seattle,https://a0.muscache.com/ac/pictures/110189189/621ebc3d_original.jpg?interpolation=lanczos-none&size=small&output-format=jpg&output-quality=70,https://a0.muscache.com/im/pictures/110189189/621ebc3d_original.jpg?aki_policy=medium,https://a0.muscache.com/ac/pictures/110189189/621ebc3d_original.jpg?interpolation=lanczos-none&size=large_cover&output-format=jpg&output-quality=70,https://a0.muscache.com/ac/pictures/110189189/621ebc3d_original.jpg?interpolation=lanczos-none&size=x_large_cover&output-format=jpg&output-quality=70,5567436,https://www.airbnb.com/users/show/5567436,Larry & Suzi,2013-03-21,"Seattle, Washington, United States","We are Larry and Suzi Hettick.  We are both from Oregon and have lived and traveled to many US and overseas locations but moved to Seattle in 1992 to make this our forever home.  This home has been our focus and passion for the last 20 plus years to help restore it to its original condition while remodeling and upgrading it to accommodate modern features.  Our basement has been our latest project – over a year in the making we have transformed over 500 square feet of space into an apartment that hopefully provides all the comforts of home.  We selected this Capitol Hill location for its historical heritage, its convenient access to all that Seattle has to offer and its friendly neighborhood atmosphere.  You will definitely feel welcome here.

",,,,f,"https://a1.muscache.com/ac/users/5567436/profile_pic/1443816262/original.jpg?interpolation=lanczos-none&crop=w:w;*,*&crop=h:h;*,*&resize=50:*&output-format=jpg&output-quality=70","https://a1.muscache.com/ac/users/5567436/profile_pic/1443816262/original.jpg?interpolation=lanczos-none&crop=w:w;*,*&crop=h:h;*,*&resize=225:*&output-format=jpg&output-quality=70",Montlake,1.0,1.0,"['email', 'phone', 'reviews']",t,f,"Broadway East, Seattle, WA 98102, United States",Montlake,Montlake,Capitol Hill,Seattle,WA,98102,Seattle,"Seattle, WA",US,United States,47.63975661499247,-122.32225160033386,t,Apartment,Private room,4,1.0,1.0,2.0,Real Bed,"{TV,""Cable TV"",Internet,""Wireless Internet"",Kitchen,""Free Parking on Premises"",Heating,Washer,Dryer,""Smoke Detector"",""Carbon Monoxide Detector"",""Fire Extinguisher"",Essentials,Shampoo}",,$115.00,,,,,2,$20.00,2,360,today,t,26,56,86,318,2016-01-04,12,2013-05-07,2015-08-25,98.0,10.0,10.0,10.0,10.0,10.0,10.0,f,,WASHINGTON,f,flexible,f,f,1,0.37
7024684,https://www.airbnb.com/rooms/7024684,20160104002432,2016-01-04,Capitol Hill Classic Great Location,"Quiet, comfortable North Capitol Hill home built 1910 4 bedrooms 3.5 bath, master bedroom views, sunny deck, full kitchen, dining room, office. Excellent internet, lots hot water, parking, 5 min car to B'way commerce and UW. Walkable to Husky Stadium.","Four lovely bedrooms available. Master bedroom on 3rd floor with view toward north and master bath with shower and bear claw tub; Queen bed; hardwood floors, rugs. Inlaw bedroom suite on basement level with two full windows; adjoining full bath with shower; Queen bed; cork floors 2nd floor bedroom #1 has a full bed, hardwood floors and full window 2nd floor bedroom #2 has a full bed, hardwood floors and full window 2nd floor office and TV room with comfy couch, hardwood floors, rug Lovely new deck with garden views and yard. Available off-street parking for 1 car; on-street parking is usually easy and available on the block.","Quiet, comfortable North Capitol Hill home built 1910 4 bedrooms 3.5 bath, master bedroom views, sunny deck, full kitchen, dining room, office. Excellent internet, lots hot water, parking, 5 min car to B'way commerce and UW. Walkable to Husky Stadium. Four lovely bedrooms available. Master bedroom on 3rd floor with view toward north and master bath with shower and bear claw tub; Queen bed; hardwood floors, rugs. Inlaw bedroom suite on basement level with two full windows; adjoining full bath with shower; Queen bed; cork floors 2nd floor bedroom #1 has a full bed, hardwood floors and full window 2nd floor bedroom #2 has a full bed, hardwood floors and full window 2nd floor office and TV room with comfy couch, hardwood floors, rug Lovely new deck with garden views and yard. Available off-street parking for 1 car; on-street parking is usually easy and available on the block. Guests have full access throughout the house and yard. Gorgeous North Capitol HIll neighborhood. Great walking to p",none,"Gorgeous North Capitol HIll neighborhood. Great walking to parks and commercial areas. 5 minutes by car to Broadway, Pike/Pine area on Capitol Hill 5 minutes by car to UW (longer in rush hour peak times) Walking: 5 minutes to local cafe, Polar Cafe 15 minutes to Volunteer park cafe ~20 minutes to 15th avenue E area bars/restaurants ~20 - 25 minutes to B'Way Sunday Farmers market, pike/pine area ~15 minutes to Eastlake commercial area ~20 - 25 minutes to UW and Husky Stadium Downtown: 10 to 20 minutes by car ~30 minutes by 49 bus line ~40 minutes pleasant walk (to and down Pine st.) Eastside Microsoft / Bellevue businesses: quick access to highway 520",,Minutes from the 49 bus line which brings you to either University of Washington or downtown.,https://a1.muscache.com/ac/pictures/89072836/06ac696c_original.jpg?interpolation=lanczos-none&size=small&output-format=jpg&output-quality=70,https://a1.muscache.com/im/pictures/89072836/06ac696c_original.jpg?aki_policy=medium,https://a1.muscache.com/ac/pictures/89072836/06ac696c_original.jpg?interpolation=lanczos-none&size=large_cover&output-format=jpg&output-quality=70,https://a1.muscache.com/ac/pictures/89072836/06ac696c_original.jpg?interpolation=lanczos-none&size=x_large_cover&output-format=jpg&output-quality=70,5787050,https://www.airbnb.com/users/show/5787050,Jonathan & Tamara,2013-04-05,"Seattle, Washington, United States",We are a Seattle-based family dividing our time between Nicaragua and the US. Both our Seattle house and La Perla in Granada are homes for us.,within a few hours,100%,100%,t,"https://a0.muscache.com/ac/users/5787050/profile_pic/1401139458/original.jpg?interpolation=lanczos-none&crop=w:w;*,*&crop=h:h;*,*&resize=50:*&output-format=jpg&output-quality=70","https://a0.muscache.com/ac/users/5787050/profile_pic/1401139458/original.jpg?interpolation=lanczos-none&crop=w:w;*,*&crop=h:h;*,*&resize=225:*&output-format=jpg&output-quality=70",Montlake,3.0,3.0,"['email', 'phone', 'facebook', 'reviews', 'kba']",t,t,"11th Avenue East, Seattle, WA 98102, United States",Montlake,Montlake,Capitol Hill,Seattle,WA,98102,Seattle,"Seattle, WA",US,United States,47.63992865340657,-122.31871377097406,t,House,Entire home/apt,7,3.5,4.0,4.0,Real Bed,"{TV,Internet,""Wireless Internet"",Kitchen,""Free Parking on Premises"",""Indoor Fireplace"",Heating,""Family/Kid Friendly"",Washer,Dryer,""Smoke Detector"",""Carbon Monoxide Detector"",""Fire Extinguisher"",Essentials,Shampoo}",,$260.00,"$1,590.00","$4,500.00",,$175.00,1,$0.00,2,1125,yesterday,t,0,0,23,132,2016-01-04,6,2015-10-14,2015-11-16,100.0,10.0,10.0,10.0,10.0,10.0,10.0,f,,WASHINGTON,f,strict,f,f,2,2.17
6938542,https://www.airbnb.com/rooms/6938542,20160104002432,2016-01-04,Private Inlaw Unit in Capitol Hill,"Quiet, comfortable in-law unit separate entrance. 5 min car to UW and B'way commerce. Walk to Husky stadium. Private bathroom. Separate bedroom and living room, full windows. Queen bed. Workdesk, mini kitchenette. Excellent internet. Easy parking.",,"Quiet, comfortable in-law unit separate entrance. 5 min car to UW and B'way commerce. Walk to Husky stadium. Private bathroom. Separate bedroom and living room, full windows. Queen bed. Workdesk, mini kitchenette. Excellent internet. Easy parking. Gorgeous North Capitol HIll neighborhood. Great walking to parks and commercial areas. 5 minutes by car to Broadway, Pike/Pine area on Capitol Hill 5 minutes by car to UW (longer in rush hour peak times) Walking: 5 minutes to local cafe, Frank 15 minutes to Volunteer park cafe 20 minutes to 15th avenue E area bars/restaurants 20 - 25 minutes to B'Way Sunday Farmers market, pike/pine area 15 minutes to Eastlake commercial area 20 - 25 minutes to UW and Husky Stadium Downtown: 10 to 20 minutes by car 30 minutes by 49 bus line 40 minutes pleasant walk (to and down Pine st.) Eastside Microsoft / Bellevue businesses: quick access to highway 520 Minutes from the 49 bus line which brings you to either University of Washington or downtown. We can len",none,"Gorgeous North Capitol HIll neighborhood. Great walking to parks and commercial areas. 5 minutes by car to Broadway, Pike/Pine area on Capitol Hill 5 minutes by car to UW (longer in rush hour peak times) Walking: 5 minutes to local cafe, Frank 15 minutes to Volunteer park cafe 20 minutes to 15th avenue E area bars/restaurants 20 - 25 minutes to B'Way Sunday Farmers market, pike/pine area 15 minutes to Eastlake commercial area 20 - 25 minutes to UW and Husky Stadium Downtown: 10 to 20 minutes by car 30 minutes by 49 bus line 40 minutes pleasant walk (to and down Pine st.) Eastside Microsoft / Bellevue businesses: quick access to highway 520",,Minutes from the 49 bus line which brings you to either University of Washington or downtown. We can lend bikes if you like.,https://a1.muscache.com/ac/pictures/88057097/623117b2_original.jpg?interpolation=lanczos-none&size=small&output-format=jpg&output-quality=70,https://a1.muscache.com/im/pictures/88057097/623117b2_original.jpg?aki_policy=medium,https://a1.muscache.com/ac/pictures/88057097/623117b2_original.jpg?interpolation=lanczos-none&size=large_cover&output-format=jpg&output-quality=70,https://a1.muscache.com/ac/pictures/88057097/623117b2_original.jpg?interpolation=lanczos-none&size=x_large_cover&output-format=jpg&output-quality=70,5787050,https://www.airbnb.com/users/show/5787050,Jonathan & Tamara,2013-04-05,"Seattle, Washington, United States",We are a Seattle-based family dividing our time between Nicaragua and the US. Both our Seattle house and La Perla in Granada are homes for us.,within a few hours,100%,100%,t,"https://a0.muscache.com/ac/users/5787050/profile_pic/1401139458/original.jpg?interpolation=lanczos-none&crop=w:w;*,*&crop=h:h;*,*&resize=50:*&output-format=jpg&output-quality=70","https://a0.muscache.com/ac/users/5787050/profile_pic/1401139458/original.jpg?interpolation=lanczos-none&crop=w:w;*,*&crop=h:h;*,*&resize=225:*&output-format=jpg&output-quality=70",Montlake,3.0,3.0,"['email', 'phone', 'facebook', 'reviews', 'kba']",t,t,"11th Avenue East, Seattle, WA 98102, United States",Montlake,Montlake,Capitol Hill,Seattle,WA,98102,Seattle,"Seattle, WA",US,United States,47.6380283646074,-122.31860002347412,t,House,Private room,2,1.0,1.0,1.0,Real Bed,"{TV,Internet,""Wireless Internet"",Kitchen,Heating,""Family/Kid Friendly"",Washer,Dryer,""Smoke Detector"",""Fire Extinguisher"",Essentials,Shampoo}",,$110.00,$690.00,"$2,595.00",,$25.00,1,$0.00,3,1125,a week ago,t,25,55,61,310,2016-01-04,19,2015-07-08,2015-09-27,95.0,10.0,10.0,10.0,10.0,10.0,10.0,f,,WASHINGTON,f,moderate,f,f,2,3.15
2350464,https://www.airbnb.com/rooms/2350464,20160104002432,2016-01-04,2700sqft 4BR Capitol Hill home ,"Our home sits on a quiet street close to Volunteer Park. You can spread out over four floors of living space, enjoy great food in the gourmet kitchen, party it up in the restaurants and bars of Capitol Hill or just curl up next to the fireplace.","The house has four bedrooms: three with queen beds, one with two twin beds and a crib. The upper floor master suite boasts great views over the university district and Lake Washington and has a private bathroom. The remaining bedrooms share a bathroom. There is also room for two more on couches, though they're not pull-out.","Our home sits on a quiet street close to Volunteer Park. You can spread out over four floors of living space, enjoy great food in the gourmet kitchen, party it up in the restaurants and bars of Capitol Hill or just curl up next to the fireplace. The house has four bedrooms: three with queen beds, one with two twin beds and a crib. The upper floor master suite boasts great views over the university district and Lake Washington and has a private bathroom. The remaining bedrooms share a bathroom. There is also room for two more on couches, though they're not pull-out. Guests have access to all spaces in the house. We will not be present. The house is all yours! There is plenty of street parking. The street is quiet so it's just immediate neighbors and their guests parking there. Two bus lines are nearby (#10 - a 15-minute walk, and #49 - a 10-minute walk) both going to downtown and #49 also going to the University of Washington.",none,,,"There is plenty of street parking. The street is quiet so it's just immediate neighbors and their guests parking there. Two bus lines are nearby (#10 - a 15-minute walk, and #49 - a 10-minute walk) both going to downtown and #49 also going to the University of Washington.",https://a1.muscache.com/ac/pictures/31751755/9c71c59d_original.jpg?interpolation=lanczos-none&size=small&output-format=jpg&output-quality=70,https://a1.muscache.com/im/pictures/31751755/9c71c59d_original.jpg?aki_policy=medium,https://a1.muscache.com/ac/pictures/31751755/9c71c59d_original.jpg?interpolation=lanczos-none&size=large_cover&output-format=jpg&output-quality=70,https://a1.muscache.com/ac/pictures/31751755/9c71c59d_original.jpg?interpolation=lanczos-none&size=x_large_cover&output-format=jpg&output-quality=70,12002224,https://www.airbnb.com/users/show/12002224,Bojana,2014-02-06,"Seattle, Washington, United States",We're a young family with two little kids and a house we're still growing into. We enjoy having a full house and meeting new people - we hope you'll come by!,within a few hours,100%,,f,"https://a1.muscache.com/ac/users/12002224/profile_pic/1403623446/original.jpg?interpolation=lanczos-none&crop=w:w;*,*&crop=h:h;*,*&resize=50:*&output-format=jpg&output-quality=70","https://a1.muscache.com/ac/users/12002224/profile_pic/1403623446/original.jpg?interpolation=lanczos-none&crop=w:w;*,*&crop=h:h;*,*&resize=225:*&output-format=jpg&output-quality=70",Montlake,2.0,2.0,"['email', 'phone', 'reviews', 'kba']",t,t,"14th Avenue East, Seattle, WA 98112, United States",Montlake,Montlake,Capitol Hill,Seattle,WA,98112,Seattle,"Seattle, WA",US,United States,47.63744382235102,-122.3144270791204,t,House,Entire home/apt,9,2.5,4.0,5.0,Real Bed,"{TV,Internet,""Wireless Internet"",Kitchen,""Free Parking on Premises"",""Indoor Fireplace"",Heating,""Family/Kid Friendly"",Washer,Dryer,""Smoke Detector"",""Carbon Monoxide Detector"",""Fire Extinguisher"",Essentials,Shampoo}",,$750.00,,,,$75.00,6,$0.00,2,1125,2 months ago,t,0,0,0,0,2016-01-04,17,2014-03-11,2015-09-22,99.0,10.0,10.0,10.0,10.0,10.0,10.0,f,,WASHINGTON,f,strict,f,f,2,0.77
10281965,https://www.airbnb.com/rooms/10281965,20160104002432,2016-01-04,University/Montlake private room,"A private bedroom with a queen bed in a lovely 3 bedroom home in Montlake, one of Seattle's finest neighborhoods.  Very convenient to Univ of Washington, downtown Seattle, Montlake is very quiet and safe.  The Arboretum, a huge park, is a block away.","There are actually two separate bedrooms available,","A private bedroom with a queen bed in a lovely 3 bedroom home in Montlake, one of Seattle's finest neighborhoods.  Very convenient to Univ of Washington, downtown Seattle, Montlake is very quiet and safe.  The Arboretum, a huge park, is a block away. There are actually two separate bedrooms available, You will have access to the whole house except the master bedroom. We use this house as our second home.  Our primary home is in Bellingham, 1.5 hours from Seattle.  We only use the house when we need to be in Seattle. Montlake is one of Seattle's finest neighborhoods.  It is a neighborhood of historic, single-family homes.   It is very quiet and safe, with plenty of on street parking. Montlake is connected by public transit to downtown Seattle, the University of Washington, and the Eastside communities of Bellevue, Redmond, and Kirkland.",none,"Montlake is one of Seattle's finest neighborhoods.  It is a neighborhood of historic, single-family homes.   It is very quiet and safe, with plenty of on street parking.",,"Montlake is connected by public transit to downtown Seattle, the University of Washington, and the Eastside communities of Bellevue, Redmond, and Kirkland.",https://a2.muscache.com/ac/pictures/09779063-d6ae-4096-a6fe-7364afafc824.jpg?interpolation=lanczos-none&size=small&output-format=jpg&output-quality=70,https://a2.muscache.com/im/pictures/09779063-d6ae-4096-a6fe-7364afafc824.jpg?aki_policy=medium,https://a2.muscache.com/ac/pictures/09779063-d6ae-4096-a6fe-7364afafc824.jpg?interpolation=lanczos-none&size=large_cover&output-format=jpg&output-quality=70,https://a2.muscache.com/ac/pictures/09779063-d6ae-4096-a6fe-7364afafc824.jpg?interpolation=lanczos-none&size=x_large_cover&output-format=jpg&output-quality=70,2458745,https://www.airbnb.com/users/show/2458745,Paul,2012-05-24,"Seattle and Bellingham, Washington, United States","Hello, and welcome!  
I'm originally from Pennsylvania, but have lived in Toronto, Maine, Oregon, Alaska, and Texas before I moved to Seattle in 1988.  My wife grew up in Missouri, but has lived in Sweden, Germany and California before moving to Seattle in 1986.  I'm a photojournalist and she is a psychotherapist.  We divide our time between homes in Seattle and Bellingham.  We enjoy our five children (all but one launched!), travel, our wonderful circle of friends, and as much time with one another as our busy careers allow.  ",within an hour,100%,100%,f,"https://a1.muscache.com/ac/users/2458745/profile_pic/1337973432/original.jpg?interpolation=lanczos-none&crop=w:w;*,*&crop=h:h;*,*&resize=50:*&output-format=jpg&output-quality=70","https://a1.muscache.com/ac/users/2458745/profile_pic/1337973432/original.jpg?interpolation=lanczos-none&crop=w:w;*,*&crop=h:h;*,*&resize=225:*&output-format=jpg&output-quality=70",Montlake,2.0,2.0,"['email', 'phone', 'facebook', 'linkedin', 'reviews', 'jumio']",t,t,"25th Avenue East, Seattle, WA 98112, United States",Montlake,Montlake,Capitol Hill,Seattle,WA,98112,Seattle,"Seattle, WA",US,United States,47.63849277761209,-122.30049650776871,t,House,Private room,2,1.0,1.0,1.0,Real Bed,"{Internet,Kitchen,""Free Parking on Premises"",""Pets Allowed"",""Indoor Fireplace"",Heating,""Family/Kid Friendly"",Washer,Dryer,""Smoke Detector"",""Carbon Monoxide Detector"",""First Aid Kit"",""Safety Card"",""Fire Extinguisher"",Essentials,Shampoo,""24-Hour Check-in"",""Hair Dryer"",Iron,""Laptop Friendly Workspace""}",,$55.00,,,,$25.00,1,$0.00,2,1125,today,t,23,51,81,356,2016-01-04,0,,,,,,,,,,f,,WASHINGTON,f,flexible,f,t,2,
63308,https://www.airbnb.com/rooms/63308,20160104002432,2016-01-04,Guest Studio - North Capitol Hill,,"We kindly request a two night minimum.  Since we are not a commercial business, we encourage you to have a full profile and a photograph with your profile, and we appreciate knowing a little bit about you and the reason for your visit; especially if you do not have a full profile or reviews from other hosts established.  Thank you for your understanding.   The ""Blue Door"" Guest Studio is a self-contained two story loft/ studio located in one of Seattle's most prestigious neighborhoods, North Capitol Hill.  The ""Blue Door"" is a  very special, comfortable and private little space that is connected to our detached garage. In its entirety, it is about the size of a hotel room but divided into two levels. The sitting room is on the ground level and the private entrance opens out to a beautiful shared courtyard with the main house. A very comfortable Queen sized bed is on the second level. Here in the bedroom you can enjoy a 32"" flat screen TV with cable. The bathroom in the studio has a sho","We kindly request a two night minimum.  Since we are not a commercial business, we encourage you to have a full profile and a photograph with your profile, and we appreciate knowing a little bit about you and the reason for your visit; especially if you do not have a full profile or reviews from other hosts established.  Thank you for your understanding.   The ""Blue Door"" Guest Studio is a self-contained two story loft/ studio located in one of Seattle's most prestigious neighborhoods, North Capitol Hill.  The ""Blue Door"" is a  very special, comfortable and private little space that is connected to our detached garage. In its entirety, it is about the size of a hotel room but divided into two levels. The sitting room is on the ground level and the private entrance opens out to a beautiful shared courtyard with the main house. A very comfortable Queen sized bed is on the second level. Here in the bedroom you can enjoy a 32"" flat screen TV with cable. The bathroom in the studio has a sho",none,"North Capitol Hill is a quiet upscale neighborhood where you will see people walking, running, bicycling, and out with their dogs 12 months of the year.  Capitol Hill's Volunteer Park, with its Victorian Glass House, Asian Art Museum, and views of downtown Seattle and Elliott Bay is near by. Our neighborhood is approximately one mile from the commercial areas of Capitol Hill where you will find restaurants, coffee houses, stores, pubs and bars.  ",Our normal check-in time is from 3:00pm until 7:00pm and all check-ins must be scheduled in advance regardless of estimated arrival time.  Check-out time is by 11:00am.,"We are close to Interstate 5 and major avenues, and there is a bus stop approximately 2 minutes walk from us.  The bus ride to downtown takes approximately 15 minutes.  ",https://a2.muscache.com/ac/pictures/435504/f62bde59_original.jpg?interpolation=lanczos-none&size=small&output-format=jpg&output-quality=70,https://a2.muscache.com/im/pictures/435504/f62bde59_original.jpg?aki_policy=medium,https://a2.muscache.com/ac/pictures/435504/f62bde59_original.jpg?interpolation=lanczos-none&size=large_cover&output-format=jpg&output-quality=70,https://a2.muscache.com/ac/pictures/435504/f62bde59_original.jpg?interpolation=lanczos-none&size=x_large_cover&output-format=jpg&output-quality=70,308927,https://www.airbnb.com/users/show/308927,John,2010-12-03,"Seattle, Washington, United States","My partner Craig and I have recently retired here in  Seattle! We love our new city, house,and convenient neighborhood.  The house we selected happened to come with a wonderful guest studio which we use often for our personal guests that come to visit. We also have a condo that we offer for short term rental in Phoenix.  We are hard core Democrats, GOP friendly and welcome anyone who is fair minded!",within a few hours,100%,100%,t,"https://a2.muscache.com/ac/users/308927/profile_pic/1291515726/original.jpg?interpolation=lanczos-none&crop=w:w;*,*&crop=h:h;*,*&resize=50:*&output-format=jpg&output-quality=70","https://a2.muscache.com/ac/users/308927/profile_pic/1291515726/original.jpg?interpolation=lanczos-none&crop=w:w;*,*&crop=h:h;*,*&resize=225:*&output-format=jpg&output-quality=70",Montlake,2.0,2.0,"['email', 'phone', 'facebook', 'reviews', 'kba']",t,t,"Federal Ave E, Seattle, WA 98102, United States",Montlake,Montlake,Capitol Hill,Seattle,WA,98102,Seattle,"Seattle, WA",US,United States,47.638772153181165,-122.31843554380568,t,House,Entire home/apt,2,1.0,1.0,1.0,Real Bed,"{""Cable TV"",""Wireless Internet"",""Free Parking on Premises"",""Pets live on this property"",Dog(s),Heating,""Smoke Detector"",""Fire Extinguisher"",Essentials,Shampoo}",,$89.00,$548.00,"$2,194.00",,,1,$0.00,2,30,today,t,10,30,32,274,2016-01-04,320,2010-12-16,2015-12-07,98.0,10.0,10.0,10.0,10.0,10.0,10.0,f,,WASHINGTON,f,moderate,f,t,1,5.2
3352685,https://www.airbnb.com/rooms/3352685,20160104002432,2016-01-04,Cozy treehouse in the city,"Enjoy your visit to Seattle in true Northwest fashion in this cozy treehouse. Tucked in the trees, with views of the lake and mountains, you'll hardly believe that you're so close to all you need in the city in this North Capitol Hill bungalow.","This space is wonderful. It's peaceful and secluded but close to everything amazing in the city. Walking access to cafes and the waterfront. An bike ride to the university. Easy biking, busing access to all that capitol hill has to offer as well as downtown. Plus, if you're driving, we have a private parking spot so you can travel wherever with ease. The treehouse is cozy with all you need: a full bath, a small kitchen, a warm gas stove and breakfast nook, and a full size bed in the loft. Enjoy your stay in our lovely home.","Enjoy your visit to Seattle in true Northwest fashion in this cozy treehouse. Tucked in the trees, with views of the lake and mountains, you'll hardly believe that you're so close to all you need in the city in this North Capitol Hill bungalow. This space is wonderful. It's peaceful and secluded but close to everything amazing in the city. Walking access to cafes and the waterfront. An bike ride to the university. Easy biking, busing access to all that capitol hill has to offer as well as downtown. Plus, if you're driving, we have a private parking spot so you can travel wherever with ease. The treehouse is cozy with all you need: a full bath, a small kitchen, a warm gas stove and breakfast nook, and a full size bed in the loft. Enjoy your stay in our lovely home. We have wifi, free parking, and a kayak. Feel free to use anything you please. I tend to check you in and check you out and otherwise leave you free to enjoy the space on your own, but I'm always reachable by phone if you hav",none,"Capitol Hill / Montlake is lovely. It's near everything you need and all the best night life in capitol hill, but just enough secluded that you can relax with trees and nature and no party noise. There are also fantastic running trails all around. I'm happy to give you some good suggestions if you're a runner.",,"Walkable to many nice local restaurants and cafes. An easy bike/bus/uber ride to capitol hill, downtown, and the university district (the 49 will get you all 3 places). We have a parking spot if you have your own car. Also, there are plentiful car-to-gos nearby if you want to travel further and don't have your own vehicle.",https://a0.muscache.com/ac/pictures/43625464/f83dd1dc_original.jpg?interpolation=lanczos-none&size=small&output-format=jpg&output-quality=70,https://a0.muscache.com/im/pictures/43625464/f83dd1dc_original.jpg?aki_policy=medium,https://a0.muscache.com/ac/pictures/43625464/f83dd1dc_original.jpg?interpolation=lanczos-none&size=large_cover&output-format=jpg&output-quality=70,https://a0.muscache.com/ac/pictures/43625464/f83dd1dc_original.jpg?interpolation=lanczos-none&size=x_large_cover&output-format=jpg&output-quality=70,4184301,https://www.airbnb.com/users/show/4184301,Allison,2012-11-18,"Seattle, Washington, United States","29 year-old Seattleite family medicine resident.  Loves dogs, running, music, social justice, and baking.",,,,t,"https://a1.muscache.com/ac/users/4184301/profile_pic/1353279151/original.jpg?interpolation=lanczos-none&crop=w:w;*,*&crop=h:h;*,*&resize=50:*&output-format=jpg&output-quality=70","https://a1.muscache.com/ac/users/4184301/profile_pic/1353279151/original.jpg?interpolation=lanczos-none&crop=w:w;*,*&crop=h:h;*,*&resize=225:*&output-format=jpg&output-quality=70",Montlake,1.0,1.0,"['email', 'phone', 'reviews', 'kba']",t,t,"Delmar Drive East, Seattle, WA 98102, United States",Montlake,Montlake,Capitol Hill,Seattle,WA,98102,Seattle,"Seattle, WA",US,United States,47.64036685357871,-122.31584923893824,t,Treehouse,Entire home/apt,2,1.0,0.0,1.0,Real Bed,"{Internet,""Wireless Internet"",Kitchen,""Free Parking on Premises"",""Indoor Fireplace"",Heating,""Smoke Detector"",""Carbon Monoxide Detector"",""Fire Extinguisher"",Essentials,Shampoo}",,$200.00,"$1,000.00",,,,1,$0.00,2,30,5 months ago,t,0,0,0,61,2016-01-04,10,2014-07-12,2015-06-08,100.0,10.0,10.0,10.0,10.0,9.0,10.0,f,,WASHINGTON,f,strict,f,f,1,0.55
9368950,https://www.airbnb.com/rooms/9368950,20160104002432,2016-01-04,Capitol Hill Private Room,"Our sunny guest room is perfect for a couple or single person wanting to enjoy Seattle. We are one block from the bus station, which means you can be downtown in just a few minutes. Great walking neighborhood with tree lined streets and nearby parks.",,"Our sunny guest room is perfect for a couple or single person wanting to enjoy Seattle. We are one block from the bus station, which means you can be downtown in just a few minutes. Great walking neighborhood with tree lined streets and nearby parks.",none,,,,https://a2.muscache.com/ac/pictures/4523e1ee-3f38-4dce-abf5-51fcb668a1d6.jpg?interpolation=lanczos-none&size=small&output-format=jpg&output-quality=70,https://a2.muscache.com/im/pictures/4523e1ee-3f38-4dce-abf5-51fcb668a1d6.jpg?aki_policy=medium,https://a2.muscache.com/ac/pictures/4523e1ee-3f38-4dce-abf5-51fcb668a1d6.jpg?interpolation=lanczos-none&size=large_cover&output-format=jpg&output-quality=70,https://a2.muscache.com/ac/pictures/4523e1ee-3f38-4dce-abf5-51fcb668a1d6.jpg?interpolation=lanczos-none&size=x_large_cover&output-format=jpg&output-quality=70,48610456,https://www.airbnb.com/users/show/48610456,Jane,2015-11-09,US,,within a day,100%,,f,"https://a2.muscache.com/ac/pictures/afd438f7-2587-412e-95d9-1c99b19f3816.jpg?interpolation=lanczos-none&crop=w:w;*,*&crop=h:h;*,*&resize=50:*&output-format=jpg&output-quality=70","https://a2.muscache.com/ac/pictures/afd438f7-2587-412e-95d9-1c99b19f3816.jpg?interpolation=lanczos-none&crop=w:w;*,*&crop=h:h;*,*&resize=225:*&output-format=jpg&output-quality=70",Montlake,1.0,1.0,"['email', 'phone']",t,f,"Federal Avenue East, Seattle, WA 98102, United States",Montlake,Montlake,Capitol Hill,Seattle,WA,98102,Seattle,"Seattle, WA",US,United States,47.63777471220278,-122.319983920645,t,House,Private room,2,1.0,1.0,1.0,Real Bed,"{TV,""Cable TV"",Internet,""Wireless Internet"",Kitchen,""Pets Allowed"",Breakfast,""Pets live on this property"",Cat(s),""Indoor Fireplace"",Heating,""Family/Kid Friendly"",Washer,Dryer,""Smoke Detector"",""First Aid Kit"",""Fire Extinguisher"",Shampoo,""Lock on Bedroom Door"",Hangers,""Hair Dryer"",Iron,""Laptop Friendly Workspace""}",,$85.00,,,,,1,$0.00,1,1125,2 months ago,t,30,60,90,365,2016-01-04,0,,,,,,,,,,f,,WASHINGTON,f,flexible,f,f,1,
6386210,https://www.airbnb.com/rooms/6386210,20160104002432,2016-01-04,"Arboretum Haven, Seattle 4BR House","Seattle charm,  renovated, & family-friendly; sleeps 7 (+2 more w/ air mattress) w/ all amenities. Explore the Arboretum and lake with our kayaks! Easy access (2 blocks to bus) to UW, SU, downtown Seattle & Eastside.  Gorgeous garden and deck!","The house can comfortable accommodate 7 in beds (2 queen + 3 twin).  There is also a very comfortable queen air mattress (regular bed height, not on the floor) for larger groups.   The basic layout of the house includes: UPSTAIRS: -Master bedroom with queen bed and en-suite spa shower with 3 jets.   -Bedroom with twin trundle bed (sleeps 2).   -Bedroom with 1 twin (bunk with desk underneath, best for a child or someone who doesn't mind climbing up to sleep!). -Full Bathroom. MAIN FLOOR: -Kitchen/ dining room/ living room with gas fireplace.   -Access to deck and outdoor BBQ.  Stairs to backyard garden. -.5 bath BASEMENT:  - Big open room with TV, ping pong, Foosball, games. -Treadmill (ages 18+ please, at your own risk) -Bedroom with Queen bed and 3/4 bathroom across the hall -Laundry room","Seattle charm,  renovated, & family-friendly; sleeps 7 (+2 more w/ air mattress) w/ all amenities. Explore the Arboretum and lake with our kayaks! Easy access (2 blocks to bus) to UW, SU, downtown Seattle & Eastside.  Gorgeous garden and deck! The house can comfortable accommodate 7 in beds (2 queen + 3 twin).  There is also a very comfortable queen air mattress (regular bed height, not on the floor) for larger groups.   The basic layout of the house includes: UPSTAIRS: -Master bedroom with queen bed and en-suite spa shower with 3 jets.   -Bedroom with twin trundle bed (sleeps 2).   -Bedroom with 1 twin (bunk with desk underneath, best for a child or someone who doesn't mind climbing up to sleep!). -Full Bathroom. MAIN FLOOR: -Kitchen/ dining room/ living room with gas fireplace.   -Access to deck and outdoor BBQ.  Stairs to backyard garden. -.5 bath BASEMENT:  - Big open room with TV, ping pong, Foosball, games. -Treadmill (ages 18+ please, at your own risk) -Bedroom with Queen bed an",none,"Our house in in the heart of Montlake in Seattle; this is a charming, quiet neighborhood of traditional Seattle homes, but yet is central to everything in Seattle (15 - 20 min to downtown, 10 min to University of Washington).  The Washington Park Arboretum is next door and offers miles of trails and nature.  If you are too tired to go out, there is a great little market 1.5 blocks away, restaurants, a coffee shop, and the Montlake Library.   You can curl up in our hammock and enjoy a good book!","Our ""other pets"" are our fish.  The bedrooms upstairs each have a small aquarium.   We also have a dog who will NOT be there and a hamster who may be there during your stay (if so, he only needs to be fed once a week or so!).","Our house is 1.5 blocks from a major transit line to downtown Seattle and University of Washington.  It is easy to explore Seattle by bike from our house (Montlake Bicycle Shop 3 blocks away rents bikes)--we live along the Lake Washington bike route, and are close to the Burke Gilman trail.",https://a1.muscache.com/ac/pictures/80259372/6382e306_original.jpg?interpolation=lanczos-none&size=small&output-format=jpg&output-quality=70,https://a1.muscache.com/im/pictures/80259372/6382e306_original.jpg?aki_policy=medium,https://a1.muscache.com/ac/pictures/80259372/6382e306_original.jpg?interpolation=lanczos-none&size=large_cover&output-format=jpg&output-quality=70,https://a1.muscache.com/ac/pictures/80259372/6382e306_original.jpg?interpolation=lanczos-none&size=x_large_cover&output-format=jpg&output-quality=70,7118717,https://www.airbnb.com/users/show/7118717,Karen,2013-06-25,"Seattle, Washington, United States",I am from Seattle and will be traveling with my family!  ,,,,f,"https://a1.muscache.com/ac/users/7118717/profile_pic/1403906548/original.jpg?interpolation=lanczos-none&crop=w:w;*,*&crop=h:h;*,*&resize=50:*&output-format=jpg&output-quality=70","https://a1.muscache.com/ac/users/7118717/profile_pic/1403906548/original.jpg?interpolation=lanczos-none&crop=w:w;*,*&crop=h:h;*,*&resize=225:*&output-format=jpg&output-quality=70",Montlake,1.0,1.0,"['email', 'phone', 'reviews', 'kba']",t,t,"East McGraw Street, Seattle, WA 98112, United States",Montlake,Montlake,Capitol Hill,Seattle,WA,98112,Seattle,"Seattle, WA",US,United States,47.64003067422799,-122.29850281251068,t,House,Entire home/apt,9,3.5,4.0,5.0,Real Bed,"{TV,Internet,""Wireless Internet"",Kitchen,""Free Parking on Premises"",Gym,""Pets live on this property"",""Other pet(s)"",""Indoor Fireplace"",Heating,""Family/Kid Friendly"",Washer,Dryer,""Smoke Detector"",""Carbon Monoxide Detector"",""First Aid Kit"",""Safety Card"",""Fire Extinguisher"",Essentials,Shampoo}",,$400.00,,,$150.00,$150.00,6,$0.00,2,1125,2 weeks ago,t,3,3,3,201,2016-01-04,5,2015-05-26,2015-08-24,100.0,10.0,10.0,10.0,10.0,10.0,10.0,f,,WASHINGTON,f,strict,f,f,1,0.67
2385623,https://www.airbnb.com/rooms/2385623,20160104002432,2016-01-04,Private queen room in family home,Our guest bedroom doesn't have enough guests! Come visit us and enjoy all that Capitol Hill has to offer.,"We have a guest room available in our family home. It has a queen sized bed, two side tables, a dresser and small (but deep) closet. The bathroom is shared with our two children who use it mainly at bedtime (7pm).  Our children wake at 6am all days so you'll be disturbed for a short period until we make our way downstairs.","Our guest bedroom doesn't have enough guests! Come visit us and enjoy all that Capitol Hill has to offer. We have a guest room available in our family home. It has a queen sized bed, two side tables, a dresser and small (but deep) closet. The bathroom is shared with our two children who use it mainly at bedtime (7pm).  Our children wake at 6am all days so you'll be disturbed for a short period until we make our way downstairs. Living space, shared bathroom, kitchen.  We're pretty busy throughout the week as we're working full time and trying to manage two kids, but we'd be happy to direct you to interesting places in the neighbourhood! Parking is available on the street in front of the house. Two bus lines are nearby (#10 - a 15-minute walk, and #49 - a 10-minute walk) both going to downtown and #49 also going to the University of Washington.",none,,,"Parking is available on the street in front of the house. Two bus lines are nearby (#10 - a 15-minute walk, and #49 - a 10-minute walk) both going to downtown and #49 also going to the University of Washington.",https://a0.muscache.com/ac/pictures/31755019/2776de2f_original.jpg?interpolation=lanczos-none&size=small&output-format=jpg&output-quality=70,https://a0.muscache.com/im/pictures/31755019/2776de2f_original.jpg?aki_policy=medium,https://a0.muscache.com/ac/pictures/31755019/2776de2f_original.jpg?interpolation=lanczos-none&size=large_cover&output-format=jpg&output-quality=70,https://a0.muscache.com/ac/pictures/31755019/2776de2f_original.jpg?interpolation=lanczos-none&size=x_large_cover&output-format=jpg&output-quality=70,12002224,https://www.airbnb.com/users/show/12002224,Bojana,2014-02-06,"Seattle, Washington, United States",We're a young family with two little kids and a house we're still growing into. We enjoy having a full house and meeting new people - we hope you'll come by!,within a few hours,100%,,f,"https://a1.muscache.com/ac/users/12002224/profile_pic/1403623446/original.jpg?interpolation=lanczos-none&crop=w:w;*,*&crop=h:h;*,*&resize=50:*&output-format=jpg&output-quality=70","https://a1.muscache.com/ac/users/12002224/profile_pic/1403623446/original.jpg?interpolation=lanczos-none&crop=w:w;*,*&crop=h:h;*,*&resize=225:*&output-format=jpg&output-quality=70",Montlake,2.0,2.0,"['email', 'phone', 'reviews', 'kba']",t,t,"14th Avenue East, Seattle, WA 98112, United States",Montlake,Montlake,Capitol Hill,Seattle,WA,98112,Seattle,"Seattle, WA",US,United States,47.63658516658972,-122.31588545001054,t,House,Private room,2,1.5,1.0,1.0,Real Bed,"{TV,Internet,""Wireless Internet"",Kitchen,""Indoor Fireplace"",Heating,""Family/Kid Friendly"",Washer,Dryer,Essentials,Shampoo}",,$100.00,,,,$10.00,1,$0.00,2,10,3 months ago,t,30,60,89,89,2016-01-04,23,2014-02-22,2014-09-13,98.0,9.0,10.0,10.0,10.0,10.0,9.0,f,,WASHINGTON,f,moderate,f,f,2,1.01
5006092,https://www.airbnb.com/rooms/5006092,20160104002432,2016-01-04,Spacious Studio close to UW campus,"Spacious, quiet studio retreat in the lovely Montlake neighborhood just 1 mile to UW campus, with easy access to downtown and Bellevue. Perfect spot for parents visiting their UW student or others wanting a central but quiet location.","Enjoy a tranquil retreat in this private spacious and quiet lower-level studio of a 1920s Tudor home in the gracious Montlake neighborhood.  Features: - 500 sq ft. open studio with private entry and custom key code - Queen-size bed with new pillow-top, duvet, and 800-thread count Egyptian cotton sheets - Cozy sitting area with couch, fireplace, books, and games  - Kitchenette with mini-fridge, microwave, coffee maker, electric tea kettle and toaster. Coffee, tea, cold drinks and snacks provided - Excellent public transportation  - Abundant, free street parking  - Great access to nearby amenities ","Spacious, quiet studio retreat in the lovely Montlake neighborhood just 1 mile to UW campus, with easy access to downtown and Bellevue. Perfect spot for parents visiting their UW student or others wanting a central but quiet location. Enjoy a tranquil retreat in this private spacious and quiet lower-level studio of a 1920s Tudor home in the gracious Montlake neighborhood.  Features: - 500 sq ft. open studio with private entry and custom key code - Queen-size bed with new pillow-top, duvet, and 800-thread count Egyptian cotton sheets - Cozy sitting area with couch, fireplace, books, and games  - Kitchenette with mini-fridge, microwave, coffee maker, electric tea kettle and toaster. Coffee, tea, cold drinks and snacks provided - Excellent public transportation  - Abundant, free street parking  - Great access to nearby amenities Guests have private key-code entrance to the entire lower floor of the house this includes the studio as well as the laundry room. Guests are free to use washer a",none,"Montlake is a lovely neighborhood centrally located in Seattle, just 1 mile from the University of Washington and with very convenient access to both I-5 and 520 freeways.  The studio is within 3 blocks of:  - Café Lago, a traditional Italian trattoria  - Fuel, a great independent coffee house - Traveler Montlake, a neighborhood pub with sliders and poutine! - Mont's Market, a treasure of a corner grocery store with lots of organic food and a fabulous wine selection - The Arboretum (A 230-acre lush green park with plentiful trails for walking or running, plus an assortment of beautiful gardens)  You are also just minutes away from Volunteer Park and the Asian Art Museum and Conservatory as well as the Henry Art Gallery and the Burke Museum at the University of Washington.  ",,"- Free on-street parking - One block to bus lines that take you to UW district (5 min.), downtown (20 min.), and airport (60 min.) - Easy access to Car to Go, Uber, Lyft, and taxis.  ",https://a1.muscache.com/ac/pictures/66455349/fa3bcf05_original.jpg?interpolation=lanczos-none&size=small&output-format=jpg&output-quality=70,https://a1.muscache.com/im/pictures/66455349/fa3bcf05_original.jpg?aki_policy=medium,https://a1.muscache.com/ac/pictures/66455349/fa3bcf05_original.jpg?interpolation=lanczos-none&size=large_cover&output-format=jpg&output-quality=70,https://a1.muscache.com/ac/pictures/66455349/fa3bcf05_original.jpg?interpolation=lanczos-none&size=x_large_cover&output-format=jpg&output-quality=70,25816390,https://www.airbnb.com/users/show/25816390,Susannah,2015-01-08,"Seattle, Washington, United States","A life-long Northwest resident, I have lived in Seattle since 1982 and work downtown running a not-for-profit organization. I enjoy gardening, cooking, and spending time with my friends and extended family. I am happy to share my knowledge of the best spots in Seattle with you! ",within a few hours,100%,100%,f,"https://a1.muscache.com/ac/users/25816390/profile_pic/1423196062/original.jpg?interpolation=lanczos-none&crop=w:w;*,*&crop=h:h;*,*&resize=50:*&output-format=jpg&output-quality=70","https://a1.muscache.com/ac/users/25816390/profile_pic/1423196062/original.jpg?interpolation=lanczos-none&crop=w:w;*,*&crop=h:h;*,*&resize=225:*&output-format=jpg&output-quality=70",Montlake,1.0,1.0,"['email', 'phone', 'reviews']",t,f,"23rd Avenue East, Seattle, WA 98112, United States",Montlake,Montlake,Capitol Hill,Seattle,WA,98112,Seattle,"Seattle, WA",US,United States,47.63799192209454,-122.30400812631808,t,Apartment,Entire home/apt,2,1.0,1.0,1.0,Real Bed,"{TV,""Cable TV"",Internet,""Wireless Internet"",Kitchen,""Free Parking on Premises"",""Indoor Fireplace"",Heating,""Family/Kid Friendly"",Washer,Dryer,""Smoke Detector"",""First Aid Kit"",""Fire Extinguisher"",Essentials,Shampoo}",,$125.00,$775.00,,,$40.00,1,$0.00,2,14,2 weeks ago,t,20,20,40,129,2016-01-04,29,2015-04-09,2015-12-07,96.0,10.0,10.0,10.0,10.0,10.0,9.0,f,,WASHINGTON,f,moderate,f,f,1,3.21
7070169,https://www.airbnb.com/rooms/7070169,20160104002432,2016-01-04,Montlake Studio,"Private lower level studio overlooking a front garden. Living room/bedroom, separate kitchenette, bathroom, and front deck. Centrally located between Capitol Hill, the Arboretum and the University of Washington; a few miles from downtown.","Well-appointed and cozy space looking into the garden. Large living room/bedroom (comfortable bed, sofa (with sofa bed), TV, desk, fireplace), separate kitchenette (refrigerator, microwave, mini oven, coffee maker; please note there is no stove), washer and dryer, bathroom.  We provide coffee, tea, snacks, hair dryer, soap, shampoo, umbrellas.","Private lower level studio overlooking a front garden. Living room/bedroom, separate kitchenette, bathroom, and front deck. Centrally located between Capitol Hill, the Arboretum and the University of Washington; a few miles from downtown. Well-appointed and cozy space looking into the garden. Large living room/bedroom (comfortable bed, sofa (with sofa bed), TV, desk, fireplace), separate kitchenette (refrigerator, microwave, mini oven, coffee maker; please note there is no stove), washer and dryer, bathroom.  We provide coffee, tea, snacks, hair dryer, soap, shampoo, umbrellas. Fully private lower level (basement) studio within a house; private entrance through side garden. I am available by phone for any advice or help you may need. Montlake is centrally located between Capitol Hill, the Arboretum and University of Washington. Three miles from downtown, accessible by the 43 and 25 buses. Great neighborhood for walking, biking and kayaking. Coffee shop, restaurants, delis, library just",none,"Montlake is centrally located between Capitol Hill, the Arboretum and University of Washington. Three miles from downtown, accessible by the 43 and 25 buses. Great neighborhood for walking, biking and kayaking. Coffee shop, restaurants, delis, library just steps away.","There are 15 steps up from the street level to access the studio and garden deck. Once inside, there are 8 steps down to the Studio.","Good access to public transportation (bus) to downtown and other parts of Seattle; light rail operational in 2016 will provide easy access to the airport, Capitol Hill and downtown.",https://a2.muscache.com/ac/pictures/91497069/738e1b95_original.jpg?interpolation=lanczos-none&size=small&output-format=jpg&output-quality=70,https://a2.muscache.com/im/pictures/91497069/738e1b95_original.jpg?aki_policy=medium,https://a2.muscache.com/ac/pictures/91497069/738e1b95_original.jpg?interpolation=lanczos-none&size=large_cover&output-format=jpg&output-quality=70,https://a2.muscache.com/ac/pictures/91497069/738e1b95_original.jpg?interpolation=lanczos-none&size=x_large_cover&output-format=jpg&output-quality=70,22449579,https://www.airbnb.com/users/show/22449579,Ann,2014-10-12,"Seattle, Washington, United States","Financial services professional, though currently taking a break to explore other interests. I grew up in a number of different countries and work, school, and volunteer opportunities have taken me to even more. I love to travel, and to meet fellow travelers. My centrally-located space is perfect for exploring Seattle and beyond, and for business and school-related visitors as well.",within an hour,100%,100%,t,"https://a0.muscache.com/ac/users/22449579/profile_pic/1435619723/original.jpg?interpolation=lanczos-none&crop=w:w;*,*&crop=h:h;*,*&resize=50:*&output-format=jpg&output-quality=70","https://a0.muscache.com/ac/users/22449579/profile_pic/1435619723/original.jpg?interpolation=lanczos-none&crop=w:w;*,*&crop=h:h;*,*&resize=225:*&output-format=jpg&output-quality=70",Montlake,1.0,1.0,"['email', 'phone', 'reviews', 'kba']",t,t,"East McGraw Street, Seattle, WA 98112, United States",Montlake,Montlake,Capitol Hill,Seattle,WA,98112,Seattle,"Seattle, WA",US,United States,47.64033435220519,-122.30526080265231,t,House,Entire home/apt,2,1.0,1.0,1.0,Real Bed,"{TV,""Cable TV"",Internet,""Wireless Internet"",Kitchen,""Free Parking on Premises"",""Indoor Fireplace"",Heating,Washer,Dryer,""Smoke Detector"",""Carbon Monoxide Detector"",""First Aid Kit"",""Fire Extinguisher"",Essentials,Shampoo,""24-Hour Check-in"",Hangers,""Hair Dryer"",Iron,""Laptop Friendly Workspace""}",,$115.00,$690.00,,$150.00,$35.00,1,$0.00,2,1125,2 weeks ago,t,11,39,69,334,2016-01-04,24,2015-07-15,2015-12-01,99.0,10.0,10.0,10.0,10.0,10.0,10.0,f,,WASHINGTON,f,moderate,f,f,1,4.14
7988792,https://www.airbnb.com/rooms/7988792,20160104002432,2016-01-04,Capitol Hill/Seattle University,"Hello! My name is Alex, I have an awesome house in Capitol hill of Seattle. I have a private bedroom/bathroom available. I'm usually at work, or out with friends so the place is quite.",,"Hello! My name is Alex, I have an awesome house in Capitol hill of Seattle. I have a private bedroom/bathroom available. I'm usually at work, or out with friends so the place is quite.",none,,,,https://a0.muscache.com/ac/pictures/101811334/1b482de2_original.jpg?interpolation=lanczos-none&size=small&output-format=jpg&output-quality=70,https://a0.muscache.com/im/pictures/101811334/1b482de2_original.jpg?aki_policy=medium,https://a0.muscache.com/ac/pictures/101811334/1b482de2_original.jpg?interpolation=lanczos-none&size=large_cover&output-format=jpg&output-quality=70,https://a0.muscache.com/ac/pictures/101811334/1b482de2_original.jpg?interpolation=lanczos-none&size=x_large_cover&output-format=jpg&output-quality=70,42050147,https://www.airbnb.com/users/show/42050147,Alex,2015-08-20,US,,,,,f,"https://a2.muscache.com/ac/users/42050147/profile_pic/1440211443/original.jpg?interpolation=lanczos-none&crop=w:w;*,*&crop=h:h;*,*&resize=50:*&output-format=jpg&output-quality=70","https://a2.muscache.com/ac/users/42050147/profile_pic/1440211443/original.jpg?interpolation=lanczos-none&crop=w:w;*,*&crop=h:h;*,*&resize=225:*&output-format=jpg&output-quality=70",Capitol Hill,1.0,1.0,"['email', 'phone']",t,f,"12th Avenue, Seattle, WA 98122, United States",Capitol Hill,Broadway,Capitol Hill,Seattle,WA,98122,Seattle,"Seattle, WA",US,United States,47.61486054053562,-122.31546833124018,t,House,Private room,1,1.0,1.0,1.0,Real Bed,"{TV,""Wireless Internet"",""Air Conditioning"",Kitchen,""Free Parking on Premises"",""Indoor Fireplace"",Heating,Washer,Dryer,""Smoke Detector"",""Carbon Monoxide Detector"",""Safety Card"",""Fire Extinguisher"",Essentials}",,$50.00,,,,,1,$0.00,1,1125,4 months ago,t,0,0,0,109,2016-01-04,0,,,,,,,,,,f,,WASHINGTON,f,flexible,f,f,1,
6335327,https://www.airbnb.com/rooms/6335327,20160104002432,2016-01-04,"Spacious, Awesome view, in Caphill","Apartment is extremely clean, it is in an older building in a quaint neighborhood of capital hill with a 3 minute walk to Broadway with all great cafes, restaurants, and nightlife. If you are looking for an amazing location, this is a great pick!",,"Apartment is extremely clean, it is in an older building in a quaint neighborhood of capital hill with a 3 minute walk to Broadway with all great cafes, restaurants, and nightlife. If you are looking for an amazing location, this is a great pick!",none,,,,https://a0.muscache.com/ac/pictures/79250659/6b2759e1_original.jpg?interpolation=lanczos-none&size=small&output-format=jpg&output-quality=70,https://a0.muscache.com/im/pictures/79250659/6b2759e1_original.jpg?aki_policy=medium,https://a0.muscache.com/ac/pictures/79250659/6b2759e1_original.jpg?interpolation=lanczos-none&size=large_cover&output-format=jpg&output-quality=70,https://a0.muscache.com/ac/pictures/79250659/6b2759e1_original.jpg?interpolation=lanczos-none&size=x_large_cover&output-format=jpg&output-quality=70,21404681,https://www.airbnb.com/users/show/21404681,Lc,2014-09-16,US,,within a few hours,100%,100%,f,"https://a0.muscache.com/ac/users/21404681/profile_pic/1431219290/original.jpg?interpolation=lanczos-none&crop=w:w;*,*&crop=h:h;*,*&resize=50:*&output-format=jpg&output-quality=70","https://a0.muscache.com/ac/users/21404681/profile_pic/1431219290/original.jpg?interpolation=lanczos-none&crop=w:w;*,*&crop=h:h;*,*&resize=225:*&output-format=jpg&output-quality=70",Capitol Hill,2.0,2.0,"['email', 'phone', 'facebook', 'linkedin', 'reviews', 'jumio']",t,t,"Bellevue Avenue East, Seattle, WA 98102, United States",Capitol Hill,Broadway,Capitol Hill,Seattle,WA,98102,Seattle,"Seattle, WA",US,United States,47.624137917270176,-122.32727554311612,t,Apartment,Private room,1,1.0,1.0,1.0,Real Bed,"{TV,Internet,Kitchen,""Elevator in Building"",Washer,Dryer,""Smoke Detector"",Essentials}",,$59.00,,,$150.00,$50.00,1,$0.00,1,1125,yesterday,t,30,60,90,365,2016-01-04,4,2015-05-17,2015-06-12,95.0,10.0,10.0,10.0,10.0,10.0,10.0,f,,WASHINGTON,f,strict,f,f,2,0.52
3858725,https://www.airbnb.com/rooms/3858725,20160104002432,2016-01-04,Heart of Seattle with Gorgeous View,Seattle Modern 1 bedroom with a spectacular view of downtown Seattle and the Space Needle. Located in the heart of the city-Close to all bus lines &  walking distance to hundreds of businesses and attractions.  Exquisitely Unique & charming vibe.,"Breathtaking View in the heart of the city. The apartment is modern/cozy/clean. Big balcony with a space heater. Walking distance from countless attractions and less than Ten dollar cab or less to almost all attractions, restaurants, local bars. Very quick and easy access to I-5 South and North","Seattle Modern 1 bedroom with a spectacular view of downtown Seattle and the Space Needle. Located in the heart of the city-Close to all bus lines &  walking distance to hundreds of businesses and attractions.  Exquisitely Unique & charming vibe. Breathtaking View in the heart of the city. The apartment is modern/cozy/clean. Big balcony with a space heater. Walking distance from countless attractions and less than Ten dollar cab or less to almost all attractions, restaurants, local bars. Very quick and easy access to I-5 South and North Free Street Parking I always meet my guests when they first arrive and will answer any questions and make sure that they are comfortable with everything. I'm also always reachable by text or call for any questions, comments, or concerns. I am more than happy to recommend places to guests that are not very knowledgeable of the Seattle area.  This location sits in the middle between Capitol Hill and Lake Union. These area are the heart and vibe of Seattle",none,"This location sits in the middle between Capitol Hill and Lake Union. These area are the heart and vibe of Seattle.  Capitol Hill is a neighborhood that doesn't fit easy stereotypes. Part hip and urban, part wooded and stately, it is a community that often feels like a small town in itself, one that a huge variety of business — and people from all walks of life — call home. Perhaps it's the diversity of the businesses and attractions that brings such a diverse group of people to this neighborhood. Highlights include the Broadway Farmers Market, a seasonal fiesta of food, flowers and music; Cal Anderson Park, which is full of dog walkers, Frisbee players and children dipping their toes in the streaming fountain; and the Pike/Pine Corridor's vintage clothing stores, furniture shops and coffeehouses. Lake Union is one of the fastest growing and most vibrant neighborhoods in Seattle. As the city's downtown lakefront neighborhood, it's a place where cutting-edge companies co-exist with urba",The apartment is secured by Front Point Security (Alarm System),"Buses (PHONE NUMBER HIDDEN) and 49 travel between downtown and Capitol Hill. Buses 3, 4, 5, and 40 run between downtown and Lake Union.  The Seattle Streetcar runs daily at 15-minute intervals offering a fast link between South Lake Union, Denny Triangle and the vibrant downtown core, with connections to regional transit hubs that take riders to and from the airport via the Link Light Rail.   Buses 3, 4, 5, and 40 run between downtown and Lake Union.  (URL HIDDEN) (URL HIDDEN) www(URL HIDDEN) www.cap(URL HIDDEN) w(URL HIDDEN) Courtesy of (URL HIDDEN)",https://a1.muscache.com/ac/pictures/93953673/9b036b23_original.jpg?interpolation=lanczos-none&size=small&output-format=jpg&output-quality=70,https://a1.muscache.com/im/pictures/93953673/9b036b23_original.jpg?aki_policy=medium,https://a1.muscache.com/ac/pictures/93953673/9b036b23_original.jpg?interpolation=lanczos-none&size=large_cover&output-format=jpg&output-quality=70,https://a1.muscache.com/ac/pictures/93953673/9b036b23_original.jpg?interpolation=lanczos-none&size=x_large_cover&output-format=jpg&output-quality=70,19903240,https://www.airbnb.com/users/show/19903240,Sara,2014-08-12,"Seattle, Washington, United States","I'm a fun-loving individual who works in the aerospace industry as an industrial engineer. I am very familiar with Seattle's restaurant, bar and club scene and is an excellent guide. I enjoy traveling all over the world, and I am using AirBNB to fund it.
Anything else, just ask :)",within a day,50%,100%,f,"https://a1.muscache.com/ac/users/19903240/profile_pic/1407860710/original.jpg?interpolation=lanczos-none&crop=w:w;*,*&crop=h:h;*,*&resize=50:*&output-format=jpg&output-quality=70","https://a1.muscache.com/ac/users/19903240/profile_pic/1407860710/original.jpg?interpolation=lanczos-none&crop=w:w;*,*&crop=h:h;*,*&resize=225:*&output-format=jpg&output-quality=70",Capitol Hill,1.0,1.0,"['email', 'phone', 'google', 'linkedin', 'reviews', 'kba']",t,t,"Melrose Avenue East, Seattle, WA 98102, United States",Capitol Hill,Broadway,Capitol Hill,Seattle,WA,98102,Seattle,"Seattle, WA",US,United States,47.62105904383071,-122.32822010237196,t,Apartment,Entire home/apt,2,1.0,1.0,1.0,Real Bed,"{TV,Internet,""Wireless Internet"",""Wheelchair Accessible"",Kitchen,""Free Parking on Premises"",""Elevator in Building"",""Buzzer/Wireless Intercom"",Heating,Washer,Dryer,""Smoke Detector"",""Carbon Monoxide Detector"",""First Aid Kit"",""Safety Card"",Essentials,Shampoo}",,$122.00,,,$250.00,$50.00,1,$50.00,1,1125,6 weeks ago,t,30,60,90,179,2016-01-04,12,2014-08-27,2015-09-02,94.0,10.0,10.0,10.0,10.0,10.0,9.0,f,,WASHINGTON,f,moderate,f,f,1,0.73
385438,https://www.airbnb.com/rooms/385438,20160104002432,2016-01-04,Luxury Condo with lake union views ,,"Private yet a maximum of 5 minutes to anywhere in Seattle - Downtown, Belltown, Capitol Hill. 2 convenient bus stops within a block. Best of all, all the fun dining and coffee shops on Broadway Ave., are a quick walk away. (Walk Score of 95 / 100 - walker's paradise!) As far as the home itself, you will not be disappointed! 2 Spacious bedrooms with bathrooms, a generous living and dining area and a fully equipped kitchen with brand new appliances. There's a laundry room to do your laundry at your convenience. The large balcony has a barbecue grill and gives you a sense of a secluded nest with surrounding greenery right in the heart of the city!  Oh, do I have to even talk about the views? Just take a look at the pictures. Bottom line - you will not be disappointed with this place. In fact, you will not want to leave once you come here :) Happy vacationing! ","Private yet a maximum of 5 minutes to anywhere in Seattle - Downtown, Belltown, Capitol Hill. 2 convenient bus stops within a block. Best of all, all the fun dining and coffee shops on Broadway Ave., are a quick walk away. (Walk Score of 95 / 100 - walker's paradise!) As far as the home itself, you will not be disappointed! 2 Spacious bedrooms with bathrooms, a generous living and dining area and a fully equipped kitchen with brand new appliances. There's a laundry room to do your laundry at your convenience. The large balcony has a barbecue grill and gives you a sense of a secluded nest with surrounding greenery right in the heart of the city!  Oh, do I have to even talk about the views? Just take a look at the pictures. Bottom line - you will not be disappointed with this place. In fact, you will not want to leave once you come here :) Happy vacationing! ",none,,,,https://a0.muscache.com/ac/pictures/4780734/0e4568a9_original.jpg?interpolation=lanczos-none&size=small&output-format=jpg&output-quality=70,https://a0.muscache.com/im/pictures/4780734/0e4568a9_original.jpg?aki_policy=medium,https://a0.muscache.com/ac/pictures/4780734/0e4568a9_original.jpg?interpolation=lanczos-none&size=large_cover&output-format=jpg&output-quality=70,https://a0.muscache.com/ac/pictures/4780734/0e4568a9_original.jpg?interpolation=lanczos-none&size=x_large_cover&output-format=jpg&output-quality=70,1929300,https://www.airbnb.com/users/show/1929300,Arvind,2012-03-15,"Seattle, Washington, United States","We are a young family with a zest for travel, entertaining and meeting new people. ",within a few hours,100%,100%,f,"https://a1.muscache.com/ac/users/1929300/profile_pic/1335215989/original.jpg?interpolation=lanczos-none&crop=w:w;*,*&crop=h:h;*,*&resize=50:*&output-format=jpg&output-quality=70","https://a1.muscache.com/ac/users/1929300/profile_pic/1335215989/original.jpg?interpolation=lanczos-none&crop=w:w;*,*&crop=h:h;*,*&resize=225:*&output-format=jpg&output-quality=70",Broadway,1.0,1.0,"['email', 'phone', 'facebook', 'reviews', 'kba']",t,t,"Belmont Ave E, Seattle, WA 98102, United States",Broadway,Broadway,Capitol Hill,Seattle,WA,98102,Seattle,"Seattle, WA",US,United States,47.62836567900654,-122.32626046891215,t,Apartment,Entire home/apt,6,2.0,2.0,2.0,Real Bed,"{TV,""Cable TV"",Internet,""Wireless Internet"",""Air Conditioning"",""Wheelchair Accessible"",Kitchen,""Free Parking on Premises"",""Elevator in Building"",""Indoor Fireplace"",""Buzzer/Wireless Intercom"",Heating,""Family/Kid Friendly"",Washer,Dryer}",,$175.00,"$1,050.00","$3,000.00",,$100.00,4,$10.00,4,7,3 months ago,t,0,0,0,58,2016-01-04,4,2012-07-16,2015-09-08,90.0,8.0,8.0,10.0,9.0,8.0,8.0,f,,WASHINGTON,f,moderate,f,f,1,0.09
3615614,https://www.airbnb.com/rooms/3615614,20160104002432,2016-01-04,Location! Capitol HiIl & Walkable!,"A welcoming urban retreat, with a pillow-top queen bed, in a very desirable location on Capitol Hill- North of Cal Anderson park, two streets from Broadway. And a pleasant walk, or quick ride, to most of what Seattle has to offer...","Center of Capitol Hill, steps from Cal Anderson Park-- the quieter tree-lined side; though, diverse, urban and vibrant (this is the most densely populated area of Seattle). The space (private room in a small flat) has a provincial feel with vintage decor and the shared bath is just across from your room. The main shared space is open during the day for reading, relaxing and planning your stay (see orange lounges in photo- this is where I will be).  I've created a peaceful little place, just steps from Cal Anderson Park, for my own relaxation and peace in this exciting diverse vibrant neighborhood- I hope you enjoy it, too!  I prefer guests to contact me and tell me a little bit about yourself when/before you book. I consider hosting AirBnB guests an ""independent"" house guest/friendly visitor experience. This is a very convenient urban location to call ""home-base"" while visiting and exploring Seattle.","A welcoming urban retreat, with a pillow-top queen bed, in a very desirable location on Capitol Hill- North of Cal Anderson park, two streets from Broadway. And a pleasant walk, or quick ride, to most of what Seattle has to offer... Center of Capitol Hill, steps from Cal Anderson Park-- the quieter tree-lined side; though, diverse, urban and vibrant (this is the most densely populated area of Seattle). The space (private room in a small flat) has a provincial feel with vintage decor and the shared bath is just across from your room. The main shared space is open during the day for reading, relaxing and planning your stay (see orange lounges in photo- this is where I will be).  I've created a peaceful little place, just steps from Cal Anderson Park, for my own relaxation and peace in this exciting diverse vibrant neighborhood- I hope you enjoy it, too!  I prefer guests to contact me and tell me a little bit about yourself when/before you book. I consider hosting AirBnB guests an ""indepe",none,"The flat is smack dab in the middle of Capitol Hill, off of Cal Anderson Park (the tree-lined side-- but diverse and active) and only four streets from the Pike/Pine Corridor (the hip vibrant night-life side). Capitol Hill is the most densely populated area of Seattle and there is literally something for everyone here. The neighborhood is conveniently within walking distance to downtown and is diverse, busy, creative and vibrant. Capitol Hill is one of the most desirable locations in Seattle.","I have a wonderful poodle hybrid (standard size) and a darling vocal cat. If you are allergy prone, this isn't a place for you. If you happen to be ""a cup is half empty"" kind of person, or are oppressive, please don't book here.  This is NOT a newer/modern building. This is an older building. This is the original Capitol Hill with fantastic neighbors, ranging from engineers/technologists to graphic designers to school teachers. Please be cool.","I don't own a car and specifically chose this location for the ease and convenience of being able to walk almost anywhere. Everything Seattle has to offer is either within walking distance or a quick ride away. My monthly transportation cost hasn't exceeded $50 and many months it is zero. It is roughly a $5 Uber to/from Downtown (depending on traffic). Most guests walk to Pike Place Market in 20 minutes. I do provide walking maps that highlight some places to see along the way, which may add to this time.  Metro (bus) routes:  43 (across the street- Downtown/ University District) 12 (Pike/Pine to/from Downtown) 11 (Pike/Pine to/from Downtown) 10 (Pike/Pine to/from Downtown) 8 Bus is across the street. (Seattle Center/ Space Needle/ South Lake Union ""SLU""/ Lower Queen Anne) 60 (Broadway/Georgetown) 49 (Broadway/ University District/ Downtown) Light Rail will soon be 2 streets away.  Car2Go Zipcar (cars available less than a street away) Uber (first time Uber rider? Use uberLambda referr",https://a1.muscache.com/ac/pictures/46265017/dbba6b03_original.jpg?interpolation=lanczos-none&size=small&output-format=jpg&output-quality=70,https://a1.muscache.com/im/pictures/46265017/dbba6b03_original.jpg?aki_policy=medium,https://a1.muscache.com/ac/pictures/46265017/dbba6b03_original.jpg?interpolation=lanczos-none&size=large_cover&output-format=jpg&output-quality=70,https://a1.muscache.com/ac/pictures/46265017/dbba6b03_original.jpg?interpolation=lanczos-none&size=x_large_cover&output-format=jpg&output-quality=70,18218129,https://www.airbnb.com/users/show/18218129,T.J.,2014-07-16,"Seattle, Washington, United States","I am new to AirBnB, but not new to hosting travelers. On another online platform I have hosted, acted as tourist guide and befriended many individuals and couples from all over the world. With stellar reviews! I’ve even traveled to visit new friends in their home countries. Unfortunately, I am busy these days, but still will be available to answer any questions you may have, so that your stay is genuinely local and your own. This is a wonderful experience you won’t forget. ",within a few hours,100%,100%,t,"https://a0.muscache.com/ac/users/18218129/profile_pic/1406000193/original.jpg?interpolation=lanczos-none&crop=w:w;*,*&crop=h:h;*,*&resize=50:*&output-format=jpg&output-quality=70","https://a0.muscache.com/ac/users/18218129/profile_pic/1406000193/original.jpg?interpolation=lanczos-none&crop=w:w;*,*&crop=h:h;*,*&resize=225:*&output-format=jpg&output-quality=70",Capitol Hill,1.0,1.0,"['email', 'phone', 'google', 'reviews', 'jumio']",t,t,"11th Avenue East, Seattle, WA 98102, United States",Capitol Hill,Broadway,Capitol Hill,Seattle,WA,98102,Seattle,"Seattle, WA",US,United States,47.61966388959199,-122.3191162795944,t,Apartment,Private room,2,1.0,1.0,1.0,Real Bed,"{Internet,""Wireless Internet"",Kitchen,""Pets live on this property"",Dog(s),Cat(s),""Buzzer/Wireless Intercom"",Heating,Washer,Dryer,""Smoke Detector"",""Carbon Monoxide Detector"",""First Aid Kit"",""Safety Card"",""Fire Extinguisher"",Essentials,Shampoo}",,$69.00,,,$200.00,$12.00,1,$10.00,1,1125,today,t,17,47,77,352,2016-01-04,124,2014-07-28,2015-12-11,97.0,10.0,10.0,10.0,10.0,10.0,10.0,f,,WASHINGTON,f,strict,f,f,1,7.07
8339580,https://www.airbnb.com/rooms/8339580,20160104002432,2016-01-04,Spacious 2Br/1Ba - Capitol HIll,"If you're like me when you airbnb, you're looking for:  - A great location  - A comfortable and clean place  - A great price I love my apartment, I think you will too!  I travel for work so I may have random deals, just ask!",,"If you're like me when you airbnb, you're looking for:  - A great location  - A comfortable and clean place  - A great price I love my apartment, I think you will too!  I travel for work so I may have random deals, just ask!",none,,,,https://a0.muscache.com/ac/pictures/111129964/d1d2a9d0_original.jpg?interpolation=lanczos-none&size=small&output-format=jpg&output-quality=70,https://a0.muscache.com/im/pictures/111129964/d1d2a9d0_original.jpg?aki_policy=medium,https://a0.muscache.com/ac/pictures/111129964/d1d2a9d0_original.jpg?interpolation=lanczos-none&size=large_cover&output-format=jpg&output-quality=70,https://a0.muscache.com/ac/pictures/111129964/d1d2a9d0_original.jpg?interpolation=lanczos-none&size=x_large_cover&output-format=jpg&output-quality=70,43958809,https://www.airbnb.com/users/show/43958809,Brett,2015-09-11,"Seattle, Washington, United States",,within a day,50%,100%,f,"https://a1.muscache.com/ac/users/43958809/profile_pic/1444241117/original.jpg?interpolation=lanczos-none&crop=w:w;*,*&crop=h:h;*,*&resize=50:*&output-format=jpg&output-quality=70","https://a1.muscache.com/ac/users/43958809/profile_pic/1444241117/original.jpg?interpolation=lanczos-none&crop=w:w;*,*&crop=h:h;*,*&resize=225:*&output-format=jpg&output-quality=70",Capitol Hill,1.0,1.0,"['email', 'phone', 'facebook', 'reviews']",t,f,"East Roy Street, Seattle, WA 98102, United States",Capitol Hill,Broadway,Capitol Hill,Seattle,WA,98102,Seattle,"Seattle, WA",US,United States,47.62432001041283,-122.32608628301442,t,Apartment,Entire home/apt,5,1.0,2.0,2.0,Real Bed,"{TV,Internet,""Wireless Internet"",""Air Conditioning"",Kitchen,""Pets Allowed"",""Buzzer/Wireless Intercom"",Heating,""Family/Kid Friendly"",Washer,Dryer,""Smoke Detector"",""Carbon Monoxide Detector"",""Safety Card"",""Fire Extinguisher"",Essentials,""Hair Dryer"",Iron,""Laptop Friendly Workspace""}",,$150.00,$700.00,,,$50.00,1,$0.00,1,1125,3 weeks ago,t,30,60,90,365,2016-01-04,3,2015-10-11,2015-12-01,100.0,10.0,10.0,10.0,10.0,10.0,9.0,f,,WASHINGTON,f,flexible,f,f,1,1.05
9480029,https://www.airbnb.com/rooms/9480029,20160104002432,2016-01-04,A Tiny Apt in Capital Hill on 12th,This tiny apartment is located in the heart of Capital Hill! You're just a short walk from Pike and Pine Street and downtown Seattle. It comes with your own bathroom and kitchen! Don't let the size scare you away. :),,This tiny apartment is located in the heart of Capital Hill! You're just a short walk from Pike and Pine Street and downtown Seattle. It comes with your own bathroom and kitchen! Don't let the size scare you away. :),none,,,,,,https://a2.muscache.com/ac/pictures/a90ff4bf-9b75-4fc6-871e-9dfff3711f08.jpg?interpolation=lanczos-none&size=large_cover&output-format=jpg&output-quality=70,,40032160,https://www.airbnb.com/users/show/40032160,Irina,2015-07-30,"Seattle, Washington, United States",,within a day,50%,100%,f,"https://a1.muscache.com/ac/users/40032160/profile_pic/1438291945/original.jpg?interpolation=lanczos-none&crop=w:w;*,*&crop=h:h;*,*&resize=50:*&output-format=jpg&output-quality=70","https://a1.muscache.com/ac/users/40032160/profile_pic/1438291945/original.jpg?interpolation=lanczos-none&crop=w:w;*,*&crop=h:h;*,*&resize=225:*&output-format=jpg&output-quality=70",,1.0,1.0,"['phone', 'facebook']",t,f,"12th Avenue, Seattle, WA 98122, United States",,Broadway,Capitol Hill,Seattle,WA,98122,Seattle,"Seattle, WA",US,United States,47.61638049614916,-122.31786622360212,f,Apartment,Entire home/apt,2,1.0,1.0,1.0,Real Bed,"{Kitchen,""Smoke Detector"",Essentials,Shampoo}",,$80.00,,,,$15.00,1,$0.00,1,1125,7 weeks ago,t,30,60,90,365,2016-01-04,0,,,,,,,,,,f,,WASHINGTON,f,flexible,f,f,1,
139463,https://www.airbnb.com/rooms/139463,20160104002432,2016-01-04,Cozy Urban Studio in Garden Setting,"Charming 1920's studio apartment in courtyard setting w/gardens...just MINUTES from downtown Seattle!  There is no better (URL HIDDEN) block from Broadway Ave., the grocery store, shopping, bars, restaurants & coffee shops!","Charming 1920's studio apartment in courtyard setting w/gardens...just MINUTES from downtown Seattle! There is no better location...you'll be just one block off of Broadway Ave. (transportation!) and from the grocery store, as well as multiple shops, coffee & dining establishments! This quaint studio comes furnished with: Full Kitchen & Bath (incl. all necessary amenities - utensils, cooking utensils, towels, hand soap, dish soap, napkins, etc.) Dining Banquette for dining in Cable TV High-speed Wireless Internet Iron & Ironing Board Desk Ample Closet & Dresser Space Fan(s) supplied for warm weather months Chaise Lounge Super Comfy Queen-Size Four Seasons Pillow Top Bed Coin-op Laundry Facilities are located on the premises Local Restaurant & Sites Guides Guest parking permit for street parking available upon request.  If lost or stolen while in your possession, a $50 fee will be charged from the deposit. Major bus lines (to UW, Pike Place Market, the Waterfront & Pike Place Market, to","Charming 1920's studio apartment in courtyard setting w/gardens...just MINUTES from downtown Seattle!  There is no better (URL HIDDEN) block from Broadway Ave., the grocery store, shopping, bars, restaurants & coffee shops! Charming 1920's studio apartment in courtyard setting w/gardens...just MINUTES from downtown Seattle! There is no better location...you'll be just one block off of Broadway Ave. (transportation!) and from the grocery store, as well as multiple shops, coffee & dining establishments! This quaint studio comes furnished with: Full Kitchen & Bath (incl. all necessary amenities - utensils, cooking utensils, towels, hand soap, dish soap, napkins, etc.) Dining Banquette for dining in Cable TV High-speed Wireless Internet Iron & Ironing Board Desk Ample Closet & Dresser Space Fan(s) supplied for warm weather months Chaise Lounge Super Comfy Queen-Size Four Seasons Pillow Top Bed Coin-op Laundry Facilities are located on the premises Local Restaurant & Sites Guides Guest park",none,We love everything about this (URL HIDDEN) is eclectic and has everything you could need within walking distance!,,One block from major busline access to all over Seattle.,https://a0.muscache.com/ac/pictures/882666/852ca715_original.jpg?interpolation=lanczos-none&size=small&output-format=jpg&output-quality=70,https://a0.muscache.com/im/pictures/882666/852ca715_original.jpg?aki_policy=medium,https://a0.muscache.com/ac/pictures/882666/852ca715_original.jpg?interpolation=lanczos-none&size=large_cover&output-format=jpg&output-quality=70,https://a0.muscache.com/ac/pictures/882666/852ca715_original.jpg?interpolation=lanczos-none&size=x_large_cover&output-format=jpg&output-quality=70,680066,https://www.airbnb.com/users/show/680066,Julie,2011-06-08,"Seattle, Washington, United States","Matt is a property manager, originally from the midwest, but has lived here in Seattle/Lakewood for 21 years...avid golfer & sports fan, loves gardening, home improvement projects and his boys, most of all.  Julie is a homemaker, formerly an archtiectural designer and has lived in Seattle/Lakewood for nearly her whole life...former professional figure skater, loves music, home improvement projects, gardening & time with the family.",within a few hours,88%,100%,f,"https://a2.muscache.com/ac/users/680066/profile_pic/1410473484/original.jpg?interpolation=lanczos-none&crop=w:w;*,*&crop=h:h;*,*&resize=50:*&output-format=jpg&output-quality=70","https://a2.muscache.com/ac/users/680066/profile_pic/1410473484/original.jpg?interpolation=lanczos-none&crop=w:w;*,*&crop=h:h;*,*&resize=225:*&output-format=jpg&output-quality=70",Capitol Hill,1.0,1.0,"['email', 'phone', 'reviews']",t,f,"10th Avenue East, Seattle, WA 98102, United States",Capitol Hill,Broadway,Capitol Hill,Seattle,WA,98102,Seattle,"Seattle, WA",US,United States,47.62168649655349,-122.32061884969023,t,Apartment,Entire home/apt,2,1.0,0.0,1.0,Real Bed,"{""Cable TV"",""Wireless Internet"",Kitchen,Heating,Washer,Dryer,""Smoke Detector"",""Carbon Monoxide Detector"",""Fire Extinguisher""}",,$95.00,,,$300.00,$40.00,1,$0.00,2,365,a week ago,t,0,3,25,298,2016-01-04,91,2011-06-17,2015-12-18,95.0,10.0,10.0,10.0,10.0,10.0,10.0,f,,WASHINGTON,f,strict,f,f,1,1.64
7957689,https://www.airbnb.com/rooms/7957689,20160104002432,2016-01-04,Cozy studio in heart of Capital Hil,"Studio with sunny balcony, full kitchen, queen bed, and washer/dryer. Steps from hip bars, restaurants, and groceries in Seattle's coolest neighborhood! 15 minutes walk to downtown and Pike Place market.",,"Studio with sunny balcony, full kitchen, queen bed, and washer/dryer. Steps from hip bars, restaurants, and groceries in Seattle's coolest neighborhood! 15 minutes walk to downtown and Pike Place market. FYI for those highly allergic to cats - ones lives here normally, but will be elsewhere when the apartment is listed.",none,,"FYI for those highly allergic to cats - ones lives here normally, but will be elsewhere when the apartment is listed.",,,,https://a0.muscache.com/ac/pictures/101390157/87e0aa16_original.jpg?interpolation=lanczos-none&size=large_cover&output-format=jpg&output-quality=70,,40433574,https://www.airbnb.com/users/show/40433574,Sarah,2015-08-03,"Seattle, Washington, United States",,within a day,100%,,f,"https://a0.muscache.com/ac/users/40433574/profile_pic/1440045176/original.jpg?interpolation=lanczos-none&crop=w:w;*,*&crop=h:h;*,*&resize=50:*&output-format=jpg&output-quality=70","https://a0.muscache.com/ac/users/40433574/profile_pic/1440045176/original.jpg?interpolation=lanczos-none&crop=w:w;*,*&crop=h:h;*,*&resize=225:*&output-format=jpg&output-quality=70",Capitol Hill,1.0,1.0,"['email', 'phone', 'reviews']",t,f,"East Denny Way, Seattle, WA 98122, United States",Capitol Hill,Broadway,Capitol Hill,Seattle,WA,98122,Seattle,"Seattle, WA",US,United States,47.618170686309256,-122.32344377784072,t,Condominium,Entire home/apt,2,1.0,0.0,1.0,Real Bed,"{TV,""Cable TV"",Internet,""Wireless Internet"",Kitchen,""Pets live on this property"",Cat(s),""Elevator in Building"",""Buzzer/Wireless Intercom"",Heating,Washer,Dryer,""Smoke Detector"",""Carbon Monoxide Detector"",Essentials,Shampoo,Hangers,""Hair Dryer"",Iron}",,$100.00,$650.00,"$2,300.00",,$20.00,1,$0.00,2,1125,2 months ago,t,0,0,0,111,2016-01-04,3,2015-09-29,2015-10-14,93.0,10.0,9.0,9.0,10.0,10.0,9.0,f,,WASHINGTON,f,moderate,f,f,1,0.92
6646894,https://www.airbnb.com/rooms/6646894,20160104002432,2016-01-04,Retro Capitol Hill Apartment,"Huge studio on Capitol Hill, in the heart of Seattle and it's nightlife neighborhood. A large patio sits outside this cozy, inviting retro and vintage themed space. Close to all bars, restaurants, and activities.","***************I have two loving cats that will remain in the apartment so pet friendly people only please.   Mid Century Modern feel with a load of vintage. An artist creative space, and a large private patio blooming with flowers, vegetable plants, and outdoor seating.","Huge studio on Capitol Hill, in the heart of Seattle and it's nightlife neighborhood. A large patio sits outside this cozy, inviting retro and vintage themed space. Close to all bars, restaurants, and activities. ***************I have two loving cats that will remain in the apartment so pet friendly people only please.   Mid Century Modern feel with a load of vintage. An artist creative space, and a large private patio blooming with flowers, vegetable plants, and outdoor seating. Beautiful rooftop, gym, and a community room are all added into this rental. Unit does not have AC but the community room and gym do. Upon arrival I will most likely be here to greet you and show you around the apartment, unless our paths miss! Capitol Hill is fun for any age, there are many activities, coffee shops, parks, bars, restaurants, clubs, art venues, and grocery stores within walking distance. Also a quick walk down to the city center, Pike Place Market, SAM, Space Needle, Waterfront, etc. Walking i",none,"Capitol Hill is fun for any age, there are many activities, coffee shops, parks, bars, restaurants, clubs, art venues, and grocery stores within walking distance. Also a quick walk down to the city center, Pike Place Market, SAM, Space Needle, Waterfront, etc.",I have a vintage tufted sofa with a hideabed that can also be used for a third person.,"Walking is perfect, but there are also several bus routes along the street such as the 49, 43, and 10 that will take you anywhere on Capitol Hill and to downtown.",,,https://a0.muscache.com/ac/pictures/97764860/4aeda8f7_original.jpg?interpolation=lanczos-none&size=large_cover&output-format=jpg&output-quality=70,,34596895,https://www.airbnb.com/users/show/34596895,Taylor,2015-05-30,"Seattle, Washington, United States","I am a 22 year old art student and freelance designer living in the heart of Seattle, Washington. My space is incredible and you cannot beat the location! ",,,,f,"https://a2.muscache.com/ac/pictures/4639fb51-1e61-4f45-b9fa-23a3a51f4214.jpg?interpolation=lanczos-none&crop=w:w;*,*&crop=h:h;*,*&resize=50:*&output-format=jpg&output-quality=70","https://a2.muscache.com/ac/pictures/4639fb51-1e61-4f45-b9fa-23a3a51f4214.jpg?interpolation=lanczos-none&crop=w:w;*,*&crop=h:h;*,*&resize=225:*&output-format=jpg&output-quality=70",,1.0,1.0,"['email', 'phone', 'facebook', 'reviews', 'jumio']",t,t,"Belmont Ave E, Seattle, WA 98102, United States",,Broadway,Capitol Hill,Seattle,WA,98102,Seattle,"Seattle, WA",US,United States,47.62002089985319,-122.32280862881208,f,Apartment,Entire home/apt,3,1.0,0.0,1.0,Real Bed,"{TV,Internet,""Wireless Internet"",""Wheelchair Accessible"",Kitchen,Gym,""Pets live on this property"",""Elevator in Building"",Heating,""Family/Kid Friendly"",""Suitable for Events"",Washer,Dryer,""Smoke Detector"",""Carbon Monoxide Detector"",""First Aid Kit"",""Fire Extinguisher"",Essentials,Shampoo}",,$175.00,"$1,000.00","$3,300.00",,$50.00,2,$20.00,1,1125,5 months ago,t,0,26,56,331,2016-01-04,8,2015-06-28,2015-08-05,93.0,8.0,9.0,10.0,10.0,10.0,9.0,f,,WASHINGTON,f,moderate,f,f,1,1.26
8907548,https://www.airbnb.com/rooms/8907548,20160104002432,2016-01-04,"Private, Spacious Studio in Seattle",Enjoy this vacation destination in the heart of Seattle. Enjoy this vacation destination in the heart of Seattle. Enjoy this vacation destination in the heart of Seattle. Enjoy this vacation destination in the heart of Seattle. Will Revise.,,Enjoy this vacation destination in the heart of Seattle. Enjoy this vacation destination in the heart of Seattle. Enjoy this vacation destination in the heart of Seattle. Enjoy this vacation destination in the heart of Seattle. Will Revise.,none,,,,,,https://a2.muscache.com/ac/pictures/ce19567b-dbdc-4706-bca6-51ddf3e1458e.jpg?interpolation=lanczos-none&size=large_cover&output-format=jpg&output-quality=70,,46590482,https://www.airbnb.com/users/show/46590482,Khanie,2015-10-14,US,,,,,f,"https://a2.muscache.com/ac/pictures/382b59d1-9f61-4e9c-8bbf-48a17532edff.jpg?interpolation=lanczos-none&crop=w:w;*,*&crop=h:h;*,*&resize=50:*&output-format=jpg&output-quality=70","https://a2.muscache.com/ac/pictures/382b59d1-9f61-4e9c-8bbf-48a17532edff.jpg?interpolation=lanczos-none&crop=w:w;*,*&crop=h:h;*,*&resize=225:*&output-format=jpg&output-quality=70",Capitol Hill,1.0,1.0,"['google', 'jumio']",t,f,"Summit Avenue, Seattle, WA 98122, United States",Capitol Hill,Broadway,Capitol Hill,Seattle,WA,98122,Seattle,"Seattle, WA",US,United States,47.61506682569858,-122.32560916002753,t,Apartment,Entire home/apt,4,1.0,1.0,3.0,Real Bed,"{TV,Internet,""Wireless Internet"",Kitchen,""Free Parking on Premises"",Heating,""Family/Kid Friendly"",""Smoke Detector"",""Carbon Monoxide Detector"",""Fire Extinguisher"",Shampoo}",,$200.00,,,,,1,$0.00,1,1125,3 months ago,t,30,60,90,365,2016-01-04,0,,,,,,,,,,f,,WASHINGTON,f,flexible,f,f,1,
3551668,https://www.airbnb.com/rooms/3551668,20160104002432,2016-01-04,Pike/Pine Urban Oasis Unit A,"Located in the trendy Capitol Hill neighborhood, this unit is designed with both the business and leisure traveler in mind. The unit includes complimentary high-speed wireless internet, Apple TV, and is only blocks from downtown with a 98 Walk Score.","Completely remodeled 2bed/2bath unit in Capitol Hill triplex. Located on the main floor of 1901 Classic, this 1,000 sq ft unit overlooks tropical Indochine garden, koi pond and teahouse. This private sanctuary has excellent natural light and the thoughtful re-design creates a spacious, open floor plan.    Unit A features a master bedroom with a king mattress and en suite bath, and a secondary bedroom with a queen mattress and an adjacent bathroom.   The large kitchen has ample storage, gas stove, Bosch d/w, and stainless refrigerator. Large capacity w/d in unit. With thoughtful finishes and incredible attention to detail throughout, this is truly a distinctive urban residence. Ideally located between Broadway and 15th Ave, this property is close to bus, SCCC, shopping, and restaurants.","Located in the trendy Capitol Hill neighborhood, this unit is designed with both the business and leisure traveler in mind. The unit includes complimentary high-speed wireless internet, Apple TV, and is only blocks from downtown with a 98 Walk Score. Completely remodeled 2bed/2bath unit in Capitol Hill triplex. Located on the main floor of 1901 Classic, this 1,000 sq ft unit overlooks tropical Indochine garden, koi pond and teahouse. This private sanctuary has excellent natural light and the thoughtful re-design creates a spacious, open floor plan.    Unit A features a master bedroom with a king mattress and en suite bath, and a secondary bedroom with a queen mattress and an adjacent bathroom.   The large kitchen has ample storage, gas stove, Bosch d/w, and stainless refrigerator. Large capacity w/d in unit. With thoughtful finishes and incredible attention to detail throughout, this is truly a distinctive urban residence. Ideally located between Broadway and 15th Ave, this property is",none,"Capitol Hill is one of the fastest growing, eclectic , and accessible Seattle neighborhoods. Whether haute cuisine or happy hour, exciting night spots or specialty shopping, 1629th is a great jumping off point with Pike's Place Market and Pacific Place Shopping Center just down the Hill.  Located just blocks from Pike, Pine, and Broadway, with a walkscore of 88, this unit is perfectly situated for easily accessing all of Downtown Seattle's major attractions, while still offering you a sense of privacy inside the bustling city.","*There are two parking spaces available on site. They are rented for $12/day and must be arranged at the time of booking. Free street parking is also available, however it is limited to two hours until 8pm Monday through Saturday.","Public transportation is easily accessed, with major bus lines just blocks away on Pine and Pike Streets that can take you straight down to the lightrail; the fastest and easiest way to get to and from Seatac airport.",https://a1.muscache.com/ac/pictures/44784436/f2d9d459_original.jpg?interpolation=lanczos-none&size=small&output-format=jpg&output-quality=70,https://a1.muscache.com/im/pictures/44784436/f2d9d459_original.jpg?aki_policy=medium,https://a1.muscache.com/ac/pictures/44784436/f2d9d459_original.jpg?interpolation=lanczos-none&size=large_cover&output-format=jpg&output-quality=70,https://a1.muscache.com/ac/pictures/44784436/f2d9d459_original.jpg?interpolation=lanczos-none&size=x_large_cover&output-format=jpg&output-quality=70,17206245,https://www.airbnb.com/users/show/17206245,Scott,2014-06-24,"Seattle, Washington, United States","As a Seattle native, I've spent my life exploring diverse passions: music, architecture, travel, fitness, delicious meals, and a love of world cultures. They have each influenced the creation of an oasis in Seattle's Capitol Hill urban neighborhood.  Transformed with the help of a friend in 2003, a thoughful redesign and 1200 sf addition transformed this 1901 structure into a creative project that kick started my Seattle based design-build business.
Travels in South Asia, Mexico, and northern Europe have afforded me many opportunities to explore the world and build lifetime relationships and a positive perspective that guides my current vocation as a Pilates Instructor and health enthusiast.  From good eats to performance venues, you can always find me enjoying the company of others and partaking of the amazing offering Seattle provides it guests.",within an hour,100%,100%,f,"https://a1.muscache.com/ac/users/17206245/profile_pic/1405366695/original.jpg?interpolation=lanczos-none&crop=w:w;*,*&crop=h:h;*,*&resize=50:*&output-format=jpg&output-quality=70","https://a1.muscache.com/ac/users/17206245/profile_pic/1405366695/original.jpg?interpolation=lanczos-none&crop=w:w;*,*&crop=h:h;*,*&resize=225:*&output-format=jpg&output-quality=70",Capitol Hill,3.0,3.0,"['email', 'phone', 'google', 'reviews']",t,f,"13th Avenue, Seattle, WA 98122, United States",Capitol Hill,Broadway,Capitol Hill,Seattle,WA,98122,Seattle,"Seattle, WA",US,United States,47.61418122128396,-122.3140700052626,t,Apartment,Entire home/apt,4,2.0,2.0,2.0,Real Bed,"{TV,Internet,""Wireless Internet"",Kitchen,""Family/Kid Friendly"",Washer,Dryer,Essentials}",,$195.00,,,,$95.00,4,$0.00,3,1125,yesterday,t,13,40,70,345,2016-01-04,31,2014-08-09,2016-01-01,97.0,10.0,10.0,10.0,10.0,10.0,9.0,f,,WASHINGTON,f,strict,f,f,1,1.81
2357110,https://www.airbnb.com/rooms/2357110,20160104002432,2016-01-04,Huge Private Bedroom on Broadway!,"1 private bedroom in beautiful 2 bedroom (1100 sq ft) apartment Apartment is new with great amenities, rooftop view, and right in the heart of Capitol Hill!","Apartment is right on Broadway - a very popular area in Seattle. You will have the private bedroom with queen mattress (pillow-top), walk-in closet, and Juliet balcony You will also have a private bathroom which is very spacious Some reservations may have the larger bedroom suite which has own bathroom attached and air conditioning unit.","1 private bedroom in beautiful 2 bedroom (1100 sq ft) apartment Apartment is new with great amenities, rooftop view, and right in the heart of Capitol Hill! Apartment is right on Broadway - a very popular area in Seattle. You will have the private bedroom with queen mattress (pillow-top), walk-in closet, and Juliet balcony You will also have a private bathroom which is very spacious Some reservations may have the larger bedroom suite which has own bathroom attached and air conditioning unit. -Full kitchen (Fridge, Dishwasher, Oven, Stove-top, Microwave, Toaster, George Foreman) -Full Bathroom (Shower/Tub) -Living area (New 64 inch Plasma TV w/ Xbox, Netflix, HBO) -Rooftop lounge area (2 BBQs, tables, sun-chairs) -Workout facilities (Yoga Room and Weight/Cardio room) -Apartment Common Room (Plasma TV, Lounge area, Dining room, Kitchen) I can offer suggestions for site-seeing, restaurants, etc. Capitol Hill is one of the most loved neighborhoods in Seattle. Very centrally located and clo",none,Capitol Hill is one of the most loved neighborhoods in Seattle. Very centrally located and close to everything! Great restaurants and nightlife! -Blue Moon Burgers and Pho noodle shop in building.  -Dilettante Chocolate and Espresso Vicace across the street.  -QFC Grocery Store across the street.  -Tashkent Park (.1 mile away). -Zipcar Rentals (413 feet away).,There is paid and non-paid street parking available. There is also a paid parking garage with a $18 rate for 24 hours.,"Very convenient public transportation with bus stops right outside house If coming from the airport, the most convenient/cheapest means would be to take the Sound Transit Light Rail to Westlake Station then take Metro Route 49 from Pike St and 4th Ave to Broadway E & E Harrison. Total trip is about 1 hour. A cab would be around $40-$50.",https://a1.muscache.com/ac/pictures/31439543/5e270f6c_original.jpg?interpolation=lanczos-none&size=small&output-format=jpg&output-quality=70,https://a1.muscache.com/im/pictures/31439543/5e270f6c_original.jpg?aki_policy=medium,https://a1.muscache.com/ac/pictures/31439543/5e270f6c_original.jpg?interpolation=lanczos-none&size=large_cover&output-format=jpg&output-quality=70,https://a1.muscache.com/ac/pictures/31439543/5e270f6c_original.jpg?interpolation=lanczos-none&size=x_large_cover&output-format=jpg&output-quality=70,7317822,https://www.airbnb.com/users/show/7317822,Andrew,2013-07-06,"Seattle, Washington, United States","Young professional working at Deloitte in Seattle, WA. Enjoy meeting new people, traveling, outdoor activities, and sports.",within a few hours,100%,100%,f,"https://a0.muscache.com/ac/users/7317822/profile_pic/1415311712/original.jpg?interpolation=lanczos-none&crop=w:w;*,*&crop=h:h;*,*&resize=50:*&output-format=jpg&output-quality=70","https://a0.muscache.com/ac/users/7317822/profile_pic/1415311712/original.jpg?interpolation=lanczos-none&crop=w:w;*,*&crop=h:h;*,*&resize=225:*&output-format=jpg&output-quality=70",Capitol Hill,3.0,3.0,"['email', 'phone', 'facebook', 'reviews', 'kba']",t,t,"Broadway East, Seattle, WA 98102, United States",Capitol Hill,Broadway,Capitol Hill,Seattle,WA,98102,Seattle,"Seattle, WA",US,United States,47.6225107853602,-122.32051470728354,t,Apartment,Private room,2,1.0,1.0,1.0,Real Bed,"{TV,""Cable TV"",Internet,""Wireless Internet"",Kitchen,Gym,""Elevator in Building"",""Indoor Fireplace"",""Buzzer/Wireless Intercom"",Heating,Washer,Dryer,""Smoke Detector"",""Carbon Monoxide Detector"",""First Aid Kit"",""Safety Card"",""Fire Extinguisher"",Essentials,Shampoo}",,$145.00,,"$3,045.00",,$20.00,1,$49.00,1,1125,3 weeks ago,t,30,60,90,365,2016-01-04,4,2015-05-28,2015-09-28,93.0,9.0,7.0,10.0,10.0,9.0,9.0,f,,WASHINGTON,f,strict,t,t,3,0.54
7784802,https://www.airbnb.com/rooms/7784802,20160104002432,2016-01-04,Central Capitol Hill Private Studio,"Stay in the center of the cultural heart of Seattle! My studio offers stylish yet cozy accommodations seconds away from some of the best venues, bars, cafes and shopping that Seattle has to offer.","This is a private studio apartment located in Central Capitol Hill area of Seattle. You will be staying here with my long-haired, extremely friendly and cuddly cat, Kingsley. Other than Kings, you will have the place to yourself.  Feel free to use the kitchen and any dishes, appliances etc.","Stay in the center of the cultural heart of Seattle! My studio offers stylish yet cozy accommodations seconds away from some of the best venues, bars, cafes and shopping that Seattle has to offer. This is a private studio apartment located in Central Capitol Hill area of Seattle. You will be staying here with my long-haired, extremely friendly and cuddly cat, Kingsley. Other than Kings, you will have the place to yourself.  Feel free to use the kitchen and any dishes, appliances etc. You will have access to my studio apartment, however, I do have a very large closet that will remain closed to guests. I ask that you please leave the closet alone. I am a flight attendant, so my availability to communicate is somewhat limited during the times I am flying. Anything you could want or need is walking distance from the apartment (several grocery stores, convenience stores, drug stores, bars, restaurants,  coffee shops within 5 minute walk). Downtown (Pike's Place, Space Needle, Underground To",none,,,"Anything you could want or need is walking distance from the apartment (several grocery stores, convenience stores, drug stores, bars, restaurants,  coffee shops within 5 minute walk). Downtown (Pike's Place, Space Needle, Underground Tour etc.) is about a 30 minute walk, or 5 minute bus ride. Other areas of interest (Ballard, Fremont, University of Washington etc.) are an easy bus, taxi, lyft or uber ride away (~20 minute drive). If you have a car, parking can be very tricky!! Please obey parking rules, they WILL ticket you. You can pay to park where parking is metered (very pricey, however), or you can park in ""zone"" parking. Zone parking allows anyone to park for two hours during the day for free. You can always park and move your car every two hours. Non-zoned, free parking can be found East of the building past 17th. You may have to circle, and it will be a little of a walk to the apartment. Again, pay attention to parking signage as they will fine you a $47 fee for parking illega",https://a2.muscache.com/ac/pictures/103253473/505861e9_original.jpg?interpolation=lanczos-none&size=small&output-format=jpg&output-quality=70,https://a2.muscache.com/im/pictures/103253473/505861e9_original.jpg?aki_policy=medium,https://a2.muscache.com/ac/pictures/103253473/505861e9_original.jpg?interpolation=lanczos-none&size=large_cover&output-format=jpg&output-quality=70,https://a2.muscache.com/ac/pictures/103253473/505861e9_original.jpg?interpolation=lanczos-none&size=x_large_cover&output-format=jpg&output-quality=70,19853296,https://www.airbnb.com/users/show/19853296,Ruth,2014-08-11,"Lynnwood, Washington, United States",,within an hour,100%,100%,f,"https://a2.muscache.com/ac/users/19853296/profile_pic/1440701450/original.jpg?interpolation=lanczos-none&crop=w:w;*,*&crop=h:h;*,*&resize=50:*&output-format=jpg&output-quality=70","https://a2.muscache.com/ac/users/19853296/profile_pic/1440701450/original.jpg?interpolation=lanczos-none&crop=w:w;*,*&crop=h:h;*,*&resize=225:*&output-format=jpg&output-quality=70",Capitol Hill,1.0,1.0,"['email', 'phone', 'facebook', 'reviews', 'kba']",t,t,"East John Street, Seattle, WA 98102, United States",Capitol Hill,Broadway,Capitol Hill,Seattle,WA,98102,Seattle,"Seattle, WA",US,United States,47.62072837728939,-122.32109699722228,t,Apartment,Entire home/apt,3,1.0,0.0,1.0,Real Bed,"{TV,Internet,""Wireless Internet"",Kitchen,""Pets live on this property"",Cat(s),""Elevator in Building"",Heating,Washer,Dryer,""Smoke Detector"",Essentials,Shampoo}",,$100.00,,,,$15.00,1,$0.00,1,3,3 days ago,t,5,5,5,5,2016-01-04,16,2015-08-30,2016-01-03,96.0,10.0,10.0,10.0,10.0,10.0,10.0,f,,WASHINGTON,t,flexible,f,f,1,3.75
10210625,https://www.airbnb.com/rooms/10210625,20160104002432,2016-01-04,1 BR Retro Capitol Hill Apartment,"This super cute 1 BR is close to all the amazing things Capitol Hill has to offer. It is very retro chic with a fold out couch and twin bed nook for sleeping. Should you be hiding from the rain, there is Wi-FI and a TV with Chromecast.",,"This super cute 1 BR is close to all the amazing things Capitol Hill has to offer. It is very retro chic with a fold out couch and twin bed nook for sleeping. Should you be hiding from the rain, there is Wi-FI and a TV with Chromecast. I will be available to help out with your stay and make things as comfortable for you as I can, but I will be staying elsewhere so you will have the place to yourself. This apartment is located on the second floor of an old building at the corner of Mercer and Broadway. While it is in one of the busiest/most entertaining areas of Capitol Hill, it is located at the end of the Broadway strip where it is a little more quiet at night. While there is plenty to do right nearby, it is also about a 12 minute walk from all the nightlife at E Pike St and E Pine St. Close to bus stops! The bed in the nook is twin size and the nook is rather small. If you are taller than 5'10, it may be a little uncomfortable.",none,"This apartment is located on the second floor of an old building at the corner of Mercer and Broadway. While it is in one of the busiest/most entertaining areas of Capitol Hill, it is located at the end of the Broadway strip where it is a little more quiet at night. While there is plenty to do right nearby, it is also about a 12 minute walk from all the nightlife at E Pike St and E Pine St.","The bed in the nook is twin size and the nook is rather small. If you are taller than 5'10, it may be a little uncomfortable.",Close to bus stops!,https://a2.muscache.com/ac/pictures/4247382e-15a2-4a94-8938-f46886be4b2e.jpg?interpolation=lanczos-none&size=small&output-format=jpg&output-quality=70,https://a2.muscache.com/im/pictures/4247382e-15a2-4a94-8938-f46886be4b2e.jpg?aki_policy=medium,https://a2.muscache.com/ac/pictures/4247382e-15a2-4a94-8938-f46886be4b2e.jpg?interpolation=lanczos-none&size=large_cover&output-format=jpg&output-quality=70,https://a2.muscache.com/ac/pictures/4247382e-15a2-4a94-8938-f46886be4b2e.jpg?interpolation=lanczos-none&size=x_large_cover&output-format=jpg&output-quality=70,52463088,https://www.airbnb.com/users/show/52463088,Evan,2015-12-27,"Seattle, Washington, United States",,,,,f,"https://a2.muscache.com/ac/pictures/5ffcba13-5632-46ad-9606-94802c81c3c1.jpg?interpolation=lanczos-none&crop=w:w;*,*&crop=h:h;*,*&resize=50:*&output-format=jpg&output-quality=70","https://a2.muscache.com/ac/pictures/5ffcba13-5632-46ad-9606-94802c81c3c1.jpg?interpolation=lanczos-none&crop=w:w;*,*&crop=h:h;*,*&resize=225:*&output-format=jpg&output-quality=70",Capitol Hill,1.0,1.0,"['email', 'phone', 'facebook']",t,f,"East Mercer Street, Seattle, WA 98102, United States",Capitol Hill,Broadway,Capitol Hill,Seattle,WA,98102,Seattle,"Seattle, WA",US,United States,47.62474808189185,-122.32032597053156,t,Apartment,Entire home/apt,2,0.5,1.0,2.0,Real Bed,"{TV,Internet,""Wireless Internet"",Kitchen,""Buzzer/Wireless Intercom"",Heating,Washer,Dryer,""Smoke Detector"",""Carbon Monoxide Detector"",""Fire Extinguisher"",Essentials,Shampoo,""24-Hour Check-in"",""Hair Dryer"",Iron,""Laptop Friendly Workspace""}",,$90.00,,,,,1,$15.00,2,7,a week ago,t,1,1,1,1,2016-01-04,0,,,,,,,,,,f,,WASHINGTON,f,flexible,f,f,1,
9137469,https://www.airbnb.com/rooms/9137469,20160104002432,2016-01-04,Capitol Hill Garden Loft & Sunroom,Pocket sized apartment built by a carpenter and artist located in the heart of Seattle's hip and happening neighborhood on a corner lot with a private solarium and a large yard.,"Everything in the studio has been thoughtfully placed and planned out including the Gus Modern couch, the hanging table, and the lofted bed (complete with a firm queen size Tempurpedic). The kitchen runs linear to save space, but it's fully functional and ready for any meal you wish to prepare. Includes a dishwasher, oven, and four burner stove top (though they are miniature!) The bathroom is floor to ceiling tile and is kept very clean. Dual flush toilet and bright lights around the mirror. Each guests with have a fresh towel waiting for them and the bathrooms stocked with shampoo/conditioner, body wash, body lotion, cotton balls, and q-tips. We wash and change the fitted sheet, pillow cases and duvet cover between each guests so we do not do top sheets but we have them available upon request. There is a table hanging on wire cables that overlaps the couch making it comfortable for two people to sit across from each other. The sun room is also an excellent spot to eat and lounge in th","Pocket sized apartment built by a carpenter and artist located in the heart of Seattle's hip and happening neighborhood on a corner lot with a private solarium and a large yard. Everything in the studio has been thoughtfully placed and planned out including the Gus Modern couch, the hanging table, and the lofted bed (complete with a firm queen size Tempurpedic). The kitchen runs linear to save space, but it's fully functional and ready for any meal you wish to prepare. Includes a dishwasher, oven, and four burner stove top (though they are miniature!) The bathroom is floor to ceiling tile and is kept very clean. Dual flush toilet and bright lights around the mirror. Each guests with have a fresh towel waiting for them and the bathrooms stocked with shampoo/conditioner, body wash, body lotion, cotton balls, and q-tips. We wash and change the fitted sheet, pillow cases and duvet cover between each guests so we do not do top sheets but we have them available upon request. There is a table",none,"The location is truly central to the unique and innovative Capitol Hill neighborhood with a walking score of 97! We are extremely close to great shopping along Broadway, exciting nightlife on the Pike/Pine corridor, and a lovely fifteen minute walk to the heart of downtown Seattle. There are two major grocery stores four blocks each direction & our kitchen is great for cooking! We are also within smelling distance of the famous Dick's Burgers. If you prefer hidden local places, we got plenty of those as well and If you are staying with us over a weekend, there is a delicious local farmers Market happening on Sundays just a stone throws away. We are a fifteen minute walk from Convention center/downtown, a ten minute bus ride door to door, or a $6 Uber. When we travel, we take the Link Light from the airport to the last stop (Westlake) then either walk or bus home. There is a zipcar parking space across the street from our front gate and it's surprising when there isn't a car2go within a",Parking! Parking is not ideal in our dense & central neighborhood. There are paid lots within a few blocks and free overnight parking on the street (between 4pm-9am) but we highly recommend not bringing a car if you can get by. There are plenty of Ubers/city bikes/buses to get you around.,"We are a fifteen minute walk from Convention center/downtown, a ten minute bus ride door to door, or a $6 Uber. When we travel, we take the Link Light from the airport to the last stop (Westlake) then either walk or bus home. There is a zipcar parking space across the street from our front gate and it's surprising when there isn't a car2go within a few blocks. The city has also just put in the ""Pronto Bike"" share program making renting bikes easy and cheap with stations all over including one a few blocks from us. Because we are so close to downtown and in a very dense neighborhood, parking can be very rough. We highly suggest not having a car if you can get by without one. Unfortunately we cannot offer parking and all the street parking around here is zoned (though overnight from 4 pm-9 am is free).",https://a2.muscache.com/ac/pictures/f29c568b-74d6-489e-959b-3aec2b88e8a8.jpg?interpolation=lanczos-none&size=small&output-format=jpg&output-quality=70,https://a2.muscache.com/im/pictures/f29c568b-74d6-489e-959b-3aec2b88e8a8.jpg?aki_policy=medium,https://a2.muscache.com/ac/pictures/f29c568b-74d6-489e-959b-3aec2b88e8a8.jpg?interpolation=lanczos-none&size=large_cover&output-format=jpg&output-quality=70,https://a2.muscache.com/ac/pictures/f29c568b-74d6-489e-959b-3aec2b88e8a8.jpg?interpolation=lanczos-none&size=x_large_cover&output-format=jpg&output-quality=70,5820099,https://www.airbnb.com/users/show/5820099,Forest And Andy,2013-04-07,"Seattle, Washington, United States","Hello! We are Forest and Andy, two friends who operate a furniture design company out of the bottom of our house on Capitol Hill. Our retail shop, Glasswing, is located around the corner next to the Melrose Market. When we are not working on design projects in the city, we are exploring in the surrounding mountains. Whether you are looking for the best new restaurant in the city or a great dayhike, we are happy to share our favorite spots with you!",within a few hours,100%,100%,f,"https://a1.muscache.com/ac/users/5820099/profile_pic/1365397874/original.jpg?interpolation=lanczos-none&crop=w:w;*,*&crop=h:h;*,*&resize=50:*&output-format=jpg&output-quality=70","https://a1.muscache.com/ac/users/5820099/profile_pic/1365397874/original.jpg?interpolation=lanczos-none&crop=w:w;*,*&crop=h:h;*,*&resize=225:*&output-format=jpg&output-quality=70",Capitol Hill,7.0,7.0,"['email', 'phone', 'reviews', 'kba']",t,t,"East Denny Way, Seattle, WA 98122, United States",Capitol Hill,Broadway,Capitol Hill,Seattle,WA,98122,Seattle,"Seattle, WA",US,United States,47.61973381560376,-122.322740823038,t,Loft,Entire home/apt,3,1.0,1.0,1.0,Real Bed,"{TV,Internet,""Wireless Internet"",Kitchen,Heating,""Smoke Detector"",""Carbon Monoxide Detector"",""First Aid Kit"",""Fire Extinguisher"",Essentials,Shampoo,Hangers,""Laptop Friendly Workspace""}",,$150.00,,,,$45.00,2,$20.00,1,1125,3 days ago,t,25,55,85,356,2016-01-04,2,2015-12-14,2016-01-02,100.0,10.0,10.0,10.0,10.0,10.0,9.0,f,,WASHINGTON,f,flexible,f,f,7,2.0
6032726,https://www.airbnb.com/rooms/6032726,20160104002432,2016-01-04,Lovely spacious home in Seattle,"An unbeatable location,  fantastic kitchen, third floor suite. Main house: 4 bedrooms, 3 baths, 2 fireplaces, perfect for entertaining. Addl basement unit can be rented as well. Short walk to cafes, restaurants, bars; 1 block from bus to downtown.","Lovely three story craftsman home in fantastic location walking distance  from award winning restaurants, wonderful cafes, bars.  Can accommodate 8-10. Price is dependent on whether basement unit is included.  Easy access to downtown, the UW, South Lake Union, Fred Hutchinson Medical Center, Amazon campus. Third floor suite with deck, separate basement unit, updated bathrooms, walk in showers. Four queen and one king bed. Additional photographs will be added soon.","An unbeatable location,  fantastic kitchen, third floor suite. Main house: 4 bedrooms, 3 baths, 2 fireplaces, perfect for entertaining. Addl basement unit can be rented as well. Short walk to cafes, restaurants, bars; 1 block from bus to downtown. Lovely three story craftsman home in fantastic location walking distance  from award winning restaurants, wonderful cafes, bars.  Can accommodate 8-10. Price is dependent on whether basement unit is included.  Easy access to downtown, the UW, South Lake Union, Fred Hutchinson Medical Center, Amazon campus. Third floor suite with deck, separate basement unit, updated bathrooms, walk in showers. Four queen and one king bed. Additional photographs will be added soon. Includes parking for two cars in a shared driveway.  House has a large back patio with seating for ten and barbeque. The property will be managed; all inquiries will be responded to immediately. Capitol hill is the heart of Seattle. Downtown, the University, Husky Stadium, medical c",none,"Capitol hill is the heart of Seattle. Downtown, the University, Husky Stadium, medical centers, Amazon, South Lake Union are all an easy bus ride or drive away.  The house is steps from coffee shops and fabulous restaurants.",It's my hope that renters feel comfortable and welcome while observing the usual and customary rules of renting a very nice home.,The number 49 bus route is just a block away and runs every 10-20 minutes.,https://a2.muscache.com/ac/pictures/75133465/e5048e26_original.jpg?interpolation=lanczos-none&size=small&output-format=jpg&output-quality=70,https://a2.muscache.com/im/pictures/75133465/e5048e26_original.jpg?aki_policy=medium,https://a2.muscache.com/ac/pictures/75133465/e5048e26_original.jpg?interpolation=lanczos-none&size=large_cover&output-format=jpg&output-quality=70,https://a2.muscache.com/ac/pictures/75133465/e5048e26_original.jpg?interpolation=lanczos-none&size=x_large_cover&output-format=jpg&output-quality=70,31032387,https://www.airbnb.com/users/show/31032387,Susan,2015-04-11,"Seattle, Washington, United States","Like many people on airbnb I love to travel. I'm sending my youngest off to university this fall in Chicago and then I will be travelling, learning new skills and languages. The house in which my husband and I raised our family, entertained hundreds of friends, and used as our base will need to be filled with people who enjoy it and Seattle.  I love to cook and my kitchen reflects that. I love living in the heart of the Seattle with all that it offers!",within a few hours,100%,100%,f,"https://a2.muscache.com/ac/users/31032387/profile_pic/1429841694/original.jpg?interpolation=lanczos-none&crop=w:w;*,*&crop=h:h;*,*&resize=50:*&output-format=jpg&output-quality=70","https://a2.muscache.com/ac/users/31032387/profile_pic/1429841694/original.jpg?interpolation=lanczos-none&crop=w:w;*,*&crop=h:h;*,*&resize=225:*&output-format=jpg&output-quality=70",Capitol Hill,2.0,2.0,"['email', 'phone', 'reviews', 'kba']",t,t,"Federal Avenue East, Seattle, WA 98102, United States",Capitol Hill,Broadway,Capitol Hill,Seattle,WA,98102,Seattle,"Seattle, WA",US,United States,47.627052896499926,-122.31954490055658,t,House,Entire home/apt,9,3.5,5.0,5.0,Real Bed,"{TV,""Cable TV"",Internet,""Wireless Internet"",""Air Conditioning"",Kitchen,Washer,Dryer,""Smoke Detector"",""Carbon Monoxide Detector"",""Fire Extinguisher""}",,$550.00,"$3,500.00","$8,400.00",,$175.00,8,$50.00,2,1125,3 weeks ago,t,30,58,88,340,2016-01-04,19,2015-05-09,2015-12-06,94.0,9.0,10.0,10.0,10.0,10.0,9.0,f,,WASHINGTON,f,strict,f,f,2,2.37
7802266,https://www.airbnb.com/rooms/7802266,20160104002432,2016-01-04,Cap Hill Penthouse Private Room,Epic Capitol Hill penthouse. Location could not be better at Broadway and Pine. Double level apartment with 3 balconies. Private room with en-suite bathroom and 2 chill roommates who both work at Microsoft.,"One of Capitol hill's most impressive bachelor pads. Huge double level living room, tons of natural light, best location on the hill.  In-building parking can be had, too, by request.","Epic Capitol Hill penthouse. Location could not be better at Broadway and Pine. Double level apartment with 3 balconies. Private room with en-suite bathroom and 2 chill roommates who both work at Microsoft. One of Capitol hill's most impressive bachelor pads. Huge double level living room, tons of natural light, best location on the hill.  In-building parking can be had, too, by request. My bedroom, the balconies, the living room. Kitchen if you really want it.  I don't have too much closet space so be prepared to live out of your suitcase. My roommates will be in and out and are down to hang out if you want to!",none,,,,https://a0.muscache.com/ac/pictures/99292481/533823a7_original.jpg?interpolation=lanczos-none&size=small&output-format=jpg&output-quality=70,https://a0.muscache.com/im/pictures/99292481/533823a7_original.jpg?aki_policy=medium,https://a0.muscache.com/ac/pictures/99292481/533823a7_original.jpg?interpolation=lanczos-none&size=large_cover&output-format=jpg&output-quality=70,https://a0.muscache.com/ac/pictures/99292481/533823a7_original.jpg?interpolation=lanczos-none&size=x_large_cover&output-format=jpg&output-quality=70,3378506,https://www.airbnb.com/users/show/3378506,Dash,2012-08-26,"Palo Alto, California, United States","From Brooklyn, New York",,,,f,"https://a1.muscache.com/ac/users/3378506/profile_pic/1346004277/original.jpg?interpolation=lanczos-none&crop=w:w;*,*&crop=h:h;*,*&resize=50:*&output-format=jpg&output-quality=70","https://a1.muscache.com/ac/users/3378506/profile_pic/1346004277/original.jpg?interpolation=lanczos-none&crop=w:w;*,*&crop=h:h;*,*&resize=225:*&output-format=jpg&output-quality=70",Capitol Hill,1.0,1.0,"['email', 'phone', 'facebook', 'reviews', 'manual_offline', 'jumio']",t,t,"Nagle Place, Seattle, WA 98122, United States",Capitol Hill,Broadway,Capitol Hill,Seattle,WA,98122,Seattle,"Seattle, WA",US,United States,47.61495273273261,-122.31941185502328,t,Apartment,Private room,2,1.0,1.0,1.0,Real Bed,"{TV,""Cable TV"",Internet,""Wireless Internet"",Kitchen,Gym,""Elevator in Building"",Washer,Dryer,""Smoke Detector"",""Carbon Monoxide Detector"",""First Aid Kit"",""Fire Extinguisher""}",,$162.00,"$1,100.00",,,$35.00,1,$0.00,2,1125,2 months ago,t,0,0,0,121,2016-01-04,1,2015-09-01,2015-09-01,80.0,8.0,8.0,10.0,10.0,10.0,10.0,f,,WASHINGTON,f,flexible,f,f,1,0.24
10250735,https://www.airbnb.com/rooms/10250735,20160104002432,2016-01-04,Micro Studio in Lovely Capital Hill,"This micro studio provides a clean quiet and comfortable accommodation for one or couples or close friends. Equipped with an efficient bathroom, min fridge, flat screen, you're set! The building also features a roof top deck with Space Needle view!",,"This micro studio provides a clean quiet and comfortable accommodation for one or couples or close friends. Equipped with an efficient bathroom, min fridge, flat screen, you're set! The building also features a roof top deck with Space Needle view!",none,,,,https://a2.muscache.com/ac/pictures/11fdcf19-070e-463e-944a-75f78c31c515.jpg?interpolation=lanczos-none&size=small&output-format=jpg&output-quality=70,https://a2.muscache.com/im/pictures/11fdcf19-070e-463e-944a-75f78c31c515.jpg?aki_policy=medium,https://a2.muscache.com/ac/pictures/11fdcf19-070e-463e-944a-75f78c31c515.jpg?interpolation=lanczos-none&size=large_cover&output-format=jpg&output-quality=70,https://a2.muscache.com/ac/pictures/11fdcf19-070e-463e-944a-75f78c31c515.jpg?interpolation=lanczos-none&size=x_large_cover&output-format=jpg&output-quality=70,29543440,https://www.airbnb.com/users/show/29543440,Tyler,2015-03-18,"Portland, Oregon, United States",,within a day,50%,100%,f,"https://a1.muscache.com/ac/users/29543440/profile_pic/1426652518/original.jpg?interpolation=lanczos-none&crop=w:w;*,*&crop=h:h;*,*&resize=50:*&output-format=jpg&output-quality=70","https://a1.muscache.com/ac/users/29543440/profile_pic/1426652518/original.jpg?interpolation=lanczos-none&crop=w:w;*,*&crop=h:h;*,*&resize=225:*&output-format=jpg&output-quality=70",Capitol Hill,1.0,1.0,"['email', 'phone', 'facebook', 'reviews']",t,f,"12th Avenue East, Seattle, WA 98102, United States",Capitol Hill,Broadway,Capitol Hill,Seattle,WA,98102,Seattle,"Seattle, WA",US,United States,47.62379135724417,-122.31651411784286,t,Apartment,Entire home/apt,2,1.0,0.0,1.0,Real Bed,"{TV,""Wireless Internet"",""Smoke Detector"",""Carbon Monoxide Detector"",Essentials,""24-Hour Check-in""}",,$75.00,,,,,1,$0.00,1,1125,4 days ago,t,4,4,4,4,2016-01-04,0,,,,,,,,,,f,,WASHINGTON,f,flexible,f,f,1,
7496485,https://www.airbnb.com/rooms/7496485,20160104002432,2016-01-04,Beautiful 1 bedroom apartment,"This is a beautiful, bright, fully furnished 1 bedroom apartment home in the heart of Capitol Hill in Seattle. Just 2 blocks from the main strip down Broadway you will be walking distance from the best coffee shops, bars, restaurants and stores.","This is a unique Spanish style 6 plex in the Captiol Hill neighborhood of Seattle. Not only is it walking distance from several bars, restaurants, coffee shops, grocery stores, golds gym, etc but it is also only 2 blocks from one of Seattle's most loved recreation spots, volunteer park. -The bedroom has a nice large and very comfy king size bed and is quiet as it is located near the back of the building away from the street. -The living room has a large 55"" Plasma TV with cable, HBO and a DVD player for renting redbox's and a PS3 for gaming fun with 5 available games. -Complimentary coffee and tea in the kitchen, as well as full use of all utensils, pots and pans ect. You can cook meals here and save $ -WIFI access throughout the apartment -AC unit is big enough to cool entire apartment. Seattle does not have many options with AC!","This is a beautiful, bright, fully furnished 1 bedroom apartment home in the heart of Capitol Hill in Seattle. Just 2 blocks from the main strip down Broadway you will be walking distance from the best coffee shops, bars, restaurants and stores. This is a unique Spanish style 6 plex in the Captiol Hill neighborhood of Seattle. Not only is it walking distance from several bars, restaurants, coffee shops, grocery stores, golds gym, etc but it is also only 2 blocks from one of Seattle's most loved recreation spots, volunteer park. -The bedroom has a nice large and very comfy king size bed and is quiet as it is located near the back of the building away from the street. -The living room has a large 55"" Plasma TV with cable, HBO and a DVD player for renting redbox's and a PS3 for gaming fun with 5 available games. -Complimentary coffee and tea in the kitchen, as well as full use of all utensils, pots and pans ect. You can cook meals here and save $ -WIFI access throughout the apartment -AC ",none,"I have lived all over Seattle and can assure you this neighborhood is the most vibrant, unique and fun neighborhood in all of Seattle. It really embodies the true culture of Seattle and will give you an authentic feel for what this city is all about. The neighborhood is minutes from downtown and is full of fun places to visit and things to do.",The unit is located in a shared building so you can hear the tenant above us walking around and occasionally listening to music. It has never bothered us once but it is something to note.,Walking is your best bet around here! With everything so close my wife and I RARELY drive anywhere. If you don't prefer walking UBER and LYFT are great options. Average trip from the apartment to downtown is around $10,https://a0.muscache.com/ac/pictures/95035611/b85f3d5f_original.jpg?interpolation=lanczos-none&size=small&output-format=jpg&output-quality=70,https://a0.muscache.com/im/pictures/95035611/b85f3d5f_original.jpg?aki_policy=medium,https://a0.muscache.com/ac/pictures/95035611/b85f3d5f_original.jpg?interpolation=lanczos-none&size=large_cover&output-format=jpg&output-quality=70,https://a0.muscache.com/ac/pictures/95035611/b85f3d5f_original.jpg?interpolation=lanczos-none&size=x_large_cover&output-format=jpg&output-quality=70,26124158,https://www.airbnb.com/users/show/26124158,Trevor,2015-01-14,"Seattle, Washington, United States","I am a young married professional in Seattle. Video production is my passion, I love films, golfing, hiking, water sports / lake and nature adventures. Camping is an all time favorite thing of mine and good vibes with a few close friends. ",,,,f,"https://a2.muscache.com/ac/users/26124158/profile_pic/1437592127/original.jpg?interpolation=lanczos-none&crop=w:w;*,*&crop=h:h;*,*&resize=50:*&output-format=jpg&output-quality=70","https://a2.muscache.com/ac/users/26124158/profile_pic/1437592127/original.jpg?interpolation=lanczos-none&crop=w:w;*,*&crop=h:h;*,*&resize=225:*&output-format=jpg&output-quality=70",Capitol Hill,1.0,1.0,"['email', 'phone', 'facebook', 'reviews', 'jumio', 'kba']",t,t,"10th Avenue East, Seattle, WA 98102, United States",Capitol Hill,Broadway,Capitol Hill,Seattle,WA,98102,Seattle,"Seattle, WA",US,United States,47.626873641551846,-122.32051750235306,t,Apartment,Entire home/apt,3,1.0,1.0,1.0,Real Bed,"{TV,""Cable TV"",Internet,""Wireless Internet"",""Air Conditioning"",Kitchen,""Free Parking on Premises"",Heating,""Family/Kid Friendly"",""Smoke Detector"",""Carbon Monoxide Detector"",""Fire Extinguisher"",Essentials,Shampoo}",,$185.00,"$1,000.00",,,$25.00,1,$0.00,5,11,6 months ago,t,0,0,0,140,2016-01-04,1,2015-08-29,2015-08-29,100.0,10.0,10.0,10.0,10.0,10.0,10.0,f,,WASHINGTON,f,moderate,f,f,1,0.23
7638263,https://www.airbnb.com/rooms/7638263,20160104002432,2016-01-04,Eastlake private bedroom & bath,"Shared townhouse centrally located in Eastlake--near Fred Hutch, SLU and one block from a major bus stop.  Guest shares entrance, but your bedroom, bath and TV room are on your own floor.   Shared access to kitchen/living room.","Although a shared townhouse, you will have as much privacy as you wish with an entire floor to yourself (shared entrance).","Shared townhouse centrally located in Eastlake--near Fred Hutch, SLU and one block from a major bus stop.  Guest shares entrance, but your bedroom, bath and TV room are on your own floor.   Shared access to kitchen/living room. Although a shared townhouse, you will have as much privacy as you wish with an entire floor to yourself (shared entrance). This is a three story townhouse with its own landscaped yard.   Shared entrance and guest area take up all of the first floor.   The shared living room, kitchen and dining room are located on the second floor, which also has a balcony with fantastic city and lake views.    The top floor is my private area. Conveniently located less than one block from bus stops and six block to the SLU Streetcar.    Easy access to I5. Two French Bulldogs have run of the house.   They are crated when I'm gone from the house.",none,,Two French Bulldogs have run of the house.   They are crated when I'm gone from the house.,Conveniently located less than one block from bus stops and six block to the SLU Streetcar.    Easy access to I5.,https://a1.muscache.com/ac/pictures/96982757/8d1fe846_original.jpg?interpolation=lanczos-none&size=small&output-format=jpg&output-quality=70,https://a1.muscache.com/im/pictures/96982757/8d1fe846_original.jpg?aki_policy=medium,https://a1.muscache.com/ac/pictures/96982757/8d1fe846_original.jpg?interpolation=lanczos-none&size=large_cover&output-format=jpg&output-quality=70,https://a1.muscache.com/ac/pictures/96982757/8d1fe846_original.jpg?interpolation=lanczos-none&size=x_large_cover&output-format=jpg&output-quality=70,39401590,https://www.airbnb.com/users/show/39401590,Brian,2015-07-24,"Seattle, Washington, United States",,within an hour,100%,100%,f,"https://a2.muscache.com/ac/users/39401590/profile_pic/1438318110/original.jpg?interpolation=lanczos-none&crop=w:w;*,*&crop=h:h;*,*&resize=50:*&output-format=jpg&output-quality=70","https://a2.muscache.com/ac/users/39401590/profile_pic/1438318110/original.jpg?interpolation=lanczos-none&crop=w:w;*,*&crop=h:h;*,*&resize=225:*&output-format=jpg&output-quality=70",,1.0,1.0,"['email', 'phone', 'facebook', 'reviews', 'jumio']",t,t,"Franklin Ave E, Seattle, WA 98102, United States",,Broadway,Capitol Hill,Seattle,WA,98102,Seattle,"Seattle, WA",US,United States,47.63349158548441,-122.322302816424,f,Townhouse,Private room,2,1.0,1.0,1.0,Real Bed,"{TV,""Cable TV"",""Wireless Internet"",Kitchen,""Free Parking on Premises"",""Pets live on this property"",Dog(s),""Indoor Fireplace"",Heating,Washer,Dryer,""Smoke Detector"",""Carbon Monoxide Detector"",""First Aid Kit"",""Fire Extinguisher"",Essentials,Shampoo,Hangers,""Hair Dryer"",Iron,""Laptop Friendly Workspace""}",,$50.00,,,,$25.00,1,$15.00,1,1125,2 weeks ago,t,16,46,76,351,2016-01-04,3,2015-11-07,2015-11-29,100.0,10.0,9.0,10.0,10.0,10.0,10.0,f,,WASHINGTON,f,flexible,f,f,1,1.53
7421950,https://www.airbnb.com/rooms/7421950,20160104002432,2016-01-04,Efficient & Fun: Heart of Cap Hill,"This space is in the middle of everything: above a local brewery, across from Cal Anderson Park, a couple blocks from Broadway & the Pike-Pine corridor, easy walking distance from First Hill, and minutes' bus ride from downtown. Small, but with all the comforts of home and far more excitement!",,"This space is in the middle of everything: above a local brewery, across from Cal Anderson Park, a couple blocks from Broadway & the Pike-Pine corridor, easy walking distance from First Hill, and minutes' bus ride from downtown. Small, but with all the comforts of home and far more excitement! I'm more than willing to give hints and tips for those new to the Hill! This is a historically queer neighborhood with high LGBT visibility Very easy access to bus stops; about 5 or 10 within a couple blocks.",none,This is a historically queer neighborhood with high LGBT visibility,,Very easy access to bus stops; about 5 or 10 within a couple blocks.,https://a1.muscache.com/ac/pictures/94152852/cb40db22_original.jpg?interpolation=lanczos-none&size=small&output-format=jpg&output-quality=70,https://a1.muscache.com/im/pictures/94152852/cb40db22_original.jpg?aki_policy=medium,https://a1.muscache.com/ac/pictures/94152852/cb40db22_original.jpg?interpolation=lanczos-none&size=large_cover&output-format=jpg&output-quality=70,https://a1.muscache.com/ac/pictures/94152852/cb40db22_original.jpg?interpolation=lanczos-none&size=x_large_cover&output-format=jpg&output-quality=70,38879108,https://www.airbnb.com/users/show/38879108,Adriaan,2015-07-18,"Seattle, Washington, United States",,within an hour,100%,100%,f,"https://a1.muscache.com/ac/users/38879108/profile_pic/1437287874/original.jpg?interpolation=lanczos-none&crop=w:w;*,*&crop=h:h;*,*&resize=50:*&output-format=jpg&output-quality=70","https://a1.muscache.com/ac/users/38879108/profile_pic/1437287874/original.jpg?interpolation=lanczos-none&crop=w:w;*,*&crop=h:h;*,*&resize=225:*&output-format=jpg&output-quality=70",,1.0,1.0,"['phone', 'facebook', 'reviews']",t,f,"12th Ave, Seattle , WA 98122, United States",,Broadway,Capitol Hill,Seattle ,WA,98122,Seattle,"Seattle , WA",US,United States,47.617555805981446,-122.31418873953652,f,Apartment,Entire home/apt,6,1.0,0.0,3.0,Real Bed,"{Internet,""Wireless Internet"",Kitchen,Heating,""Family/Kid Friendly"",""Smoke Detector"",""Carbon Monoxide Detector"",Shampoo}",,$130.00,,,,,1,$0.00,2,6,3 weeks ago,t,0,26,56,331,2016-01-04,17,2015-07-24,2015-08-31,88.0,10.0,10.0,9.0,9.0,9.0,8.0,f,,WASHINGTON,t,flexible,f,f,1,3.09
8356608,https://www.airbnb.com/rooms/8356608,20160104002432,2016-01-04,Seattle Urban Retreat,A spacious apartment in a beautiful traditional brick duplex in the heart of the city of Seattle. Conveniently located in unique and well-established neighborhood.,,A spacious apartment in a beautiful traditional brick duplex in the heart of the city of Seattle. Conveniently located in unique and well-established neighborhood.,none,,,,https://a0.muscache.com/ac/pictures/106385446/5f00a027_original.jpg?interpolation=lanczos-none&size=small&output-format=jpg&output-quality=70,https://a0.muscache.com/im/pictures/106385446/5f00a027_original.jpg?aki_policy=medium,https://a0.muscache.com/ac/pictures/106385446/5f00a027_original.jpg?interpolation=lanczos-none&size=large_cover&output-format=jpg&output-quality=70,https://a0.muscache.com/ac/pictures/106385446/5f00a027_original.jpg?interpolation=lanczos-none&size=x_large_cover&output-format=jpg&output-quality=70,40134785,https://www.airbnb.com/users/show/40134785,S,2015-07-31,,,,,,f,"https://a1.muscache.com/ac/users/40134785/profile_pic/1442120910/original.jpg?interpolation=lanczos-none&crop=w:w;*,*&crop=h:h;*,*&resize=50:*&output-format=jpg&output-quality=70","https://a1.muscache.com/ac/users/40134785/profile_pic/1442120910/original.jpg?interpolation=lanczos-none&crop=w:w;*,*&crop=h:h;*,*&resize=225:*&output-format=jpg&output-quality=70",Capitol Hill,1.0,1.0,['phone'],t,f,", Seattle, WA 98102, United States",Capitol Hill,Broadway,Capitol Hill,Seattle,WA,98102,Seattle,"Seattle, WA",US,United States,47.62456396297143,-122.31661498299532,t,Apartment,Entire home/apt,4,1.0,1.0,2.0,Real Bed,"{Internet,""Wireless Internet"",Kitchen,Heating,""Family/Kid Friendly"",Washer,Dryer,""Smoke Detector"",""Carbon Monoxide Detector"",""First Aid Kit"",""Fire Extinguisher"",Essentials,Shampoo}",,$230.00,"$1,260.00","$3,800.00",,,1,$0.00,3,1125,4 months ago,t,30,60,90,365,2016-01-04,0,,,,,,,,,,f,,WASHINGTON,f,flexible,f,f,1,
1354750,https://www.airbnb.com/rooms/1354750,20160104002432,2016-01-04,Capitol Hill Getaway,"Your own apartment in a lovely, walkable neighborhood full of great shops and restaurants.","Quiet basement apartment. Lots of great restaurants within a couple of blocks, or hit the grocery stores around the corner and cook a meal.","Your own apartment in a lovely, walkable neighborhood full of great shops and restaurants. Quiet basement apartment. Lots of great restaurants within a couple of blocks, or hit the grocery stores around the corner and cook a meal. Your own 1-bedroom apartment. Full kitchen with a few pots and pans, full bath. We might need to pop in once to grab some of our camping gear, but other than that you won't see us. High street with coffee shops, bars, restaurants. Surrounded by nice old homes built by the timber barons. Walkability score of 1 billion. On the 43, 8, and 10 bus lines.  Pack-n-play available for guests with a baby or toddler. ",none,"High street with coffee shops, bars, restaurants. Surrounded by nice old homes built by the timber barons.",Pack-n-play available for guests with a baby or toddler. ,"Walkability score of 1 billion. On the 43, 8, and 10 bus lines. ",https://a2.muscache.com/ac/pictures/56836436/9d28206c_original.jpg?interpolation=lanczos-none&size=small&output-format=jpg&output-quality=70,https://a2.muscache.com/im/pictures/56836436/9d28206c_original.jpg?aki_policy=medium,https://a2.muscache.com/ac/pictures/56836436/9d28206c_original.jpg?interpolation=lanczos-none&size=large_cover&output-format=jpg&output-quality=70,https://a2.muscache.com/ac/pictures/56836436/9d28206c_original.jpg?interpolation=lanczos-none&size=x_large_cover&output-format=jpg&output-quality=70,7352976,https://www.airbnb.com/users/show/7352976,Jack,2013-07-08,"Seattle, Washington, United States",,within a few hours,100%,100%,f,"https://a0.muscache.com/ac/users/7352976/profile_pic/1415406091/original.jpg?interpolation=lanczos-none&crop=w:w;*,*&crop=h:h;*,*&resize=50:*&output-format=jpg&output-quality=70","https://a0.muscache.com/ac/users/7352976/profile_pic/1415406091/original.jpg?interpolation=lanczos-none&crop=w:w;*,*&crop=h:h;*,*&resize=225:*&output-format=jpg&output-quality=70",Capitol Hill,1.0,1.0,"['email', 'phone', 'reviews', 'jumio']",t,t,"Malden Avenue East, Seattle, WA 98112, United States",Capitol Hill,Broadway,Capitol Hill,Seattle,WA,98112,Seattle,"Seattle, WA",US,United States,47.622029326373685,-122.31386979601764,t,Apartment,Entire home/apt,2,1.0,1.0,1.0,Real Bed,"{""Wireless Internet"",Kitchen,Heating,""Family/Kid Friendly"",Washer,Dryer,""Smoke Detector"",""Carbon Monoxide Detector"",Essentials}",,$79.00,,,,,1,$0.00,2,1125,a week ago,t,1,19,48,48,2016-01-04,26,2014-11-10,2015-09-08,94.0,9.0,9.0,10.0,10.0,10.0,9.0,f,,WASHINGTON,f,flexible,f,f,1,1.85
2687172,https://www.airbnb.com/rooms/2687172,20160104002432,2016-01-04,"Capitol Hill, ""Falcon's Nest!""","Top floor studio apartment with full kitchen and bath in the best part of what is easily the best neighborhood in Seattle. Vintage 1907 building, walk-up, corner unit with huge windows and a killer view of the Seattle skyline, Space Needle and Bay.","Top floor studio apartment with full kitchen and bath in the best part of what is easily the best neighborhood in Seattle. Vintage 1907 building, walk-up, corner unit with huge windows and a killer view of the Seattle skyline, Space Needle and Bay. This space was kept as a landing pad by my globe-trotting uncle for decades and he has finally settled and had me list the space. It is a quiet, cozy studio on the top of Capitol Hill with amazing views. It is a great place to call home while visiting Seattle whether for business, to explore our great outdoors or just to take in the sights of the Northwest. The apartment as a full kitchen with utensils, dishware, cooking pots, coffee maker, stove, oven, refrigerator and microwave. It also has a full bath with a short tub and towels included. My Uncle keeps a few things in the pine cabinet in the living room but otherwise the place is yours! I live in the building and am available via text pretty much anytime. I will meet you to give you keys","Top floor studio apartment with full kitchen and bath in the best part of what is easily the best neighborhood in Seattle. Vintage 1907 building, walk-up, corner unit with huge windows and a killer view of the Seattle skyline, Space Needle and Bay. This space was kept as a landing pad by my globe-trotting uncle for decades and he has finally settled and had me list the space. It is a quiet, cozy studio on the top of Capitol Hill with amazing views. It is a great place to call home while visiting Seattle whether for business, to explore our great outdoors or just to take in the sights of the Northwest.  The apartment as a full kitchen with utensils, dishware, cooking pots, coffee maker, stove, oven, refrigerator and microwave. It also has a full bath with a short tub and towels included. My Uncle keeps a few things in the pine cabinet in the living room but otherwise the place is yours! I live in the building and am available via text pretty much anytime. I will meet you to give you key",none,"We are located in the best part of Seattle's best neighborhood. The building is on a quiet street basically in the center of it all. Four blocks up 14th is Seattle's ""Central Park"", Volunteer Park which is a great place to picnic, jog or take in the duck and coy ponds. Volunteer Park gives way on the north to The Arboretum, a much larger semi-wilderness right in the city.  The low key scene of 15th Ave, 2 blocks East with it's restaurants and shops, The bustle of Broadway, 4 blocks West for shopping, and nightlife and the Pike/Pine corridor, 7 blocks South with it's all out, nightlife/bar/club/anything goes scene. Meanwhile easy public transportation access to the University District, Downtown, Stadiums, museums, Space Needle, EMP and beyond. ","Unfortunately, at my uncle's request, I cannot accept any reservation longer than 7 days. Sorry for any inconvenience.","Tons of ""Car2Go"" in the neighborhood, Uber, Lyft, and the whole of Seattle's Bus, street car and train system at your service. Not to mention that, despite some steep hills, Seattle is a very walkable city and our place has a walkscore of 95 making us a walkers paradise.  All of that said, if you decide to rent a car or bring your own we do have parking for one car in the parking lot and it is free with the rental. ",https://a0.muscache.com/ac/pictures/56750554/57c219b5_original.jpg?interpolation=lanczos-none&size=small&output-format=jpg&output-quality=70,https://a0.muscache.com/im/pictures/56750554/57c219b5_original.jpg?aki_policy=medium,https://a0.muscache.com/ac/pictures/56750554/57c219b5_original.jpg?interpolation=lanczos-none&size=large_cover&output-format=jpg&output-quality=70,https://a0.muscache.com/ac/pictures/56750554/57c219b5_original.jpg?interpolation=lanczos-none&size=x_large_cover&output-format=jpg&output-quality=70,1396743,https://www.airbnb.com/users/show/1396743,Tiffany,2011-11-11,"Seattle, Washington, United States","Seattle based Apartment Manager and Antique Dealer. My husband Jack and I have lived in Seattle for over 10 years now and could not be more happy enjoying the great outdoors, motorcycling the mountains, islands and valleys or digging antiques at any of several local weekend markets. We also love to travel as time permits but in a city like Seattle there is plenty to do at home. 

We're very hands off until you need us. We live in the same building as the rental and so are very quick to handle anything that might come up generally. That said, aside from a hello in the hallway, you'll be left entirely alone during your stay unless you call on us. Privacy is important to us and we imagine, to you as well. 
",within a few hours,90%,100%,f,"https://a0.muscache.com/ac/users/1396743/profile_pic/1415327070/original.jpg?interpolation=lanczos-none&crop=w:w;*,*&crop=h:h;*,*&resize=50:*&output-format=jpg&output-quality=70","https://a0.muscache.com/ac/users/1396743/profile_pic/1415327070/original.jpg?interpolation=lanczos-none&crop=w:w;*,*&crop=h:h;*,*&resize=225:*&output-format=jpg&output-quality=70",Capitol Hill,1.0,1.0,"['email', 'phone', 'google', 'reviews', 'kba']",t,t,"14th Avenue East, Seattle, WA 98112, United States",Capitol Hill,Broadway,Capitol Hill,Seattle,WA,98112,Seattle,"Seattle, WA",US,United States,47.62353430565787,-122.31556601239728,t,Apartment,Entire home/apt,2,1.0,0.0,1.0,Pull-out Sofa,"{Internet,""Wireless Internet"",Kitchen,""Free Parking on Premises"",Heating,""Smoke Detector"",""Carbon Monoxide Detector"",Essentials}",,$85.00,$500.00,,,$25.00,1,$0.00,2,1125,6 weeks ago,t,20,50,80,355,2016-01-04,11,2014-11-11,2015-12-20,91.0,10.0,10.0,10.0,10.0,10.0,9.0,f,,WASHINGTON,f,moderate,f,f,1,0.79
