id,listing_url,scrape_id,last_scraped,name,summary,space,description,experiences_offered,neighborhood_overview,notes,transit,thumbnail_url,medium_url,picture_url,xl_picture_url,host_id,host_url,host_name,host_since,host_location,host_about,host_response_time,host_response_rate,host_acceptance_rate,host_is_superhost,host_thumbnail_url,host_picture_url,host_neighbourhood,host_listings_count,host_total_listings_count,host_verifications,host_has_profile_pic,host_identity_verified,street,neighbourhood,neighbourhood_cleansed,neighbourhood_group_cleansed,city,state,zipcode,market,smart_location,country_code,country,latitude,longitude,is_location_exact,property_type,room_type,accommodates,bathrooms,bedrooms,beds,bed_type,amenities,square_feet,price,weekly_price,monthly_price,security_deposit,cleaning_fee,guests_included,extra_people,minimum_nights,maximum_nights,calendar_updated,has_availability,availability_30,availability_60,availability_90,availability_365,calendar_last_scraped,number_of_reviews,first_review,last_review,review_scores_rating,review_scores_accuracy,review_scores_cleanliness,review_scores_checkin,review_scores_communication,review_scores_location,review_scores_value,requires_license,license,jurisdiction_names,instant_bookable,cancellation_policy,require_guest_profile_picture,require_guest_phone_verification,calculated_host_listings_count,reviews_per_month
458183,https://www.airbnb.com/rooms/458183,20160104002432,2016-01-04,Pure Space - The Water World Room  ,,"With a comfortable queen-sized bed plus a vanity top and sink conveniently located right inside the room. We have a lovely home with 6 bedrooms please browse them all to see which one you like best for your needs. There are 2 bathrooms for guest use and a big full size kitchen and living room for everyone to enjoy.  We are in the epicenter of the hottest action in Seattle.... Capitol Hill.  There is plenty of privacy as well as comfort and offers easy access to  downtown, bus lines, and easy access to the most amazing nightlife in the city. What is included: - Ultra-fast high-speed wireless internet - Surprisingly abundant nearby parking (paid and temporary) - Super friendly and experienced hosts who love to have visitors - Steps away from the downtown core , cool music venues, restaurants and art galleries of  the most vibrant neighborhood in Seattle. - easy access to major highways and all major bus routes  - Gorgeous hardwood floors - Foosball table - Great community space to work, ","With a comfortable queen-sized bed plus a vanity top and sink conveniently located right inside the room. We have a lovely home with 6 bedrooms please browse them all to see which one you like best for your needs. There are 2 bathrooms for guest use and a big full size kitchen and living room for everyone to enjoy.  We are in the epicenter of the hottest action in Seattle.... Capitol Hill.  There is plenty of privacy as well as comfort and offers easy access to  downtown, bus lines, and easy access to the most amazing nightlife in the city. What is included: - Ultra-fast high-speed wireless internet - Surprisingly abundant nearby parking (paid and temporary) - Super friendly and experienced hosts who love to have visitors - Steps away from the downtown core , cool music venues, restaurants and art galleries of  the most vibrant neighborhood in Seattle. - easy access to major highways and all major bus routes  - Gorgeous hardwood floors - Foosball table - Great community space to work, ",none,,,,https://a2.muscache.com/ac/pictures/5360989/fd8cc054_original.jpg?interpolation=lanczos-none&size=small&output-format=jpg&output-quality=70,https://a2.muscache.com/im/pictures/5360989/fd8cc054_original.jpg?aki_policy=medium,https://a2.muscache.com/ac/pictures/5360989/fd8cc054_original.jpg?interpolation=lanczos-none&size=large_cover&output-format=jpg&output-quality=70,https://a2.muscache.com/ac/pictures/5360989/fd8cc054_original.jpg?interpolation=lanczos-none&size=x_large_cover&output-format=jpg&output-quality=70,50893,https://www.airbnb.com/users/show/50893,Chris,2009-11-02,"Seattle, Washington, United States","I've been in the vacation rental biz for about 4 years now. I love to host and show off seattle. My house are all top notch and are full most of the year. I have a site called house-in-seattle where I showcase my houses. 

I've lived in Seattle for over 10 years now know my way around. I'm looking forward meeting you. 

If my house is available on this site it means I'm itching to entertain so don't hesitate ;-)

chris",within a few hours,100%,100%,f,"https://a2.muscache.com/ac/pictures/c76da247-0807-4d73-bc45-3d42c7076531.jpg?interpolation=lanczos-none&crop=w:w;*,*&crop=h:h;*,*&resize=50:*&output-format=jpg&output-quality=70","https://a2.muscache.com/ac/pictures/c76da247-0807-4d73-bc45-3d42c7076531.jpg?interpolation=lanczos-none&crop=w:w;*,*&crop=h:h;*,*&resize=225:*&output-format=jpg&output-quality=70",Capitol Hill,10.0,10.0,"['email', 'phone', 'facebook', 'linkedin', 'reviews', 'kba']",t,t,"10th Ave E, Seattle, WA 98102, United States",Capitol Hill,Broadway,Capitol Hill,Seattle,WA,98102,Seattle,"Seattle, WA",US,United States,47.62477068451541,-122.31914268237028,t,House,Private room,2,2.0,1.0,1.0,Real Bed,"{TV,""Cable TV"",Internet,""Wireless Internet"",Kitchen,""Free Parking on Premises"",""Pets Allowed"",Heating,""Family/Kid Friendly"",""Suitable for Events"",Washer,Dryer}",,$52.00,$275.00,,$250.00,$39.00,1,$9.00,2,21,7 months ago,t,0,0,0,2,2016-01-04,9,2013-03-02,2014-11-18,91.0,8.0,10.0,9.0,10.0,10.0,9.0,f,,WASHINGTON,f,moderate,t,t,9,0.26
941467,https://www.airbnb.com/rooms/941467,20160104002432,2016-01-04,"Close to Downtown, Ground-Level Rm","Cozy ground-floor, Garden room w/ en-suite bath & access to relaxing rear yd. Key-coded entry for effortless check-in! Linens, soaps, breakfast, & WiFi. Location close to Amazon HQ. Short walk or bus to Pike Place, shops, downtown, hospitals & UW!","***Not Instant Book for host safety, but will respond w/in 1 to 10 hours, time-zone/sleep depending. No reservations will be accepted without a guest photo and phone number. Thank you! :) *** Private room with queen bed, ideal for two. Entry-level room with private, en-suite bath. Door in room offers dedicated access to relaxing back yard with 4 Adirondack chairs and outdoor table.  - Linens & shampoo/conditioner provided. - WiFi - Complimentary coffee, tea, juices, and breakfast items in the communal kitchen. - Hair dryer in the bathroom. - Steamer and ironing board in the entry-floor closet. - Secure, keyed rooms to ensure privacy & safety. - The host is happy to accommodate unique requests for special occasions. - On-street parking is available, but walking and buses are all you'll need unless you're in town to explore destinations outside Seattle. The townhouse is nestled in the Capitol Hill neighborhood of Seattle. Boasting a Walkscore of 89, it's mere minutes from Volunteer Park,","Cozy ground-floor, Garden room w/ en-suite bath & access to relaxing rear yd. Key-coded entry for effortless check-in! Linens, soaps, breakfast, & WiFi. Location close to Amazon HQ. Short walk or bus to Pike Place, shops, downtown, hospitals & UW! ***Not Instant Book for host safety, but will respond w/in 1 to 10 hours, time-zone/sleep depending. No reservations will be accepted without a guest photo and phone number. Thank you! :) *** Private room with queen bed, ideal for two. Entry-level room with private, en-suite bath. Door in room offers dedicated access to relaxing back yard with 4 Adirondack chairs and outdoor table.  - Linens & shampoo/conditioner provided. - WiFi - Complimentary coffee, tea, juices, and breakfast items in the communal kitchen. - Hair dryer in the bathroom. - Steamer and ironing board in the entry-floor closet. - Secure, keyed rooms to ensure privacy & safety. - The host is happy to accommodate unique requests for special occasions. - On-street parking is avai",none,"Centrally located next to downtown. Easy commute to all tourist amenities, the Convention Center, ferries, and light rail access to/from the airport (about 1 hr from airport to doorstep via public transport; 25 min via taxi).","Rochelle is a Superhost with Airbnb and is very active in the Airbnb community. First-time Airbnb guests are welcome!  Curated over many years, Rochelle has a Web link to her personalized list of Seattle restaurants/bars/sights available to guests who book! Save time on your research!","Very safe, walkable neighborhood! If you do have a car, parking is free on 10th & I have a permit for resident parking, too. Bus stop is 1/2 block from the home & will provide access to downtown shopping, Pike Place Market, and walking range to the Space Needle.  When called, cabs or Uber arrive within 5 minutes. If you'd like a first-time user discount for $20 off your first Uber ride, let Rochelle know. Guests have loved using this discount to get around town or save on airport travel when toting lots of luggage.",https://a2.muscache.com/ac/pictures/67129124/79512760_original.jpg?interpolation=lanczos-none&size=small&output-format=jpg&output-quality=70,https://a2.muscache.com/im/pictures/67129124/79512760_original.jpg?aki_policy=medium,https://a2.muscache.com/ac/pictures/67129124/79512760_original.jpg?interpolation=lanczos-none&size=large_cover&output-format=jpg&output-quality=70,https://a2.muscache.com/ac/pictures/67129124/79512760_original.jpg?interpolation=lanczos-none&size=x_large_cover&output-format=jpg&output-quality=70,5090190,https://www.airbnb.com/users/show/5090190,Rochelle,2013-02-14,"Seattle, Washington, United States","I am an Airbnb Superhost and longtime Seattle native. I love playing tourist in my own town and in cities around the world!

My wallet demands that I temper my travel, and since I can't get abroad as much as I'd like to, I decided to bring the world to me. That's where you come in!

A true Seattleite, I love coffee, books, and a good craft cocktail. When you confirm a reservation with me, I'll send you a link to my personal website that lists dozens of bars, indie restaurants, and off-the-beaten-path places to give you a local's insight to the city. The hotlinks embedded in the page will allow you to research menus and details in advance of your stay. I update my list all the time. My guests thank me, but my liver hates me. =)

The Seattle rain can be a downer, but there's a little known secret few natives will let you in on: it doesn't rain here as much as the rest of the world thinks it does! Shh! That being said, I keep umbrellas in the closet for your use, so don't feel like you need to pack one. 

I attended the University of Washington and am a freelance editor and copywriter. I worked in real estate for over a decade and know the city and its neighborhoods well. If you're relocating to Seattle or just having fun, I'll be happy to offer personalized suggestions to help you enjoy your visit! 

I look forward to meeting you!",within a few hours,100%,100%,t,"https://a0.muscache.com/ac/users/5090190/profile_pic/1404191889/original.jpg?interpolation=lanczos-none&crop=w:w;*,*&crop=h:h;*,*&resize=50:*&output-format=jpg&output-quality=70","https://a0.muscache.com/ac/users/5090190/profile_pic/1404191889/original.jpg?interpolation=lanczos-none&crop=w:w;*,*&crop=h:h;*,*&resize=225:*&output-format=jpg&output-quality=70",Capitol Hill,2.0,2.0,"['email', 'phone', 'reviews', 'jumio']",t,t,"B 10th Avenue East, Seattle, WA 98102, United States",Capitol Hill,Broadway,Capitol Hill,Seattle,WA,98102,Seattle,"Seattle, WA",US,United States,47.63070461405453,-122.32119831808032,t,House,Private room,2,1.0,1.0,1.0,Real Bed,"{Internet,""Wireless Internet"",""Wheelchair Accessible"",Kitchen,""Smoking Allowed"",Breakfast,""Indoor Fireplace"",Heating,""Family/Kid Friendly"",Washer,Dryer,""Smoke Detector"",""Carbon Monoxide Detector"",""First Aid Kit"",Essentials,Shampoo,""24-Hour Check-in"",Hangers,""Hair Dryer"",Iron,""Laptop Friendly Workspace""}",,$95.00,,"$2,000.00",,$20.00,1,$10.00,2,365,3 weeks ago,t,10,10,10,29,2016-01-04,109,2013-04-28,2015-12-29,99.0,10.0,10.0,10.0,10.0,10.0,10.0,f,,WASHINGTON,f,moderate,t,f,2,3.33
1039766,https://www.airbnb.com/rooms/1039766,20160104002432,2016-01-04,Private Room - Capitol Hill Seattle,"A small, private bedroom with access to living room, kitchen & bath in centrally located part of Seattle's hip Capitol Hill neighborhood. The apartment has 1 cat, so if you're allergic, this may not be the best option & access to washer/dryer, wireless internet & cable television (in living room).","We have free parking, a washer/dryer, air conditioner, cable  HD TV & access to 4 bus lines, being 1 block off Broadway E. & 1 block off E. Olive Way/E. John Street","A small, private bedroom with access to living room, kitchen & bath in centrally located part of Seattle's hip Capitol Hill neighborhood. The apartment has 1 cat, so if you're allergic, this may not be the best option & access to washer/dryer, wireless internet & cable television (in living room). We have free parking, a washer/dryer, air conditioner, cable  HD TV & access to 4 bus lines, being 1 block off Broadway E. & 1 block off E. Olive Way/E. John Street Washer/dryer, air conditioner in living room, kitchen, endless neighborhood attractions, free parking on premises, a cute and chill cat, clean, cheap & relaxed living situation. Interaction with guests is easy and breezy.  If they want to sit and chat & have a beer, that works, but if they want to come and go as they please, I am cool with that, too. We have access to a large grocery store, any kind of cuisine you could desire, delicious coffee and easy public transit all within blocks of the apartment. I am a great concierge, as ",none,"We have access to a large grocery store, any kind of cuisine you could desire, delicious coffee and easy public transit all within blocks of the apartment. I am a great concierge, as well, so I can help you find anything in the neighborhood, & in many other neighborhoods around Seattle. ","I am often dog-sitting, so there is a good chance the majority of your stay, you will have the place to yourself.","There are 4 bus lines that run 1 block from the house, the 43, the 49, the 60 & the 9.  Within 3 blocks, runs the number 47 and within 6 blocks run the 10, 11 and other busses serving Downtown Seattle.   It is also very easy to hail a taxi on Broadway (one block east of the apartment).",https://a2.muscache.com/ac/pictures/20846035/77fdcbe3_original.jpg?interpolation=lanczos-none&size=small&output-format=jpg&output-quality=70,https://a2.muscache.com/im/pictures/20846035/77fdcbe3_original.jpg?aki_policy=medium,https://a2.muscache.com/ac/pictures/20846035/77fdcbe3_original.jpg?interpolation=lanczos-none&size=large_cover&output-format=jpg&output-quality=70,https://a2.muscache.com/ac/pictures/20846035/77fdcbe3_original.jpg?interpolation=lanczos-none&size=x_large_cover&output-format=jpg&output-quality=70,5724883,https://www.airbnb.com/users/show/5724883,Lillian,2013-04-01,"Seattle, Washington, United States","I am an independent contractor and have a spare bedroom. I would like to continue to share this space with same ilk of respectful and fantastic people that I have had the pleasure to meet via Airbnb. 

I love my cat & hanging out.  I gather that my guests' activities would be independent of my own, but sharing a beer & a chat would be cool, too.  Either way.

I expect my guests to be respectful of my space & to respect that, after certain hours, there are to be no unexpected guests and limited noise.  
The apartment is pretty small, & I am up for sharing my living room, kitchen & bathroom, but I prefer quiet and respectful guests.

No drug use/smoking in the house is allowed.  

If you would like to have someone share the room with you, that can be arranged, but with an added fee.  We can negotiate prices once we get to talking about arranging your stay.",within an hour,100%,100%,f,"https://a1.muscache.com/ac/users/5724883/profile_pic/1383031325/original.jpg?interpolation=lanczos-none&crop=w:w;*,*&crop=h:h;*,*&resize=50:*&output-format=jpg&output-quality=70","https://a1.muscache.com/ac/users/5724883/profile_pic/1383031325/original.jpg?interpolation=lanczos-none&crop=w:w;*,*&crop=h:h;*,*&resize=225:*&output-format=jpg&output-quality=70",Capitol Hill,1.0,1.0,"['email', 'phone', 'google', 'reviews', 'kba']",t,t,"Harvard Avenue East, Seattle, WA 98102, United States",Capitol Hill,Broadway,Capitol Hill,Seattle,WA,98102,Seattle,"Seattle, WA",US,United States,47.621998911538704,-122.32228238802097,t,Apartment,Private room,1,1.0,1.0,1.0,Real Bed,"{TV,""Cable TV"",Internet,""Wireless Internet"",""Air Conditioning"",Kitchen,""Free Parking on Premises"",""Pets live on this property"",Cat(s),""Indoor Fireplace"",Heating,Washer,Dryer,""Smoke Detector"",""First Aid Kit"",""Fire Extinguisher"",Essentials,Shampoo,""Lock on Bedroom Door""}",,$60.00,$575.00,,$100.00,$25.00,1,$20.00,1,21,3 days ago,t,22,47,77,352,2016-01-04,147,2013-07-01,2015-12-20,89.0,9.0,8.0,10.0,10.0,10.0,9.0,f,,WASHINGTON,t,strict,f,f,1,4.8
5078876,https://www.airbnb.com/rooms/5078876,20160104002432,2016-01-04,Great Location:2Bed&2.5Bath&Parking,Beautiful townhouse located in heart of Capitol Hill. Two bedrooms with queen size beds.  Master bedroom has Jacuzzi tub.  2 blocks E of Broadway. 10 min walk to the nightlife. 25 min walk to the Market. Garage parking and Washer/Dryer available.,Over 20 five GOLD STAR reviews for private (individual) room.  Now reserve the entire home.,"Beautiful townhouse located in heart of Capitol Hill. Two bedrooms with queen size beds.  Master bedroom has Jacuzzi tub.  2 blocks E of Broadway. 10 min walk to the nightlife. 25 min walk to the Market. Garage parking and Washer/Dryer available. Over 20 five GOLD STAR reviews for private (individual) room.  Now reserve the entire home. Access to the entire home. We are available by phone and email for any questions you have. Best neighborhood in Seattle - the location and unique character defines it. Easy access to Amazon and Microsoft (if you are coming for work). Walkable to almost everything. Bus lines to almost everywhere within 2 blocks.  Cap Hill Light Rail station open early 2016 (very soon) - only 3 blocks. Uber, Lyft, and taxis plentiful on Capitol Hill. If you have a party of 5, there is a comfortable couch in the living room which has an extra set of bedding located in the Master Bedroom closet (top shelf) Master bedroom has Jacuzzi tub and a separate shower. Iron (under si",none,Best neighborhood in Seattle - the location and unique character defines it. Easy access to Amazon and Microsoft (if you are coming for work).,"If you have a party of 5, there is a comfortable couch in the living room which has an extra set of bedding located in the Master Bedroom closet (top shelf) Master bedroom has Jacuzzi tub and a separate shower. Iron (under sink in guest bathroom) available for guest use  Hair Dryer (under sink in guest bathroom) available for guest use Garage parking available for one vehicle (perfect for a mid-size car; will be extremely tight for a mini-van or SUV); if you have a second vehicle or large vehicle there is a Zone 4 parking permit available for your use during your stay that allows you to park for up to 72 hours (permit must be returned upon check out) Minimum of 2 night stay.","Walkable to almost everything. Bus lines to almost everywhere within 2 blocks.  Cap Hill Light Rail station open early 2016 (very soon) - only 3 blocks. Uber, Lyft, and taxis plentiful on Capitol Hill.",https://a1.muscache.com/ac/pictures/105058225/3b62013d_original.jpg?interpolation=lanczos-none&size=small&output-format=jpg&output-quality=70,https://a1.muscache.com/im/pictures/105058225/3b62013d_original.jpg?aki_policy=medium,https://a1.muscache.com/ac/pictures/105058225/3b62013d_original.jpg?interpolation=lanczos-none&size=large_cover&output-format=jpg&output-quality=70,https://a1.muscache.com/ac/pictures/105058225/3b62013d_original.jpg?interpolation=lanczos-none&size=x_large_cover&output-format=jpg&output-quality=70,13309620,https://www.airbnb.com/users/show/13309620,Craig,2014-03-19,"Seattle, Washington, United States","Hi, my name is Craig. Work as a consultant - mainly from home. Avid traveler, runner, skier, and reader. Discovered Airbnb on a trip to Paris in 2014. Love living in Seattle and will easily fill your visit with fun things to do if you like.

I will be traveling from September 24, 2015, through the end of January 2016.  My good friends, Ruby and Rob, will be your host while staying at my Airbnb.",within an hour,100%,100%,t,"https://a1.muscache.com/ac/users/13309620/profile_pic/1408053131/original.jpg?interpolation=lanczos-none&crop=w:w;*,*&crop=h:h;*,*&resize=50:*&output-format=jpg&output-quality=70","https://a1.muscache.com/ac/users/13309620/profile_pic/1408053131/original.jpg?interpolation=lanczos-none&crop=w:w;*,*&crop=h:h;*,*&resize=225:*&output-format=jpg&output-quality=70",Capitol Hill,2.0,2.0,"['email', 'phone', 'facebook', 'reviews', 'kba']",t,t,"Federal Avenue East, Seattle, WA 98102, United States",Capitol Hill,Broadway,Capitol Hill,Seattle,WA,98102,Seattle,"Seattle, WA",US,United States,47.62174048257828,-122.31783945249023,t,Townhouse,Entire home/apt,5,2.5,2.0,2.0,Real Bed,"{TV,""Cable TV"",Internet,""Wireless Internet"",Kitchen,""Free Parking on Premises"",""Indoor Fireplace"",Heating,""Family/Kid Friendly"",Washer,Dryer,""Smoke Detector"",""Carbon Monoxide Detector"",""First Aid Kit"",""Fire Extinguisher"",Essentials,Shampoo}",,$225.00,"$1,300.00","$5,000.00",,$100.00,4,$25.00,2,30,today,t,18,28,28,28,2016-01-04,13,2015-09-28,2016-01-02,98.0,10.0,10.0,10.0,10.0,10.0,9.0,f,,WASHINGTON,f,strict,f,f,2,3.94
5242712,https://www.airbnb.com/rooms/5242712,20160104002432,2016-01-04,Spacious Studio Close to Everything,"Spacious 500 square foot studio with plush foam king-sized bed, kitchen, and other great amenities. Located in the heart of Seattle, this apartment is walking distance from Pike Place Market, restaurants, nightlife, and coffee shops.","This 500 square foot studio apartment is the perfect home away from home in the heart of Seattle. Minutes away from the convention center, Space Needle, downtown Seattle, University of Washington and Seattle Pacific University, this place is perfectly centered and also within walking distance to some of the best bars and restaurants within Seattle.  From this fantastic central location, some of Seattle's best areas are just a short walk or drive away. Pike Place Market is 15 minutes away on foot or by bus, or just 5 minutes by car or cab. In the same waterfront area are the Seattle Great Wheel and the Seattle Art Museum. There are plenty of bus stations within easy walking distance of the apartment that can take you practically anywhere in the city. The neighborhood also has dozens of options for great places to eat: Terra Plata - known for their creative & delicious plates inspired by the seasons, La Cocina Oaxaqueña - known for their amazing Moles, and Soi - known for their mouth wat","Spacious 500 square foot studio with plush foam king-sized bed, kitchen, and other great amenities. Located in the heart of Seattle, this apartment is walking distance from Pike Place Market, restaurants, nightlife, and coffee shops. This 500 square foot studio apartment is the perfect home away from home in the heart of Seattle. Minutes away from the convention center, Space Needle, downtown Seattle, University of Washington and Seattle Pacific University, this place is perfectly centered and also within walking distance to some of the best bars and restaurants within Seattle.  From this fantastic central location, some of Seattle's best areas are just a short walk or drive away. Pike Place Market is 15 minutes away on foot or by bus, or just 5 minutes by car or cab. In the same waterfront area are the Seattle Great Wheel and the Seattle Art Museum. There are plenty of bus stations within easy walking distance of the apartment that can take you practically anywhere in the city. The ne",none,"Capitol Hill, Seattle, is the place to be for drinks, food and fun.  Bars & Nightclubs - You are a five minute walk to the corner of Pike & Broadway, one of the best areas for late night clubs, bars and general debauchery. Libations galore, this area probably has the highest density of bars in Seattle.  Restaurants - Lots of options here. For Mexican, hit up La Cocina Oaxaquena (you can watch them make fresh corn tortillas and make sure to get the Chicken Mole and the Pozole, DELISH!). For Indian, do Moti Mahal (Get the Saag Paneer and Butter Chicken. Limited choices otherwise). For creative american fusion, check out Union. For super pricey joints, find Terra Plata and any restaurant within 50 feet is guranteed to set you back $50 per person, but the ambience is par none.  Coffee - You MUST go to Cafe Vivace Espresso Sidewalk. The best baristas rotate through this location and the coffee is so smooth, it is slightly sweet. No need for extra sugar!  Additionally, the studio is also jus","The fridge might be a bit loud, so feel free to turn off the unit via the dial switch within the lower half of the unit. Also, please not that there is no A/C, but since you are in Seattle, there's no need for one!","Bus, walking, Uber, Flywheel",,,https://a2.muscache.com/ac/pictures/79813548/750b5a93_original.jpg?interpolation=lanczos-none&size=large_cover&output-format=jpg&output-quality=70,,9455871,https://www.airbnb.com/users/show/9455871,Alex,2013-10-16,US,"Vividly nostalgic. Horchata. Asian food. Dark beer. Adventure. Pantone 021. Shenanigans. Aggressively social.  Art. Playful banter. Highly compatible. Workaholic. Corona. Spontaneous. Paint. HighTech Industry. Observer. Doer. Dreamer. Creative Eye. Wanderer. Zen and the Art of Motorcycle Maintenance.

Passions: traveling to distant places, sampling small batch gin and whisky, hiking through remote regions of Washington, chatting about economic and technology trends and always looking to meet new people over an awesome cup of java.",within an hour,100%,100%,f,"https://a0.muscache.com/ac/users/9455871/profile_pic/1423644074/original.jpg?interpolation=lanczos-none&crop=w:w;*,*&crop=h:h;*,*&resize=50:*&output-format=jpg&output-quality=70","https://a0.muscache.com/ac/users/9455871/profile_pic/1423644074/original.jpg?interpolation=lanczos-none&crop=w:w;*,*&crop=h:h;*,*&resize=225:*&output-format=jpg&output-quality=70",First Hill,2.0,2.0,"['email', 'phone', 'facebook', 'linkedin', 'reviews', 'jumio']",t,t,"East Union Street, Seattle, WA 98122, United States",First Hill,Broadway,Capitol Hill,Seattle,WA,98122,Seattle,"Seattle, WA",US,United States,47.61419724651563,-122.32278851024674,t,Apartment,Entire home/apt,2,1.0,0.0,1.0,Real Bed,"{TV,Internet,""Wireless Internet"",Kitchen,Heating,""Family/Kid Friendly"",Washer,Dryer,""Smoke Detector"",""First Aid Kit"",""Fire Extinguisher"",Essentials}",,$60.00,,,$200.00,$71.00,2,$55.00,2,1125,today,t,30,60,90,251,2016-01-04,30,2015-02-23,2015-12-20,87.0,9.0,9.0,9.0,9.0,9.0,9.0,f,,WASHINGTON,t,moderate,f,f,2,2.85
1539476,https://www.airbnb.com/rooms/1539476,20160104002432,2016-01-04,One Bedroom in Capitol Hill,"Conveniently located in the heart of Capitol Hill, steps from restaurants, coffee shops, and a 15 min walk to downtown and the light rail to/from airport. Apt is cute and clean with a nice view of the Space Needle. Access to private bedroom, shared bath, kitchen, and living space.","Great view of downtown Perfect for travelers without a car Walking distance to shops, restaurants, South Lake Union, Volunteer Park, Space Needle and downtown","Conveniently located in the heart of Capitol Hill, steps from restaurants, coffee shops, and a 15 min walk to downtown and the light rail to/from airport. Apt is cute and clean with a nice view of the Space Needle. Access to private bedroom, shared bath, kitchen, and living space. Great view of downtown Perfect for travelers without a car Walking distance to shops, restaurants, South Lake Union, Volunteer Park, Space Needle and downtown private bedroom with a shared living space, bathroom, kitchen and dining area towels, bedding, tp and kitchen utensils provided off limits is my bedroom, my food, my toiletries I will be home during all dates listed as available. I work full time so I will be home in evenings. I am available to answer any questions about the area.  Capitol Hill is a fun, vibrant community with lots of cultural activities. Some of my favorite restaurants are only a short walk away. Downtown is right down the street and this area is a great place to walk and has great pub",none,"Capitol Hill is a fun, vibrant community with lots of cultural activities. Some of my favorite restaurants are only a short walk away. Downtown is right down the street and this area is a great place to walk and has great public transportation options so I don't have to worry about driving or finding parking. ",,Walking distance from downtown Seattle where Lightrail connects to the airport and buses connect to everywhere in the  city and surrounding areas. Personally I enjoy walking around my neighborhood and seeing the views of the white capped mountains and the Puget Sound as I go. ,https://a1.muscache.com/ac/pictures/22538336/e60879d9_original.jpg?interpolation=lanczos-none&size=small&output-format=jpg&output-quality=70,https://a1.muscache.com/im/pictures/22538336/e60879d9_original.jpg?aki_policy=medium,https://a1.muscache.com/ac/pictures/22538336/e60879d9_original.jpg?interpolation=lanczos-none&size=large_cover&output-format=jpg&output-quality=70,https://a1.muscache.com/ac/pictures/22538336/e60879d9_original.jpg?interpolation=lanczos-none&size=x_large_cover&output-format=jpg&output-quality=70,5425175,https://www.airbnb.com/users/show/5425175,Nina,2013-03-12,"Seattle, Washington, United States","I love traveling! I especially find it exciting to go outside of my comfort zone learning about new cultures and seeing the world in different perspectives. This helps me appreciate life!
I'm a Seattleite born and raised. Seattle is a beautiful city that will always be my home, but I do have an itch to live elsewhere at the moment, somewhere sunny and warm preferably =) 
I work in the hospitality industry as a restaurant server. I graduated from UW with a degree in Environmental Studies. My hobbies include playing classical piano, cycling, snowboarding, hiking, reading, and doing pretty much anything outdoors related! 
My current goals include climbing Mt. Rainier, moving to a new city, and working on my independence and happiness. 
I've used airbnb for all my stays on a trip to the Yucatan Peninsula in MX in March/April of 2013 but it was under a different account than mine. I stayed in some amazing places and saved a lot of money with Airbnb. Airbnb rocks! As a guest I am responsible, respectful, and clean. ",within an hour,100%,100%,t,"https://a0.muscache.com/ac/users/5425175/profile_pic/1376115092/original.jpg?interpolation=lanczos-none&crop=w:w;*,*&crop=h:h;*,*&resize=50:*&output-format=jpg&output-quality=70","https://a0.muscache.com/ac/users/5425175/profile_pic/1376115092/original.jpg?interpolation=lanczos-none&crop=w:w;*,*&crop=h:h;*,*&resize=225:*&output-format=jpg&output-quality=70",Capitol Hill,1.0,1.0,"['email', 'phone', 'reviews', 'jumio']",t,t,"Summit Avenue East, Seattle, WA 98102, United States",Capitol Hill,Broadway,Capitol Hill,Seattle,WA,98102,Seattle,"Seattle, WA",US,United States,47.61894378171149,-122.32657315625907,t,Apartment,Private room,1,1.0,1.0,1.0,Real Bed,"{Internet,""Wireless Internet"",Kitchen,""Smoking Allowed"",Breakfast,""Pets live on this property"",Dog(s),""Buzzer/Wireless Intercom"",Heating,Washer,Dryer,""Smoke Detector"",""Carbon Monoxide Detector"",""First Aid Kit"",""Fire Extinguisher"",Essentials,Shampoo}",,$75.00,$500.00,,$200.00,,1,$0.00,4,1125,3 months ago,t,30,60,90,365,2016-01-04,47,2013-09-01,2015-10-28,97.0,10.0,10.0,10.0,10.0,10.0,10.0,f,,WASHINGTON,f,flexible,f,f,1,1.65
8626068,https://www.airbnb.com/rooms/8626068,20160104002432,2016-01-04,Cozy Cap Hill Studio,"Enjoy a small getaway with views of the Sound, the Olympics Mountains, and access to all the bars, restaurants and night spots Capitol Hill and Seattle have to offer!",,"Enjoy a small getaway with views of the Sound, the Olympics Mountains, and access to all the bars, restaurants and night spots Capitol Hill and Seattle have to offer!",none,,,,https://a1.muscache.com/ac/pictures/109617223/cc3ccde5_original.jpg?interpolation=lanczos-none&size=small&output-format=jpg&output-quality=70,https://a1.muscache.com/im/pictures/109617223/cc3ccde5_original.jpg?aki_policy=medium,https://a1.muscache.com/ac/pictures/109617223/cc3ccde5_original.jpg?interpolation=lanczos-none&size=large_cover&output-format=jpg&output-quality=70,https://a1.muscache.com/ac/pictures/109617223/cc3ccde5_original.jpg?interpolation=lanczos-none&size=x_large_cover&output-format=jpg&output-quality=70,21259382,https://www.airbnb.com/users/show/21259382,Ryan,2014-09-12,"Seattle, Washington, United States","moved to Seattle from Michigan, love the outdoors sports and enjoying my time out on the town and traveling to other Airbnb locations",,,,f,"https://a0.muscache.com/ac/users/21259382/profile_pic/1410582739/original.jpg?interpolation=lanczos-none&crop=w:w;*,*&crop=h:h;*,*&resize=50:*&output-format=jpg&output-quality=70","https://a0.muscache.com/ac/users/21259382/profile_pic/1410582739/original.jpg?interpolation=lanczos-none&crop=w:w;*,*&crop=h:h;*,*&resize=225:*&output-format=jpg&output-quality=70",Capitol Hill,1.0,1.0,"['email', 'phone', 'facebook', 'reviews', 'jumio']",t,t,"13th Avenue East, Seattle, WA 98102, United States",Capitol Hill,Broadway,Capitol Hill,Seattle,WA,98102,Seattle,"Seattle, WA",US,United States,47.62073340316015,-122.3171032165151,t,Apartment,Entire home/apt,2,1.0,0.0,1.0,Real Bed,"{TV,""Cable TV"",""Wireless Internet"",""Buzzer/Wireless Intercom"",Heating,Washer,Dryer,""Smoke Detector"",""Carbon Monoxide Detector"",""First Aid Kit"",Essentials,Shampoo}",,$100.00,$750.00,,,$10.00,1,$0.00,2,10,2 months ago,t,0,0,0,71,2016-01-04,0,,,,,,,,,,f,,WASHINGTON,f,moderate,f,f,1,
8150395,https://www.airbnb.com/rooms/8150395,20160104002432,2016-01-04,Hip Mid-Century Capitol Hill Flat,"A spacious, well-designed apartment in a historic building in the heart of Capitol Hill.","This space is newly-hosted as of September 2015, so please take advantage of the low price while I accumulate some reviews! Gorgeous apartment on a quiet street in the heart of Capitol Hill. This apartment is spacious (around 800 square feet) and is full of great mid-century furniture and artwork. The apartment is in a historic building and accessed through a cute courtyard -- a really unique Seattle gem. A fully-equipped kitchen and dining room make this a great place eat in if you need a break from Capitol Hill's lively restaurant scene.","A spacious, well-designed apartment in a historic building in the heart of Capitol Hill. This space is newly-hosted as of September 2015, so please take advantage of the low price while I accumulate some reviews! Gorgeous apartment on a quiet street in the heart of Capitol Hill. This apartment is spacious (around 800 square feet) and is full of great mid-century furniture and artwork. The apartment is in a historic building and accessed through a cute courtyard -- a really unique Seattle gem. A fully-equipped kitchen and dining room make this a great place eat in if you need a break from Capitol Hill's lively restaurant scene. 2 minute walk to the bus stop with direct bus lines downtown, and to Seattle Center (the Space Needle!).",none,,,"2 minute walk to the bus stop with direct bus lines downtown, and to Seattle Center (the Space Needle!).",https://a0.muscache.com/ac/pictures/103823757/126ef330_original.jpg?interpolation=lanczos-none&size=small&output-format=jpg&output-quality=70,https://a0.muscache.com/im/pictures/103823757/126ef330_original.jpg?aki_policy=medium,https://a0.muscache.com/ac/pictures/103823757/126ef330_original.jpg?interpolation=lanczos-none&size=large_cover&output-format=jpg&output-quality=70,https://a0.muscache.com/ac/pictures/103823757/126ef330_original.jpg?interpolation=lanczos-none&size=x_large_cover&output-format=jpg&output-quality=70,374596,https://www.airbnb.com/users/show/374596,Sarah,2011-02-02,"Seattle, Washington, United States","My name is Sarah and I'm an attorney in the tech industry living in Seattle by way of Washington D.C., San Francisco, and London (where I grew up) with a couple stints in New York thrown in there. 

Some things I like (in no apparent order): other people's dogs, oysters, Mexico City, dive bars, midcentury furniture, the only two video games I have played in my life (Tomb Raider and Bioshock, if you're wondering), Downton Abbey and LaCroix.
",within a day,90%,100%,f,"https://a2.muscache.com/ac/pictures/ab5af761-4ecc-48c5-b442-08d6d79f6b47.jpg?interpolation=lanczos-none&crop=w:w;*,*&crop=h:h;*,*&resize=50:*&output-format=jpg&output-quality=70","https://a2.muscache.com/ac/pictures/ab5af761-4ecc-48c5-b442-08d6d79f6b47.jpg?interpolation=lanczos-none&crop=w:w;*,*&crop=h:h;*,*&resize=225:*&output-format=jpg&output-quality=70",Capitol Hill,1.0,1.0,"['email', 'phone', 'facebook', 'reviews', 'kba']",t,t,"14th Avenue East, Seattle, WA 98112, United States",Capitol Hill,Broadway,Capitol Hill,Seattle,WA,98112,Seattle,"Seattle, WA",US,United States,47.61864796828616,-122.31531185006163,t,Apartment,Entire home/apt,3,1.0,1.0,1.0,Real Bed,"{Internet,""Wireless Internet"",Kitchen,""Free Parking on Premises"",Heating,""Smoke Detector"",""Carbon Monoxide Detector"",Essentials,Shampoo}",,$93.00,$553.00,,$500.00,$60.00,2,$0.00,2,1125,3 days ago,t,17,26,55,55,2016-01-04,6,2015-09-16,2015-12-17,96.0,10.0,10.0,10.0,10.0,10.0,10.0,f,,WASHINGTON,f,flexible,f,f,1,1.62
4824435,https://www.airbnb.com/rooms/4824435,20160104002432,2016-01-04,Modern Townhouse w/ Rooftop Deck,"Spacious  3-story townhouse with rooftop deck in an amazing location, close to everything- 5-10 min bus ride to South Lake Union, Capitol Hill, or downtown Seattle.  House is new construction with luxurious finishes and amenities.","First floor includes full bathroom, with tub and shower, bedroom with queen bed, and second bedroom with pullout couch and a desk (should you like to work!).  Second floor includes gourmet kitchen, living room with Sonos sound system, deck, and powder room.  Rooftop includes a second Sonos sound system, Weber BBQ, lots of seating, and one of the best views in Seattle.","Spacious  3-story townhouse with rooftop deck in an amazing location, close to everything- 5-10 min bus ride to South Lake Union, Capitol Hill, or downtown Seattle.  House is new construction with luxurious finishes and amenities. First floor includes full bathroom, with tub and shower, bedroom with queen bed, and second bedroom with pullout couch and a desk (should you like to work!).  Second floor includes gourmet kitchen, living room with Sonos sound system, deck, and powder room.  Rooftop includes a second Sonos sound system, Weber BBQ, lots of seating, and one of the best views in Seattle. Guests will have access to bedrooms and bathroom downstairs, living room, kitchen, powder room, washer, dryer and rooftop deck, complete with Space Needle view, sound system, and Weber BBQ. Lots of great bars, cafe's, and restaurants around Eastlake.  Also great bus service to downtown, SLU, or Capitol Hill - on a nice day you can walk!   Awesome spot for a run around Lake Union. The #25, #60, #",none,"Lots of great bars, cafe's, and restaurants around Eastlake.  Also great bus service to downtown, SLU, or Capitol Hill - on a nice day you can walk!   Awesome spot for a run around Lake Union.",,"The #25, #60, #77 are most useful to go downtown and are very frequent.  You can also walk to Capitol Hill or South Lake Union. User is a convenient way to get around in the city. You will also find car2go cars, if you are a car2go member.",https://a2.muscache.com/ac/pictures/d8381df9-8aac-4769-935a-d72c186c5709.jpg?interpolation=lanczos-none&size=small&output-format=jpg&output-quality=70,https://a2.muscache.com/im/pictures/d8381df9-8aac-4769-935a-d72c186c5709.jpg?aki_policy=medium,https://a2.muscache.com/ac/pictures/d8381df9-8aac-4769-935a-d72c186c5709.jpg?interpolation=lanczos-none&size=large_cover&output-format=jpg&output-quality=70,https://a2.muscache.com/ac/pictures/d8381df9-8aac-4769-935a-d72c186c5709.jpg?interpolation=lanczos-none&size=x_large_cover&output-format=jpg&output-quality=70,24693226,https://www.airbnb.com/users/show/24693226,Prashant,2014-12-10,"Seattle, Washington, United States",,within a day,100%,100%,f,"https://a2.muscache.com/ac/users/24693226/profile_pic/1418624402/original.jpg?interpolation=lanczos-none&crop=w:w;*,*&crop=h:h;*,*&resize=50:*&output-format=jpg&output-quality=70","https://a2.muscache.com/ac/users/24693226/profile_pic/1418624402/original.jpg?interpolation=lanczos-none&crop=w:w;*,*&crop=h:h;*,*&resize=225:*&output-format=jpg&output-quality=70",,1.0,1.0,"['email', 'phone', 'facebook', 'google', 'jumio']",t,t,"C Boylston Ave E, Seattle, WA 98102, United States",,Broadway,Capitol Hill,Seattle,WA,98102,Seattle,"Seattle, WA",US,United States,47.639487959227885,-122.32278303732863,f,Townhouse,Entire home/apt,4,1.5,2.0,2.0,Real Bed,"{TV,""Cable TV"",Internet,""Wireless Internet"",Kitchen,""Free Parking on Premises"",""Pets Allowed"",Heating,""Family/Kid Friendly"",Washer,Dryer,""Smoke Detector"",""Safety Card"",Essentials,Shampoo,""24-Hour Check-in"",Hangers,""Hair Dryer"",Iron,""Laptop Friendly Workspace""}",,$165.00,"$1,050.00",,,$50.00,1,$15.00,3,1125,2 months ago,t,14,14,14,14,2016-01-04,0,,,,,,,,,,f,,WASHINGTON,f,moderate,f,f,1,
4250639,https://www.airbnb.com/rooms/4250639,20160104002432,2016-01-04,City 2 Bdrm Condo Convention Center,"Ideal downtown location- Condo features two bedrooms, one with a queen-size bed and the other with two twins that can be made into a king.  Furnished with style and comfort in mind. Parking in building is available. DSL Internet.","This condo features two bedrooms, one with a queen-size bed and the other with two twins that can be made into a king. Fully equipped kitchen and all linens are included. Parking is available for an additional fee. DSL Internet connection provided in unit. On the fourteenth floor of a 1949 high-rise building with concierge. Building also features a recreation room with pool table and big screen TV, and a rooftop deck with amazing views. ","Ideal downtown location- Condo features two bedrooms, one with a queen-size bed and the other with two twins that can be made into a king.  Furnished with style and comfort in mind. Parking in building is available. DSL Internet. This condo features two bedrooms, one with a queen-size bed and the other with two twins that can be made into a king. Fully equipped kitchen and all linens are included. Parking is available for an additional fee. DSL Internet connection provided in unit. On the fourteenth floor of a 1949 high-rise building with concierge. Building also features a recreation room with pool table and big screen TV, and a rooftop deck with amazing views.  One complimentary parking spot comes with the rental, which is located in the building's secure parking garage. PLEASE NOTE: Our Elektra Condos require personal check in service.  Check ins prior to 10pm are complimentary.  Late check ins can be arranged for a fee of $30.   Upon booking, to complete your rental profile we will",none,"Situated in the ideal Seattle location where Capitol Hill meets downtown. The building is next to the Washington State Convention Center and just steps to Pacific Place, Westlake shopping centers, live theater, movie theaters, public transportation, and many restaurants. The building is also just a few blocks from Swedish Hospital, Pike Place Market, Elliott Bay waterfront, and just one mile to the Space Needle and Seattle Center. You can't get more centrally located than this.  Walk Score: 97! ","Please note, major holidays require a 4 or 5 night minimum, depending on the holiday. Residential Building: Please keep in mind that the majority of the units in the Elektra Building are residential and owner occupied. In order to operate vacation rentals within this residential building, we are required to provide a simple background screening for all guests.  Please be mindful and respectful of your neighbors, property, and noise levels. Radios, TVs, etc. should be at an acceptable volume level at all times. Building Quiet Hours must be observed from 10:00 pm to 8:00 am.  MONTH+ STAYS: Housekeeping is biweekly for stays of a month or longer.  If your stay is longer than 1 month, please expect additional cleaning fees.",(URL HIDDEN),https://a2.muscache.com/ac/pictures/53383166/8abbb682_original.jpg?interpolation=lanczos-none&size=small&output-format=jpg&output-quality=70,https://a2.muscache.com/im/pictures/53383166/8abbb682_original.jpg?aki_policy=medium,https://a2.muscache.com/ac/pictures/53383166/8abbb682_original.jpg?interpolation=lanczos-none&size=large_cover&output-format=jpg&output-quality=70,https://a2.muscache.com/ac/pictures/53383166/8abbb682_original.jpg?interpolation=lanczos-none&size=x_large_cover&output-format=jpg&output-quality=70,430709,https://www.airbnb.com/users/show/430709,Sea To Sky Rentals,2011-03-08,"Seattle, Washington, United States","Rental and Management company representing over 30 properties in Seattle, Washington!",within a day,88%,100%,f,"https://a2.muscache.com/ac/users/430709/profile_pic/1407448665/original.jpg?interpolation=lanczos-none&crop=w:w;*,*&crop=h:h;*,*&resize=50:*&output-format=jpg&output-quality=70","https://a2.muscache.com/ac/users/430709/profile_pic/1407448665/original.jpg?interpolation=lanczos-none&crop=w:w;*,*&crop=h:h;*,*&resize=225:*&output-format=jpg&output-quality=70",Belltown,36.0,36.0,"['email', 'phone', 'facebook', 'linkedin', 'reviews', 'jumio']",t,t,"Hubbell Place and Pike St, Seattle, WA 98101, United States",First Hill,Broadway,Capitol Hill,Seattle,WA,98101,Seattle,"Seattle, WA",US,United States,47.613876113498826,-122.32927710054832,f,Apartment,Entire home/apt,4,1.0,2.0,3.0,Real Bed,"{""Cable TV"",""Wireless Internet"",Kitchen,""Free Parking on Premises"",""Elevator in Building"",Heating,""Family/Kid Friendly"",Washer,Dryer,""Smoke Detector"",""Carbon Monoxide Detector"",""First Aid Kit"",""Safety Card"",""Fire Extinguisher"",Essentials}",,$139.00,,,,$194.00,1,$0.00,3,1125,today,t,20,46,72,96,2016-01-04,4,2015-01-20,2015-06-27,95.0,10.0,10.0,10.0,10.0,10.0,10.0,f,,WASHINGTON,f,strict,t,t,31,0.34
3652612,https://www.airbnb.com/rooms/3652612,20160104002432,2016-01-04,Capitol Hill 1BR Kitchen & Balcony,"Great 1 bedroom apartment with an ample balcony that you can see the Space Needle from. Full kitchen, bathroom and very walkable to everything. Internet and office area available. Located very close to downtown, the Pike/Pine corridor and Broadway.",Perfect summer space in Capitol Hill. TV and electronic drumset available. The sunset is one of my favorite things about this space.,"Great 1 bedroom apartment with an ample balcony that you can see the Space Needle from. Full kitchen, bathroom and very walkable to everything. Internet and office area available. Located very close to downtown, the Pike/Pine corridor and Broadway. Perfect summer space in Capitol Hill. TV and electronic drumset available. The sunset is one of my favorite things about this space. Washer and Dryer in the building. I will be available by email and phone if needed! Very convenient to get to downtown, but why would you need to go! 10 minute walk, or the 11, 10, 43, or 49 are all very close by. Parking is a half block away and around $15 a day.",none,,Parking is a half block away and around $15 a day.,"Very convenient to get to downtown, but why would you need to go! 10 minute walk, or the 11, 10, 43, or 49 are all very close by.",https://a1.muscache.com/ac/pictures/47491216/cee93ed3_original.jpg?interpolation=lanczos-none&size=small&output-format=jpg&output-quality=70,https://a1.muscache.com/im/pictures/47491216/cee93ed3_original.jpg?aki_policy=medium,https://a1.muscache.com/ac/pictures/47491216/cee93ed3_original.jpg?interpolation=lanczos-none&size=large_cover&output-format=jpg&output-quality=70,https://a1.muscache.com/ac/pictures/47491216/cee93ed3_original.jpg?interpolation=lanczos-none&size=x_large_cover&output-format=jpg&output-quality=70,3839959,https://www.airbnb.com/users/show/3839959,Jayson,2012-10-11,"Seattle, Washington, United States","Frequent traveler, foodie and kayak enthusiast.",within a day,86%,100%,f,"https://a0.muscache.com/ac/users/3839959/profile_pic/1405880868/original.jpg?interpolation=lanczos-none&crop=w:w;*,*&crop=h:h;*,*&resize=50:*&output-format=jpg&output-quality=70","https://a0.muscache.com/ac/users/3839959/profile_pic/1405880868/original.jpg?interpolation=lanczos-none&crop=w:w;*,*&crop=h:h;*,*&resize=225:*&output-format=jpg&output-quality=70",Capitol Hill,1.0,1.0,"['email', 'phone', 'facebook', 'reviews', 'kba']",t,t,"East Denny Way, Seattle, WA 98122, United States",Capitol Hill,Broadway,Capitol Hill,Seattle,WA,98122,Seattle,"Seattle, WA",US,United States,47.61847865890015,-122.32452175311212,t,Apartment,Entire home/apt,3,1.0,1.0,1.0,Real Bed,"{TV,Internet,""Wireless Internet"",""Wheelchair Accessible"",Kitchen,""Elevator in Building"",""Buzzer/Wireless Intercom"",Heating,Washer,Dryer,""Smoke Detector"",""Carbon Monoxide Detector"",Essentials,Shampoo}",,$150.00,,,,$40.00,1,$0.00,1,1125,3 months ago,t,30,60,90,365,2016-01-04,23,2014-08-26,2015-09-28,93.0,10.0,9.0,10.0,10.0,10.0,10.0,f,,WASHINGTON,f,moderate,f,f,1,1.39
3570691,https://www.airbnb.com/rooms/3570691,20160104002432,2016-01-04,Home away from home - Capitol Hill ,"Looking for a clean, quiet, and comfortable place to stay and be close to everything? My house is it! Centrally located & tucked away in a quiet corner of Capitol Hill. Easy to get around by foot or by bus. 2 bedrooms for 5 ppl, and futons for 3 more","My house is a 3-storey townhome with two bedrooms and 2 1/2 baths. There are two bedrooms on the top level. Master bedroom has an en-suite bathroom with a full shower, plus a separate soaking tub that is perfect for a nice warm bath at the end of the day. Check out the pics! This room has one queen-sized bed for two persons and one single bed for the third person. The second bedroom also has one queen-sized bed, with a full bath with shower and tub.  2nd floor has a spacious kitchen with modern appliances - oven, stove, microwave, fridge, and dishwasher. You're more than welcome to cook your own meal but please keep it clean. The dining and living areas are separated by a fireplace in the middle. The living area has a futon couch, a daybed by the window (easily my favorite spot for relaxing or reading), and an LCD TV. No cable TV, just basic over-the-air channels. My Nintendo WiiU is connected to the TV and you can use it for Netflix, Amazon Video, Hulu, etc., or gaming. The dining are","Looking for a clean, quiet, and comfortable place to stay and be close to everything? My house is it! Centrally located & tucked away in a quiet corner of Capitol Hill. Easy to get around by foot or by bus. 2 bedrooms for 5 ppl, and futons for 3 more My house is a 3-storey townhome with two bedrooms and 2 1/2 baths. There are two bedrooms on the top level. Master bedroom has an en-suite bathroom with a full shower, plus a separate soaking tub that is perfect for a nice warm bath at the end of the day. Check out the pics! This room has one queen-sized bed for two persons and one single bed for the third person. The second bedroom also has one queen-sized bed, with a full bath with shower and tub.  2nd floor has a spacious kitchen with modern appliances - oven, stove, microwave, fridge, and dishwasher. You're more than welcome to cook your own meal but please keep it clean. The dining and living areas are separated by a fireplace in the middle. The living area has a futon couch, a daybed",none,"Close to the bustling blocks of Capitol Hill, yet still very quiet all around. There are lots of good restaurants, bakeries, and coffee shops nearby. Bakery Nouveau and Molly Moon Ice Cream are musts! :-) Easy bus ride to downtown Seattle. You can walk there as well.   Beautiful parks and playfields are within walking distance - Volunteer Park, Cal Anderson Park, etc.","Parking (1-car) is included. A sedan or smaller vehicle would fit easily. A small SUV would too but it'll be tight. Hair dryer is available. Please note that there's no A/C. But there are a couple of fans, the floor-standing, portable kind.","Walkable to all the hot spots on Capitol Hill, downtown, or First Hill. Easy bus ride to downtown Seattle, Space Needle, University District, South Lake Union, Belltown, International District, etc. Lyft and Uber are easily available. I've never had to wait for more than 5 minutes. Easy transit ride from the airport! Take the LINK light rail to downtown, then bus #10 up Cap Hill. I can also provide more info.",https://a1.muscache.com/ac/pictures/45179986/e88a4454_original.jpg?interpolation=lanczos-none&size=small&output-format=jpg&output-quality=70,https://a1.muscache.com/im/pictures/45179986/e88a4454_original.jpg?aki_policy=medium,https://a1.muscache.com/ac/pictures/45179986/e88a4454_original.jpg?interpolation=lanczos-none&size=large_cover&output-format=jpg&output-quality=70,https://a1.muscache.com/ac/pictures/45179986/e88a4454_original.jpg?interpolation=lanczos-none&size=x_large_cover&output-format=jpg&output-quality=70,30604,https://www.airbnb.com/users/show/30604,Ekko,2009-08-09,"Seattle, Washington, United States","I'm originally from Thailand and I now call Seattle home. I've been here since 2000 following my school years in Hawai'i. I love traveling. I've been to parts of Europe and Asia but not Africa, Australia, or South America. Not just yet anyway. They're all on my list!",within a few hours,100%,100%,t,"https://a2.muscache.com/ac/users/30604/profile_pic/1259115228/original.jpg?interpolation=lanczos-none&crop=w:w;*,*&crop=h:h;*,*&resize=50:*&output-format=jpg&output-quality=70","https://a2.muscache.com/ac/users/30604/profile_pic/1259115228/original.jpg?interpolation=lanczos-none&crop=w:w;*,*&crop=h:h;*,*&resize=225:*&output-format=jpg&output-quality=70",Capitol Hill,1.0,1.0,"['email', 'phone', 'reviews', 'kba']",t,t,"East Olive Street, Seattle, WA 98122, United States",Capitol Hill,Broadway,Capitol Hill,Seattle,WA,98122,Seattle,"Seattle, WA",US,United States,47.61763886070276,-122.31467191118963,t,House,Entire home/apt,8,2.5,2.0,3.0,Real Bed,"{TV,Internet,""Wireless Internet"",Kitchen,""Free Parking on Premises"",Heating,""Family/Kid Friendly"",Washer,Dryer,""Smoke Detector"",""Carbon Monoxide Detector"",""First Aid Kit"",""Fire Extinguisher"",Essentials,Shampoo,""24-Hour Check-in"",Hangers,""Hair Dryer"",Iron,""Laptop Friendly Workspace""}",,$350.00,,,,$100.00,2,$50.00,2,14,4 weeks ago,t,21,51,81,344,2016-01-04,30,2014-09-01,2015-11-28,99.0,10.0,10.0,10.0,10.0,10.0,10.0,f,,WASHINGTON,f,strict,f,f,1,1.83
5495802,https://www.airbnb.com/rooms/5495802,20160104002432,2016-01-04,Sanctuary in the city,"Comfortable townhouse on Capitol Hill. Located just 2  blocks from major bus lines and 3 blocks to grocery stores, local bars, restaurants and clubs. Less than 2 miles to downtown core and attractions. Free secured parking available.   ","This 1 bedroom townhome is ideally located at the heart of Capitol Hill. A short walk takes you to major bus lines that will get you around town, or you can choose to explore the neighborhood with bars, restaurants and concert venues only three blocks away. A comfortable living room, television with cable, a small balcony, fully functional kitchen and 1/2 bath downstairs, and a full bed, dresser, television w/ Chromecast, desk, closet, sitting area and full bath upstairs.","Comfortable townhouse on Capitol Hill. Located just 2  blocks from major bus lines and 3 blocks to grocery stores, local bars, restaurants and clubs. Less than 2 miles to downtown core and attractions. Free secured parking available.    This 1 bedroom townhome is ideally located at the heart of Capitol Hill. A short walk takes you to major bus lines that will get you around town, or you can choose to explore the neighborhood with bars, restaurants and concert venues only three blocks away. A comfortable living room, television with cable, a small balcony, fully functional kitchen and 1/2 bath downstairs, and a full bed, dresser, television w/ Chromecast, desk, closet, sitting area and full bath upstairs. Guests will have access to all of the common spaces. I will be locking up my own bedroom and vacating the premises while you are my guest. We will likely only see each other at check in when I hand off the keys. If you have any questions during your stay I am available through the airb",none,"The location of my apartment is perfectly sited for almost anything you would want to do in the city. Capitol Hill is one of Seattle's most vibrant neighborhoods, but exploring beyond those borders is incredibly easy either by foot, on the bus, or with a short drive.","1. Your profile must be filled out - I need to get a sense of who you are since you'll be staying in my home.  2. Pricing is as listed. The calendar is kept up-to-date.  3. I have a separate listing for a private room in this same space. If the private room is booked on a date, my sanctuary listing is blocked, and vice-versa.  4. As noted, the bedroom is upstairs. Additionally, there is a flight of stairs leading up to the entry to the apartment. No elevator is available.","I think you will find my place perfectly located to explore the city. The townhouse is located two blocks away from bus stops in almost every direction, it's also walking distance to downtown (1.4 miles), Pike Place Market (1.6 miles) and the Space Needle (1.7 miles). Also - the newly installed Pronto! Cycle Share has a kiosk located only steps from the front door.  Walk Score 95/100 Transit Score 77/100 Bike Score 88/100 In case you do have a car I have a secured parking space for you. Details for accessing will be provided at check-in. Getting here from the airport is super easy using the Link Light Rail to downtown and then it's just a quick bus or $10 cab ride to the townhouse. ",https://a1.muscache.com/ac/pictures/68513225/4ede348f_original.jpg?interpolation=lanczos-none&size=small&output-format=jpg&output-quality=70,https://a1.muscache.com/im/pictures/68513225/4ede348f_original.jpg?aki_policy=medium,https://a1.muscache.com/ac/pictures/68513225/4ede348f_original.jpg?interpolation=lanczos-none&size=large_cover&output-format=jpg&output-quality=70,https://a1.muscache.com/ac/pictures/68513225/4ede348f_original.jpg?interpolation=lanczos-none&size=x_large_cover&output-format=jpg&output-quality=70,20361123,https://www.airbnb.com/users/show/20361123,Adam,2014-08-21,"Seattle, Washington, United States","I've lived in quite a few different cities, but currently am independently employed and live in the Capitol Hill neighborhood of Seattle, WA. I love riding my bike around the city, going to shows, visiting my favorite neighborhood bars and training my puppy, Ruby, to do tons of tricks. Ruby is also learning to be a Frisbee dog, and we can be found in the park most days working on our timing. I don't get to travel much, personally, but love meeting new people, hearing their stories, and pointing them in the direction of the best things that Seattle has on offer for visitors. ",within an hour,100%,100%,f,"https://a0.muscache.com/ac/users/20361123/profile_pic/1436138656/original.jpg?interpolation=lanczos-none&crop=w:w;*,*&crop=h:h;*,*&resize=50:*&output-format=jpg&output-quality=70","https://a0.muscache.com/ac/users/20361123/profile_pic/1436138656/original.jpg?interpolation=lanczos-none&crop=w:w;*,*&crop=h:h;*,*&resize=225:*&output-format=jpg&output-quality=70",Capitol Hill,2.0,2.0,"['email', 'phone', 'google', 'reviews', 'jumio']",t,t,"12th Avenue, Seattle, WA 98122, United States",Capitol Hill,Broadway,Capitol Hill,Seattle,WA,98122,Seattle,"Seattle, WA",US,United States,47.61802136983288,-122.31710027947058,t,Apartment,Entire home/apt,3,1.5,1.0,1.0,Real Bed,"{TV,""Cable TV"",Internet,""Wireless Internet"",Kitchen,""Free Parking on Premises"",""Pets live on this property"",Dog(s),""Indoor Fireplace"",Heating,Washer,Dryer,""Smoke Detector"",""Carbon Monoxide Detector"",""Fire Extinguisher"",Essentials,Shampoo}",,$125.00,,,,$45.00,2,$50.00,1,1125,3 days ago,t,20,50,80,355,2016-01-04,19,2015-05-10,2015-12-28,94.0,10.0,10.0,10.0,10.0,10.0,9.0,f,,WASHINGTON,f,strict,f,f,2,2.38
8106263,https://www.airbnb.com/rooms/8106263,20160104002432,2016-01-04,302 Modern Studio on Capitol Hill,"This is a modern fully-furnished studio apartment in a brand new building on Capitol Hill. At Roy Street Commons you can enjoy your complete privacy and mingle with our other guests in our common areas, when it suits you.","This is a fully-furnished studio designed for one person, but the vast majority of couples who have stayed with us find the intimate space cozy. The unit is compact and the bathroom is separated from the rest of the studio by a curtain. Your completely private studio space includes the following: Closet Shelves Desk Lamp Full Sized Bed Refrigerator Microwave Sink Toilet Shower Central Air","This is a modern fully-furnished studio apartment in a brand new building on Capitol Hill. At Roy Street Commons you can enjoy your complete privacy and mingle with our other guests in our common areas, when it suits you. This is a fully-furnished studio designed for one person, but the vast majority of couples who have stayed with us find the intimate space cozy. The unit is compact and the bathroom is separated from the rest of the studio by a curtain. Your completely private studio space includes the following: Closet Shelves Desk Lamp Full Sized Bed Refrigerator Microwave Sink Toilet Shower Central Air You also have access to a common area, which includes the following amenities: Rooftop Deck with 360 degree views Fully-Equipped Kitchen Laundry Facilities Dishwasher Iron & Ironing Board Cable Television 100Mbps Wi-Fi Central Air As we value your time and privacy, we offer 24-hour check-in. The process is seamless and doesn't require any scheduling. On the morning of the day of your",none,"Close to downtown, Capitol Hill is one of Seattle's prettiest and most-admired neighborhoods.","Should you not be able to book this particular studio, please check our other offerings by clicking on host and then all listings.","It's a short walk to Broadway and just a bit longer to downtown. 15th Ave, 3 blocks away, has many trendy cafes and restaurants. There is a Pronto bike share 100 yards away.  There is a bus stop for downtown 300 yards away.",https://a2.muscache.com/ac/pictures/0fd43b79-eb4b-4f37-a6e0-89db881154d4.jpg?interpolation=lanczos-none&size=small&output-format=jpg&output-quality=70,https://a2.muscache.com/im/pictures/0fd43b79-eb4b-4f37-a6e0-89db881154d4.jpg?aki_policy=medium,https://a2.muscache.com/ac/pictures/0fd43b79-eb4b-4f37-a6e0-89db881154d4.jpg?interpolation=lanczos-none&size=large_cover&output-format=jpg&output-quality=70,https://a2.muscache.com/ac/pictures/0fd43b79-eb4b-4f37-a6e0-89db881154d4.jpg?interpolation=lanczos-none&size=x_large_cover&output-format=jpg&output-quality=70,42537846,https://www.airbnb.com/users/show/42537846,Eric,2015-08-25,"Seattle, Washington, United States",,within an hour,99%,100%,f,"https://a2.muscache.com/ac/pictures/a21126b7-ee57-4f46-982f-598e4546901f.jpg?interpolation=lanczos-none&crop=w:w;*,*&crop=h:h;*,*&resize=50:*&output-format=jpg&output-quality=70","https://a2.muscache.com/ac/pictures/a21126b7-ee57-4f46-982f-598e4546901f.jpg?interpolation=lanczos-none&crop=w:w;*,*&crop=h:h;*,*&resize=225:*&output-format=jpg&output-quality=70",Capitol Hill,17.0,17.0,"['email', 'phone', 'reviews', 'manual_offline']",t,t,"12th Avenue East, Seattle, WA 98102, United States",Capitol Hill,Broadway,Capitol Hill,Seattle,WA,98102,Seattle,"Seattle, WA",US,United States,47.625281278016416,-122.31768608498554,t,Apartment,Private room,2,1.0,1.0,1.0,Real Bed,"{TV,""Cable TV"",Internet,""Wireless Internet"",Kitchen,""Buzzer/Wireless Intercom"",Heating,""Suitable for Events"",Washer,Dryer,""Smoke Detector"",""Carbon Monoxide Detector"",""First Aid Kit"",""Fire Extinguisher"",Essentials,Shampoo,""Lock on Bedroom Door"",""24-Hour Check-in"",Hangers,""Hair Dryer"",Iron,""Laptop Friendly Workspace""}",,$69.00,$400.00,"$1,500.00",$95.00,$25.00,1,$0.00,1,1125,2 weeks ago,t,3,31,61,336,2016-01-04,0,,,,,,,,,,f,,WASHINGTON,t,moderate,f,f,15,
1204142,https://www.airbnb.com/rooms/1204142,20160104002432,2016-01-04,Charming and cozy on Capitol Hill!,,"Welcome to your perfect Seattle home-away-from home, perfect for a quick getaway or a longer stay! Located in a stunning and exquisitely maintained turn-of-the-century building just one block off of the endless shops, restaurants, nightlife, and coffee shops on Broadway, in the heart of Capitol Hill. Be in the center of everything that's fabulous about Seattle, while still enjoying the quiet tree-lined serenity of our lovely block, in a place that has charm in spades. Our hip, cozy, clean, quiet, and charming apartment features hardwood floors, beautiful high beamed ceilings, gorgeous antique woodworking, HUGE clawfoot tub, walls of large windows with tons of light, deluxe organic latex queen sized bed... the works. It's a real showstopper, people usually gasp when they walk in!  Our place offers a full kitchen with fridge, gas stove, toaster, blender, and juicer. There is a large living room with a cute dining nook, all furnished in stylish vintage and mid-century furniture. You'll sl","Welcome to your perfect Seattle home-away-from home, perfect for a quick getaway or a longer stay! Located in a stunning and exquisitely maintained turn-of-the-century building just one block off of the endless shops, restaurants, nightlife, and coffee shops on Broadway, in the heart of Capitol Hill. Be in the center of everything that's fabulous about Seattle, while still enjoying the quiet tree-lined serenity of our lovely block, in a place that has charm in spades. Our hip, cozy, clean, quiet, and charming apartment features hardwood floors, beautiful high beamed ceilings, gorgeous antique woodworking, HUGE clawfoot tub, walls of large windows with tons of light, deluxe organic latex queen sized bed... the works. It's a real showstopper, people usually gasp when they walk in!  Our place offers a full kitchen with fridge, gas stove, toaster, blender, and juicer. There is a large living room with a cute dining nook, all furnished in stylish vintage and mid-century furniture. You'll sl",none,,,,https://a1.muscache.com/ac/pictures/29590087/a2db482e_original.jpg?interpolation=lanczos-none&size=small&output-format=jpg&output-quality=70,https://a1.muscache.com/im/pictures/29590087/a2db482e_original.jpg?aki_policy=medium,https://a1.muscache.com/ac/pictures/29590087/a2db482e_original.jpg?interpolation=lanczos-none&size=large_cover&output-format=jpg&output-quality=70,https://a1.muscache.com/ac/pictures/29590087/a2db482e_original.jpg?interpolation=lanczos-none&size=x_large_cover&output-format=jpg&output-quality=70,3896863,https://www.airbnb.com/users/show/3896863,Susanna And Ricki,2012-10-17,"Seattle, Washington, United States","Hi! We are a married couple who are constantly traveling the world, as we are full time performers in the burlesque/drag/theater world. We are responsibile, non-smoking, in our 30's, love to travel, eat delicious food, meet new people, and buy fancy vintage clothes and furniture!  We love experiencing a city through a local's eyes, and love giving other people that opportunity as well!",within a few hours,53%,100%,f,"https://a1.muscache.com/ac/users/3896863/profile_pic/1350465015/original.jpg?interpolation=lanczos-none&crop=w:w;*,*&crop=h:h;*,*&resize=50:*&output-format=jpg&output-quality=70","https://a1.muscache.com/ac/users/3896863/profile_pic/1350465015/original.jpg?interpolation=lanczos-none&crop=w:w;*,*&crop=h:h;*,*&resize=225:*&output-format=jpg&output-quality=70",Capitol Hill,2.0,2.0,"['email', 'phone', 'manual_online', 'facebook', 'reviews', 'manual_offline', 'sent_id']",t,t,"10th Avenue East, Seattle, WA 98102, United States",Capitol Hill,Broadway,Capitol Hill,Seattle,WA,98102,Seattle,"Seattle, WA",US,United States,47.61856014026699,-122.32343883530544,t,Apartment,Entire home/apt,2,1.0,1.0,1.0,Real Bed,"{Internet,""Wireless Internet"",Kitchen,Breakfast,Heating,Washer,Dryer,""Smoke Detector"",""Carbon Monoxide Detector"",Essentials}",,$138.00,$800.00,"$2,200.00",$100.00,$50.00,2,$0.00,2,200,today,t,5,25,55,288,2016-01-04,96,2013-06-02,2015-10-28,94.0,10.0,9.0,10.0,10.0,10.0,9.0,f,,WASHINGTON,f,moderate,t,t,1,3.04
6769696,https://www.airbnb.com/rooms/6769696,20160104002432,2016-01-04,L-tryptophan on your Trip-To-Fam?,Enjoy your annual L-tryptophan snooze in this quiet yet ultra central luxury home on Capital Hill.,"This 2800 sq/ft 3 bedroom 2 bath house is too big for just me.  Being a business traveler myself, I know how much nicer it would be to have a beautiful home to stay in rather than a hotel.  I've decided to open up one of my rooms for just that reason.   The house is perfect for work travelers who come to Seattle, (South Lake Union) regularly.   It's a beautiful house with all the amenities that you work as hard as you do in order to have in your own home.  You deserve to enjoy that same thing while you're away.  Don't you think?","Enjoy your annual L-tryptophan snooze in this quiet yet ultra central luxury home on Capital Hill. This 2800 sq/ft 3 bedroom 2 bath house is too big for just me.  Being a business traveler myself, I know how much nicer it would be to have a beautiful home to stay in rather than a hotel.  I've decided to open up one of my rooms for just that reason.   The house is perfect for work travelers who come to Seattle, (South Lake Union) regularly.   It's a beautiful house with all the amenities that you work as hard as you do in order to have in your own home.  You deserve to enjoy that same thing while you're away.  Don't you think? I've equipped the house with brand new mobile app controls.  So, in a way, you already have all the hardware you need to enter the property.   When you reserve with me, I will point you to the app you need to download.  Then I will show you how to create your login to the app.  From there, I will provision proprietary credentials that are created for your use only",none,"1 Mile from Amazon campus in South Lake Union.  2 blocks past the north end of Broadway Ave on Capital Hill in downtown Seattle.  Exceptional life style that combines the fun and ease of an urban neighborhood, where walking to restaurants, boutiques amidst the mixture of ages, cultures, personalities and ways of life meets the peace and quiet of the suburban house.","I'm an account executive in the technology industry.  I am a Seattle native and have a very rich social and professional network that I enjoy bringing new people into. I tend to keep my house relatively quiet, but that's just out of habit.  I","Doesn't get any easier than here.  Walk, Bus, taxi, Uber, drive, tuck-and-roll... if you can find someplace easier than here, I'll give you a dollar.",https://a2.muscache.com/ac/pictures/109839268/0c7d5748_original.jpg?interpolation=lanczos-none&size=small&output-format=jpg&output-quality=70,https://a2.muscache.com/im/pictures/109839268/0c7d5748_original.jpg?aki_policy=medium,https://a2.muscache.com/ac/pictures/109839268/0c7d5748_original.jpg?interpolation=lanczos-none&size=large_cover&output-format=jpg&output-quality=70,https://a2.muscache.com/ac/pictures/109839268/0c7d5748_original.jpg?interpolation=lanczos-none&size=x_large_cover&output-format=jpg&output-quality=70,35444474,https://www.airbnb.com/users/show/35444474,Jacqueline,2015-06-10,"Seattle, Washington, United States",,,,,f,"https://a2.muscache.com/ac/users/35444474/profile_pic/1433921386/original.jpg?interpolation=lanczos-none&crop=w:w;*,*&crop=h:h;*,*&resize=50:*&output-format=jpg&output-quality=70","https://a2.muscache.com/ac/users/35444474/profile_pic/1433921386/original.jpg?interpolation=lanczos-none&crop=w:w;*,*&crop=h:h;*,*&resize=225:*&output-format=jpg&output-quality=70",Capitol Hill,1.0,1.0,"['phone', 'facebook']",t,f,"10th Avenue East, Seattle, WA 98102, United States",Capitol Hill,Broadway,Capitol Hill,Seattle,WA,98102,Seattle,"Seattle, WA",US,United States,47.62767304353864,-122.32109340273814,t,House,Private room,2,1.0,1.0,1.0,Real Bed,"{TV,""Cable TV"",Internet,""Wireless Internet"",""Air Conditioning"",Kitchen,""Free Parking on Premises"",""Hot Tub"",""Indoor Fireplace"",""Buzzer/Wireless Intercom"",Heating,""Suitable for Events"",Washer,Dryer,""Smoke Detector"",Essentials,Shampoo}",,$138.00,"$1,500.00","$5,200.00",,$35.00,1,$35.00,2,5,3 months ago,t,21,43,63,338,2016-01-04,0,,,,,,,,,,f,,WASHINGTON,f,strict,f,f,1,
6118291,https://www.airbnb.com/rooms/6118291,20160104002432,2016-01-04,Woodland Room,"Comfortable second-floor bedroom in a lovely northern Capitol Hill home.  Located on a quiet, residential street just blocks away from coffee shops, dining, nightlife and transit. Walking distance to South Lake Union, easy access to downtown.","This room has has south-facing windows, a full bed, closet, drawers for clothes, and reading corner. Decorated with items collected from our travels, it is cosy and eclectic and the windows have a peaceful view of a neighboring wooded garden area (lending the name).  The shared bathroom is just outside your door. Our home was built in 1906 and has a wonderfully large, shaded porch and a spacious communal living space with a recently renovated kitchen.  An unpretentious retreat in a busy Seattle neighborhood.","Comfortable second-floor bedroom in a lovely northern Capitol Hill home.  Located on a quiet, residential street just blocks away from coffee shops, dining, nightlife and transit. Walking distance to South Lake Union, easy access to downtown. This room has has south-facing windows, a full bed, closet, drawers for clothes, and reading corner. Decorated with items collected from our travels, it is cosy and eclectic and the windows have a peaceful view of a neighboring wooded garden area (lending the name).  The shared bathroom is just outside your door. Our home was built in 1906 and has a wonderfully large, shaded porch and a spacious communal living space with a recently renovated kitchen.  An unpretentious retreat in a busy Seattle neighborhood. Keypad entrance for easy access, and the bedrooms and bathroom are up the stairs just by the front door.  An additional shared bathroom is located downstairs.  Free Wifi.  Guests are welcome to use the kitchen for cooking (no meat, please, tho",none,"Northern Capitol Hill is a wonderful mix of residential neighborhood, bustling commercial strips and wonderful parks. Explore the Second Thursday neighborhood art walk, or swing by Joe Bar or Vivace for a cup of coffee on your way to the local Sunday morning farmer's market.  We recommend walking up to nearby Volunteer Park for an amazing view of the city and some of the best picnic spots you'll find.",This is one of two rooms in our house available on AirBnB.,"We bike and walk, by preference, and are happy to provide recommendations about how to best explore the city.  Our location offers the benefits of urban density, with a Walk Score of 93, a Transit Score 71 and a Bike Score of 83.  There is a Pronto bike share station two blocks away. Street parking is available, though can occasionally be a bit tight.",https://a1.muscache.com/ac/pictures/80040411/d736961d_original.jpg?interpolation=lanczos-none&size=small&output-format=jpg&output-quality=70,https://a1.muscache.com/im/pictures/80040411/d736961d_original.jpg?aki_policy=medium,https://a1.muscache.com/ac/pictures/80040411/d736961d_original.jpg?interpolation=lanczos-none&size=large_cover&output-format=jpg&output-quality=70,https://a1.muscache.com/ac/pictures/80040411/d736961d_original.jpg?interpolation=lanczos-none&size=x_large_cover&output-format=jpg&output-quality=70,8977034,https://www.airbnb.com/users/show/8977034,Hannah & Bec,2013-09-21,"Seattle, Washington, United States","Hannah and Bec are originally East Coasters living in Seattle.  Hannah is a scientist, teacher, baker, knitter, hiker and bicycle commuter who appreciates being outdoors as much as possible. Bec is a mover + shaker working to make the world a better place through doing business for good, while she goes on as many adventures as possible.  We love helping people discover this amazing city, and appreciate exploring other corners of the world.",within an hour,100%,100%,t,"https://a2.muscache.com/ac/users/8977034/profile_pic/1433524372/original.jpg?interpolation=lanczos-none&crop=w:w;*,*&crop=h:h;*,*&resize=50:*&output-format=jpg&output-quality=70","https://a2.muscache.com/ac/users/8977034/profile_pic/1433524372/original.jpg?interpolation=lanczos-none&crop=w:w;*,*&crop=h:h;*,*&resize=225:*&output-format=jpg&output-quality=70",Capitol Hill,3.0,3.0,"['email', 'phone', 'linkedin', 'reviews', 'jumio']",t,t,"Boylston Avenue East, Seattle, WA 98102, United States",Capitol Hill,Broadway,Capitol Hill,Seattle,WA,98102,Seattle,"Seattle, WA",US,United States,47.6270232611412,-122.32346440467845,t,House,Private room,2,2.0,1.0,1.0,Real Bed,"{""Wireless Internet"",Kitchen,Heating,""Smoke Detector"",""Carbon Monoxide Detector"",""First Aid Kit"",""Safety Card"",""Fire Extinguisher"",Essentials,Shampoo}",,$95.00,$450.00,,,$20.00,2,$20.00,1,1125,yesterday,t,14,44,73,73,2016-01-04,46,2015-05-01,2015-12-21,97.0,10.0,10.0,10.0,10.0,10.0,10.0,f,,WASHINGTON,t,moderate,f,f,2,5.54
5593981,https://www.airbnb.com/rooms/5593981,20160104002432,2016-01-04,Breathtaking view From Capitol Hill,"One bedroom one bathroom updated Lake Union view condo in Capitol hill. Updated unit includes all stainless steel appliances, granite counters, heated travetine floors in bathroom. Maple hardwoods, washer/dryer, Internet, television, and more.",I have a cat and I usually leave her she keeps to herself and no other guests have ever complained.,"One bedroom one bathroom updated Lake Union view condo in Capitol hill. Updated unit includes all stainless steel appliances, granite counters, heated travetine floors in bathroom. Maple hardwoods, washer/dryer, Internet, television, and more. I have a cat and I usually leave her she keeps to herself and no other guests have ever complained. Capitol Hill is the best in the city.  You are walking distance to bars, restaurants and shopping. Uber, Lyft and the bus.... and your 2 feet:)",none,"Capitol Hill is the best in the city.  You are walking distance to bars, restaurants and shopping.",,"Uber, Lyft and the bus.... and your 2 feet:)",https://a2.muscache.com/ac/pictures/c7868fae-8b04-4e8e-bb91-b244d9cba8cd.jpg?interpolation=lanczos-none&size=small&output-format=jpg&output-quality=70,https://a2.muscache.com/im/pictures/c7868fae-8b04-4e8e-bb91-b244d9cba8cd.jpg?aki_policy=medium,https://a2.muscache.com/ac/pictures/c7868fae-8b04-4e8e-bb91-b244d9cba8cd.jpg?interpolation=lanczos-none&size=large_cover&output-format=jpg&output-quality=70,https://a2.muscache.com/ac/pictures/c7868fae-8b04-4e8e-bb91-b244d9cba8cd.jpg?interpolation=lanczos-none&size=x_large_cover&output-format=jpg&output-quality=70,16685525,https://www.airbnb.com/users/show/16685525,Trish,2014-06-11,"Seattle, Washington, United States",I work from home and love Seattle.  When I'm away stay here and be in the best neighbor hood in Seattle!,within an hour,100%,100%,f,"https://a2.muscache.com/ac/users/16685525/profile_pic/1404137150/original.jpg?interpolation=lanczos-none&crop=w:w;*,*&crop=h:h;*,*&resize=50:*&output-format=jpg&output-quality=70","https://a2.muscache.com/ac/users/16685525/profile_pic/1404137150/original.jpg?interpolation=lanczos-none&crop=w:w;*,*&crop=h:h;*,*&resize=225:*&output-format=jpg&output-quality=70",Capitol Hill,1.0,1.0,"['email', 'phone', 'facebook', 'reviews']",t,f,"Melrose Avenue East, Seattle, WA 98102, United States",Capitol Hill,Broadway,Capitol Hill,Seattle,WA,98102,Seattle,"Seattle, WA",US,United States,47.624305732445954,-122.32826630804962,t,Apartment,Entire home/apt,3,1.0,1.0,1.0,Real Bed,"{TV,""Cable TV"",Internet,""Wireless Internet"",Kitchen,Gym,""Pets live on this property"",Cat(s),""Elevator in Building"",""Indoor Fireplace"",""Buzzer/Wireless Intercom"",Heating,Washer,Dryer,""Smoke Detector"",Shampoo}",,$145.00,,,,,2,$50.00,3,7,6 weeks ago,t,0,0,9,65,2016-01-04,0,,,,,,,,,,f,,WASHINGTON,t,flexible,f,f,1,
9970805,https://www.airbnb.com/rooms/9970805,20160104002432,2016-01-04,Spacious shared space in Capitol Hl,"Super comfy, folds flat, real mattress in a large, sunny room with interesting international decor. Perfectly located in Capitol Hill with easy access to other parts of the city. Linens included.",,"Super comfy, folds flat, real mattress in a large, sunny room with interesting international decor. Perfectly located in Capitol Hill with easy access to other parts of the city. Linens included.",none,,,,https://a2.muscache.com/ac/pictures/5cf64110-126d-464f-bdfd-7f12dae1e37a.jpg?interpolation=lanczos-none&size=small&output-format=jpg&output-quality=70,https://a2.muscache.com/im/pictures/5cf64110-126d-464f-bdfd-7f12dae1e37a.jpg?aki_policy=medium,https://a2.muscache.com/ac/pictures/5cf64110-126d-464f-bdfd-7f12dae1e37a.jpg?interpolation=lanczos-none&size=large_cover&output-format=jpg&output-quality=70,https://a2.muscache.com/ac/pictures/5cf64110-126d-464f-bdfd-7f12dae1e37a.jpg?interpolation=lanczos-none&size=x_large_cover&output-format=jpg&output-quality=70,807116,https://www.airbnb.com/users/show/807116,Emily,2011-07-11,"Seattle, Washington, United States","Fun-loving, genuine, and on the move!",within a day,80%,100%,f,"https://a2.muscache.com/ac/users/807116/profile_pic/1310424921/original.jpg?interpolation=lanczos-none&crop=w:w;*,*&crop=h:h;*,*&resize=50:*&output-format=jpg&output-quality=70","https://a2.muscache.com/ac/users/807116/profile_pic/1310424921/original.jpg?interpolation=lanczos-none&crop=w:w;*,*&crop=h:h;*,*&resize=225:*&output-format=jpg&output-quality=70",Capitol Hill,3.0,3.0,"['email', 'phone', 'facebook', 'reviews', 'kba']",t,t,"12th Avenue East, Seattle, WA 98102, United States",Capitol Hill,Broadway,Capitol Hill,Seattle,WA,98102,Seattle,"Seattle, WA",US,United States,47.62033253793437,-122.31620374219985,t,Apartment,Shared room,6,1.0,1.0,3.0,Real Bed,"{Internet,""Wireless Internet"",Kitchen,Heating,Essentials,Shampoo}",,$39.00,,,,$8.00,1,$20.00,1,1125,2 weeks ago,t,30,60,90,365,2016-01-04,1,2015-12-28,2015-12-28,100.0,10.0,10.0,10.0,10.0,10.0,10.0,f,,WASHINGTON,f,flexible,f,f,2,1.0
8673979,https://www.airbnb.com/rooms/8673979,20160104002432,2016-01-04,Musical Oasis in Cap Hill,"I JUST LOVE this neighborhood! Cap Hill is full of life and there's always something to do. If you enjoy music i've left my guitar and vinyl record player for all to enjoy. I always have fresh flowers, and plenty of cute little air plants.","You'll find this space to be pleasant. It's fresh and clean. There's a lovely array of musical and nature notes throughout the home. I have the fridge stocked full of free goodies, and only the best toiletries for my guest. There's also roof access with a grill. Whip up some steaks in the kitchen ( located downstairs not in unit) and head to the roof where you can hang out and enjoy the skyline day or night!","I JUST LOVE this neighborhood! Cap Hill is full of life and there's always something to do. If you enjoy music i've left my guitar and vinyl record player for all to enjoy. I always have fresh flowers, and plenty of cute little air plants. You'll find this space to be pleasant. It's fresh and clean. There's a lovely array of musical and nature notes throughout the home. I have the fridge stocked full of free goodies, and only the best toiletries for my guest. There's also roof access with a grill. Whip up some steaks in the kitchen ( located downstairs not in unit) and head to the roof where you can hang out and enjoy the skyline day or night! You will have access to the entire studio, kitchen (downstairs) roof (upstairs) and laundry (downstairs)  I will be close and can help you with your needs. I'll help you get all settled in. I'll provide my cell number so that you can contact me with any questions. Located in Capital Hill this studio is full of life! Just a short walk from all the",none,Located in Capital Hill this studio is full of life! Just a short walk from all the action. Capitol Hill is known for its super fun lax atmosphere. Take a stroll down Broadway and never miss a beat! There's also a HUGE amount of parks for you to enjoy as well!,Parking is sparse around here. You will be given a guest parking tag. This will allow you to find a parking spot and stay there without having to move every two hours. This will need to be returned before you leave. If not returned you will be repsonsible for the cost of overnighting the tag back to me. (very important),"There's always an Uber within 5 minutes of this location, and the bus line is three blocks away. You can also reach PLENTY of restaurants and bars on foot!",https://a1.muscache.com/ac/pictures/110074840/f8f1c91f_original.jpg?interpolation=lanczos-none&size=small&output-format=jpg&output-quality=70,https://a1.muscache.com/im/pictures/110074840/f8f1c91f_original.jpg?aki_policy=medium,https://a1.muscache.com/ac/pictures/110074840/f8f1c91f_original.jpg?interpolation=lanczos-none&size=large_cover&output-format=jpg&output-quality=70,https://a1.muscache.com/ac/pictures/110074840/f8f1c91f_original.jpg?interpolation=lanczos-none&size=x_large_cover&output-format=jpg&output-quality=70,30667344,https://www.airbnb.com/users/show/30667344,Lee,2015-04-05,"Seattle, Washington, United States","Kool,artsy fartsy gal! I'm always laughing an love an adventure! ",within a few hours,100%,100%,f,"https://a1.muscache.com/ac/users/30667344/profile_pic/1443958600/original.jpg?interpolation=lanczos-none&crop=w:w;*,*&crop=h:h;*,*&resize=50:*&output-format=jpg&output-quality=70","https://a1.muscache.com/ac/users/30667344/profile_pic/1443958600/original.jpg?interpolation=lanczos-none&crop=w:w;*,*&crop=h:h;*,*&resize=225:*&output-format=jpg&output-quality=70",Capitol Hill,1.0,1.0,"['email', 'phone', 'google', 'reviews', 'kba']",t,t,"13th Avenue East, Seattle, WA 98102, United States",Capitol Hill,Broadway,Capitol Hill,Seattle,WA,98102,Seattle,"Seattle, WA",US,United States,47.61865424428634,-122.3142090988259,t,Apartment,Entire home/apt,2,1.0,0.0,1.0,Real Bed,"{Internet,""Wireless Internet"",""Air Conditioning"",Kitchen,Heating,Washer,Dryer,""Smoke Detector"",""First Aid Kit"",Essentials,Shampoo}",0.0,$115.00,,,$100.00,$25.00,2,$0.00,1,180,3 days ago,t,30,60,90,365,2016-01-04,4,2015-10-07,2015-10-20,90.0,8.0,10.0,10.0,10.0,10.0,8.0,f,,WASHINGTON,f,flexible,f,f,1,1.33
3404914,https://www.airbnb.com/rooms/3404914,20160104002432,2016-01-04,Emerald City Gem,"This centrally located space is in the heart of Capitol Hill. The building is filled with character and charm. You'll find cafe's, restaurants, bars, and much more just a stone's throw away. Close to bus lines too!",In our cozy home you will enjoy being in the middle of all that Capitol Hill has to offer. The building was built in the 1920's and has plenty of charm. We are also right above a used book store with lots of cats!,"This centrally located space is in the heart of Capitol Hill. The building is filled with character and charm. You'll find cafe's, restaurants, bars, and much more just a stone's throw away. Close to bus lines too! In our cozy home you will enjoy being in the middle of all that Capitol Hill has to offer. The building was built in the 1920's and has plenty of charm. We are also right above a used book store with lots of cats! Wi-Fi We will be out of town during your stay but we will be accessible by phone and our friend is just down the street if you have anything urgent that needs tending to. Anything you need is at your fingertips and just a hop, skip and a step away!  restaurants, grocery stores, parks, pharmacies, coffee shops, shopping, galleries, music venues, bars, night life, book stores, music stores, and so much more. Our home is in the middle of 8 routes easily accessible by walking.  If you're coming from the airport and don't want to pay about $50 bucks for a cab the whole ",none,"Anything you need is at your fingertips and just a hop, skip and a step away!  restaurants, grocery stores, parks, pharmacies, coffee shops, shopping, galleries, music venues, bars, night life, book stores, music stores, and so much more.",Air conditioning provided!,"Our home is in the middle of 8 routes easily accessible by walking.  If you're coming from the airport and don't want to pay about $50 bucks for a cab the whole way then I would suggest taking the Light Rail from the airport ($2.75, tickets purchased at machines in the station) to Westlake Station (the last stop) and taking a cab up the hill (about $5-$7) There is on-street parking that is first come, first serve. Parking is a challenge.",,,https://a2.muscache.com/ac/pictures/43187192/592a3394_original.jpg?interpolation=lanczos-none&size=large_cover&output-format=jpg&output-quality=70,,7507895,https://www.airbnb.com/users/show/7507895,Karla,2013-07-15,"Seattle, Washington, United States",,,,,f,"https://a0.muscache.com/ac/users/7507895/profile_pic/1373928738/original.jpg?interpolation=lanczos-none&crop=w:w;*,*&crop=h:h;*,*&resize=50:*&output-format=jpg&output-quality=70","https://a0.muscache.com/ac/users/7507895/profile_pic/1373928738/original.jpg?interpolation=lanczos-none&crop=w:w;*,*&crop=h:h;*,*&resize=225:*&output-format=jpg&output-quality=70",Capitol Hill,1.0,1.0,"['email', 'phone', 'facebook', 'reviews']",t,f,"East Denny Way, Seattle, WA 98122, United States",Capitol Hill,Broadway,Capitol Hill,Seattle,WA,98122,Seattle,"Seattle, WA",US,United States,47.61797863515815,-122.32315848757608,t,Apartment,Entire home/apt,2,1.0,1.0,1.0,Real Bed,"{TV,Internet,""Wireless Internet"",""Air Conditioning"",Kitchen,Heating,""Smoke Detector"",""Carbon Monoxide Detector"",""Fire Extinguisher"",Essentials}",,$100.00,$500.00,,$100.00,,2,$0.00,3,1125,a week ago,t,0,0,0,212,2016-01-04,0,,,,,,,,,,f,,WASHINGTON,f,strict,f,f,1,
4782745,https://www.airbnb.com/rooms/4782745,20160104002432,2016-01-04,Lovely Vintage Apartment,"One-bedroom apt in the heart of Capitol Hill. Hardwood floors, fully-equipped kitchen, and lots of natural light. Footsteps from Capitol Hill's restaurants, bars, coffee shops, shopping, and public parks. 20min walk to downtown Seattle.","South-facing corner unit in the heart of Capitol Hill. All hardwood floors, great kitchen, clean and bright. Immediate access to everything Capitol Hill has to offer.","One-bedroom apt in the heart of Capitol Hill. Hardwood floors, fully-equipped kitchen, and lots of natural light. Footsteps from Capitol Hill's restaurants, bars, coffee shops, shopping, and public parks. 20min walk to downtown Seattle. South-facing corner unit in the heart of Capitol Hill. All hardwood floors, great kitchen, clean and bright. Immediate access to everything Capitol Hill has to offer. Full kitchen, 46-inch TV with cable and DVD player, wifi, amazing walkable neighborhood (within four blocks of coffee shops, restaurants, boutiques, parks, Sunday market), 20min walk to Pike Place Market and downtown Seattle, coin-operated washer/dryer in basement of building; large laundromat directly across the street. Lovely shared backyard for relaxing in the summer. I'm a friendly, helpful host, but I prefer to allow guests to have the space entirely to themselves. Happy to answer questions and make recommendations, but you likely won't see me during your visit. Best neighborhood in S",none,"Best neighborhood in Seattle, hands down! There are amazing coffee shops, restaurants, bars, incredible bookstore, record store, bakeries, huge public parks, Sunday outdoor market, and so much more. It's a historic but quickly-growing neighborhood full of character and charm, and with plenty of modern businesses and amenities. The location is what I love most about this apartment, but the space is beautiful, too!","I have a cat who won't be at the apartment during your stay. I keep the apartment very clean at all times and I will make sure it is completely clean and ready for guests, but if you have a bad cat allergy you may still be bothered by lingering allergens. Just want to notify potential guests of this in case you're very sensitive to dander.","Walking is easiest, and you're within walking distance to so much that Seattle has to offer. Bus stations all around within a 5-block radius to take you anywhere in the city. Bikeshare station less than one block away. Access to cabs and Ubers is super-easy. Street parking is free with my guest pass if you have a car. In short, getting around is extremely easy. :)",https://a1.muscache.com/ac/pictures/91036977/87fb6df7_original.jpg?interpolation=lanczos-none&size=small&output-format=jpg&output-quality=70,https://a1.muscache.com/im/pictures/91036977/87fb6df7_original.jpg?aki_policy=medium,https://a1.muscache.com/ac/pictures/91036977/87fb6df7_original.jpg?interpolation=lanczos-none&size=large_cover&output-format=jpg&output-quality=70,https://a1.muscache.com/ac/pictures/91036977/87fb6df7_original.jpg?interpolation=lanczos-none&size=x_large_cover&output-format=jpg&output-quality=70,24659319,https://www.airbnb.com/users/show/24659319,Karen,2014-12-09,"Seattle, Washington, United States","I work at a food and cooking startup in Pike Place Market called ChefSteps. I'm originally from Boston; lived in Seattle for six years. I love food, wine, the beach, roadtrips, fresh air, books, movies, and warm weather.",,,,f,"https://a0.muscache.com/ac/users/24659319/profile_pic/1425789609/original.jpg?interpolation=lanczos-none&crop=w:w;*,*&crop=h:h;*,*&resize=50:*&output-format=jpg&output-quality=70","https://a0.muscache.com/ac/users/24659319/profile_pic/1425789609/original.jpg?interpolation=lanczos-none&crop=w:w;*,*&crop=h:h;*,*&resize=225:*&output-format=jpg&output-quality=70",Capitol Hill,1.0,1.0,"['email', 'phone', 'linkedin', 'reviews', 'jumio']",t,t,"12th Avenue, Seattle, WA 98122, United States",Capitol Hill,Broadway,Capitol Hill,Seattle,WA,98122,Seattle,"Seattle, WA",US,United States,47.61739540658632,-122.31547306553668,t,Apartment,Entire home/apt,2,1.0,1.0,1.0,Real Bed,"{TV,""Cable TV"",""Wireless Internet"",Kitchen,""Free Parking on Premises"",Heating,""Smoke Detector"",Essentials}",,$175.00,,,,$90.00,1,$0.00,1,1125,3 months ago,t,0,26,56,331,2016-01-04,2,2015-08-18,2015-08-23,100.0,10.0,10.0,10.0,10.0,10.0,10.0,f,,WASHINGTON,f,flexible,f,f,1,0.43
4848255,https://www.airbnb.com/rooms/4848255,20160104002432,2016-01-04,Private room near downtown Seattle,"My house is located in the Capitol Hill neighborhood close to downtown. The house has a beautiful view of lake Union from the living room. Your bed and bath rooms are located on the first floor, so you can enjoy ultimate privacy. I have no pet.",Beautiful view of lake union. Close to downtown. Close to Broadway with many fine restaurants and vibrant night clubs.,"My house is located in the Capitol Hill neighborhood close to downtown. The house has a beautiful view of lake Union from the living room. Your bed and bath rooms are located on the first floor, so you can enjoy ultimate privacy. I have no pet. Beautiful view of lake union. Close to downtown. Close to Broadway with many fine restaurants and vibrant night clubs. You will have total access to your private bedroom and bathroom on the first floor.  You can also use the living room and kitchen on the second floor, but no cooking please (light cooking is OK). Please feel free to use the fridge in the kitchen. The master bedroom on the third floor is for our use only. If you have a car, there's plenty of (free) street parking spots in front of my house. Feel free to ask me any question during your stay. I have a printer that you can use to print your boarding pass/ticket or anything. This neighborhood is famous for its restaurants, shops and night clubs. It's close to downtown and the South L",none,"This neighborhood is famous for its restaurants, shops and night clubs. It's close to downtown and the South Lake Union neighborhood, which is where the Amazon and some other big companies are situated.","The washer and dryer are on the third floor. If you need to do the laundry, please load your dirty clothes in the provided basket and put it in the living room on the second floor. I will wash it and put it back there for you.","There is bus 25 stopping right in front of my house. This bus goes to downtown (about 10 minutes ride) in one direction and University of Washington in the other. On weekdays, this bus runs once every half an hour during rush hours and once every one hour during off-peak hours. It doesn't run on weekends, however. The last trip is around 6:30pm.  On weekends, however, you can walk downhill (3 minutes walk) to another bus stop, which has more buses going downtown and to other places.",https://a0.muscache.com/ac/pictures/60789506/531aac1b_original.jpg?interpolation=lanczos-none&size=small&output-format=jpg&output-quality=70,https://a0.muscache.com/im/pictures/60789506/531aac1b_original.jpg?aki_policy=medium,https://a0.muscache.com/ac/pictures/60789506/531aac1b_original.jpg?interpolation=lanczos-none&size=large_cover&output-format=jpg&output-quality=70,https://a0.muscache.com/ac/pictures/60789506/531aac1b_original.jpg?interpolation=lanczos-none&size=x_large_cover&output-format=jpg&output-quality=70,24902894,https://www.airbnb.com/users/show/24902894,Luan,2014-12-16,"Seattle, Washington, United States","My name is Luan. I'm living in Seattle with my wife and has been working for Microsoft for the last almost 9 years as a software engineer. Outside work, I enjoy playing soccer and badminton and go hiking.",within an hour,100%,100%,f,"https://a1.muscache.com/ac/users/24902894/profile_pic/1436457208/original.jpg?interpolation=lanczos-none&crop=w:w;*,*&crop=h:h;*,*&resize=50:*&output-format=jpg&output-quality=70","https://a1.muscache.com/ac/users/24902894/profile_pic/1436457208/original.jpg?interpolation=lanczos-none&crop=w:w;*,*&crop=h:h;*,*&resize=225:*&output-format=jpg&output-quality=70",Capitol Hill,1.0,1.0,"['email', 'phone', 'facebook', 'reviews', 'jumio']",t,t,"Lakeview Boulevard East, Seattle, WA 98102, United States",Capitol Hill,Broadway,Capitol Hill,Seattle,WA,98102,Seattle,"Seattle, WA",US,United States,47.63372310601173,-122.32234595010326,t,House,Private room,2,1.0,1.0,1.0,Real Bed,"{Internet,""Wireless Internet"",""Air Conditioning"",Heating,""Family/Kid Friendly"",Washer,Dryer,""Smoke Detector"",""Carbon Monoxide Detector"",""First Aid Kit"",""Fire Extinguisher"",Essentials,Shampoo}",,$55.00,$375.00,"$1,200.00",$100.00,$20.00,1,$10.00,1,30,2 days ago,t,9,21,51,263,2016-01-04,19,2015-01-05,2016-01-02,95.0,10.0,10.0,10.0,10.0,9.0,10.0,f,,WASHINGTON,f,moderate,f,f,1,1.56
2194715,https://www.airbnb.com/rooms/2194715,20160104002432,2016-01-04,Convenient Cap Hill Artist Loft ,"A cozy working artist's apartment in one of Seattle's hippest neighborhoods.  Walk or bus to great eateries, bars, downtown/pike place.  A gateway to the true Seattle experience of culture, art, food, accessibility and nearby coffee shops with wi-fi!","This is a unique glimpse of the true Seattle working artist space-- caution, there are paintings everywhere!  I have chosen to offer up my bedroom for those traveling through and experience a little bit of Seattle.  I will be sleeping at the home of my S/O during your stay, so you have plenty of privacy. Welcome!","A cozy working artist's apartment in one of Seattle's hippest neighborhoods.  Walk or bus to great eateries, bars, downtown/pike place.  A gateway to the true Seattle experience of culture, art, food, accessibility and nearby coffee shops with wi-fi! This is a unique glimpse of the true Seattle working artist space-- caution, there are paintings everywhere!  I have chosen to offer up my bedroom for those traveling through and experience a little bit of Seattle.  I will be sleeping at the home of my S/O during your stay, so you have plenty of privacy. Welcome! Mi casa es su casa-- feel free to use the shower/bath, kitchen for cooking, and fridge for keeping perishables.  I unfortunately DO NOT have wireless internet access and no parking--it's a free for all on the streets, but there is no time limit.   We can interact as little or as much as we see fit.  I'd be more than happy to give recommendations about the city over a nice cocktail or glass of wine. I tend to be busy, in and out a ",none,"I love my neighborhood because if you are an active person, you can walk pretty much anywhere from the Pike and Pine corridor of bars and restaurants as well as the Broadway strip, Pike Place and the water front, the Key arena, Space needle and Volunteer Park  (these are all accessible by bus too).  The closest highlights within just a few blocks are The Saint, La Bete, karaoke at Crescent lounge, and your handy QFC grocery store. ","There is no wi-fi in the apartment, but 1 block up there is a coffee shop that does, as well as a Starbucks a few blocks away open until 11pm that also serves wine.",,https://a2.muscache.com/ac/pictures/29664767/c732cbc2_original.jpg?interpolation=lanczos-none&size=small&output-format=jpg&output-quality=70,https://a2.muscache.com/im/pictures/29664767/c732cbc2_original.jpg?aki_policy=medium,https://a2.muscache.com/ac/pictures/29664767/c732cbc2_original.jpg?interpolation=lanczos-none&size=large_cover&output-format=jpg&output-quality=70,https://a2.muscache.com/ac/pictures/29664767/c732cbc2_original.jpg?interpolation=lanczos-none&size=x_large_cover&output-format=jpg&output-quality=70,11194155,https://www.airbnb.com/users/show/11194155,Brooke,2014-01-11,"Seattle, Washington, United States",,within an hour,100%,100%,f,"https://a2.muscache.com/ac/users/11194155/profile_pic/1396565443/original.jpg?interpolation=lanczos-none&crop=w:w;*,*&crop=h:h;*,*&resize=50:*&output-format=jpg&output-quality=70","https://a2.muscache.com/ac/users/11194155/profile_pic/1396565443/original.jpg?interpolation=lanczos-none&crop=w:w;*,*&crop=h:h;*,*&resize=225:*&output-format=jpg&output-quality=70",,1.0,1.0,"['email', 'phone', 'facebook', 'reviews', 'kba']",t,t,"Bellevue Ave E, Seattle, WA 98102, United States",,Broadway,Capitol Hill,Seattle,WA,98102,Seattle,"Seattle, WA",US,United States,47.62076458239214,-122.32578846058836,f,Apartment,Private room,2,1.5,1.0,1.0,Real Bed,{Kitchen},,$82.00,,,,$8.00,0,$0.00,1,4,2 weeks ago,t,0,5,35,310,2016-01-04,50,2014-02-03,2015-12-23,94.0,10.0,9.0,10.0,10.0,10.0,9.0,f,,WASHINGTON,f,flexible,f,f,1,2.14
13068,https://www.airbnb.com/rooms/13068,20160104002432,2016-01-04,THE URBAN OASIS- Great Location!,,"We call it ""The Oasis"" because its the last house on the block. You can not rent a full house and get closer to. - The Space Needle - Pike Place Market - Capitol Hill Pike/Pine Corridor of Bars and Restaurants - The Convention Center - The Universities and Colleges - Downtown Shopping You can walk to all of these amazing places in Seattle for your spacious, Craftsman-style house. We are in the epicenter of the hottest action in Seattle.... Capitol Hill.  There is plenty of privacy as well as comfort and offers easy access to  downtown, bus lines, and easy access to the most amazing nightlife in the city. What is included: - Ultra-fast high-speed wireless internet   - Super friendly and experienced hosts  - Steps away from the downtown core , cool music venues, restaurants and art galleries of  the most vibrant neighborhood in Seattle. - easy access to major highways and all major bus routes  - Gorgeous hardwood floors - All Cedar Hot Tub - Great community space to work, play, cook, or ","We call it ""The Oasis"" because its the last house on the block. You can not rent a full house and get closer to. - The Space Needle - Pike Place Market - Capitol Hill Pike/Pine Corridor of Bars and Restaurants - The Convention Center - The Universities and Colleges - Downtown Shopping You can walk to all of these amazing places in Seattle for your spacious, Craftsman-style house. We are in the epicenter of the hottest action in Seattle.... Capitol Hill.  There is plenty of privacy as well as comfort and offers easy access to  downtown, bus lines, and easy access to the most amazing nightlife in the city. What is included: - Ultra-fast high-speed wireless internet   - Super friendly and experienced hosts  - Steps away from the downtown core , cool music venues, restaurants and art galleries of  the most vibrant neighborhood in Seattle. - easy access to major highways and all major bus routes  - Gorgeous hardwood floors - All Cedar Hot Tub - Great community space to work, play, cook, or ",none,,,,,,https://a2.muscache.com/ac/pictures/22175903/3084e534_original.jpg?interpolation=lanczos-none&size=large_cover&output-format=jpg&output-quality=70,,50893,https://www.airbnb.com/users/show/50893,Chris,2009-11-02,"Seattle, Washington, United States","I've been in the vacation rental biz for about 4 years now. I love to host and show off seattle. My house are all top notch and are full most of the year. I have a site called house-in-seattle where I showcase my houses. 

I've lived in Seattle for over 10 years now know my way around. I'm looking forward meeting you. 

If my house is available on this site it means I'm itching to entertain so don't hesitate ;-)

chris",within a few hours,100%,100%,f,"https://a2.muscache.com/ac/pictures/c76da247-0807-4d73-bc45-3d42c7076531.jpg?interpolation=lanczos-none&crop=w:w;*,*&crop=h:h;*,*&resize=50:*&output-format=jpg&output-quality=70","https://a2.muscache.com/ac/pictures/c76da247-0807-4d73-bc45-3d42c7076531.jpg?interpolation=lanczos-none&crop=w:w;*,*&crop=h:h;*,*&resize=225:*&output-format=jpg&output-quality=70",Capitol Hill,10.0,10.0,"['email', 'phone', 'facebook', 'linkedin', 'reviews', 'kba']",t,t,"Bellevue Ave E, Seattle, WA 98102, United States",Capitol Hill,Broadway,Capitol Hill,Seattle,WA,98102,Seattle,"Seattle, WA",US,United States,47.61854651283646,-122.32631806552756,t,House,Entire home/apt,10,2.0,3.0,5.0,Real Bed,"{TV,""Cable TV"",Internet,""Wireless Internet"",""Air Conditioning"",Kitchen,""Pets Allowed"",""Hot Tub"",""Indoor Fireplace"",Heating,""Family/Kid Friendly"",Washer,Dryer,""Smoke Detector"",""Fire Extinguisher"",Essentials,Shampoo}",1850.0,$360.00,"$2,700.00","$6,850.00","$2,500.00",$300.00,8,$35.00,3,365,2 weeks ago,t,26,56,86,344,2016-01-04,26,2012-10-21,2015-12-15,93.0,9.0,9.0,10.0,9.0,10.0,9.0,f,,WASHINGTON,f,strict,t,t,9,0.67
9137335,https://www.airbnb.com/rooms/9137335,20160104002432,2016-01-04,Capitol Hill Craftsman Denny View,"Beautiful spacious room in an old Craftsman preserved by a carpenter and an artist in the heart of Seattle's hip neighborhood. Perfect for independent adventurers whom love to eat, drink and explore cities by foot!","Denny View is welcoming and bright with its large south facing window (with a peekaboo view of downtown and the Japanese Maple) and large comfortable queen size bed. The room is upstairs in an open hallway with three other rooms and two shared bathrooms. All the rooms are rented out via Airbnb (each room has a key lock) and share the common space such as the breakfast room, the kitchen, the bathrooms and the yard. Think charismatic and clean house maintained by a carpenter and artist in a prime location shared with independent and easy going travelers. We have been sharing our house with adventurers for over a year now and feel like (with the help from feedback of guests) that we have a pretty good system down. For your convenience we like to provide things that are a pain to pack (towels/hair dryer/iron/shampoo/conditioner/body wash/body lotion), nice to have (internet/coffee/tea) and a little extra (alarm clock, full length mirrors, recommendation lists, maps). The kitchen has a grea","Beautiful spacious room in an old Craftsman preserved by a carpenter and an artist in the heart of Seattle's hip neighborhood. Perfect for independent adventurers whom love to eat, drink and explore cities by foot! Denny View is welcoming and bright with its large south facing window (with a peekaboo view of downtown and the Japanese Maple) and large comfortable queen size bed. The room is upstairs in an open hallway with three other rooms and two shared bathrooms. All the rooms are rented out via Airbnb (each room has a key lock) and share the common space such as the breakfast room, the kitchen, the bathrooms and the yard. Think charismatic and clean house maintained by a carpenter and artist in a prime location shared with independent and easy going travelers. We have been sharing our house with adventurers for over a year now and feel like (with the help from feedback of guests) that we have a pretty good system down. For your convenience we like to provide things that are a pain t",none,"The location is truly central to the unique and innovative Capitol Hill neighborhood with a walking score of 97! We are extremely close to great shopping along Broadway, exciting nightlife on the Pike/Pine corridor, and a lovely fifteen minute walk to the heart of downtown Seattle. There are two major grocery stores four blocks each direction & our kitchen is great for cooking! We are also within smelling distance of the famous Dick's Burgers. If you prefer hidden local places, we got plenty of those as well and If you are staying with us over a weekend, there is a delicious local farmers Market happening on Sundays just a stone throws away. We are a fifteen minute walk from Convention center/downtown, a ten minute bus ride door to door, or a $6 Uber. When we travel, we take the Link Light from the airport to the last stop (Westlake) then either walk or bus home. There is a zipcar parking space across the street from our front gate and it's surprising when there isn't a car2go within a",Parking! Parking is not ideal in our dense & central neighborhood. There are paid lots within a few blocks and free overnight parking on the street (between 4pm-9am) but we highly recommend not bringing a car if you can get by. There are plenty of Ubers/city bikes/buses to get you around.,"We are a fifteen minute walk from Convention center/downtown, a ten minute bus ride door to door, or a $6 Uber. When we travel, we take the Link Light from the airport to the last stop (Westlake) then either walk or bus home. There is a zipcar parking space across the street from our front gate and it's surprising when there isn't a car2go within a few blocks. The city has also just put in the ""Pronto Bike"" share program making renting bikes easy and cheap with stations all over including one a few blocks from us. Because we are so close to downtown and in a very dense neighborhood, parking can be very rough. We highly suggest not having a car if you can get by without one. Unfortunately we cannot offer parking and all the street parking around here is zoned (though overnight from 4 pm-9 am is free).",https://a2.muscache.com/ac/pictures/c2cd6688-a122-4352-a708-2a3878cb05d9.jpg?interpolation=lanczos-none&size=small&output-format=jpg&output-quality=70,https://a2.muscache.com/im/pictures/c2cd6688-a122-4352-a708-2a3878cb05d9.jpg?aki_policy=medium,https://a2.muscache.com/ac/pictures/c2cd6688-a122-4352-a708-2a3878cb05d9.jpg?interpolation=lanczos-none&size=large_cover&output-format=jpg&output-quality=70,https://a2.muscache.com/ac/pictures/c2cd6688-a122-4352-a708-2a3878cb05d9.jpg?interpolation=lanczos-none&size=x_large_cover&output-format=jpg&output-quality=70,5820099,https://www.airbnb.com/users/show/5820099,Forest And Andy,2013-04-07,"Seattle, Washington, United States","Hello! We are Forest and Andy, two friends who operate a furniture design company out of the bottom of our house on Capitol Hill. Our retail shop, Glasswing, is located around the corner next to the Melrose Market. When we are not working on design projects in the city, we are exploring in the surrounding mountains. Whether you are looking for the best new restaurant in the city or a great dayhike, we are happy to share our favorite spots with you!",within a few hours,100%,100%,f,"https://a1.muscache.com/ac/users/5820099/profile_pic/1365397874/original.jpg?interpolation=lanczos-none&crop=w:w;*,*&crop=h:h;*,*&resize=50:*&output-format=jpg&output-quality=70","https://a1.muscache.com/ac/users/5820099/profile_pic/1365397874/original.jpg?interpolation=lanczos-none&crop=w:w;*,*&crop=h:h;*,*&resize=225:*&output-format=jpg&output-quality=70",Capitol Hill,7.0,7.0,"['email', 'phone', 'reviews', 'kba']",t,t,"East Denny Way, Seattle, WA 98122, United States",Capitol Hill,Broadway,Capitol Hill,Seattle,WA,98122,Seattle,"Seattle, WA",US,United States,47.61868194653507,-122.32136314260772,t,House,Private room,2,1.0,1.0,1.0,Real Bed,"{TV,Internet,""Wireless Internet"",Kitchen,Heating,""Smoke Detector"",""Carbon Monoxide Detector"",""First Aid Kit"",""Fire Extinguisher"",Essentials,Shampoo,Hangers,""Laptop Friendly Workspace""}",,$85.00,,,,$30.00,1,$10.00,1,1125,3 days ago,t,25,55,85,356,2016-01-04,0,,,,,,,,,,f,,WASHINGTON,f,flexible,f,f,7,
6659301,https://www.airbnb.com/rooms/6659301,20160104002432,2016-01-04,Bright Apt. in Creative Building,"Quiet, bright and clean space in a creative community. Walk to bars, restaurants, parks, downtown. Ideal location to see this beautiful city.","This apartment is quiet and peaceful in a building with lovely, creative people.","Quiet, bright and clean space in a creative community. Walk to bars, restaurants, parks, downtown. Ideal location to see this beautiful city. This apartment is quiet and peaceful in a building with lovely, creative people. With the exception of a closet, you are free to roam I will help with whatever you might need. I will be out of town, but can make things happen pretty easily. • Less than a mile to Pike/Pine area with tons of clubs, restaurants and bars.  • 3 blocks to Volunteer Park – city views, conservatory, tennis courts, huge lawns, Asian Art Museum • 1.5 miles to the middle of downtown shopping area • Lots of close shops, groceries, bars and restaurants. • Street parking with provided permit for 1 vehicle • Bike rental rack is a block east  • Buses are close and provide easy access to the city • Short cab ride to light rail that goes to/from airport I have a dog, so if you have an allergy this might not be the best place for you. Sorry!",none,"• Less than a mile to Pike/Pine area with tons of clubs, restaurants and bars.  • 3 blocks to Volunteer Park – city views, conservatory, tennis courts, huge lawns, Asian Art Museum • 1.5 miles to the middle of downtown shopping area • Lots of close shops, groceries, bars and restaurants.","I have a dog, so if you have an allergy this might not be the best place for you. Sorry!",• Street parking with provided permit for 1 vehicle • Bike rental rack is a block east  • Buses are close and provide easy access to the city • Short cab ride to light rail that goes to/from airport,,,https://a2.muscache.com/ac/pictures/83952496/292b4f7c_original.jpg?interpolation=lanczos-none&size=large_cover&output-format=jpg&output-quality=70,,34370759,https://www.airbnb.com/users/show/34370759,Eric,2015-05-27,"Seattle, Washington, United States",,within a day,100%,100%,f,"https://a0.muscache.com/ac/users/34370759/profile_pic/1443032759/original.jpg?interpolation=lanczos-none&crop=w:w;*,*&crop=h:h;*,*&resize=50:*&output-format=jpg&output-quality=70","https://a0.muscache.com/ac/users/34370759/profile_pic/1443032759/original.jpg?interpolation=lanczos-none&crop=w:w;*,*&crop=h:h;*,*&resize=225:*&output-format=jpg&output-quality=70",Capitol Hill,1.0,1.0,"['email', 'phone', 'facebook', 'google', 'reviews', 'jumio']",t,t,"East Mercer Street, Seattle, WA 98102, United States",Capitol Hill,Broadway,Capitol Hill,Seattle,WA,98102,Seattle,"Seattle, WA",US,United States,47.62359783232851,-122.31768174309032,t,Apartment,Entire home/apt,2,1.0,2.0,1.0,Real Bed,"{TV,Internet,""Wireless Internet"",Kitchen,Heating,Washer,Dryer,""Smoke Detector"",Essentials}",,$150.00,$900.00,,,,1,$0.00,2,1125,7 weeks ago,t,30,60,89,89,2016-01-04,7,2015-06-18,2015-10-04,93.0,9.0,9.0,10.0,10.0,10.0,9.0,f,,WASHINGTON,f,moderate,f,f,1,1.04
5479566,https://www.airbnb.com/rooms/5479566,20160104002432,2016-01-04,Simple Studio in Capitol Hill,"Comfortable studio perfect for two. This 90-year-old apartment includes full kitchen, living room and full bathroom. Just two blocks from a QFC. Steps from restaurants, bars and shops. Just over a mile from the waterfront and the famous Pike Place Market!",Advertised as a studio but I managed to put the bed in the oversized closet comfortably. Hardwood floors throughout the living space. Tile in the kitchen.,"Comfortable studio perfect for two. This 90-year-old apartment includes full kitchen, living room and full bathroom. Just two blocks from a QFC. Steps from restaurants, bars and shops. Just over a mile from the waterfront and the famous Pike Place Market! Advertised as a studio but I managed to put the bed in the oversized closet comfortably. Hardwood floors throughout the living space. Tile in the kitchen. Wireless internet. Full kitchen to use as you wish. As little as possible. I'll be happy to answer any questions during your stay. Very close to great restaurants and fun nightlife. One block away from Cal Anderson park where there is a full basketball court and soccer field. Bus stops to get downtown and to the University of Washington campus are just steps from the front door. If you don't mind walking it only takes 30 minutes to walk to Pike Place Market.",none,Very close to great restaurants and fun nightlife. One block away from Cal Anderson park where there is a full basketball court and soccer field.,,Bus stops to get downtown and to the University of Washington campus are just steps from the front door. If you don't mind walking it only takes 30 minutes to walk to Pike Place Market.,,,https://a2.muscache.com/ac/pictures/29e3d372-208c-48b5-a38b-226dff0d44b4.jpg?interpolation=lanczos-none&size=large_cover&output-format=jpg&output-quality=70,,10397429,https://www.airbnb.com/users/show/10397429,Chris,2013-12-03,"Seattle, Washington",Bering Sea Fisherman that loves to travel,within a few hours,80%,100%,f,"https://a1.muscache.com/ac/users/10397429/profile_pic/1386047845/original.jpg?interpolation=lanczos-none&crop=w:w;*,*&crop=h:h;*,*&resize=50:*&output-format=jpg&output-quality=70","https://a1.muscache.com/ac/users/10397429/profile_pic/1386047845/original.jpg?interpolation=lanczos-none&crop=w:w;*,*&crop=h:h;*,*&resize=225:*&output-format=jpg&output-quality=70",,1.0,1.0,"['email', 'phone', 'facebook', 'reviews', 'jumio']",t,t,"East John St., Seattle, WA 98102, United States",,Broadway,Capitol Hill,Seattle,WA,98102,Seattle,"Seattle, WA",US,United States,47.6207030329412,-122.31886360835568,f,Apartment,Entire home/apt,2,1.0,0.0,1.0,Real Bed,"{TV,Internet,""Wireless Internet"",Kitchen,""Elevator in Building"",Heating,""Smoke Detector"",""Carbon Monoxide Detector"",""First Aid Kit"",Essentials,Shampoo}",,$68.00,$600.00,"$2,400.00",$200.00,$25.00,1,$0.00,1,1125,2 months ago,t,25,55,85,360,2016-01-04,1,2015-11-22,2015-11-22,80.0,2.0,6.0,8.0,8.0,10.0,10.0,f,,WASHINGTON,f,flexible,f,f,1,0.68
8273031,https://www.airbnb.com/rooms/8273031,20160104002432,2016-01-04,Modern Spacious 2BD Apt - Cap Hill,"Centrally located in Capitol Hill near tons of dining and nightlife options. Corner unit, top floor, modern amenities, floor-to-ceiling windows with panoramic views of Space Needle and Mt Rainier, in-unit washer/dryer and rooftop access.","2 bedrooms, one of which has a walk-in closet and vaulted ceilings. Both bedrooms have high-quality queen-size mattresses. The apartment is extremely comfortable. We also have a comfortable air mattress available and can host up to 6. Lastly, there is a rowing machine (Concept 2), pull up bar, yoga mats, and a stationary bike.  The apartment is in an amazing location in the heart of the Pike/Pine corridor in Capitol Hill! Two-minute walk to Cal Anderson Park, weekend farmer's market, Molly Moon's ice cream, Neumos, good brunch and much, much more! Public transportation easily accessible.","Centrally located in Capitol Hill near tons of dining and nightlife options. Corner unit, top floor, modern amenities, floor-to-ceiling windows with panoramic views of Space Needle and Mt Rainier, in-unit washer/dryer and rooftop access. 2 bedrooms, one of which has a walk-in closet and vaulted ceilings. Both bedrooms have high-quality queen-size mattresses. The apartment is extremely comfortable. We also have a comfortable air mattress available and can host up to 6. Lastly, there is a rowing machine (Concept 2), pull up bar, yoga mats, and a stationary bike.  The apartment is in an amazing location in the heart of the Pike/Pine corridor in Capitol Hill! Two-minute walk to Cal Anderson Park, weekend farmer's market, Molly Moon's ice cream, Neumos, good brunch and much, much more! Public transportation easily accessible. Includes: - Full kitchen (fridge, dishwasher, oven, stove-top, microwave, toaster, coffeemaker) - Xbox One  - 2 full bathrooms (shower/tubs) - Living area (54-inch fla",none,"This expansive district contains a mix of tree-shaded streets flanked by some of Seattle's loveliest century-old mansions and commercial thoroughfares abuzz with trendy bistros, modish boutiques and swish cocktail bars. Plenty around to eat, shop and play!","If you need to take out trash, there's a garbage chute on the floor. Turn right out the door and it's down the hallway on the left. The door is clearly marked.",The neighborhood is extremely accessible. A taxi from the airport will cost around $35.,https://a2.muscache.com/ac/pictures/c3208e5d-7596-4128-9c2c-def29a0c74ad.jpg?interpolation=lanczos-none&size=small&output-format=jpg&output-quality=70,https://a2.muscache.com/im/pictures/c3208e5d-7596-4128-9c2c-def29a0c74ad.jpg?aki_policy=medium,https://a2.muscache.com/ac/pictures/c3208e5d-7596-4128-9c2c-def29a0c74ad.jpg?interpolation=lanczos-none&size=large_cover&output-format=jpg&output-quality=70,https://a2.muscache.com/ac/pictures/c3208e5d-7596-4128-9c2c-def29a0c74ad.jpg?interpolation=lanczos-none&size=x_large_cover&output-format=jpg&output-quality=70,43608606,https://www.airbnb.com/users/show/43608606,George,2015-09-07,"Seattle, Washington, United States","Young tech professional working in the city. Enjoys traveling, meeting new people, and soccer.",within a few hours,100%,,f,"https://a1.muscache.com/ac/users/43608606/profile_pic/1441663286/original.jpg?interpolation=lanczos-none&crop=w:w;*,*&crop=h:h;*,*&resize=50:*&output-format=jpg&output-quality=70","https://a1.muscache.com/ac/users/43608606/profile_pic/1441663286/original.jpg?interpolation=lanczos-none&crop=w:w;*,*&crop=h:h;*,*&resize=225:*&output-format=jpg&output-quality=70",Capitol Hill,1.0,1.0,"['email', 'phone', 'facebook', 'reviews', 'kba']",t,t,"13th Avenue, Seattle, WA 98122, United States",Capitol Hill,Broadway,Capitol Hill,Seattle,WA,98122,Seattle,"Seattle, WA",US,United States,47.61503544446293,-122.3158877646662,t,Apartment,Entire home/apt,6,2.0,2.0,3.0,Real Bed,"{TV,Internet,""Wireless Internet"",""Wheelchair Accessible"",Kitchen,Gym,""Elevator in Building"",""Buzzer/Wireless Intercom"",Heating,""Family/Kid Friendly"",Washer,Dryer,""Smoke Detector"",""Carbon Monoxide Detector"",Essentials,Shampoo,Hangers,""Hair Dryer"",Iron,""Laptop Friendly Workspace""}",,$600.00,,,$200.00,$50.00,1,$0.00,5,1125,3 weeks ago,t,30,60,90,365,2016-01-04,1,2015-10-11,2015-10-11,100.0,10.0,10.0,10.0,10.0,10.0,10.0,f,,WASHINGTON,f,moderate,f,f,1,0.35
7363701,https://www.airbnb.com/rooms/7363701,20160104002432,2016-01-04,"Large and Vintage 1BR, Calm Area","Old world charm built in 1926. One of the oldest buildings in the neighbourhood. Very clean and well maintained. Located on a unique corner in North Capitol Hill near local bars, restaurants and views of downtown and Lake Union. Includes fast WIFI.","A large 1BR with a Queen bed. Studio room, fold-down futon in the living room for another guest, comfortable seating, expansive kitchen including everything you need to cook and a well stocked bathroom.  Includes fast WIFI and XBOX 360 with games and dvds on a 42"" flatscreen. Enjoy!","Old world charm built in 1926. One of the oldest buildings in the neighbourhood. Very clean and well maintained. Located on a unique corner in North Capitol Hill near local bars, restaurants and views of downtown and Lake Union. Includes fast WIFI. A large 1BR with a Queen bed. Studio room, fold-down futon in the living room for another guest, comfortable seating, expansive kitchen including everything you need to cook and a well stocked bathroom.  Includes fast WIFI and XBOX 360 with games and dvds on a 42"" flatscreen. Enjoy! The nicer, quieter side of Capitol Hill while still being close to all the sights, bars and restaurants. A 5 minute walk away from Broadway and about a 15min walk to downtown. Very close to South Lake Union. Walk down the block to see a view of the city and Lake Union or walk around Volunteer Park. There are some great bars and restaurants around. I included a useful information book highlighting all of the best local spots and transportation. Right next to the d",none,"The nicer, quieter side of Capitol Hill while still being close to all the sights, bars and restaurants. A 5 minute walk away from Broadway and about a 15min walk to downtown. Very close to South Lake Union. Walk down the block to see a view of the city and Lake Union or walk around Volunteer Park. There are some great bars and restaurants around. I included a useful information book highlighting all of the best local spots and transportation.",,Right next to the downtown bus line 47 or use Uber if preferred. There are also many bus lines on Broadway which travel throughout Seattle. A great area to bike!,https://a1.muscache.com/ac/pictures/93477243/9d0080e3_original.jpg?interpolation=lanczos-none&size=small&output-format=jpg&output-quality=70,https://a1.muscache.com/im/pictures/93477243/9d0080e3_original.jpg?aki_policy=medium,https://a1.muscache.com/ac/pictures/93477243/9d0080e3_original.jpg?interpolation=lanczos-none&size=large_cover&output-format=jpg&output-quality=70,https://a1.muscache.com/ac/pictures/93477243/9d0080e3_original.jpg?interpolation=lanczos-none&size=x_large_cover&output-format=jpg&output-quality=70,19033543,https://www.airbnb.com/users/show/19033543,Steven,2014-07-28,"Seattle, Washington, United States","I love to read literature, philosophy and I enjoy coffee...one of the great many things in Seattle.

Book - One Flew Over the Cuckoo's Nest
Music - Haydn",within an hour,100%,100%,f,"https://a2.muscache.com/ac/users/19033543/profile_pic/1406556608/original.jpg?interpolation=lanczos-none&crop=w:w;*,*&crop=h:h;*,*&resize=50:*&output-format=jpg&output-quality=70","https://a2.muscache.com/ac/users/19033543/profile_pic/1406556608/original.jpg?interpolation=lanczos-none&crop=w:w;*,*&crop=h:h;*,*&resize=225:*&output-format=jpg&output-quality=70",Capitol Hill,1.0,1.0,"['email', 'phone', 'facebook', 'reviews', 'jumio']",t,t,"Bellevue Place East, Seattle, WA 98102, United States",Capitol Hill,Broadway,Capitol Hill,Seattle,WA,98102,Seattle,"Seattle, WA",US,United States,47.62812597038292,-122.32723989774718,t,Apartment,Entire home/apt,3,1.0,1.0,2.0,Real Bed,"{TV,Internet,""Wireless Internet"",""Wheelchair Accessible"",Kitchen,""Indoor Fireplace"",Heating,""Family/Kid Friendly"",Washer,Dryer,""Smoke Detector"",""First Aid Kit"",Essentials,Shampoo}",,$149.00,$940.00,,$200.00,$30.00,2,$20.00,2,1125,a week ago,t,4,34,64,339,2016-01-04,11,2015-07-25,2015-12-29,90.0,9.0,9.0,10.0,10.0,9.0,9.0,f,,WASHINGTON,f,moderate,f,f,1,2.01
7984738,https://www.airbnb.com/rooms/7984738,20160104002432,2016-01-04,Io Annex (bunk 3U) - SLU walkable,,"About Io House: This listing is for the top bunk, in a two person bunk room. This is a home for itinerant techies - entrepreneurs, coders, inventors, designers, and scientists. The idea is to interact with the other residents, and for you to leave with your strongest memories being of the people you met here. This house is located in the heart of North Capitol Hill, at its closest point to South Lake Union. You've got the convenience of the restaurants and activity of Capitol Hill, and a full QFC supermarket two blocks away, while located an easy walk from TechStars (1.2 miles walk), CodeFellows, Amazon SLU, etc. It has a WalkScore of 95/100. Bed: this listing is for a bunk bed (Upper bunk 2) in a shared room with three other people.  Common area in the IO House includes: a living room on the main floor, a large converted attic designed as work space, a full kitchen, shared bathrooms, and a large basement suitable for bike/luggage storage. In the Annex (this listing), there is a large ","About Io House: This listing is for the top bunk, in a two person bunk room. This is a home for itinerant techies - entrepreneurs, coders, inventors, designers, and scientists. The idea is to interact with the other residents, and for you to leave with your strongest memories being of the people you met here. This house is located in the heart of North Capitol Hill, at its closest point to South Lake Union. You've got the convenience of the restaurants and activity of Capitol Hill, and a full QFC supermarket two blocks away, while located an easy walk from TechStars (1.2 miles walk), CodeFellows, Amazon SLU, etc. It has a WalkScore of 95/100. Bed: this listing is for a bunk bed (Upper bunk 2) in a shared room with three other people.  Common area in the IO House includes: a living room on the main floor, a large converted attic designed as work space, a full kitchen, shared bathrooms, and a large basement suitable for bike/luggage storage. In the Annex (this listing), there is a large ",none,,,,https://a2.muscache.com/ac/pictures/101755347/d04eac7f_original.jpg?interpolation=lanczos-none&size=small&output-format=jpg&output-quality=70,https://a2.muscache.com/im/pictures/101755347/d04eac7f_original.jpg?aki_policy=medium,https://a2.muscache.com/ac/pictures/101755347/d04eac7f_original.jpg?interpolation=lanczos-none&size=large_cover&output-format=jpg&output-quality=70,https://a2.muscache.com/ac/pictures/101755347/d04eac7f_original.jpg?interpolation=lanczos-none&size=x_large_cover&output-format=jpg&output-quality=70,1243056,https://www.airbnb.com/users/show/1243056,Andrew,2011-10-03,"Seattle, Washington, United States","I develop technology businesses, including CityAuction, a  local-oriented online auction I started in 1997, and Pure Watercraft, a high-performance electric boating company I started in 2011. I've also been an angel investor since 2000.

As a TechStars mentor, I've seen the difficulty that teams have when they seek short-term housing while in Seattle. I've also seen the incredibly creative atmosphere that has been created in the hacker houses of other areas, such as Chez JJ in the SF Bay Area. My goal is to cultivate an even more vibrant, fun, and creative tech community here in Seattle.",within an hour,90%,100%,f,"https://a0.muscache.com/ac/users/1243056/profile_pic/1334570930/original.jpg?interpolation=lanczos-none&crop=w:w;*,*&crop=h:h;*,*&resize=50:*&output-format=jpg&output-quality=70","https://a0.muscache.com/ac/users/1243056/profile_pic/1334570930/original.jpg?interpolation=lanczos-none&crop=w:w;*,*&crop=h:h;*,*&resize=225:*&output-format=jpg&output-quality=70",Capitol Hill,37.0,37.0,"['email', 'phone', 'facebook', 'linkedin', 'reviews', 'jumio']",t,t,"10th Avenue East, Seattle, WA 98102, United States",Capitol Hill,Broadway,Capitol Hill,Seattle,WA,98102,Seattle,"Seattle, WA",US,United States,47.62360402942079,-122.31943744429168,t,House,Shared room,1,1.0,1.0,1.0,Real Bed,"{Internet,""Wireless Internet"",Kitchen,Heating,Washer,Dryer,""Smoke Detector"",Essentials}",,$62.00,$325.00,"$1,005.00",$350.00,$35.00,1,$0.00,1,1125,3 months ago,t,30,60,90,365,2016-01-04,0,,,,,,,,,,f,,WASHINGTON,f,flexible,f,f,37,
3930681,https://www.airbnb.com/rooms/3930681,20160104002432,2016-01-04,Sunny Capitol Hill Adventure,"Our 1 bedroom apartment is located in a beautiful, quiet spot just 2 blocks from Broadway in an extremely walkable area. Just 10 mins to the nightlife area of Capitol Hill and 15 mins to downtown. Sunny, green and leafy with exposed brick fireplace. ","Located on the first floor of one of the few remaining houses in our beautiful neighborhood, our 1 bedroom apartment is spacious, comfortable and sunny. The street is quiet, calm and ideally located for exploring Seattle. Just two blocks from Broadway, a 10 minute walk to the busy nightlife area of Capitol Hill (Pike/Pine), a 15 minute walk to downtown Seattle and only a 2 minute walk to the nearest grocery store! This area is extremely walkable, and has many coffee shops, boutiques, bookstores, restaurants, bars, parks, and viewpoints just minutes away by foot. Capitol Hill has everything, just ask for recommendations! The bedroom has a double size bed that comfortably sleeps two, while a 3rd guest could stretch out on the comfy couch in the living room if needed. The apartment has both a full kitchen (with gas stove) and full bathroom (with bathtub) .","Our 1 bedroom apartment is located in a beautiful, quiet spot just 2 blocks from Broadway in an extremely walkable area. Just 10 mins to the nightlife area of Capitol Hill and 15 mins to downtown. Sunny, green and leafy with exposed brick fireplace.  Located on the first floor of one of the few remaining houses in our beautiful neighborhood, our 1 bedroom apartment is spacious, comfortable and sunny. The street is quiet, calm and ideally located for exploring Seattle. Just two blocks from Broadway, a 10 minute walk to the busy nightlife area of Capitol Hill (Pike/Pine), a 15 minute walk to downtown Seattle and only a 2 minute walk to the nearest grocery store! This area is extremely walkable, and has many coffee shops, boutiques, bookstores, restaurants, bars, parks, and viewpoints just minutes away by foot. Capitol Hill has everything, just ask for recommendations! The bedroom has a double size bed that comfortably sleeps two, while a 3rd guest could stretch out on the comfy couch in ",none,"Capitol Hill has something for everyone. Walkable, charming and leafy - with shops and restaurants for every taste and budget. And so much good coffee! There are three main areas: Broadway, Pike/Pike, and 15th, with so much in between. ""The Hill"" (as the locals call it) is located just east of downtown with amazing views of both the Olympic and Cascade mountains.","Please note the bathroom and bedroom both have two doors, and kitchen access is through one or the other. ","Capitol Hill is walkable to many other neighborhoods, including downtown and Seattle landmarks. The apartment is very close to many bus lines - plus Uber and Car2go are readily available. The Light Rail Westlake station is about 15 minutes on foot or 5 minutes by bus. ",https://a2.muscache.com/ac/pictures/53974121/e5700a77_original.jpg?interpolation=lanczos-none&size=small&output-format=jpg&output-quality=70,https://a2.muscache.com/im/pictures/53974121/e5700a77_original.jpg?aki_policy=medium,https://a2.muscache.com/ac/pictures/53974121/e5700a77_original.jpg?interpolation=lanczos-none&size=large_cover&output-format=jpg&output-quality=70,https://a2.muscache.com/ac/pictures/53974121/e5700a77_original.jpg?interpolation=lanczos-none&size=x_large_cover&output-format=jpg&output-quality=70,7953876,https://www.airbnb.com/users/show/7953876,Caleb,2013-08-05,"Seattle, Washington, United States","Hi! I'm a Web Developer living on Capitol Hill in beautiful Seattle, WA. When I'm not working I enjoy art, design, science, travel and culture. I'm originally from the Boston area, but went to high school in a small town in Vermont. I've traveled the US touring with bands, lived in Shanghai and most recently spent 2 weeks in Crete. I moved to Seattle for college and have loved living here ever since!",within an hour,100%,100%,f,"https://a1.muscache.com/ac/users/7953876/profile_pic/1392050991/original.jpg?interpolation=lanczos-none&crop=w:w;*,*&crop=h:h;*,*&resize=50:*&output-format=jpg&output-quality=70","https://a1.muscache.com/ac/users/7953876/profile_pic/1392050991/original.jpg?interpolation=lanczos-none&crop=w:w;*,*&crop=h:h;*,*&resize=225:*&output-format=jpg&output-quality=70",,1.0,1.0,"['email', 'phone', 'facebook', 'reviews', 'kba']",t,t,"Boylston Avenue East, Seattle, WA 98102, United States",,Broadway,Capitol Hill,Seattle,WA,98102,Seattle,"Seattle, WA",US,United States,47.62301318621346,-122.32274204966193,t,Apartment,Entire home/apt,3,1.0,1.0,1.0,Real Bed,"{TV,Internet,""Wireless Internet"",Kitchen,Heating,Washer,Dryer,""Smoke Detector"",""Carbon Monoxide Detector"",""First Aid Kit"",Essentials,Shampoo,""24-Hour Check-in"",Hangers,""Hair Dryer"",""Laptop Friendly Workspace""}",,$111.00,,,,,2,$35.00,1,65,3 weeks ago,t,0,0,0,0,2016-01-04,52,2014-09-13,2015-08-24,93.0,10.0,9.0,10.0,10.0,10.0,9.0,f,,WASHINGTON,f,strict,f,f,1,3.26
7518794,https://www.airbnb.com/rooms/7518794,20160104002432,2016-01-04,Capitol Hill Studio Apartment,I love this location! I am within walking distance to downtown and pike place market. I am across the street from a great sushi restaurant and surrounded by several great coffee shops. There are many other great restaurants and bars steps away!,"It's small and quaint, perfect for a couple or an individual. Lots of cooking appliances and utensils, no tv, I prefer to read. Fans to stay cool. A comfortable bed that offers a heavenly nights sleep.","I love this location! I am within walking distance to downtown and pike place market. I am across the street from a great sushi restaurant and surrounded by several great coffee shops. There are many other great restaurants and bars steps away! It's small and quaint, perfect for a couple or an individual. Lots of cooking appliances and utensils, no tv, I prefer to read. Fans to stay cool. A comfortable bed that offers a heavenly nights sleep. Capitol Hill is very fun and lively. There is always something going on whether it be live music, a block party, or a parade. There is a lot of good food and a lot to explore. I am two blocks from freeway access and 15 minutes walk from downtown. You will want to use Lyft or Uber to get anywhere you can't walk or bus to. There are 3 buses within 2 blocks. I love my apartment and treasure this space. I appreciate if you would treat it with respect as well :)",none,"Capitol Hill is very fun and lively. There is always something going on whether it be live music, a block party, or a parade. There is a lot of good food and a lot to explore. I am two blocks from freeway access and 15 minutes walk from downtown.",I love my apartment and treasure this space. I appreciate if you would treat it with respect as well :),You will want to use Lyft or Uber to get anywhere you can't walk or bus to. There are 3 buses within 2 blocks.,https://a1.muscache.com/ac/pictures/101780755/d1cd50a3_original.jpg?interpolation=lanczos-none&size=small&output-format=jpg&output-quality=70,https://a1.muscache.com/im/pictures/101780755/d1cd50a3_original.jpg?aki_policy=medium,https://a1.muscache.com/ac/pictures/101780755/d1cd50a3_original.jpg?interpolation=lanczos-none&size=large_cover&output-format=jpg&output-quality=70,https://a1.muscache.com/ac/pictures/101780755/d1cd50a3_original.jpg?interpolation=lanczos-none&size=x_large_cover&output-format=jpg&output-quality=70,16159031,https://www.airbnb.com/users/show/16159031,Izabella,2014-05-30,"Seattle, Washington, United States","I'm a 25 year old living and working in Capitol Hill. I love my location! I'm centrally located and close to everything I need. 

I can't live without books, movies, food, friends, and sunshine.

I prefer to let you do your own thing while you stay at my place. I'll give you the keys and specific instructions for when you depart, then let you enjoy yourselves. 

",,,,f,"https://a2.muscache.com/ac/users/16159031/profile_pic/1437760183/original.jpg?interpolation=lanczos-none&crop=w:w;*,*&crop=h:h;*,*&resize=50:*&output-format=jpg&output-quality=70","https://a2.muscache.com/ac/users/16159031/profile_pic/1437760183/original.jpg?interpolation=lanczos-none&crop=w:w;*,*&crop=h:h;*,*&resize=225:*&output-format=jpg&output-quality=70",Capitol Hill,1.0,1.0,"['email', 'phone', 'reviews', 'jumio']",t,t,"Bellevue Avenue, Seattle, WA 98122, United States",Capitol Hill,Broadway,Capitol Hill,Seattle,WA,98122,Seattle,"Seattle, WA",US,United States,47.61705478002012,-122.3259250498193,t,Apartment,Entire home/apt,2,1.0,0.0,1.0,Real Bed,"{Internet,""Wireless Internet"",Kitchen,Heating,""Smoke Detector"",""Carbon Monoxide Detector"",""Fire Extinguisher"",Essentials}",,$120.00,$750.00,"$2,520.00",$200.00,$75.00,1,$0.00,2,2,4 months ago,t,0,0,0,138,2016-01-04,7,2015-08-03,2015-09-22,94.0,9.0,9.0,10.0,10.0,10.0,10.0,f,,WASHINGTON,f,flexible,f,f,1,1.35
8755762,https://www.airbnb.com/rooms/8755762,20160104002432,2016-01-04,Newly Listed Historic Designed Flat,"Newly listed Capitol Hill location with charm and antique decor featuring chandeliers and unique taxidermy. Seconds from shops, restaurants, drinks, and coffee. A one-of-a-kind experience in a fabulous and unique apartment. If you love interior design and entertaining, stay here.","Thoughtfully designed and well traveled charm featuring original hardwood floors, high ceilings, and custom furnishings including an extra large couch for entertaining. This is an ideal location for couples, friends, families, and tourists. The apartment has built-in open shelving which combines the living and sleeping area yet feels like two perfect spaces in one. Top floor, corner unit located a block from the Pike/Pine Corridor and two blocks from Broadway.","Newly listed Capitol Hill location with charm and antique decor featuring chandeliers and unique taxidermy. Seconds from shops, restaurants, drinks, and coffee. A one-of-a-kind experience in a fabulous and unique apartment. If you love interior design and entertaining, stay here. Thoughtfully designed and well traveled charm featuring original hardwood floors, high ceilings, and custom furnishings including an extra large couch for entertaining. This is an ideal location for couples, friends, families, and tourists. The apartment has built-in open shelving which combines the living and sleeping area yet feels like two perfect spaces in one. Top floor, corner unit located a block from the Pike/Pine Corridor and two blocks from Broadway. Guests can enjoy walking downtown along Pine St right down to Pike's Market! Take a curious stroll around Seattle and experience our fantastic dining and drinking options. This apartment is as close as it gets to amazing retailers, dining out, dancing, a",none,"Capitol Hill is the most thriving neighborhood in Seattle. Conveniently located adjacent to the retail district, the neighborhood has become a destination for all ages because its truly urban feel.",,"Although we typically use Uber to jump to different neighborhoods, this location is incredibly convenient for public transportation. If you take the light rail system from the airport to Seattle (takes 25 minutes), we're a 10 minute walk from the last stop below Nordstrom in the downtown area. If you rent a car and are looking to enjoy some of the beauty of the Pacific Northwest, we're also just a few minutes from the freeway.",https://a2.muscache.com/ac/pictures/dd310031-096a-463c-8c53-aec0475a6e68.jpg?interpolation=lanczos-none&size=small&output-format=jpg&output-quality=70,https://a2.muscache.com/im/pictures/dd310031-096a-463c-8c53-aec0475a6e68.jpg?aki_policy=medium,https://a2.muscache.com/ac/pictures/dd310031-096a-463c-8c53-aec0475a6e68.jpg?interpolation=lanczos-none&size=large_cover&output-format=jpg&output-quality=70,https://a2.muscache.com/ac/pictures/dd310031-096a-463c-8c53-aec0475a6e68.jpg?interpolation=lanczos-none&size=x_large_cover&output-format=jpg&output-quality=70,45917623,https://www.airbnb.com/users/show/45917623,Rah,2015-10-06,"Seattle, Washington, United States","Hi! My name is Rah and I'm a makeup artist. I love Seattle and Capitol Hill and I'm sure you will too. 

My partner and I enjoy going out and this apartment is by far my favorite. I also really enjoy hiking, so if you're looking to get out of the city, I have some great places to recommend. I haven't had the chance to travel as much as I'd like, but I have spent some time in Australia and recently took a vacation to Maui. 

Whenever I go somewhere, I want a clean place with opportunities to experience as much as possible with the locals. My apartment is ideal for someone expecting the same and ready for an adventure. I'm sure you'll enjoy your stay here and I'm happy to assist with any questions. Shoot me a message and I'll get back to you as soon as possible.",within an hour,100%,100%,f,"https://a2.muscache.com/ac/users/45917623/profile_pic/1444154974/original.jpg?interpolation=lanczos-none&crop=w:w;*,*&crop=h:h;*,*&resize=50:*&output-format=jpg&output-quality=70","https://a2.muscache.com/ac/users/45917623/profile_pic/1444154974/original.jpg?interpolation=lanczos-none&crop=w:w;*,*&crop=h:h;*,*&resize=225:*&output-format=jpg&output-quality=70",Capitol Hill,1.0,1.0,"['email', 'phone', 'facebook', 'reviews', 'kba']",t,t,"Boylston Avenue, Seattle, WA 98122, United States",Capitol Hill,Broadway,Capitol Hill,Seattle,WA,98122,Seattle,"Seattle, WA",US,United States,47.6155126342199,-122.32264937400612,t,Apartment,Entire home/apt,4,1.0,1.0,2.0,Real Bed,"{TV,""Cable TV"",Internet,""Wireless Internet"",Kitchen,Heating,""Family/Kid Friendly"",""Suitable for Events"",Washer,Dryer,""Smoke Detector"",""First Aid Kit"",Essentials,Shampoo}",,$96.00,,,$250.00,$10.00,1,$0.00,1,1125,a week ago,t,9,28,58,330,2016-01-04,15,2015-11-16,2016-01-02,92.0,9.0,8.0,10.0,10.0,10.0,9.0,f,,WASHINGTON,t,flexible,f,f,1,9.0
7535055,https://www.airbnb.com/rooms/7535055,20160104002432,2016-01-04,Modern 1-bedroom w/ sunset views,"Cozy one-bedroom with wood floors and a porch, plus a washer/dryer, dishwasher, garbage disposal, gas grill, fireplace, king-size bed and black-granite countertops. Street parking. Third floor of safe building off bustling Broadway.","Casual yet refined space with wood floors and black granite countertops. Large living room with a fireplace, and flat-screen TV with Apple TV, plus a scenic porch with views of downtown and the Space Needle. Spacious bathroom with shower/tub. Modest kitchen includes a dishwasher, deep sink and garbage disposal. There's an in-unit washer/dryer and King-size bed.","Cozy one-bedroom with wood floors and a porch, plus a washer/dryer, dishwasher, garbage disposal, gas grill, fireplace, king-size bed and black-granite countertops. Street parking. Third floor of safe building off bustling Broadway. Casual yet refined space with wood floors and black granite countertops. Large living room with a fireplace, and flat-screen TV with Apple TV, plus a scenic porch with views of downtown and the Space Needle. Spacious bathroom with shower/tub. Modest kitchen includes a dishwasher, deep sink and garbage disposal. There's an in-unit washer/dryer and King-size bed. You have access to the entire one-bedroom apartment, minus our closet. We are honeymooning in Europe and this is our first time posting on Airbnb. Friends will watch over the place for us. This is our full-time home, which we rent, so we are looking for a couple who will take care and be respectful of our place while they enjoy their time here. In the center of Capitol Hill, Seattle's most vibrant ar",none,"In the center of Capitol Hill, Seattle's most vibrant arts neighborhood. Walking distance to dozens of trendy restaurants of all types (Tai, Malaysian, Americana, etc.), as well as some of the city's funkiest bars. We are right off Broadway and blocks from the popular Pike/Pine corridor and Downtown.",,Multiple bus stops nearby and walking distance to the new First Hill Streetcar (if it's running by then). Central location makes anywhere from Capitol Hill to Downtown quite easy.,https://a1.muscache.com/ac/pictures/98105623/438aee41_original.jpg?interpolation=lanczos-none&size=small&output-format=jpg&output-quality=70,https://a1.muscache.com/im/pictures/98105623/438aee41_original.jpg?aki_policy=medium,https://a1.muscache.com/ac/pictures/98105623/438aee41_original.jpg?interpolation=lanczos-none&size=large_cover&output-format=jpg&output-quality=70,https://a1.muscache.com/ac/pictures/98105623/438aee41_original.jpg?interpolation=lanczos-none&size=x_large_cover&output-format=jpg&output-quality=70,13835487,https://www.airbnb.com/users/show/13835487,Eric,2014-04-02,"Seattle, Washington, United States",,,,,f,"https://a1.muscache.com/ac/users/13835487/profile_pic/1429676971/original.jpg?interpolation=lanczos-none&crop=w:w;*,*&crop=h:h;*,*&resize=50:*&output-format=jpg&output-quality=70","https://a1.muscache.com/ac/users/13835487/profile_pic/1429676971/original.jpg?interpolation=lanczos-none&crop=w:w;*,*&crop=h:h;*,*&resize=225:*&output-format=jpg&output-quality=70",Capitol Hill,1.0,1.0,"['email', 'phone', 'reviews', 'kba']",t,t,"East Harrison Street, Seattle, WA 98102, United States",Capitol Hill,Broadway,Capitol Hill,Seattle,WA,98102,Seattle,"Seattle, WA",US,United States,47.62098132147749,-122.32396375515576,t,Apartment,Entire home/apt,2,1.0,1.0,1.0,Real Bed,"{TV,""Wireless Internet"",Kitchen,""Elevator in Building"",""Indoor Fireplace"",""Buzzer/Wireless Intercom"",Heating,Washer,Dryer,""Smoke Detector"",""Fire Extinguisher"",Essentials}",,$150.00,,,$300.00,$75.00,1,$0.00,3,1125,5 months ago,t,0,0,0,126,2016-01-04,1,2015-09-10,2015-09-10,100.0,10.0,10.0,10.0,10.0,10.0,10.0,f,,WASHINGTON,f,flexible,f,f,1,0.26
4241862,https://www.airbnb.com/rooms/4241862,20160104002432,2016-01-04,Capital Hill 1Bed Vintage Fun! ,"On the north end of Capital Hill, this 1-bed apartment with private deck is nestled in the trees on the hill overlooking Lake Union.  Vintage styling with all modern amenities, and a huge clawfoot tub to relax after a fun night on the town.  ","Built in 1909, this one-bedroom house boasts free parking, a private deck, and lots of modern amenities with loads of vintage charm.  Located on the north end of Beacon Hill, on the wooded hill overlooking Lake Union, we are approximately one mile from the shops and restaurants that make this neighborhood so attractive.  This is private apartment. You will have the entire space to yourself and your guest(s). There is a full kitchen, living room, bedroom, and full bath. There is a comfortable full size mattress fitted for two people.  The building is a former house that was converted into completely separate apartments, and is located on the second floor. With the house being on the hill, there is a total of forty-two steps to walk up to get to the apartment.  This is NOT a handicap-accessible space.   There is no smoking inside the apartment, but there is a private deck with an ashtray that you are welcome to smoke on. ","On the north end of Capital Hill, this 1-bed apartment with private deck is nestled in the trees on the hill overlooking Lake Union.  Vintage styling with all modern amenities, and a huge clawfoot tub to relax after a fun night on the town.   Built in 1909, this one-bedroom house boasts free parking, a private deck, and lots of modern amenities with loads of vintage charm.  Located on the north end of Beacon Hill, on the wooded hill overlooking Lake Union, we are approximately one mile from the shops and restaurants that make this neighborhood so attractive.  This is private apartment. You will have the entire space to yourself and your guest(s). There is a full kitchen, living room, bedroom, and full bath. There is a comfortable full size mattress fitted for two people.  The building is a former house that was converted into completely separate apartments, and is located on the second floor. With the house being on the hill, there is a total of forty-two steps to walk up to get to the",none,"We are on the northwest end of Capital Hill, about a 10-15 minute walk from Broadway Avenue, (Cap  Hill's main street).  Broadway Avenue hosts loads of great restaurants, shopping opportunities, and entertainment venues ranging from drag shows to theater to film to live music.  Where the apartment is located is residential and tucked into the woodsy hill, and is very private. You have the best of both worlds! ","**Recent update from reviews - wireless internet was installed on 11/24/2014 There is no microwave.  Also, we are located over the freeway, there is some traffic noise associated with that. However, we all joke around here that it sounds like the ocean. :)","Downtown Seattle is less than two miles away and a very inexpensive Uber or Taxi ride. Also, Capital Hill's main entertainment district is less than a mile away. So either destination is great for walking or taxi/uber rides.  The 25 bus line is about 100 yards away, and takes you directly downtown to Pike's Place Market, and several museums.  If you are coming from the airport, take the Lightrail to the University Station.  From here you will walk approx. 1 block NW on 3rd Ave. Turn right on Pike St. Walk a short distance NE on Pike St.  From the 49 UNIVERSITY DISTRICT bus stop, you will head to 10th Ave E & E Howe St (NB).  Then walk approx. 1 block S on 10th Ave E. Turn right on E Blaine Stai. Walk a short distance W on E Blaine Stai. Walk straight on Pedestrian Stai. Walk a short distance W on a significant grade on Pedestrian Stai. Turn left on Lakeview Blvd E. Walk approx. 2 blocks S on Lakeview Blvd E.  ",https://a2.muscache.com/ac/pictures/55205844/6e0ee100_original.jpg?interpolation=lanczos-none&size=small&output-format=jpg&output-quality=70,https://a2.muscache.com/im/pictures/55205844/6e0ee100_original.jpg?aki_policy=medium,https://a2.muscache.com/ac/pictures/55205844/6e0ee100_original.jpg?interpolation=lanczos-none&size=large_cover&output-format=jpg&output-quality=70,https://a2.muscache.com/ac/pictures/55205844/6e0ee100_original.jpg?interpolation=lanczos-none&size=x_large_cover&output-format=jpg&output-quality=70,22011088,https://www.airbnb.com/users/show/22011088,Jennie Kay,2014-10-01,"Seattle, Washington, United States","The joy of life, living and creating a better path in my wake pretty much defines everything I do. I'm a freelance graphic designer that is passionate about community arts, creating common ground, and enriching our selves through shared experiences. I love to travel, play board games, bake, get my creative on, and have been known to regularly threaten inanimate objects with a glue gun. 

Over the years, no matter where I lived, I have always maintained a hospitable and eclectic living space. Having recently moved to Seattle, I'm excited to open the circle and share this beautiful city with the Airbnb community. 






",,,,f,"https://a2.muscache.com/ac/users/22011088/profile_pic/1412213033/original.jpg?interpolation=lanczos-none&crop=w:w;*,*&crop=h:h;*,*&resize=50:*&output-format=jpg&output-quality=70","https://a2.muscache.com/ac/users/22011088/profile_pic/1412213033/original.jpg?interpolation=lanczos-none&crop=w:w;*,*&crop=h:h;*,*&resize=225:*&output-format=jpg&output-quality=70",Capitol Hill,1.0,1.0,"['email', 'phone', 'facebook', 'google', 'linkedin', 'reviews', 'kba']",t,t,"Lakeview Boulevard East, Seattle, WA 98102, United States",Capitol Hill,Broadway,Capitol Hill,Seattle,WA,98102,Seattle,"Seattle, WA",US,United States,47.63092742287477,-122.32456495810824,t,Apartment,Entire home/apt,2,1.0,1.0,1.0,Real Bed,"{TV,Internet,""Wireless Internet"",Kitchen,""Free Parking on Premises"",Breakfast,Heating,""Smoke Detector"",""Carbon Monoxide Detector"",""First Aid Kit"",Essentials,Shampoo}",,$100.00,,,,$20.00,1,$0.00,1,1125,4 months ago,t,0,0,0,2,2016-01-04,22,2014-10-14,2015-06-21,92.0,10.0,9.0,10.0,10.0,9.0,9.0,f,,WASHINGTON,f,moderate,f,f,1,1.47
9509279,https://www.airbnb.com/rooms/9509279,20160104002432,2016-01-04,Studio w/ full bath newer building,"Located in one of the west coasts best neighborhoods, Capitol (website hidden) and restaurants galore. Downtown Seattle 2 blocks away. Newer building with rooftop deck.",,"Located in one of the west coasts best neighborhoods, Capitol (website hidden) and restaurants galore. Downtown Seattle 2 blocks away. Newer building with rooftop deck.",none,,,,https://a2.muscache.com/ac/pictures/a9a0e88e-ea48-4943-848d-84ddac82d6d7.jpg?interpolation=lanczos-none&size=small&output-format=jpg&output-quality=70,https://a2.muscache.com/im/pictures/a9a0e88e-ea48-4943-848d-84ddac82d6d7.jpg?aki_policy=medium,https://a2.muscache.com/ac/pictures/a9a0e88e-ea48-4943-848d-84ddac82d6d7.jpg?interpolation=lanczos-none&size=large_cover&output-format=jpg&output-quality=70,https://a2.muscache.com/ac/pictures/a9a0e88e-ea48-4943-848d-84ddac82d6d7.jpg?interpolation=lanczos-none&size=x_large_cover&output-format=jpg&output-quality=70,49275349,https://www.airbnb.com/users/show/49275349,Ash,2015-11-17,"Seattle, Washington, United States",,within an hour,90%,100%,f,"https://a2.muscache.com/ac/pictures/1e02124c-db08-4002-ba3a-1039c8126bc9.jpg?interpolation=lanczos-none&crop=w:w;*,*&crop=h:h;*,*&resize=50:*&output-format=jpg&output-quality=70","https://a2.muscache.com/ac/pictures/1e02124c-db08-4002-ba3a-1039c8126bc9.jpg?interpolation=lanczos-none&crop=w:w;*,*&crop=h:h;*,*&resize=225:*&output-format=jpg&output-quality=70",,1.0,1.0,"['email', 'phone', 'facebook', 'reviews', 'kba']",t,t,"Pike Street, Seattle, WA 98101, United States",,Broadway,Capitol Hill,Seattle,WA,98101,Seattle,"Seattle, WA",US,United States,47.61506168978295,-122.32274003117756,f,Apartment,Entire home/apt,2,1.0,1.0,1.0,Real Bed,"{TV,Kitchen,Gym,""Elevator in Building"",Heating,Washer,Dryer,""Smoke Detector"",""Carbon Monoxide Detector""}",,$100.00,,,,,1,$0.00,1,3,6 weeks ago,t,27,57,87,362,2016-01-04,4,2015-11-25,2015-12-22,80.0,10.0,6.0,10.0,10.0,10.0,9.0,f,,WASHINGTON,f,flexible,f,f,1,2.93
6822322,https://www.airbnb.com/rooms/6822322,20160104002432,2016-01-04,1 BR Apt in the Heart of Cap Hill,"-Located in a historical building -Wood floor/exposed brick -Clawfoot tub -futon couch -Walking distance to numerous bars/restaurants/grocery/entertainment venues -Walk, cab or bus space needle -Coin operated washer and dryer in building","The apartment is located in the heart of Capitol Hill in a quiet part of the neighborhood with non-street facing windows (great for when you want to call it a night but the streets are still very much alive!) The space is warm with character and old world charm! Hardwood flooring is located throughout and is complimented with high ceilings and exposed brick. The bathroom offers a claw foot tub great for relaxing after exploring the hills of Seattle!       When you're not enjoying the cozy space you have so much to explore in the surrounding areas! Amazing dining that is sure to cure any craving and bars for any personality are literally around the corner.  It's a short and scenic walk to Pikes Market, Volunteer Park, and  The Space Needle!( if walking isn't your thing, no worries! Public transportation is easy to use and close to the apartment.)  Currently the space is being outfitted with new furnishings, so everything is sure to be in good repair!","-Located in a historical building -Wood floor/exposed brick -Clawfoot tub -futon couch -Walking distance to numerous bars/restaurants/grocery/entertainment venues -Walk, cab or bus space needle -Coin operated washer and dryer in building The apartment is located in the heart of Capitol Hill in a quiet part of the neighborhood with non-street facing windows (great for when you want to call it a night but the streets are still very much alive!) The space is warm with character and old world charm! Hardwood flooring is located throughout and is complimented with high ceilings and exposed brick. The bathroom offers a claw foot tub great for relaxing after exploring the hills of Seattle!       When you're not enjoying the cozy space you have so much to explore in the surrounding areas! Amazing dining that is sure to cure any craving and bars for any personality are literally around the corner.  It's a short and scenic walk to Pikes Market, Volunteer Park, and  The Space Needle!( if walking ",none,Capitol Hill is the most lovely neighborhood in Seattle. You'll find some of the best dining and bars located just blocks from the apartment! Wether it's nature or a night out you're just a few streets away!,,The 10 and 11 bus stops are on the corner of my street and take you directly Downtown and to the Light Rail. The Light Rail also goes directly to and from the airport! You really won't need to hassle with a car during your stay!,https://a0.muscache.com/ac/pictures/88617666/c9b9f148_original.jpg?interpolation=lanczos-none&size=small&output-format=jpg&output-quality=70,https://a0.muscache.com/im/pictures/88617666/c9b9f148_original.jpg?aki_policy=medium,https://a0.muscache.com/ac/pictures/88617666/c9b9f148_original.jpg?interpolation=lanczos-none&size=large_cover&output-format=jpg&output-quality=70,https://a0.muscache.com/ac/pictures/88617666/c9b9f148_original.jpg?interpolation=lanczos-none&size=x_large_cover&output-format=jpg&output-quality=70,26394059,https://www.airbnb.com/users/show/26394059,Joshua,2015-01-20,"Seattle, Washington, United States","Hey there! My name is Josh. I'm originally a Southern California native turned Pacific Northwest transplant! I work in the aviation industry as a flight attendant and personally enjoy using Airbnb for my personal travels. I'm often flying around, but when I'm actually home in Seattle I enjoy exploring my neighborhood, trying out local restaurants, and just enjoying all the great things Seattle has to offer!",within a day,80%,100%,f,"https://a2.muscache.com/ac/pictures/40922742-5aaa-4d24-b4bc-31a4c4a97ad5.jpg?interpolation=lanczos-none&crop=w:w;*,*&crop=h:h;*,*&resize=50:*&output-format=jpg&output-quality=70","https://a2.muscache.com/ac/pictures/40922742-5aaa-4d24-b4bc-31a4c4a97ad5.jpg?interpolation=lanczos-none&crop=w:w;*,*&crop=h:h;*,*&resize=225:*&output-format=jpg&output-quality=70",Capitol Hill,1.0,1.0,"['email', 'phone', 'facebook', 'reviews', 'jumio']",t,t,"15th Avenue, Seattle, WA 98122, United States",Capitol Hill,Broadway,Capitol Hill,Seattle,WA,98122,Seattle,"Seattle, WA",US,United States,47.61587740300795,-122.3142967165866,t,Apartment,Entire home/apt,4,1.0,1.0,2.0,Real Bed,"{Internet,""Wireless Internet"",Kitchen,Heating,""Family/Kid Friendly"",Washer,Dryer,""Smoke Detector"",""Carbon Monoxide Detector"",""First Aid Kit"",Essentials,Shampoo}",,$105.00,,,$100.00,$25.00,3,$25.00,2,1125,5 weeks ago,t,0,0,0,0,2016-01-04,13,2015-07-06,2015-10-27,87.0,10.0,9.0,9.0,10.0,10.0,9.0,f,,WASHINGTON,f,moderate,f,f,1,2.13
2628010,https://www.airbnb.com/rooms/2628010,20160104002432,2016-01-04,Huge 2 BR/2 Bath-Heart of Cap Hill ,"Amazing 2 Bedroom, 2 Bathroom Apartment on Capitol Hill  1300 Square Feet New apartment complex with lots of amenities. Right on Broadway with endless restaurants, lively nightlife, and great public transportation. Two large bedrooms and bathroom",2 huge bedrooms Both bedrooms have queen size beds with lots of rooms space. Floor to ceiling windows with a view to Broadway and many areas of the city. Large L shaped couch in the living room would could be used as a bed also. ,"Amazing 2 Bedroom, 2 Bathroom Apartment on Capitol Hill  1300 Square Feet New apartment complex with lots of amenities. Right on Broadway with endless restaurants, lively nightlife, and great public transportation. Two large bedrooms and bathroom 2 huge bedrooms Both bedrooms have queen size beds with lots of rooms space. Floor to ceiling windows with a view to Broadway and many areas of the city. Large L shaped couch in the living room would could be used as a bed also. -Full kitchen (Fridge, Dishwasher, Oven, Stove-top, Microwave, Toaster, George Foreman) -2 Full Bathrooms (Shower + Tub) - Highest speed internet with cable (includes HBO,Showtime, premium channels and on demand) -Rooftop lounge area with a breath taking view of most of the city (2 BBQs, tables, sun-chairs) -Workout facilities (Yoga Room and Weight/Cardio room) -Apartment Common Room (Plasma TV, Lounge area, Dining room, Kitchen) Happy to help you with any recommendations/suggestions of places to eat and go out in the ",none,"Capitol Hill is a fantastic neighborhood in Seattle. The Walking Score is unbeatable and the public transportation is phenomenal. There are bus stops right outside the apartment! Blue Moon Burgers in building.  Dilettante Chocolate and Espresso Vicace, Pagliacci Pizza, and many more restaurants across the street.  QFC Grocery Store across the street.  Cal Anderson Park (.5 mi away)  Zipcar (413 feet away)",- No pets - Will meet you at check in to do key transfer - Will need to know names of paying guests,"Very convenient public transportation with bus stops right outside the building. If coming from the airport, the most convenient/cheapest means would be to take the Sound Transit Light Rail to Westlake Station then take Metro Route 49 from Pike St and 4th Ave to Broadway E & E Harrison. Total trip is about 1 hour. A cab would be around $40-$50.",https://a1.muscache.com/ac/pictures/35960809/1fc15f22_original.jpg?interpolation=lanczos-none&size=small&output-format=jpg&output-quality=70,https://a1.muscache.com/im/pictures/35960809/1fc15f22_original.jpg?aki_policy=medium,https://a1.muscache.com/ac/pictures/35960809/1fc15f22_original.jpg?interpolation=lanczos-none&size=large_cover&output-format=jpg&output-quality=70,https://a1.muscache.com/ac/pictures/35960809/1fc15f22_original.jpg?interpolation=lanczos-none&size=x_large_cover&output-format=jpg&output-quality=70,106700,https://www.airbnb.com/users/show/106700,Zvi,2010-04-11,"Seattle, Washington, United States",We are a young married couple both professionals who live in the heart of Capitol Hill in Seattle.,,,,t,"https://a1.muscache.com/ac/users/106700/profile_pic/1270999405/original.jpg?interpolation=lanczos-none&crop=w:w;*,*&crop=h:h;*,*&resize=50:*&output-format=jpg&output-quality=70","https://a1.muscache.com/ac/users/106700/profile_pic/1270999405/original.jpg?interpolation=lanczos-none&crop=w:w;*,*&crop=h:h;*,*&resize=225:*&output-format=jpg&output-quality=70",Capitol Hill,1.0,1.0,"['email', 'phone', 'reviews']",t,f,"Broadway East, Seattle, WA 98102, United States",Capitol Hill,Broadway,Capitol Hill,Seattle,WA,98102,Seattle,"Seattle, WA",US,United States,47.62304603450335,-122.32046539981424,t,Apartment,Entire home/apt,6,2.0,2.0,2.0,Real Bed,"{TV,""Cable TV"",Internet,""Wireless Internet"",Kitchen,Gym,""Elevator in Building"",Washer,Dryer,""Smoke Detector"",""Fire Extinguisher"",Essentials,Shampoo}",,$209.00,"$1,200.00",,$150.00,$65.00,2,$25.00,2,1125,9 months ago,t,0,0,0,30,2016-01-04,29,2014-05-27,2015-04-27,97.0,10.0,9.0,10.0,10.0,10.0,9.0,f,,WASHINGTON,t,strict,f,f,1,1.48
4077920,https://www.airbnb.com/rooms/4077920,20160104002432,2016-01-04,Unique loft with private roof deck,"Our loft is a 1 bedroom with a large, open living area. The pictures show what a great and unique space it is, especially the private deck. Perfect base for Capitol Hill Block Party! (significant noise until 2am!).","This might be the most unique space available in Seattle. None of the local listings can compare, because they are all apartment/condo buildings where you have neighbors to account for... this is a freestanding loft above ground-level art gallery/bar. Ascending our private stairwell brings you to a place where no neighbors will interfere with your enjoyment of the space. The loft is 1250 square feet, plus a private rooftop deck. It sits smack-dab in the middle of Capitol Hill's nightlife, with 2 bars downstairs. A beautiful mural leads you up from street level to the loft. This is our home, it is only available when we'll be out of town (our trusted friend will take care of any issues during your stay). There is no parking included, and street parking has multiple restrictions on time and duration. Best for guests who don't have cars to deal with. Being in the middle of the nightlife district and above 2 bars, this loft is great for the adventurous traveler but terrible for those who a","Our loft is a 1 bedroom with a large, open living area. The pictures show what a great and unique space it is, especially the private deck. Perfect base for Capitol Hill Block Party! (significant noise until 2am!). This might be the most unique space available in Seattle. None of the local listings can compare, because they are all apartment/condo buildings where you have neighbors to account for... this is a freestanding loft above ground-level art gallery/bar. Ascending our private stairwell brings you to a place where no neighbors will interfere with your enjoyment of the space. The loft is 1250 square feet, plus a private rooftop deck. It sits smack-dab in the middle of Capitol Hill's nightlife, with 2 bars downstairs. A beautiful mural leads you up from street level to the loft. This is our home, it is only available when we'll be out of town (our trusted friend will take care of any issues during your stay). There is no parking included, and street parking has multiple restrictio",none,"Capitol Hill is a short (20 minute) walk from downtown Seattle. It is packed with small businesses, art galleries, restaurants, record stores and coffee shops. It is a primary nightlife area, with dozens and dozens of options. This loft is right in the middle of it all.",3 nights minimum stay.,"2 bus lines are less than a block away, 4 more bus lines within 3 blocks. Cabs and rideshares are plentiful at all hours. There is street parking, but there are multiple rules on duration and timing... private vehicles not recommended!  To get here from the airport, take a cab or rideshare ($40-$60), or take the light rail to Westlake Station ($2.50) then transfer to a city bus or take a cab/rideshare ($7)",,,https://a2.muscache.com/ac/pictures/51265439/11f81f18_original.jpg?interpolation=lanczos-none&size=large_cover&output-format=jpg&output-quality=70,,5804983,https://www.airbnb.com/users/show/5804983,Ken,2013-04-07,"Seattle, Washington, United States","Seattle, WA",,,,f,"https://a0.muscache.com/ac/users/5804983/profile_pic/1365310163/original.jpg?interpolation=lanczos-none&crop=w:w;*,*&crop=h:h;*,*&resize=50:*&output-format=jpg&output-quality=70","https://a0.muscache.com/ac/users/5804983/profile_pic/1365310163/original.jpg?interpolation=lanczos-none&crop=w:w;*,*&crop=h:h;*,*&resize=225:*&output-format=jpg&output-quality=70",Capitol Hill,1.0,1.0,"['email', 'phone', 'facebook', 'reviews', 'kba']",t,t,"11th Avenue, Seattle, WA 98122, United States",Capitol Hill,Broadway,Capitol Hill,Seattle,WA,98122,Seattle,"Seattle, WA",US,United States,47.61530919395087,-122.31838210781476,t,Apartment,Entire home/apt,5,1.0,1.0,2.0,Real Bed,"{TV,""Wireless Internet"",Kitchen,""Buzzer/Wireless Intercom"",Heating,""Smoke Detector""}",,$250.00,,,,,1,$0.00,3,1125,a week ago,t,0,0,0,51,2016-01-04,1,2015-07-28,2015-07-28,100.0,10.0,10.0,10.0,10.0,10.0,10.0,f,,WASHINGTON,f,strict,f,f,1,0.19
10157880,https://www.airbnb.com/rooms/10157880,20160104002432,2016-01-04,Very close to Seattle downtown,"Very close to Seattle downtown walking distance to QFC, coffee shop and Bars",,"Very close to Seattle downtown walking distance to QFC, coffee shop and Bars",none,,,,https://a2.muscache.com/ac/pictures/c68dfa01-59db-4216-9543-df68192fac6a.jpg?interpolation=lanczos-none&size=small&output-format=jpg&output-quality=70,https://a2.muscache.com/im/pictures/c68dfa01-59db-4216-9543-df68192fac6a.jpg?aki_policy=medium,https://a2.muscache.com/ac/pictures/c68dfa01-59db-4216-9543-df68192fac6a.jpg?interpolation=lanczos-none&size=large_cover&output-format=jpg&output-quality=70,https://a2.muscache.com/ac/pictures/c68dfa01-59db-4216-9543-df68192fac6a.jpg?interpolation=lanczos-none&size=x_large_cover&output-format=jpg&output-quality=70,20655766,https://www.airbnb.com/users/show/20655766,Li,2014-08-28,"Kirkland, Washington, United States",,within a few hours,80%,100%,f,"https://a1.muscache.com/ac/users/20655766/profile_pic/1409248806/original.jpg?interpolation=lanczos-none&crop=w:w;*,*&crop=h:h;*,*&resize=50:*&output-format=jpg&output-quality=70","https://a1.muscache.com/ac/users/20655766/profile_pic/1409248806/original.jpg?interpolation=lanczos-none&crop=w:w;*,*&crop=h:h;*,*&resize=225:*&output-format=jpg&output-quality=70",Capitol Hill,2.0,2.0,"['email', 'phone', 'facebook', 'reviews']",t,f,"Summit Avenue East, Seattle, WA 98102, United States",Capitol Hill,Broadway,Capitol Hill,Seattle,WA,98102,Seattle,"Seattle, WA",US,United States,47.62525475595666,-122.3260842999262,t,Apartment,Entire home/apt,2,1.0,1.0,1.0,Real Bed,"{""Cable TV"",""Wireless Internet"",""Air Conditioning"",Kitchen,""Free Parking on Premises"",""Elevator in Building"",""Hot Tub"",Heating,Washer,Dryer,""Smoke Detector"",Essentials,Shampoo,""Hair Dryer""}",,$82.00,$500.00,"$2,000.00",$500.00,$50.00,1,$0.00,2,1125,2 weeks ago,t,11,37,66,66,2016-01-04,0,,,,,,,,,,f,,WASHINGTON,t,flexible,f,f,1,
4766173,https://www.airbnb.com/rooms/4766173,20160104002432,2016-01-04,Cozy Capitol Hill Studio,"This clean and cozy studio is located in the heart of trendy Capitol Hill. Walk score of 95. Walking distance to QFC (grocery store), 7 local coffee shops, bars, and restaurants. Across the street from the 8 and 43 bus, or a quick Uber pickup!",Some great places to check out nearby:  Restaurants - Kedai Mekhan (Malaysian) - The Saint (Mexican) - Mamnoon (Middle Eastern) - The Melrose Market  - Taylor Shellfish Farms - Single Shot (American)  Bars - The Stumbling Monk - Witness - Knee High Stocking Co - Montana - The Pine Box - Coretta's - Captain Blacks (patio bar and occasional DJ) - Julia's  ... and many more Entertainment - Walk to Elliot Bay Books about 10 min away - Downtown Seattle is a 25 min walk or take the 43 bus  - Neumos (music venue) is about 10 min away,"This clean and cozy studio is located in the heart of trendy Capitol Hill. Walk score of 95. Walking distance to QFC (grocery store), 7 local coffee shops, bars, and restaurants. Across the street from the 8 and 43 bus, or a quick Uber pickup! Some great places to check out nearby:  Restaurants - Kedai Mekhan (Malaysian) - The Saint (Mexican) - Mamnoon (Middle Eastern) - The Melrose Market  - Taylor Shellfish Farms - Single Shot (American)  Bars - The Stumbling Monk - Witness - Knee High Stocking Co - Montana - The Pine Box - Coretta's - Captain Blacks (patio bar and occasional DJ) - Julia's  ... and many more Entertainment - Walk to Elliot Bay Books about 10 min away - Downtown Seattle is a 25 min walk or take the 43 bus  - Neumos (music venue) is about 10 min away There is a shared laundry unit in the basement ($2/wash, $2/dry). I can also leave you a bus pass that lets you ride free in the city.",none,,,,https://a2.muscache.com/ac/pictures/73175145/695ed953_original.jpg?interpolation=lanczos-none&size=small&output-format=jpg&output-quality=70,https://a2.muscache.com/im/pictures/73175145/695ed953_original.jpg?aki_policy=medium,https://a2.muscache.com/ac/pictures/73175145/695ed953_original.jpg?interpolation=lanczos-none&size=large_cover&output-format=jpg&output-quality=70,https://a2.muscache.com/ac/pictures/73175145/695ed953_original.jpg?interpolation=lanczos-none&size=x_large_cover&output-format=jpg&output-quality=70,1592704,https://www.airbnb.com/users/show/1592704,Karen,2012-01-10,"Seattle, Washington, United States","Technology consultant by day, Seattlelite by night, and hiker/snowboarder/explorer on weekends.

Airbnb-enabled adventures: 
- USA: Chicago IL, Portland OR, San Francisco CA, Louisville KY
- Canada: Vancouver BC
- Germany: Munich 
- Mexico: Cancun
- Netherlands: Amsterdam ",within an hour,100%,,f,"https://a2.muscache.com/ac/pictures/15288f39-3474-4a30-a3b5-73fff2a37de9.jpg?interpolation=lanczos-none&crop=w:w;*,*&crop=h:h;*,*&resize=50:*&output-format=jpg&output-quality=70","https://a2.muscache.com/ac/pictures/15288f39-3474-4a30-a3b5-73fff2a37de9.jpg?interpolation=lanczos-none&crop=w:w;*,*&crop=h:h;*,*&resize=225:*&output-format=jpg&output-quality=70",Capitol Hill,1.0,1.0,"['email', 'phone', 'facebook', 'reviews', 'jumio']",t,t,"Belmont Avenue East, Seattle, WA 98102, United States",Capitol Hill,Broadway,Capitol Hill,Seattle,WA,98102,Seattle,"Seattle, WA",US,United States,47.620170905410745,-122.32383947183314,t,Apartment,Entire home/apt,2,1.0,0.0,1.0,Real Bed,"{Internet,""Wireless Internet"",Kitchen,Heating,""Smoke Detector"",Essentials,Shampoo}",,$110.00,$750.00,,$100.00,$10.00,1,$10.00,3,1125,4 weeks ago,t,0,0,28,28,2016-01-04,11,2015-01-14,2015-09-07,91.0,10.0,9.0,10.0,10.0,10.0,9.0,f,,WASHINGTON,f,moderate,f,f,1,0.93
5946151,https://www.airbnb.com/rooms/5946151,20160104002432,2016-01-04,Historic studio on Broadway/CapHill,"Historic, cozy ground floor studio in Capitol Hill at Broadway and Thomas. Walking distance to Downtown, Cal Anderson Park, bars/restaurants on Pike/Pine corridor. Amazing views from one of a kind roofdeck. Easy access to all parts of Seattle.","Amazing roof deck and vibrant location, brand new queen size bed (after a complaint), small studio with desk, big screen t.v., dvd, turntable, small kitchen and small bath. Toilet is problematic at times sorry...building was built in 1910.","Historic, cozy ground floor studio in Capitol Hill at Broadway and Thomas. Walking distance to Downtown, Cal Anderson Park, bars/restaurants on Pike/Pine corridor. Amazing views from one of a kind roofdeck. Easy access to all parts of Seattle. Amazing roof deck and vibrant location, brand new queen size bed (after a complaint), small studio with desk, big screen t.v., dvd, turntable, small kitchen and small bath. Toilet is problematic at times sorry...building was built in 1910. The heart of Capitol Hill, close to Olive and Pike/Pine As often as needed Most urban dense hood with quirks and artistry in Seattle Plenty of bus options and walking distance to many desirable locations, Pronto bike share a block away. What's more Seattle than one of the oldest and best espresso stands, a thrift store and record store all in the building???",none,Most urban dense hood with quirks and artistry in Seattle,"What's more Seattle than one of the oldest and best espresso stands, a thrift store and record store all in the building???","Plenty of bus options and walking distance to many desirable locations, Pronto bike share a block away.",https://a1.muscache.com/ac/pictures/74040159/267a6d3c_original.jpg?interpolation=lanczos-none&size=small&output-format=jpg&output-quality=70,https://a1.muscache.com/im/pictures/74040159/267a6d3c_original.jpg?aki_policy=medium,https://a1.muscache.com/ac/pictures/74040159/267a6d3c_original.jpg?interpolation=lanczos-none&size=large_cover&output-format=jpg&output-quality=70,https://a1.muscache.com/ac/pictures/74040159/267a6d3c_original.jpg?interpolation=lanczos-none&size=x_large_cover&output-format=jpg&output-quality=70,30868481,https://www.airbnb.com/users/show/30868481,Will,2015-04-08,"Seattle, Washington, United States","I am a Seattle native and love my humble, cozy apartment and living in the bustle of Capitol Hill (the fastest growing neighborhood in the fastest growing city in the USA).  I don't offer many frills or luxury but I do offer an old building (which are becoming more rare in Seattle), a great roof deck with stunning views and close proximity to Downtown.  

My motto is Expect Nothing, Appreciate Everything!",within an hour,100%,100%,f,"https://a1.muscache.com/ac/users/30868481/profile_pic/1428532651/original.jpg?interpolation=lanczos-none&crop=w:w;*,*&crop=h:h;*,*&resize=50:*&output-format=jpg&output-quality=70","https://a1.muscache.com/ac/users/30868481/profile_pic/1428532651/original.jpg?interpolation=lanczos-none&crop=w:w;*,*&crop=h:h;*,*&resize=225:*&output-format=jpg&output-quality=70",,1.0,1.0,"['email', 'phone', 'facebook', 'reviews', 'jumio']",t,t,"Broadway E, Seattle, WA 98102, United States",,Broadway,Capitol Hill,Seattle,WA,98102,Seattle,"Seattle, WA",US,United States,47.62235362222631,-122.32201593187229,f,Apartment,Entire home/apt,2,1.0,0.0,1.0,Real Bed,"{TV,Kitchen,Heating,Washer,Dryer,""Smoke Detector"",""Carbon Monoxide Detector"",Essentials,Shampoo}",,$125.00,,,,,2,$0.00,1,7,3 months ago,t,30,60,90,365,2016-01-04,15,2015-04-20,2015-08-28,87.0,9.0,9.0,9.0,10.0,10.0,9.0,f,,WASHINGTON,f,moderate,f,f,1,1.73
2970666,https://www.airbnb.com/rooms/2970666,20160104002432,2016-01-04,"MODERN, Spacious, new  LOCATION","Located in the heart of the Capitol Hill just a few blocks from the city's famous Broadway Avenue, this LUXURIOUS one bedroom is the perfect Seattle rental for guests visiting for work or vacation.","This one bedroom, immaculate and modern apartment was completely renovated to a high standard by an award winning interior designer.  Everything is new and very nice!  The bedroom boasts a king sized bed with high quality Egyptian cotton sheets.  The light filled, open plan living room has a queen sized sofa sleeper and upgraded mattress (both the sofa and the sleeper are very comfortable!)  The kitchen has stainless steel appliances, Caesar stone counter tops and a dining table that seats up to six people.  High speed wifi, flat screen cable TV, a Wii game system and free domestic long distance.   The location could not be better with a walk score of 98 and a transit score of 99. The apartment is only a few blocks WEST of trendy Broadway Avenue with dozens of restaurants, cafes and shops.  It is a fifteen minute walk to downtown, or a couple minutes on a bus, which stops a few steps from the building.   • 15 minute walk to downtown or a few minutes on a bus, which stops a close to the","Located in the heart of the Capitol Hill just a few blocks from the city's famous Broadway Avenue, this LUXURIOUS one bedroom is the perfect Seattle rental for guests visiting for work or vacation. This one bedroom, immaculate and modern apartment was completely renovated to a high standard by an award winning interior designer.  Everything is new and very nice!  The bedroom boasts a king sized bed with high quality Egyptian cotton sheets.  The light filled, open plan living room has a queen sized sofa sleeper and upgraded mattress (both the sofa and the sleeper are very comfortable!)  The kitchen has stainless steel appliances, Caesar stone counter tops and a dining table that seats up to six people.  High speed wifi, flat screen cable TV, a Wii game system and free domestic long distance.   The location could not be better with a walk score of 98 and a transit score of 99. The apartment is only a few blocks WEST of trendy Broadway Avenue with dozens of restaurants, cafes and shops.  ",none,Capitol Hill is a trendy and popular Seattle neighborhood. This apartment is on a quiet residential street but is only a few minutes' walk  from all the action on Broadway.  ,Check in is at 4pm.  Early check in is possible when available. Check out at noon. $25 fee for check ins after 10pm paid directly to the manager. Three night minimum for stays over a weekend.,"With so many restaurants, parks and shops in walking distance, a car is not necessary, but there is a bus stop just a few steps from the building.  We offer parking in a dedicated space next to the building for $10/nt.",https://a2.muscache.com/ac/pictures/38182071/60c7222f_original.jpg?interpolation=lanczos-none&size=small&output-format=jpg&output-quality=70,https://a2.muscache.com/im/pictures/38182071/60c7222f_original.jpg?aki_policy=medium,https://a2.muscache.com/ac/pictures/38182071/60c7222f_original.jpg?interpolation=lanczos-none&size=large_cover&output-format=jpg&output-quality=70,https://a2.muscache.com/ac/pictures/38182071/60c7222f_original.jpg?interpolation=lanczos-none&size=x_large_cover&output-format=jpg&output-quality=70,1121532,https://www.airbnb.com/users/show/1121532,Autumn,2011-09-07,"Seattle, Washington, United States","I am a friendly and helpful Seattle resident working in property management.  I'm easy going but meticulous and committed to providing exceptional service.  I take pride in making people feel welcome when they stay at one one of my properties. It is always a pleasure to share this fantastic city with visitors. I look forward to meeting you!
",within an hour,100%,100%,f,"https://a2.muscache.com/ac/users/1121532/profile_pic/1375427975/original.jpg?interpolation=lanczos-none&crop=w:w;*,*&crop=h:h;*,*&resize=50:*&output-format=jpg&output-quality=70","https://a2.muscache.com/ac/users/1121532/profile_pic/1375427975/original.jpg?interpolation=lanczos-none&crop=w:w;*,*&crop=h:h;*,*&resize=225:*&output-format=jpg&output-quality=70",Capitol Hill,8.0,8.0,"['email', 'phone', 'reviews', 'kba']",t,t,"Summit Avenue East, Seattle, WA 98102, United States",Capitol Hill,Broadway,Capitol Hill,Seattle,WA,98102,Seattle,"Seattle, WA",US,United States,47.62319865456118,-122.3252505372043,f,Apartment,Entire home/apt,4,1.0,1.0,2.0,Real Bed,"{TV,""Cable TV"",Internet,""Wireless Internet"",""Air Conditioning"",Kitchen,""Buzzer/Wireless Intercom"",Heating,""Family/Kid Friendly"",Washer,Dryer,""Smoke Detector"",""Carbon Monoxide Detector"",""First Aid Kit"",""Fire Extinguisher"",Essentials}",,$109.00,$690.00,"$1,990.00",$200.00,$88.00,1,$0.00,2,1125,6 weeks ago,t,15,38,68,343,2016-01-04,44,2014-06-02,2015-12-25,94.0,9.0,10.0,10.0,10.0,9.0,9.0,f,,WASHINGTON,f,strict,f,f,7,2.27
7308331,https://www.airbnb.com/rooms/7308331,20160104002432,2016-01-04,Vintage Capitol Hill - 1+ Pkg Spots,"Old world charm meets modern elegance. Welcome to our classic, 2 bedroom/1 bath condo situated in a newly renovated, 100 year old Victorian house.",,"Old world charm meets modern elegance. Welcome to our classic, 2 bedroom/1 bath condo situated in a newly renovated, 100 year old Victorian house.",none,,,,https://a1.muscache.com/ac/pictures/92727732/3e454ba3_original.jpg?interpolation=lanczos-none&size=small&output-format=jpg&output-quality=70,https://a1.muscache.com/im/pictures/92727732/3e454ba3_original.jpg?aki_policy=medium,https://a1.muscache.com/ac/pictures/92727732/3e454ba3_original.jpg?interpolation=lanczos-none&size=large_cover&output-format=jpg&output-quality=70,https://a1.muscache.com/ac/pictures/92727732/3e454ba3_original.jpg?interpolation=lanczos-none&size=x_large_cover&output-format=jpg&output-quality=70,658155,https://www.airbnb.com/users/show/658155,Joe,2011-06-02,"Seattle, Washington, United States",Addicted renovator of homes.  Love helping people enjoy the awesome City of Seattle.,within an hour,100%,100%,t,"https://a2.muscache.com/ac/users/658155/profile_pic/1307117042/original.jpg?interpolation=lanczos-none&crop=w:w;*,*&crop=h:h;*,*&resize=50:*&output-format=jpg&output-quality=70","https://a2.muscache.com/ac/users/658155/profile_pic/1307117042/original.jpg?interpolation=lanczos-none&crop=w:w;*,*&crop=h:h;*,*&resize=225:*&output-format=jpg&output-quality=70",Capitol Hill,13.0,13.0,"['email', 'phone', 'reviews', 'kba']",t,t,"12th Avenue East, Seattle, WA 98102, United States",Capitol Hill,Broadway,Capitol Hill,Seattle,WA,98102,Seattle,"Seattle, WA",US,United States,47.62359340953379,-122.31682653858252,t,Apartment,Entire home/apt,6,1.0,2.0,4.0,Real Bed,"{TV,""Cable TV"",Internet,""Wireless Internet"",Kitchen,""Free Parking on Premises"",Heating,Washer,Dryer,""Smoke Detector"",""Carbon Monoxide Detector"",Essentials,Shampoo}",,$198.00,,,,$120.00,1,$0.00,3,1125,today,t,28,58,87,87,2016-01-04,5,2015-07-23,2015-10-19,96.0,10.0,10.0,10.0,10.0,9.0,10.0,f,,WASHINGTON,t,strict,f,f,1,0.9
3946631,https://www.airbnb.com/rooms/3946631,20160104002432,2016-01-04,Charming Tudor Apt in Capitol Hill,"A spacious and charming 1 bedroom located in the heart of Capitol Hill, 1 block from bustling Broadway and under 10 minutes away from the best of Seattle's bar and restaurant scene. Enjoy a quiet space to escape to with all the comfort of home.","This beautiful tudor-style building is one-of-a-kind in Seattle. Built in the early 20th century, the charm of this building is known in the neighborhood. Spacious 1 bedroom apartment comfortably fits 1 or 2 (a couple).","A spacious and charming 1 bedroom located in the heart of Capitol Hill, 1 block from bustling Broadway and under 10 minutes away from the best of Seattle's bar and restaurant scene. Enjoy a quiet space to escape to with all the comfort of home. This beautiful tudor-style building is one-of-a-kind in Seattle. Built in the early 20th century, the charm of this building is known in the neighborhood. Spacious 1 bedroom apartment comfortably fits 1 or 2 (a couple). Guests will have access to the common courtyard space, private access to the apartment which includes washer/dryer. Very little! I travel often for work so will leave keys in a convenient location for pick-up. Capitol hill is a vibrant neighborhood right in downtown Seattle. It is walking distance from hundreds of restaurants, coffee shops and an independent movie theater. The neighborhood is known for the young, artistic and creative people that inhabit this part of town.  There are a few great local parks for relaxing, running ",none,"Capitol hill is a vibrant neighborhood right in downtown Seattle. It is walking distance from hundreds of restaurants, coffee shops and an independent movie theater. The neighborhood is known for the young, artistic and creative people that inhabit this part of town.  There are a few great local parks for relaxing, running and biking. ",,"Convenient buses to all over the greater Seattle area. Walking distance to downtown, South Lake Union. Also accessible to the Burke-Gilman biking and running trail. ",,,https://a0.muscache.com/ac/pictures/49728163/5b1393c2_original.jpg?interpolation=lanczos-none&size=large_cover&output-format=jpg&output-quality=70,,12166491,https://www.airbnb.com/users/show/12166491,Sydney,2014-02-12,"Seattle, Washington, United States",,within a day,100%,,f,"https://a1.muscache.com/ac/users/12166491/profile_pic/1430873681/original.jpg?interpolation=lanczos-none&crop=w:w;*,*&crop=h:h;*,*&resize=50:*&output-format=jpg&output-quality=70","https://a1.muscache.com/ac/users/12166491/profile_pic/1430873681/original.jpg?interpolation=lanczos-none&crop=w:w;*,*&crop=h:h;*,*&resize=225:*&output-format=jpg&output-quality=70",,1.0,1.0,"['email', 'phone', 'linkedin', 'reviews', 'jumio']",t,t,"Harvard Avenue East, Seattle, WA 98102, United States",,Broadway,Capitol Hill,Seattle,WA,98102,Seattle,"Seattle, WA",US,United States,47.62179988726788,-122.32124544372044,t,Apartment,Entire home/apt,2,1.0,1.0,1.0,Real Bed,{},,$160.00,$950.00,,,$60.00,2,$0.00,2,1125,2 weeks ago,t,0,0,8,24,2016-01-04,8,2014-09-03,2015-09-14,95.0,10.0,10.0,10.0,9.0,10.0,9.0,f,,WASHINGTON,f,moderate,f,f,1,0.49
7329915,https://www.airbnb.com/rooms/7329915,20160104002432,2016-01-04,* Parkside One Bed * Capitol Hill*,"Location is perfect for exploring Seattle - on foot, bus, bike or car.",,"Location is perfect for exploring Seattle - on foot, bus, bike or car. Laundry on same floor Brief key exchange and I'll be out of your hair  and leave you to your trip! If more info or advice is needed, I'm approachable and responsive. I'm happy to talk about my lovely city.",none,,,,https://a1.muscache.com/ac/pictures/92996878/395d6b1c_original.jpg?interpolation=lanczos-none&size=small&output-format=jpg&output-quality=70,https://a1.muscache.com/im/pictures/92996878/395d6b1c_original.jpg?aki_policy=medium,https://a1.muscache.com/ac/pictures/92996878/395d6b1c_original.jpg?interpolation=lanczos-none&size=large_cover&output-format=jpg&output-quality=70,https://a1.muscache.com/ac/pictures/92996878/395d6b1c_original.jpg?interpolation=lanczos-none&size=x_large_cover&output-format=jpg&output-quality=70,38351432,https://www.airbnb.com/users/show/38351432,Sare,2015-07-13,US,"I'm an easy going, accepting woman who loves life and Seattle, who's excited and eager to be a gracious host. ",,,100%,f,"https://a0.muscache.com/ac/users/38351432/profile_pic/1436838425/original.jpg?interpolation=lanczos-none&crop=w:w;*,*&crop=h:h;*,*&resize=50:*&output-format=jpg&output-quality=70","https://a0.muscache.com/ac/users/38351432/profile_pic/1436838425/original.jpg?interpolation=lanczos-none&crop=w:w;*,*&crop=h:h;*,*&resize=225:*&output-format=jpg&output-quality=70",,1.0,1.0,"['email', 'phone', 'google', 'reviews', 'jumio']",t,t,"12th Ave E, Seattle, WA 98102, United States",,Broadway,Capitol Hill,Seattle,WA,98102,Seattle,"Seattle, WA",US,United States,47.62498107745399,-122.31648748222864,f,Apartment,Entire home/apt,2,1.0,1.0,1.0,Real Bed,"{TV,Internet,""Wireless Internet"",""Air Conditioning"",""Wheelchair Accessible"",Kitchen,""Elevator in Building"",Heating,Washer,Dryer,""Smoke Detector"",""First Aid Kit"",""Safety Card"",""Fire Extinguisher"",Essentials}",,$126.00,$855.00,,$200.00,$50.00,2,$0.00,2,1125,5 months ago,t,29,59,89,364,2016-01-04,3,2015-07-22,2015-09-21,100.0,10.0,10.0,10.0,10.0,9.0,10.0,f,,WASHINGTON,f,moderate,f,f,1,0.54
6436976,https://www.airbnb.com/rooms/6436976,20160104002432,2016-01-04,Spacious& clean apartment- Caphill!,"This apartment is in a quaint area of capital hill, 3 blocks walk from Broadway, with amazing coffee shops, grocery store and nightlife...View of space needle, tons of natural light! If you are looking for a great walk-able location-this may be home!",,"This apartment is in a quaint area of capital hill, 3 blocks walk from Broadway, with amazing coffee shops, grocery store and nightlife...View of space needle, tons of natural light! If you are looking for a great walk-able location-this may be home!",none,,,,https://a0.muscache.com/ac/pictures/103588454/245efaf1_original.jpg?interpolation=lanczos-none&size=small&output-format=jpg&output-quality=70,https://a0.muscache.com/im/pictures/103588454/245efaf1_original.jpg?aki_policy=medium,https://a0.muscache.com/ac/pictures/103588454/245efaf1_original.jpg?interpolation=lanczos-none&size=large_cover&output-format=jpg&output-quality=70,https://a0.muscache.com/ac/pictures/103588454/245efaf1_original.jpg?interpolation=lanczos-none&size=x_large_cover&output-format=jpg&output-quality=70,21404681,https://www.airbnb.com/users/show/21404681,Lc,2014-09-16,US,,within a few hours,100%,100%,f,"https://a0.muscache.com/ac/users/21404681/profile_pic/1431219290/original.jpg?interpolation=lanczos-none&crop=w:w;*,*&crop=h:h;*,*&resize=50:*&output-format=jpg&output-quality=70","https://a0.muscache.com/ac/users/21404681/profile_pic/1431219290/original.jpg?interpolation=lanczos-none&crop=w:w;*,*&crop=h:h;*,*&resize=225:*&output-format=jpg&output-quality=70",Capitol Hill,2.0,2.0,"['email', 'phone', 'facebook', 'linkedin', 'reviews', 'jumio']",t,t,"Bellevue Avenue East, Seattle, WA 98102, United States",,Broadway,Capitol Hill,Seattle,WA,98102,Seattle,"Seattle, WA",US,United States,47.62358546548156,-122.3266563571155,t,Apartment,Entire home/apt,2,1.0,1.0,1.0,Real Bed,"{TV,Internet,""Wireless Internet"",Kitchen,""Free Parking on Premises"",""Elevator in Building"",""Buzzer/Wireless Intercom"",Heating,""Family/Kid Friendly"",Washer,Dryer,""Smoke Detector"",Essentials,Shampoo}",,$99.00,$850.00,,$250.00,$100.00,0,$0.00,1,1125,yesterday,t,27,57,87,362,2016-01-04,24,2015-06-14,2015-12-22,90.0,9.0,9.0,10.0,10.0,10.0,9.0,f,,WASHINGTON,f,strict,f,f,2,3.51
9328692,https://www.airbnb.com/rooms/9328692,20160104002432,2016-01-04,107 Modern Studio on Capitol Hill,"This is a modern fully-furnished studio apartment in a brand new building on Capitol Hill. At Roy Street Commons you can enjoy your complete privacy and mingle with our other guests in our common areas, when it suits you.",This is a fully-furnished studio designed for one person. The unit is compact and the bathroom is separated from the rest of the studio by a curtain. Your completely private studio space includes the following: Closet Shelves Desk Lamp Full Sized Bed Refrigerator Microwave Sink Toilet Shower Central Air,"This is a modern fully-furnished studio apartment in a brand new building on Capitol Hill. At Roy Street Commons you can enjoy your complete privacy and mingle with our other guests in our common areas, when it suits you. This is a fully-furnished studio designed for one person. The unit is compact and the bathroom is separated from the rest of the studio by a curtain. Your completely private studio space includes the following: Closet Shelves Desk Lamp Full Sized Bed Refrigerator Microwave Sink Toilet Shower Central Air You will also have access to a common area, which includes the following amenities: Rooftop Deck with 360 degree views Fully-Equipped Kitchen Laundry Facilities Dishwasher Iron & Ironing Board Cable Television 100Mbps Wi-Fi Central Air As we value your time and privacy, we offer 24-hour check-in. The process is seamless and doesn't require any scheduling. On the morning of the day of your arrival you'll be sent the access codes to the building and your studio unit, alo",none,Capitol Hill is one of Seattle's prettiest and most-admired neighborhoods.,"Should you not be able to book this particular studio, please check our other offerings by clicking on host and then all listings.",It's a short walk to Broadway and just a bit longer to downtown. There is a Pronto bike share 100 yards away.  There is a bus stop for downtown 300 yards away.,https://a2.muscache.com/ac/pictures/5bce52ed-e29a-44d7-a4e4-0da80be6ea7f.jpg?interpolation=lanczos-none&size=small&output-format=jpg&output-quality=70,https://a2.muscache.com/im/pictures/5bce52ed-e29a-44d7-a4e4-0da80be6ea7f.jpg?aki_policy=medium,https://a2.muscache.com/ac/pictures/5bce52ed-e29a-44d7-a4e4-0da80be6ea7f.jpg?interpolation=lanczos-none&size=large_cover&output-format=jpg&output-quality=70,https://a2.muscache.com/ac/pictures/5bce52ed-e29a-44d7-a4e4-0da80be6ea7f.jpg?interpolation=lanczos-none&size=x_large_cover&output-format=jpg&output-quality=70,42537846,https://www.airbnb.com/users/show/42537846,Eric,2015-08-25,"Seattle, Washington, United States",,within an hour,99%,100%,f,"https://a2.muscache.com/ac/pictures/a21126b7-ee57-4f46-982f-598e4546901f.jpg?interpolation=lanczos-none&crop=w:w;*,*&crop=h:h;*,*&resize=50:*&output-format=jpg&output-quality=70","https://a2.muscache.com/ac/pictures/a21126b7-ee57-4f46-982f-598e4546901f.jpg?interpolation=lanczos-none&crop=w:w;*,*&crop=h:h;*,*&resize=225:*&output-format=jpg&output-quality=70",Capitol Hill,17.0,17.0,"['email', 'phone', 'reviews', 'manual_offline']",t,t,"12th Avenue East, Seattle, WA 98102, United States",Capitol Hill,Broadway,Capitol Hill,Seattle,WA,98102,Seattle,"Seattle, WA",US,United States,47.62529342431216,-122.31757638645136,t,Apartment,Entire home/apt,1,1.0,0.0,1.0,Real Bed,"{TV,""Cable TV"",Internet,""Wireless Internet"",Heating,Washer,Dryer,""Fire Extinguisher"",Essentials,Shampoo,""24-Hour Check-in"",Hangers,""Hair Dryer"",Iron,""Laptop Friendly Workspace""}",,$49.00,$350.00,"$1,300.00",$95.00,$25.00,1,$0.00,1,1125,3 weeks ago,t,13,17,43,133,2016-01-04,0,,,,,,,,,,f,,WASHINGTON,t,moderate,f,f,15,
9117301,https://www.airbnb.com/rooms/9117301,20160104002432,2016-01-04,Diamond 11 : Walk to Downtown,The Diamond Suite at the 11th Avenue Inn Bed and Breakfast.,,The Diamond Suite at the 11th Avenue Inn Bed and Breakfast.,none,,,,https://a2.muscache.com/ac/pictures/9fe1bf5f-7130-4d82-9d94-692158b57194.jpg?interpolation=lanczos-none&size=small&output-format=jpg&output-quality=70,https://a2.muscache.com/im/pictures/9fe1bf5f-7130-4d82-9d94-692158b57194.jpg?aki_policy=medium,https://a2.muscache.com/ac/pictures/9fe1bf5f-7130-4d82-9d94-692158b57194.jpg?interpolation=lanczos-none&size=large_cover&output-format=jpg&output-quality=70,https://a2.muscache.com/ac/pictures/9fe1bf5f-7130-4d82-9d94-692158b57194.jpg?interpolation=lanczos-none&size=x_large_cover&output-format=jpg&output-quality=70,31509,https://www.airbnb.com/users/show/31509,David,2009-08-13,"Seattle, Washington, United States","I have lived in the Capitol Hill neighborhood for over 20 years.   I enjoy hosting travelers in my favorite neighborhood in Seattle - Capitol Hill near Pike/Pine, Broadway, and downtown Seattle.",within an hour,100%,100%,t,"https://a1.muscache.com/ac/users/31509/profile_pic/1322064085/original.jpg?interpolation=lanczos-none&crop=w:w;*,*&crop=h:h;*,*&resize=50:*&output-format=jpg&output-quality=70","https://a1.muscache.com/ac/users/31509/profile_pic/1322064085/original.jpg?interpolation=lanczos-none&crop=w:w;*,*&crop=h:h;*,*&resize=225:*&output-format=jpg&output-quality=70",Capitol Hill,4.0,4.0,"['email', 'phone', 'facebook', 'linkedin', 'reviews', 'jumio']",t,t,"11th Avenue East, Seattle, WA 98102, United States",Capitol Hill,Broadway,Capitol Hill,Seattle,WA,98102,Seattle,"Seattle, WA",US,United States,47.62040250864689,-122.31930914967494,t,Apartment,Entire home/apt,2,1.0,1.0,1.0,Real Bed,"{TV,""Wireless Internet"",Kitchen,""Free Parking on Premises"",Breakfast,Heating,Essentials,Shampoo,Hangers,""Hair Dryer"",Iron,""Laptop Friendly Workspace""}",,$99.00,,,,,1,$0.00,1,28,a week ago,t,18,18,18,61,2016-01-04,0,,,,,,,,,,f,,WASHINGTON,f,strict,f,f,1,
2898401,https://www.airbnb.com/rooms/2898401,20160104002432,2016-01-04,Luxurious Building- Prime Location,"On the most centric location of trendy Capitol Hill, a luxurious specious apartment is available for rent. Surrounded by small coffee shops, bars and restaurants, the building offers upscale gym, movie theater, sky-lounge and roof top deck.",Specifications: - 5 minutes from downtown on a bus. bus Stop is next to the building.  - Full Bedroom with a deck porch turns to the rear quiet green side of the neighborhood - Gym in the building - Wi-Fi Interenet - Central Heating - Air Conditioning - Dinning table - Kitchen bar chairs and dining bar - Double Bed - Nespresso Coffee Machine - Fridge - Oven - Microwave - Laundry and dryer machines ,"On the most centric location of trendy Capitol Hill, a luxurious specious apartment is available for rent. Surrounded by small coffee shops, bars and restaurants, the building offers upscale gym, movie theater, sky-lounge and roof top deck. Specifications: - 5 minutes from downtown on a bus. bus Stop is next to the building.  - Full Bedroom with a deck porch turns to the rear quiet green side of the neighborhood - Gym in the building - Wi-Fi Interenet - Central Heating - Air Conditioning - Dinning table - Kitchen bar chairs and dining bar - Double Bed - Nespresso Coffee Machine - Fridge - Oven - Microwave - Laundry and dryer machines ",none,,,,https://a0.muscache.com/ac/pictures/37428482/4ad9a113_original.jpg?interpolation=lanczos-none&size=small&output-format=jpg&output-quality=70,https://a0.muscache.com/im/pictures/37428482/4ad9a113_original.jpg?aki_policy=medium,https://a0.muscache.com/ac/pictures/37428482/4ad9a113_original.jpg?interpolation=lanczos-none&size=large_cover&output-format=jpg&output-quality=70,https://a0.muscache.com/ac/pictures/37428482/4ad9a113_original.jpg?interpolation=lanczos-none&size=x_large_cover&output-format=jpg&output-quality=70,3001712,https://www.airbnb.com/users/show/3001712,Amit,2012-07-20,"New York, New York, United States","Hi my name is Amit.
I'm an MBA student at Columbia Business School and i'm subletting my apartment.
If you're interested in the suggested dates, please let me know.

Thanks,
",within a day,100%,100%,f,"https://a2.muscache.com/ac/users/3001712/profile_pic/1342807816/original.jpg?interpolation=lanczos-none&crop=w:w;*,*&crop=h:h;*,*&resize=50:*&output-format=jpg&output-quality=70","https://a2.muscache.com/ac/users/3001712/profile_pic/1342807816/original.jpg?interpolation=lanczos-none&crop=w:w;*,*&crop=h:h;*,*&resize=225:*&output-format=jpg&output-quality=70",Hell's Kitchen,2.0,2.0,"['email', 'phone', 'facebook', 'reviews']",t,f,"Broadway Ave E, Seattle, WA 98102, United States",Capitol Hill,Broadway,Capitol Hill,Seattle,WA,98102,Seattle,"Seattle, WA",US,United States,47.61868893985362,-122.3221870366059,f,Apartment,Entire home/apt,4,1.0,1.0,1.0,Real Bed,"{TV,Internet,""Wireless Internet"",""Air Conditioning"",Kitchen,Gym,""Elevator in Building"",""Hot Tub"",Heating,""Family/Kid Friendly"",Washer,Dryer,""Smoke Detector"",""Carbon Monoxide Detector"",Essentials}",,$100.00,,,,$70.00,1,$25.00,2,150,3 weeks ago,t,0,0,0,121,2016-01-04,21,2014-07-01,2015-09-28,91.0,9.0,9.0,9.0,8.0,10.0,9.0,f,,WASHINGTON,f,strict,f,f,1,1.14
8193516,https://www.airbnb.com/rooms/8193516,20160104002432,2016-01-04,Capitol Hill Launch Pad,"My roommate and I share a two bedroom place between Pike and Pine on Summit. We're four blocks from Broadway, all the bars, and the nightlife of the Hill, but on a relatively very quiet street. Downtown is four blocks in the other direction. There might not be a more central, ""walkable"" place in the city of Seattle for visitors. You've got your own room with a full sized bed, and access to the whole apartment (besides the other bedroom, which we will use).",,"My roommate and I share a two bedroom place between Pike and Pine on Summit. We're four blocks from Broadway, all the bars, and the nightlife of the Hill, but on a relatively very quiet street. Downtown is four blocks in the other direction. There might not be a more central, ""walkable"" place in the city of Seattle for visitors. You've got your own room with a full sized bed, and access to the whole apartment (besides the other bedroom, which we will use). Everything but the second bedroom. Our apartment is your apartment. Living room, bedroom, kitchen, and bathroom -- all you. I used to be a tour guide in Pike Place Market and I've lived in the city for three years (in the area my whole life), so if you need recommendations for things to do and see while you're here, I'm your guy. If you want to be left alone, totally cool also. Capitol Hill is where you want to be when you visit Seattle. Food, bars, entertainment, short walk from everything. Walkscore of 97. Busses pick up one block ",none,"Capitol Hill is where you want to be when you visit Seattle. Food, bars, entertainment, short walk from everything. Walkscore of 97.","The building is older (1907), so it's got a claw-foot tub, no dishwasher, no microwave, and no in-room laundry, but there's a coin operated laundry setup downstairs. Amenities are not the greatest, but the roommates are and so is the location.","Busses pick up one block away, but you really won't have to take a bus if you're just here to see the city. Everything is walkable.",https://a0.muscache.com/ac/pictures/104330368/24a9bf2b_original.jpg?interpolation=lanczos-none&size=small&output-format=jpg&output-quality=70,https://a0.muscache.com/im/pictures/104330368/24a9bf2b_original.jpg?aki_policy=medium,https://a0.muscache.com/ac/pictures/104330368/24a9bf2b_original.jpg?interpolation=lanczos-none&size=large_cover&output-format=jpg&output-quality=70,https://a0.muscache.com/ac/pictures/104330368/24a9bf2b_original.jpg?interpolation=lanczos-none&size=x_large_cover&output-format=jpg&output-quality=70,42047742,https://www.airbnb.com/users/show/42047742,Colt,2015-08-20,"Seattle, Washington, United States","I'm a content manager for a college sports media website who loves writing, travelling, working out, playing music, and sports. I've lived in Washington State for most of my life except for a year in Florence, Italy. Three continents so far, looking to knock out South America some time next year.",within an hour,100%,100%,f,"https://a2.muscache.com/ac/users/42047742/profile_pic/1441408651/original.jpg?interpolation=lanczos-none&crop=w:w;*,*&crop=h:h;*,*&resize=50:*&output-format=jpg&output-quality=70","https://a2.muscache.com/ac/users/42047742/profile_pic/1441408651/original.jpg?interpolation=lanczos-none&crop=w:w;*,*&crop=h:h;*,*&resize=225:*&output-format=jpg&output-quality=70",Capitol Hill,1.0,1.0,"['email', 'phone', 'facebook', 'reviews', 'kba']",t,t,"Summit Avenue, Seattle, WA 98122, United States",Capitol Hill,Broadway,Capitol Hill,Seattle,WA,98122,Seattle,"Seattle, WA",US,United States,47.61538097895309,-122.32412893406638,t,Apartment,Private room,2,1.0,1.0,1.0,Real Bed,"{TV,""Cable TV"",Internet,""Wireless Internet"",Kitchen,""Elevator in Building"",Heating,""Smoke Detector"",""Carbon Monoxide Detector"",""First Aid Kit"",""Safety Card"",Essentials}",,$82.00,,,,$5.00,1,$0.00,2,5,2 months ago,t,27,57,86,86,2016-01-04,9,2015-09-07,2015-11-16,93.0,10.0,9.0,10.0,10.0,10.0,9.0,f,,WASHINGTON,f,flexible,f,f,1,2.25
3766285,https://www.airbnb.com/rooms/3766285,20160104002432,2016-01-04,"Capital Hill - modern, 98 Walkscore",Open livingroom/dining room and kitchen. 2 Blocks from Broadway with a walkscore of 98 of 100 (info about walkscore in on the internet).,"Potentially Bad News – for expectation setting: 1. There's not much of a view – it's a canopy of trees in the summer or a bunch of sticks in the winter…which means the house in the summer is quite cool compared to others…more on this in “the Really Awesome"" section below. 2. It will feel like you're living in someone's house and they stashed a lot of things out of the way, ie this is not a full time AirBNB…but you're welcome to use anything that's available – take a Frisbee to the park, chairs to the park, use my mountain bike - I'll leave the combo to the lock, and various kitchen condiments – hot sauce, olive oil, etc. 3. No TV  The Really Awesome  1) Location – Capitol Hill, walkscore of 98 out of 100 2) Naturally cooler in the summer – Many places in Seattle do not have air conditioning, mine included.  The temp is still quite delightful on warmer days since the apartment faces east and is on a lower level and has tons of trees which provide shade and privacy – at the expense of a ","Open livingroom/dining room and kitchen. 2 Blocks from Broadway with a walkscore of 98 of 100 (info about walkscore in on the internet). Potentially Bad News – for expectation setting: 1. There's not much of a view – it's a canopy of trees in the summer or a bunch of sticks in the winter…which means the house in the summer is quite cool compared to others…more on this in “the Really Awesome"" section below. 2. It will feel like you're living in someone's house and they stashed a lot of things out of the way, ie this is not a full time AirBNB…but you're welcome to use anything that's available – take a Frisbee to the park, chairs to the park, use my mountain bike - I'll leave the combo to the lock, and various kitchen condiments – hot sauce, olive oil, etc. 3. No TV  The Really Awesome  1) Location – Capitol Hill, walkscore of 98 out of 100 2) Naturally cooler in the summer – Many places in Seattle do not have air conditioning, mine included.  The temp is still quite delightful on warmer",none,"Grocery store – 24/7 and 2 blocks away You can walk to restaurants, coffee houses, cafes, and to bus stops located just 2 blocks away. ","Other not so important stuff: The building requires keys to enter and exit. I'll leave out an assortment of maps and other guides of Seattle. I have a sound bar that you can hook up a music player to via Bluetooth or headphone jack. Kitchen – pretty well stocked, for a bachelor.  Assortment of 2 pans, 2 pots and a couple glass things that can go in the oven.  Place settings for 6. Access to major highways (I-5, I-90, I-405 and I-520) are all just minutes away - perfect if you are commuting or interested in exploring outside of Seattle and into Bellevue, the San Juan Islands, Tacoma or the Olympic Coast. Guests with verified profiles will receive strongest consideration. ",Bus routes stop 2 and 4 blocks away and easily take you downtown and north towards the University of Washington.,https://a2.muscache.com/ac/pictures/73996857/da994608_original.jpg?interpolation=lanczos-none&size=small&output-format=jpg&output-quality=70,https://a2.muscache.com/im/pictures/73996857/da994608_original.jpg?aki_policy=medium,https://a2.muscache.com/ac/pictures/73996857/da994608_original.jpg?interpolation=lanczos-none&size=large_cover&output-format=jpg&output-quality=70,https://a2.muscache.com/ac/pictures/73996857/da994608_original.jpg?interpolation=lanczos-none&size=x_large_cover&output-format=jpg&output-quality=70,1353882,https://www.airbnb.com/users/show/1353882,Mike,2011-10-31,"Seattle, Washington, United States",From: Seattle and East Coast.  I enjoy travelling and exercising.,,,,f,"https://a2.muscache.com/ac/users/1353882/profile_pic/1320065409/original.jpg?interpolation=lanczos-none&crop=w:w;*,*&crop=h:h;*,*&resize=50:*&output-format=jpg&output-quality=70","https://a2.muscache.com/ac/users/1353882/profile_pic/1320065409/original.jpg?interpolation=lanczos-none&crop=w:w;*,*&crop=h:h;*,*&resize=225:*&output-format=jpg&output-quality=70",Capitol Hill,2.0,2.0,"['email', 'phone', 'reviews', 'jumio']",t,t,"Belmont Avenue East, Seattle, WA 98102, United States",Capitol Hill,Broadway,Capitol Hill,Seattle,WA,98102,Seattle,"Seattle, WA",US,United States,47.62393110877108,-122.32258619088644,t,Apartment,Private room,1,1.0,1.0,1.0,Real Bed,"{Internet,""Wireless Internet"",Kitchen,""Elevator in Building"",Heating,Washer,Dryer,""Smoke Detector"",Essentials,Shampoo}",,$80.00,$490.00,,,$50.00,1,$0.00,1,7,4 months ago,t,0,0,0,0,2016-01-04,1,2015-04-26,2015-04-26,80.0,8.0,6.0,10.0,6.0,10.0,6.0,f,,WASHINGTON,f,flexible,f,f,2,0.12
1520581,https://www.airbnb.com/rooms/1520581,20160104002432,2016-01-04,Io House (2P #2) - SLU walkable,,"About Io House: This is a home for itinerant techies - entrepreneurs, coders, inventors, designers, and scientists. The idea is to interact with the other residents, and for you to leave with your strongest memories being of the people you met here. This house is located in the heart of North Capitol Hill, at its closest point to South Lake Union. You've got the convenience of the restaurants and activity of Capitol Hill, and a full QFC supermarket two blocks away, while located an easy walk from TechStars (1.2 miles walk), CodeFellows, Amazon SLU, etc. It has a WalkScore of 95/100. Bed: this listing is for an extra-long twin bed in a shared room with one other person.  Common area includes: a living room on the main floor, a large converted attic designed as work space, a full kitchen, shared bathrooms, and a large basement suitable for bike/luggage storage. We provide: - High speed Internet - Laundry on-site (detergent provided) - Full kitchen with dishwasher - A back yard with picni","About Io House: This is a home for itinerant techies - entrepreneurs, coders, inventors, designers, and scientists. The idea is to interact with the other residents, and for you to leave with your strongest memories being of the people you met here. This house is located in the heart of North Capitol Hill, at its closest point to South Lake Union. You've got the convenience of the restaurants and activity of Capitol Hill, and a full QFC supermarket two blocks away, while located an easy walk from TechStars (1.2 miles walk), CodeFellows, Amazon SLU, etc. It has a WalkScore of 95/100. Bed: this listing is for an extra-long twin bed in a shared room with one other person.  Common area includes: a living room on the main floor, a large converted attic designed as work space, a full kitchen, shared bathrooms, and a large basement suitable for bike/luggage storage. We provide: - High speed Internet - Laundry on-site (detergent provided) - Full kitchen with dishwasher - A back yard with picni",none,,,,https://a1.muscache.com/ac/pictures/23880522/76239f1b_original.jpg?interpolation=lanczos-none&size=small&output-format=jpg&output-quality=70,https://a1.muscache.com/im/pictures/23880522/76239f1b_original.jpg?aki_policy=medium,https://a1.muscache.com/ac/pictures/23880522/76239f1b_original.jpg?interpolation=lanczos-none&size=large_cover&output-format=jpg&output-quality=70,https://a1.muscache.com/ac/pictures/23880522/76239f1b_original.jpg?interpolation=lanczos-none&size=x_large_cover&output-format=jpg&output-quality=70,1243056,https://www.airbnb.com/users/show/1243056,Andrew,2011-10-03,"Seattle, Washington, United States","I develop technology businesses, including CityAuction, a  local-oriented online auction I started in 1997, and Pure Watercraft, a high-performance electric boating company I started in 2011. I've also been an angel investor since 2000.

As a TechStars mentor, I've seen the difficulty that teams have when they seek short-term housing while in Seattle. I've also seen the incredibly creative atmosphere that has been created in the hacker houses of other areas, such as Chez JJ in the SF Bay Area. My goal is to cultivate an even more vibrant, fun, and creative tech community here in Seattle.",within an hour,90%,100%,f,"https://a0.muscache.com/ac/users/1243056/profile_pic/1334570930/original.jpg?interpolation=lanczos-none&crop=w:w;*,*&crop=h:h;*,*&resize=50:*&output-format=jpg&output-quality=70","https://a0.muscache.com/ac/users/1243056/profile_pic/1334570930/original.jpg?interpolation=lanczos-none&crop=w:w;*,*&crop=h:h;*,*&resize=225:*&output-format=jpg&output-quality=70",Capitol Hill,37.0,37.0,"['email', 'phone', 'facebook', 'linkedin', 'reviews', 'jumio']",t,t,"10th Avenue East, Seattle, WA 98102, United States",Capitol Hill,Broadway,Capitol Hill,Seattle,WA,98102,Seattle,"Seattle, WA",US,United States,47.62383897014697,-122.32176005478334,t,House,Shared room,1,0.5,1.0,1.0,Real Bed,"{Internet,""Wireless Internet"",Kitchen,""Free Parking on Premises"",Heating,Washer,Dryer}",,$65.00,$349.00,"$1,095.00",$350.00,$35.00,1,$0.00,4,1125,2 months ago,t,15,45,75,350,2016-01-04,9,2013-12-20,2015-06-23,91.0,9.0,7.0,10.0,10.0,10.0,9.0,f,,WASHINGTON,f,strict,f,f,37,0.36
1349175,https://www.airbnb.com/rooms/1349175,20160104002432,2016-01-04,Capitol Hill Oasis- Lake Union view,"Surrounded by views on one side and a garden oasis on the other, this is truly a unique property close to the hustle and bustle of Capitol Hill.  Enjoy a private bed & bath on the lower floor of our hillside single family home with shared kitchen.","Update: We're proud to be AirBNB Superhosts!  Enjoy a private bedroom and bathroom in our home, nestled between the Howe and Blaine stairs on the quiet north end of Capitol Hill.  While we're both well-traveled, we take great pride in our beloved native state and are happy to help you find the best spots and experiences in the city and surrounding mountains and Puget Sound. We're in a great location for public transit (served by Metro 49, 25 & 70-series) from Sea-Tac airport and Washington State Ferries, and offer 1 free reserved parking spot (upon request) and plenty of free on-street parking. There is easy access to and from I-5 and a Car2Go is almost always within walking distance. Your private room and bathroom are on the ground level of our early 20th century house, which is perched on the northwest slope of Capitol Hill, with sweeping views to the west. The bedroom includes a queen bed, plus an additional queen hide-a-bed couch and has private entry through the basement or shared","Surrounded by views on one side and a garden oasis on the other, this is truly a unique property close to the hustle and bustle of Capitol Hill.  Enjoy a private bed & bath on the lower floor of our hillside single family home with shared kitchen. Update: We're proud to be AirBNB Superhosts!  Enjoy a private bedroom and bathroom in our home, nestled between the Howe and Blaine stairs on the quiet north end of Capitol Hill.  While we're both well-traveled, we take great pride in our beloved native state and are happy to help you find the best spots and experiences in the city and surrounding mountains and Puget Sound. We're in a great location for public transit (served by Metro 49, 25 & 70-series) from Sea-Tac airport and Washington State Ferries, and offer 1 free reserved parking spot (upon request) and plenty of free on-street parking. There is easy access to and from I-5 and a Car2Go is almost always within walking distance. Your private room and bathroom are on the ground level of ",none,,,"The 49 Metro bus stops a few blocks from us! Uber, Lyft and standard taxi service all are generally minutes away.  In addition if you are a Car2Go member, see their terms of service to confirm you'll be able to use them here!",https://a0.muscache.com/ac/pictures/20724536/6af11aa7_original.jpg?interpolation=lanczos-none&size=small&output-format=jpg&output-quality=70,https://a0.muscache.com/im/pictures/20724536/6af11aa7_original.jpg?aki_policy=medium,https://a0.muscache.com/ac/pictures/20724536/6af11aa7_original.jpg?interpolation=lanczos-none&size=large_cover&output-format=jpg&output-quality=70,https://a0.muscache.com/ac/pictures/20724536/6af11aa7_original.jpg?interpolation=lanczos-none&size=x_large_cover&output-format=jpg&output-quality=70,1445691,https://www.airbnb.com/users/show/1445691,Kyle,2011-11-27,"Seattle, Washington, United States","Sustainable Business consultant and new father.  Generally traveling by myself for work and with my family for pleasure.  Usually we have multiple pieces of adventure gear with us- mountain & road bikes, cross-country skis, etc.

We live on the north end of Capitol Hill in Seattle and have our 1bd/ 1bath room for rent on AirBNB",within an hour,100%,100%,f,"https://a0.muscache.com/ac/users/1445691/profile_pic/1397153593/original.jpg?interpolation=lanczos-none&crop=w:w;*,*&crop=h:h;*,*&resize=50:*&output-format=jpg&output-quality=70","https://a0.muscache.com/ac/users/1445691/profile_pic/1397153593/original.jpg?interpolation=lanczos-none&crop=w:w;*,*&crop=h:h;*,*&resize=225:*&output-format=jpg&output-quality=70",Capitol Hill,2.0,2.0,"['email', 'phone', 'facebook', 'linkedin', 'reviews', 'kba']",t,t,"Broadway East, Seattle, WA 98102, United States",Capitol Hill,Broadway,Capitol Hill,Seattle,WA,98102,Seattle,"Seattle, WA",US,United States,47.63417398577591,-122.32223217998862,t,House,Private room,4,1.0,1.0,1.0,Real Bed,"{Internet,""Wireless Internet"",Kitchen,""Free Parking on Premises"",""Pets live on this property"",Dog(s),Heating,""Family/Kid Friendly"",""Suitable for Events"",Washer,Dryer,""Smoke Detector"",""Carbon Monoxide Detector"",""First Aid Kit"",""Fire Extinguisher"",Essentials,Shampoo}",,$80.00,,,$150.00,,2,$10.00,2,1125,2 weeks ago,t,19,33,63,338,2016-01-04,158,2013-07-17,2016-01-01,96.0,9.0,10.0,10.0,10.0,10.0,9.0,f,,WASHINGTON,f,moderate,f,f,2,5.25
5633607,https://www.airbnb.com/rooms/5633607,20160104002432,2016-01-04,Prime Cap Hill w/ Fireplace & SPACE,"Private room in gorgeous apartment located just a few short blocks from the Pike/Pine corridor and 15th Avenue gourmet dining. Apartment features indoor fireplace, full kitchen, huge living room, lots of storage space, TV, WiFi, and other bonuses.","--= I HAVE PARKING PASSES! =-- Gorgeous apartment features original hardwood flooring, indoor fireplace, and a HUGE kitchen and living room. Large windows flood the space with sunlight, and the gargantuan closets give you lots of space to keep your things out of the way. Lock on guest room door is provided for your privacy.","Private room in gorgeous apartment located just a few short blocks from the Pike/Pine corridor and 15th Avenue gourmet dining. Apartment features indoor fireplace, full kitchen, huge living room, lots of storage space, TV, WiFi, and other bonuses. --= I HAVE PARKING PASSES! =-- Gorgeous apartment features original hardwood flooring, indoor fireplace, and a HUGE kitchen and living room. Large windows flood the space with sunlight, and the gargantuan closets give you lots of space to keep your things out of the way. Lock on guest room door is provided for your privacy. Guests have access to TV, WiFi, fireplace, my personal expertise, coin-operated laundry downstairs, and all the fun and excitement Capitol Hill has to offer! I live in the apartment, but am usually out during the day and some nights. If you want to make plans, I am happy to spend time together! If I am going to be out of town during your stay, I will let you know in advance and make sure you have everything you need. Capit",none,"Capitol Hill is the best of both worlds--quiet residential side streets featuring beautiful architecture and classic styles, nestled amongst the busiest nightlife and restaurant scene the Pacific Northwest has to offer! The apartment is located just a 5 minute walk to Pine St, Pike St, 15th Avenue, Broadway, and all the awesome spots therein, right in the heart of the neighborhood. Also located nearby are Volunteer Park, Cal Anderson Park, and Seattle Central College, all of which are excellent locations for outdoor activities on a sunny day. Lake View Cemetery is also just a few minutes' walk, so cinema and martial arts fans alike may decide to trek over and pay homage to Bruce Lee, who is interned there on a beautiful hill overlooking the city. Regardless of whether you're into fine dining, late night partying, artistic expression, outdoor sports, counter-culture, or good coffee, Capitol Hill has something for you.",Please read over the rules in entirety before you book :-),"Bus lines run on every major street. Should you decide to walk, it takes five to ten minutes to get to most any restaurant or bar in the neighborhood, 20 minutes to get downtown or to the convention center, 20 minutes to the Pike's Place Market, and about 30 minutes to get to Lake Union, should you want to go sailing.",https://a0.muscache.com/ac/pictures/74334768/af9167bf_original.jpg?interpolation=lanczos-none&size=small&output-format=jpg&output-quality=70,https://a0.muscache.com/im/pictures/74334768/af9167bf_original.jpg?aki_policy=medium,https://a0.muscache.com/ac/pictures/74334768/af9167bf_original.jpg?interpolation=lanczos-none&size=large_cover&output-format=jpg&output-quality=70,https://a0.muscache.com/ac/pictures/74334768/af9167bf_original.jpg?interpolation=lanczos-none&size=x_large_cover&output-format=jpg&output-quality=70,4810767,https://www.airbnb.com/users/show/4810767,Joshua,2013-01-22,"Seattle, Washington, United States","I'm a business guy in my twenties, born and raised in Los Angeles. I spent the last six years in New York City, and now go back and forth between NY and Seattle several times a year. I've driven across the US twice and have been to most of the states in The Union. I'm very easy to please and don't fuss over minor details when I have guests. All I care about is that you not make a big mess or disturb the neighbors. I look forward to meeting you!

I love a good conversation and follow the news very closely. It's great talking about the world with people, but I understand not everyone is interested. It's very seldom that I watch television, but I do enjoy a good movie, book, or video game when I have the time. I've been working and living on and around the Lower East Side for years, so I know lots of fun places to go and things to do and am more than happy to show my guests a good time, if they have the time!

I don't normally spend much time at home, so you probably won't see too much of me unless we make plans together. My priority is ensuring your comfort, so don't hesitate to ask questions when we meet!",within an hour,100%,100%,f,"https://a2.muscache.com/ac/users/4810767/profile_pic/1374467654/original.jpg?interpolation=lanczos-none&crop=w:w;*,*&crop=h:h;*,*&resize=50:*&output-format=jpg&output-quality=70","https://a2.muscache.com/ac/users/4810767/profile_pic/1374467654/original.jpg?interpolation=lanczos-none&crop=w:w;*,*&crop=h:h;*,*&resize=225:*&output-format=jpg&output-quality=70",Capitol Hill,1.0,1.0,"['email', 'phone', 'facebook', 'reviews', 'sent_id', 'kba']",t,t,"East Denny Way, Seattle, WA 98122, United States",Capitol Hill,Broadway,Capitol Hill,Seattle,WA,98122,Seattle,"Seattle, WA",US,United States,47.61812929143407,-122.3148371335712,t,Apartment,Private room,2,1.0,1.0,1.0,Real Bed,"{TV,Internet,""Wireless Internet"",Kitchen,""Indoor Fireplace"",""Buzzer/Wireless Intercom"",Heating,Washer,Dryer,""Smoke Detector"",""Carbon Monoxide Detector"",""First Aid Kit"",Essentials,Shampoo}",,$39.00,,,$100.00,$18.00,1,$0.00,2,21,a week ago,t,10,36,66,341,2016-01-04,66,2015-03-21,2015-12-16,95.0,10.0,9.0,10.0,10.0,10.0,9.0,f,,WASHINGTON,f,strict,f,t,1,6.83
9836113,https://www.airbnb.com/rooms/9836113,20160104002432,2016-01-04,203 Modern Studio on Capitol Hill,"This is a modern fully-furnished studio apartment in a brand new building on Capitol Hill. At Roy Street Commons you can enjoy your complete privacy and mingle with our other guests in our common areas, when it suits you.",This is a fully-furnished studio designed for one person. The unit is compact and the bathroom is separated from the rest of the studio by a curtain. Your completely private studio space includes the following: Closet Shelves Desk Lamp Full Sized Bed Refrigerator Microwave Sink Toilet Shower Central Air,"This is a modern fully-furnished studio apartment in a brand new building on Capitol Hill. At Roy Street Commons you can enjoy your complete privacy and mingle with our other guests in our common areas, when it suits you. This is a fully-furnished studio designed for one person. The unit is compact and the bathroom is separated from the rest of the studio by a curtain. Your completely private studio space includes the following: Closet Shelves Desk Lamp Full Sized Bed Refrigerator Microwave Sink Toilet Shower Central Air You also have access to a common area, which includes the following amenities: Rooftop Deck with 360 degree views Fully-Equipped Kitchen Laundry Facilities Dishwasher Iron & Ironing Board Cable Television 100Mbps Wi-Fi Central Air As we value your time and privacy, we offer 24-hour check-in. The process is seamless and doesn't require any scheduling. On the morning of the day of your arrival you'll be sent the access codes to the building and your studio unit, along wi",none,"Close to downtown, Capitol Hill is one of Seattle's prettiest and most-admired neighborhoods.","Should you not be able to book this particular studio, please check our other offerings by clicking on host and then all listings.","It's a short walk to Broadway and just a bit longer to downtown. 15th Ave, 3 blocks away, has many trendy cafes and restaurants. There is a Pronto bike share 100 yards away. There is a bus stop for downtown 300 yards away.",https://a2.muscache.com/ac/pictures/2db41a7f-cca4-4f95-aeab-23bd371ed21a.jpg?interpolation=lanczos-none&size=small&output-format=jpg&output-quality=70,https://a2.muscache.com/im/pictures/2db41a7f-cca4-4f95-aeab-23bd371ed21a.jpg?aki_policy=medium,https://a2.muscache.com/ac/pictures/2db41a7f-cca4-4f95-aeab-23bd371ed21a.jpg?interpolation=lanczos-none&size=large_cover&output-format=jpg&output-quality=70,https://a2.muscache.com/ac/pictures/2db41a7f-cca4-4f95-aeab-23bd371ed21a.jpg?interpolation=lanczos-none&size=x_large_cover&output-format=jpg&output-quality=70,42537846,https://www.airbnb.com/users/show/42537846,Eric,2015-08-25,"Seattle, Washington, United States",,within an hour,99%,100%,f,"https://a2.muscache.com/ac/pictures/a21126b7-ee57-4f46-982f-598e4546901f.jpg?interpolation=lanczos-none&crop=w:w;*,*&crop=h:h;*,*&resize=50:*&output-format=jpg&output-quality=70","https://a2.muscache.com/ac/pictures/a21126b7-ee57-4f46-982f-598e4546901f.jpg?interpolation=lanczos-none&crop=w:w;*,*&crop=h:h;*,*&resize=225:*&output-format=jpg&output-quality=70",Capitol Hill,17.0,17.0,"['email', 'phone', 'reviews', 'manual_offline']",t,t,"12th Avenue East, Seattle, WA 98102, United States",Capitol Hill,Broadway,Capitol Hill,Seattle,WA,98102,Seattle,"Seattle, WA",US,United States,47.6241532577878,-122.31822713162882,t,Apartment,Entire home/apt,1,1.0,0.0,1.0,Real Bed,"{TV,""Cable TV"",Internet,""Wireless Internet"",Kitchen,""Buzzer/Wireless Intercom"",Heating,Washer,Dryer,""Smoke Detector"",""Carbon Monoxide Detector"",""First Aid Kit"",""Fire Extinguisher"",Essentials,""24-Hour Check-in"",Hangers,""Hair Dryer"",Iron,""Laptop Friendly Workspace""}",,$49.00,$350.00,"$1,300.00",$95.00,$25.00,1,$0.00,1,1125,4 days ago,t,15,33,52,321,2016-01-04,0,,,,,,,,,,f,,WASHINGTON,t,moderate,f,f,15,
5510720,https://www.airbnb.com/rooms/5510720,20160104002432,2016-01-04,Stylish One Bedroom in Capitol Hill,"Our warm one bedroom on exciting Capitol Hill with artisan features throughout the space is in the center of Seattle. All the city has to offer is right outside your door. Be close to the best restaurants, bars, and live music while staying.      ","Sleeps two comfortably on a nice queen size bed with artisan touches throughout the space. Cozy couch, vintage record player, lovely kitchen, and table for two will keep you feeling at home while you are away.  Wifi access is also included.  Grind yourself up some fresh coffee beans and enjoy a smooth cup from the French press or make yourself some tea, all included. Bathroom has a tub and shower with plenty of hot water and great water pressure. Also includes complimentary shampoo, shower soap, and toiletries.  The condo is a newer building only about 8 years old and so everything is generally in great working order.  Enjoy!  ","Our warm one bedroom on exciting Capitol Hill with artisan features throughout the space is in the center of Seattle. All the city has to offer is right outside your door. Be close to the best restaurants, bars, and live music while staying.       Sleeps two comfortably on a nice queen size bed with artisan touches throughout the space. Cozy couch, vintage record player, lovely kitchen, and table for two will keep you feeling at home while you are away.  Wifi access is also included.  Grind yourself up some fresh coffee beans and enjoy a smooth cup from the French press or make yourself some tea, all included. Bathroom has a tub and shower with plenty of hot water and great water pressure. Also includes complimentary shampoo, shower soap, and toiletries.  The condo is a newer building only about 8 years old and so everything is generally in great working order.  Enjoy!  Guests have access to our condo, use of kitchen and laundry as needed. We'll coordinate for key and fob drop off. The",none,"Capitol Hill has become the ""go to"" spot in Seattle with a vibrant culture of its own. Our place is walking distance (Walk Score of 98!!) to the best bars, restaurants, grocery stores (Trader Joes, Madison Co-Op), and live music venues in the Pike/Pine corridor area. If you want to venture downtown then there are several transit options that can take you to Pike Place Market, Seattle Space Needle, Seattle Art Museum, Aquarium, and vintage Pioneer Square. Our condo building offers a Poco wine bar conveniently right below (half price bottles on Sundays!), nail spa, handmade pizza restaurant right down the block and delicious Chinese restaurant (and bakery) right outside your door! ","Free street parking only however finding a spot on the street can be a challenge especially on the weekends and because it is free. I recommend taking the bus, walking, Uber, or renting a Pronto bike. Plus access to the Link light rail downtown is a 20 minute walk or bus ride. The light rail runs directly to and from SeaTac airport means you really don't need a car! ","There's plenty to do and see right outside your door here in Cap Hill just by walking around. Also there are a couple bus routes just outside on Pine St. The #10 and #11 buses will take you downtown and close to the Westlake Center Link Lightrail station for easy airport access. A few blocks north is the #8 bus which runs to the Seattle Center / Space Needle. Also, Pronto public rental bikes are available within one block and offer a 24h rental rate. ",https://a0.muscache.com/ac/pictures/68682822/88f9ad3b_original.jpg?interpolation=lanczos-none&size=small&output-format=jpg&output-quality=70,https://a0.muscache.com/im/pictures/68682822/88f9ad3b_original.jpg?aki_policy=medium,https://a0.muscache.com/ac/pictures/68682822/88f9ad3b_original.jpg?interpolation=lanczos-none&size=large_cover&output-format=jpg&output-quality=70,https://a0.muscache.com/ac/pictures/68682822/88f9ad3b_original.jpg?interpolation=lanczos-none&size=x_large_cover&output-format=jpg&output-quality=70,10853410,https://www.airbnb.com/users/show/10853410,Peter,2013-12-27,"Seattle, Washington, United States","I'm a budget traveler who loves to explore new places, food & cultures. 

My favorite places to visit are those that are off the beaten path, especially finding those hidden gems amongst the popular tourist destinations. 

Living in Seattle allows me to be close to outdoors activities including snowboarding, downhill mountain biking, backpacking, road biking, fishing and hiking, plus all that the city has to offer: great breweries, restaurants, bike friendly, great live music, I couldn't ask to live in a better place!

",within a day,100%,100%,f,"https://a0.muscache.com/ac/users/10853410/profile_pic/1426722046/original.jpg?interpolation=lanczos-none&crop=w:w;*,*&crop=h:h;*,*&resize=50:*&output-format=jpg&output-quality=70","https://a0.muscache.com/ac/users/10853410/profile_pic/1426722046/original.jpg?interpolation=lanczos-none&crop=w:w;*,*&crop=h:h;*,*&resize=225:*&output-format=jpg&output-quality=70",Capitol Hill,1.0,1.0,"['email', 'phone', 'reviews', 'kba']",t,t,"East Pine Street, Seattle, WA 98122, United States",Capitol Hill,Broadway,Capitol Hill,Seattle,WA,98122,Seattle,"Seattle, WA",US,United States,47.61445783391577,-122.3142697355306,t,Apartment,Entire home/apt,2,1.0,1.0,1.0,Real Bed,"{TV,""Wireless Internet"",""Wheelchair Accessible"",Kitchen,""Elevator in Building"",Heating,Washer,Dryer,""Smoke Detector"",""Carbon Monoxide Detector"",Essentials,Shampoo}",,$125.00,$710.00,,$200.00,$40.00,2,$25.00,1,10,a week ago,t,0,0,6,29,2016-01-04,21,2015-03-30,2015-10-02,99.0,10.0,10.0,10.0,10.0,10.0,10.0,f,,WASHINGTON,f,flexible,f,f,1,2.24
6837819,https://www.airbnb.com/rooms/6837819,20160104002432,2016-01-04,Charming Capitol Hill One-Bedroom,"Charming 1940s one-bedroom in the heart of Capitol Hill, Seattle's eclectic gay and artistic neighborhood. Situated near Broadway, the location is divine. You can walk to all the bars and restaurants the hip neighborhood has to offer.","Charming 1940s one-bedroom in the heart of Capitol Hill, Seattle's eclectic gay and artistic neighborhood. Situated near Broadway, the location is divine. You can walk to all the bars and restaurants the hip neighborhood has to offer. You can stroll to downtown and Seattle's famous Pike Place waterfront in less than 25 minutes. There are a myriad of busses nearby to take you to downtown and other parts of the city as well. The apartment has  French doors, a double bed, hardwood floors, couch, dining room table, a tiny, but serviceable, kitchen. Internet and cable television with all the major stations (please don't order On Demand shows at a cost) are yours to enjoy. I also have a Roku box with Netflix etc. There is a private outdoor seating area and a shared balcony. (Pictured).  It's perfect for one or two people.","Charming 1940s one-bedroom in the heart of Capitol Hill, Seattle's eclectic gay and artistic neighborhood. Situated near Broadway, the location is divine. You can walk to all the bars and restaurants the hip neighborhood has to offer. Charming 1940s one-bedroom in the heart of Capitol Hill, Seattle's eclectic gay and artistic neighborhood. Situated near Broadway, the location is divine. You can walk to all the bars and restaurants the hip neighborhood has to offer. You can stroll to downtown and Seattle's famous Pike Place waterfront in less than 25 minutes. There are a myriad of busses nearby to take you to downtown and other parts of the city as well. The apartment has  French doors, a double bed, hardwood floors, couch, dining room table, a tiny, but serviceable, kitchen. Internet and cable television with all the major stations (please don't order On Demand shows at a cost) are yours to enjoy. I also have a Roku box with Netflix etc. There is a private outdoor seating area and a sh",none,"You are near two locations of the world famous Espresso Vivace on Broadway (the best coffee in Seattle—a city known for good coffee); you are a block away from a grocery store (The QFC), a number of great bars and restaurants, including Witness, Sun Liquor, Barjot, and Bait Shop.","The apartment is a small 8-unit pet-friendly building (you will see cute dogs and cats frolicking in the courtyard) and all the neighbors know each other. Though we are a pet-friendly buildings, pets are not allowed in my apartment. Thanks for understanding.",Tons of public transportation; a short cab ride or a bus ride from Westlake Station's Light Rail: The 43 and the 8 bus which takes you downtown and to the Seattle Center is two blocks away. On Broadway you can catch the 49 to downtown as well. You are about a 25 minute walk to Pike Place Market.,https://a0.muscache.com/ac/pictures/98904017/a7afb336_original.jpg?interpolation=lanczos-none&size=small&output-format=jpg&output-quality=70,https://a0.muscache.com/im/pictures/98904017/a7afb336_original.jpg?aki_policy=medium,https://a0.muscache.com/ac/pictures/98904017/a7afb336_original.jpg?interpolation=lanczos-none&size=large_cover&output-format=jpg&output-quality=70,https://a0.muscache.com/ac/pictures/98904017/a7afb336_original.jpg?interpolation=lanczos-none&size=x_large_cover&output-format=jpg&output-quality=70,3675357,https://www.airbnb.com/users/show/3675357,Tricia,2012-09-25,"Seattle, Washington, United States",Journalist in Seattle.,,,,f,"https://a2.muscache.com/ac/users/3675357/profile_pic/1373695717/original.jpg?interpolation=lanczos-none&crop=w:w;*,*&crop=h:h;*,*&resize=50:*&output-format=jpg&output-quality=70","https://a2.muscache.com/ac/users/3675357/profile_pic/1373695717/original.jpg?interpolation=lanczos-none&crop=w:w;*,*&crop=h:h;*,*&resize=225:*&output-format=jpg&output-quality=70",Capitol Hill,1.0,1.0,"['email', 'phone', 'facebook', 'linkedin', 'reviews', 'kba']",t,t,"Boylston Avenue East, Seattle, WA 98102, United States",Capitol Hill,Broadway,Capitol Hill,Seattle,WA,98102,Seattle,"Seattle, WA",US,United States,47.62026414447599,-122.32246363897646,t,Apartment,Entire home/apt,2,1.0,1.0,1.0,Real Bed,"{TV,""Cable TV"",Internet,""Wireless Internet"",Kitchen,""Smoke Detector"",""Carbon Monoxide Detector"",Essentials,Shampoo}",,$150.00,$785.00,,,$35.00,1,$0.00,2,10,4 months ago,t,30,60,89,89,2016-01-04,3,2015-06-30,2015-09-08,87.0,9.0,10.0,10.0,10.0,10.0,9.0,f,,WASHINGTON,f,moderate,f,f,1,0.48
8050232,https://www.airbnb.com/rooms/8050232,20160104002432,2016-01-04,Studio apartment on lower cap hill,5 min walk to downtown and only 5 min from the heart of Capitol Hill as well. 20 min walks to the space needle and pioneer square. Perfect for anyone in town for a conference or just trying to see the city. Minutes away from the convention center and pike place market. Perfect location for everything.,It's in the heart of the city. Central location to everything.,"5 min walk to downtown and only 5 min from the heart of Capitol Hill as well. 20 min walks to the space needle and pioneer square. Perfect for anyone in town for a conference or just trying to see the city. Minutes away from the convention center and pike place market. Perfect location for everything. It's in the heart of the city. Central location to everything. Netflix, laundry, wifi, quick access to all major bus lines, 5 min walk to best bars in the city. I live two blocks from the studio. It's directly between the culture rich capitol hill and the downtown area. Great for tourist and business travelers Great public transit system. 2 min walk from the link rail (train to the airport ) and all major bus routes. Tons of cabs and ubers available",none,It's directly between the culture rich capitol hill and the downtown area. Great for tourist and business travelers,,Great public transit system. 2 min walk from the link rail (train to the airport ) and all major bus routes. Tons of cabs and ubers available,https://a2.muscache.com/ac/pictures/102619343/55712f2b_original.jpg?interpolation=lanczos-none&size=small&output-format=jpg&output-quality=70,https://a2.muscache.com/im/pictures/102619343/55712f2b_original.jpg?aki_policy=medium,https://a2.muscache.com/ac/pictures/102619343/55712f2b_original.jpg?interpolation=lanczos-none&size=large_cover&output-format=jpg&output-quality=70,https://a2.muscache.com/ac/pictures/102619343/55712f2b_original.jpg?interpolation=lanczos-none&size=x_large_cover&output-format=jpg&output-quality=70,42419614,https://www.airbnb.com/users/show/42419614,Chase,2015-08-24,US,,within an hour,100%,100%,f,"https://a1.muscache.com/ac/users/42419614/profile_pic/1440544437/original.jpg?interpolation=lanczos-none&crop=w:w;*,*&crop=h:h;*,*&resize=50:*&output-format=jpg&output-quality=70","https://a1.muscache.com/ac/users/42419614/profile_pic/1440544437/original.jpg?interpolation=lanczos-none&crop=w:w;*,*&crop=h:h;*,*&resize=225:*&output-format=jpg&output-quality=70",First Hill,1.0,1.0,"['email', 'phone', 'reviews']",t,f,"Boren Avenue, Seattle, WA 98101, United States",First Hill,Broadway,Capitol Hill,Seattle,WA,98101,Seattle,"Seattle, WA",US,United States,47.61390856932194,-122.3290301694458,t,Apartment,Entire home/apt,1,1.0,1.0,1.0,Real Bed,"{Kitchen,""Smoking Allowed"",Heating,""Smoke Detector"",""Carbon Monoxide Detector"",Essentials,Shampoo}",,$90.00,,,,,1,$0.00,1,1125,3 months ago,t,0,0,0,106,2016-01-04,10,2015-09-06,2015-10-28,74.0,8.0,5.0,9.0,9.0,9.0,7.0,f,,WASHINGTON,t,flexible,f,f,1,2.48
9386179,https://www.airbnb.com/rooms/9386179,20160104002432,2016-01-04,402 Modern Studio on Capitol Hill,"This is a modern fully-furnished studio apartment in a brand new building on Capitol Hill. At Roy Street Commons you can enjoy your complete privacy and mingle with our other guests in our common areas, when it suits you.","This is a fully-furnished studio designed for one person, but the vast majority of couples who have stayed with us find the intimate space cozy. The unit is compact and the bathroom is separated from the rest of the studio by a curtain. Your completely private studio space includes the following: Closet Shelves Desk Lamp Full Sized Bed Refrigerator Microwave Sink Toilet Shower Central Air","This is a modern fully-furnished studio apartment in a brand new building on Capitol Hill. At Roy Street Commons you can enjoy your complete privacy and mingle with our other guests in our common areas, when it suits you. This is a fully-furnished studio designed for one person, but the vast majority of couples who have stayed with us find the intimate space cozy. The unit is compact and the bathroom is separated from the rest of the studio by a curtain. Your completely private studio space includes the following: Closet Shelves Desk Lamp Full Sized Bed Refrigerator Microwave Sink Toilet Shower Central Air You also have access to a common area, which includes the following amenities: Rooftop Deck with 360 degree views Fully-Equipped Kitchen Laundry Facilities Dishwasher Iron & Ironing Board Cable Television 100Mbps Wi-Fi Central Air As we value your time and privacy, we offer 24-hour check-in. The process is seamless and doesn't require any scheduling. On the morning of the day of your",none,"Close to downtown, Capitol Hill is one of Seattle's prettiest and most-admired neighborhoods.","Should you not be able to book this particular studio, please check our other offerings by clicking on host and then all listings.",It's a short walk to Broadway and just a bit longer to downtown. There is a Pronto bike share 100 yards away.  There is a bus stop for downtown 300 yards away.,https://a2.muscache.com/ac/pictures/eaa8b82a-04d9-419b-af68-47e1079177d2.jpg?interpolation=lanczos-none&size=small&output-format=jpg&output-quality=70,https://a2.muscache.com/im/pictures/eaa8b82a-04d9-419b-af68-47e1079177d2.jpg?aki_policy=medium,https://a2.muscache.com/ac/pictures/eaa8b82a-04d9-419b-af68-47e1079177d2.jpg?interpolation=lanczos-none&size=large_cover&output-format=jpg&output-quality=70,https://a2.muscache.com/ac/pictures/eaa8b82a-04d9-419b-af68-47e1079177d2.jpg?interpolation=lanczos-none&size=x_large_cover&output-format=jpg&output-quality=70,42537846,https://www.airbnb.com/users/show/42537846,Eric,2015-08-25,"Seattle, Washington, United States",,within an hour,99%,100%,f,"https://a2.muscache.com/ac/pictures/a21126b7-ee57-4f46-982f-598e4546901f.jpg?interpolation=lanczos-none&crop=w:w;*,*&crop=h:h;*,*&resize=50:*&output-format=jpg&output-quality=70","https://a2.muscache.com/ac/pictures/a21126b7-ee57-4f46-982f-598e4546901f.jpg?interpolation=lanczos-none&crop=w:w;*,*&crop=h:h;*,*&resize=225:*&output-format=jpg&output-quality=70",Capitol Hill,17.0,17.0,"['email', 'phone', 'reviews', 'manual_offline']",t,t,"12th Avenue East, Seattle, WA 98102, United States",Capitol Hill,Broadway,Capitol Hill,Seattle,WA,98102,Seattle,"Seattle, WA",US,United States,47.62572677985786,-122.317307594226,t,Apartment,Entire home/apt,2,1.0,0.0,1.0,Real Bed,"{TV,Internet,""Wireless Internet"",Kitchen,""Buzzer/Wireless Intercom"",Heating,Washer,Dryer,Essentials,""24-Hour Check-in"",Hangers,""Hair Dryer"",Iron,""Laptop Friendly Workspace""}",,$69.00,$400.00,"$1,500.00",$95.00,$25.00,1,$0.00,1,1125,2 days ago,t,1,30,60,335,2016-01-04,6,2015-11-27,2015-12-24,83.0,9.0,10.0,10.0,10.0,9.0,9.0,f,,WASHINGTON,t,moderate,f,f,15,4.62
4184211,https://www.airbnb.com/rooms/4184211,20160104002432,2016-01-04,Bdrm in Designer's Cap Hill Apt,"Peaceful bedroom in light-filled 2nd floor apt on quiet, tree-lined street just 2 blocks from all the energy + amenities of Broadway. In the heart of Capitol Hill, steps to restaurants, cafes, shopping, Volunteer Park, Pike/Pine corridor. ","This spacious, light-filled apartment is on a quiet tree lined street in the heart of Capitol Hill. My hope is that my home serves as a welcoming space for all who enter, whether for an afternoon coffee, a meal, or in this case, an overnight stay. After a day exploring our fabulous city, this space offers a place to rest. The second bedroom is used solely for guests therefore an empty wardrobe and shelves await you, as well as a queen size bed with down comforter and pillows. The bedroom is small but as one guest referred to it, it's a calming, urban retreat. There is one shared bathroom; frankly, it's outdated but totally clean and serves it's purpose. Take a shower or a bath; clean towels as well as shampoo and conditioner provided. Large kitchen that you are welcome to use (with the expectation that you'll clean up after yourself). Within two blocks is a fabulous grocery store so feel free to stock up (although with all the great eats within walking distance of the apartment, you ma","Peaceful bedroom in light-filled 2nd floor apt on quiet, tree-lined street just 2 blocks from all the energy + amenities of Broadway. In the heart of Capitol Hill, steps to restaurants, cafes, shopping, Volunteer Park, Pike/Pine corridor.  This spacious, light-filled apartment is on a quiet tree lined street in the heart of Capitol Hill. My hope is that my home serves as a welcoming space for all who enter, whether for an afternoon coffee, a meal, or in this case, an overnight stay. After a day exploring our fabulous city, this space offers a place to rest. The second bedroom is used solely for guests therefore an empty wardrobe and shelves await you, as well as a queen size bed with down comforter and pillows. The bedroom is small but as one guest referred to it, it's a calming, urban retreat. There is one shared bathroom; frankly, it's outdated but totally clean and serves it's purpose. Take a shower or a bath; clean towels as well as shampoo and conditioner provided. Large kitchen t",none,"Capitol Hill is a vibrant, urban neighborhood ideal for someone who loves having amenities within walking distance. With new restaurants opening all the time, you'll have no shortage of places to try. In addition to the cafes, bars + restaurants, within blocks of the apartment you'll also find a large grocery store, multiple gyms, Harvard exit (great, small movie theater), the beautiful Volunteer Park (which also houses the Asian art museum), and streets to wander and explore.","Parking can usually be found within a couple blocks. During your stay, I have a parking pass which will allow you to park for longer periods of time in this neighborhood. This must be returned at the end of your stay otherwise your security deposit will not be returned. The bedroom is limited to 1-2 guests although on occasion, I  rent the entire apartment. See that listing here: www.airbnb.com/rooms/(PHONE NUMBER HIDDEN)","Centrally located, it is quite easy to get to most places of interest in Seattle. On foot, you can walk downtown in 20 minutes. In a car, pending traffic, you can get to the U District, Ballard, Fremont, Green Lake, Columbia City in the same. If you don't have a car, there are a number of convenient bus lines within blocks. Also, Car-To-Go and UBER are extremely accessible on the hill.",https://a1.muscache.com/ac/pictures/52632103/29c6fd5d_original.jpg?interpolation=lanczos-none&size=small&output-format=jpg&output-quality=70,https://a1.muscache.com/im/pictures/52632103/29c6fd5d_original.jpg?aki_policy=medium,https://a1.muscache.com/ac/pictures/52632103/29c6fd5d_original.jpg?interpolation=lanczos-none&size=large_cover&output-format=jpg&output-quality=70,https://a1.muscache.com/ac/pictures/52632103/29c6fd5d_original.jpg?interpolation=lanczos-none&size=x_large_cover&output-format=jpg&output-quality=70,5806502,https://www.airbnb.com/users/show/5806502,Jordan,2013-04-07,"Seattle, Washington, United States","Welcome! 

I've considered hosting via AirBnB for over a year and am finally taking the plunge. Since I moved into this great apartment in Seattle, I have had a steady stream of guests using my 2nd bedroom; now through AirBnB I'm inviting a wider circle of folks. 

Creating a welcoming, calming space that individuals enjoy being in is something I enjoy and deeply value. Historically, my homes have become gathering places for my community... whether that's an evening in with friends, a monthly book club, out-of-town guest, or dinner party. I consider it a privilege to offer a home-base, a space of rejuvenation, for those who enter.

I am a freelance graphic designer and mainly work from home but am in and out in order to meet with clients. I have had previous careers in the interior design field as well as a social worker working alongside homeless youth.

I love Seattle and Capitol Hill definitely has my heart. I have so many recommendations of places to experience around the city, I began an Instagram feed dedicated to documenting those favorites. If you're interested, I'll definitely direct you to it to assist with your visit in our great city.

All the best!
",within a few hours,100%,100%,f,"https://a0.muscache.com/ac/users/5806502/profile_pic/1411021316/original.jpg?interpolation=lanczos-none&crop=w:w;*,*&crop=h:h;*,*&resize=50:*&output-format=jpg&output-quality=70","https://a0.muscache.com/ac/users/5806502/profile_pic/1411021316/original.jpg?interpolation=lanczos-none&crop=w:w;*,*&crop=h:h;*,*&resize=225:*&output-format=jpg&output-quality=70",Capitol Hill,1.0,1.0,"['email', 'phone', 'linkedin', 'reviews', 'kba']",t,t,"Federal Ave East, Seattle, WA 98102, United States",Capitol Hill,Broadway,Capitol Hill,Seattle,WA,98102,Seattle,"Seattle, WA",US,United States,47.62447068990233,-122.3184991694172,t,Apartment,Private room,2,1.0,1.0,1.0,Real Bed,"{""Wireless Internet"",Kitchen,Heating,Washer,Dryer,""Smoke Detector"",""Carbon Monoxide Detector"",""Fire Extinguisher"",Essentials,Shampoo}",,$104.00,,"$2,500.00",$150.00,$30.00,1,$0.00,1,1125,3 weeks ago,t,27,57,87,362,2016-01-04,22,2014-11-15,2015-09-27,100.0,10.0,10.0,10.0,10.0,10.0,10.0,f,,WASHINGTON,f,strict,f,f,1,1.59
3732949,https://www.airbnb.com/rooms/3732949,20160104002432,2016-01-04,Stylish Modern Loft in Capitol Hill,"My comfortable, bright and open loft-style apartment is right in the heart of Capitol Hill. Enjoy stylish accommodation with a gourmet kitchen, spacious bath, designer furniture and luxurious amenities close to everything Seattle has to offer.","Unique, high style corner unit loft condo is a luxurious in-city retreat. Two walls of windows overlooking pike street, hardwood floors, gourmet kitchen with gas range, gas fireplace, designer furnishings and artwork.","My comfortable, bright and open loft-style apartment is right in the heart of Capitol Hill. Enjoy stylish accommodation with a gourmet kitchen, spacious bath, designer furniture and luxurious amenities close to everything Seattle has to offer. Unique, high style corner unit loft condo is a luxurious in-city retreat. Two walls of windows overlooking pike street, hardwood floors, gourmet kitchen with gas range, gas fireplace, designer furnishings and artwork. Entire apartment including open living/dining/kitchen area (great for entertaining), cozy bedroom and large full bath. Includes in-suite laundry, use of community roof deck. There is a parking space but you must discuss / reserve it ahead of time so that I can make arrangements for my car. I leave detailed instructions on how to use everything in the apartment. I rent my place out only when I'm traveling so won't be in town but have a good friend nearby with an extra set of keys and am happy to chat before and during your stay about",none,"Walk score of 98! This is truly one of the best locations in Seattle - steps away from all that Capitol Hill has to offer in terms of live music, amazing restaurants and local culture. Walk 6 blocks down hill to the Pike Place Market and downtown shopping district, Seattle Art Museum and the waterfront, or walk up hill 4 blocks to the pike/pine corridor of Capitol Hill. 2 blocks from convention center.","I provide an amenity kit as well as espresso, coffee, tea and basic cooking supplies. The apartment is professionally cleaned before and after your stay. Please note I have remodeled since some of these photos were taken. The kitchen is now black and white and living room is rearranged a bit from what's shown in the photos.","You can walk almost anywhere but if you want to venture further there are busses, light rail, and ubers and lyfts arrive within 3-5 minutes to this location. 1 compact parking space can be included, but please let me know if you will need to use it so I can make other arrangements for my car.",https://a1.muscache.com/ac/pictures/46985130/a3cae331_original.jpg?interpolation=lanczos-none&size=small&output-format=jpg&output-quality=70,https://a1.muscache.com/im/pictures/46985130/a3cae331_original.jpg?aki_policy=medium,https://a1.muscache.com/ac/pictures/46985130/a3cae331_original.jpg?interpolation=lanczos-none&size=large_cover&output-format=jpg&output-quality=70,https://a1.muscache.com/ac/pictures/46985130/a3cae331_original.jpg?interpolation=lanczos-none&size=x_large_cover&output-format=jpg&output-quality=70,3483514,https://www.airbnb.com/users/show/3483514,Vanessa,2012-09-05,"Seattle, Washington, United States","I am a native Seattleite and make my living in art/design. In my free time I love to entertain, get out of town, see live music, and enjoy the amazing outdoors in the Pacific Northwest. ",within a few hours,100%,,f,"https://a1.muscache.com/ac/users/3483514/profile_pic/1409525881/original.jpg?interpolation=lanczos-none&crop=w:w;*,*&crop=h:h;*,*&resize=50:*&output-format=jpg&output-quality=70","https://a1.muscache.com/ac/users/3483514/profile_pic/1409525881/original.jpg?interpolation=lanczos-none&crop=w:w;*,*&crop=h:h;*,*&resize=225:*&output-format=jpg&output-quality=70",Capitol Hill,1.0,1.0,"['email', 'phone', 'facebook', 'reviews', 'jumio']",t,t,"East Pike Street, Seattle, WA 98122, United States",Capitol Hill,Broadway,Capitol Hill,Seattle,WA,98122,Seattle,"Seattle, WA",US,United States,47.62362019775472,-122.31696656650816,t,Apartment,Entire home/apt,5,1.0,1.0,2.0,Real Bed,"{TV,Internet,""Wireless Internet"",""Air Conditioning"",""Wheelchair Accessible"",Kitchen,""Free Parking on Premises"",""Smoking Allowed"",""Pets Allowed"",""Pets live on this property"",Dog(s),""Elevator in Building"",""Indoor Fireplace"",""Buzzer/Wireless Intercom"",Heating,Washer,Dryer,""Smoke Detector"",Essentials,Shampoo}",,$180.00,$900.00,,$100.00,$80.00,2,$10.00,5,30,4 weeks ago,t,30,60,90,179,2016-01-04,8,2014-08-26,2015-04-10,94.0,9.0,9.0,10.0,9.0,10.0,8.0,f,,WASHINGTON,f,moderate,f,f,1,0.48
1348777,https://www.airbnb.com/rooms/1348777,20160104002432,2016-01-04,AMAZING Views - Cap Hill Private Rm,"1 private bedroom in beautiful 2 bedroom (1100 sq ft) apartment Apartment is new with great amenities & rooftop view! The location is amazing with a 98 WALK SCORE and endless restaurants, bars, parks, and sites nearby!",Apartment is right on Broadway - a very popular area in Seattle.  You will have 1 of the private bedrooms and own bathroom. Very spacious apartment and rooms.,"1 private bedroom in beautiful 2 bedroom (1100 sq ft) apartment Apartment is new with great amenities & rooftop view! The location is amazing with a 98 WALK SCORE and endless restaurants, bars, parks, and sites nearby! Apartment is right on Broadway - a very popular area in Seattle.  You will have 1 of the private bedrooms and own bathroom. Very spacious apartment and rooms. -Full kitchen (Fridge, Dishwasher, Oven, Stove-top, Microwave, Toaster, George Foreman) -Full Bathroom (Shower/Tub) -Living area (New 64 inch Plasma TV w/ Xbox, Netflix, HBO) -Rooftop lounge area (2 BBQs, tables, sun-chairs) -Workout facilities (Yoga Room and Weight/Cardio room) -Apartment Common Room (Plasma TV, Lounge area, Dining room, Kitchen) I can offer suggestions for site-seeing, restaurants, etc. Capitol Hill is one of the most loved neighborhoods in Seattle. Very centrally located and close to everything! Great restaurants and nightlife! -Blue Moon Burgers and Pho noodle shop in building.  -Dilettante Cho",none,Capitol Hill is one of the most loved neighborhoods in Seattle. Very centrally located and close to everything! Great restaurants and nightlife! -Blue Moon Burgers and Pho noodle shop in building.  -Dilettante Chocolate and Espresso Vicace across the street.  -QFC Grocery Store across the street.  -Tashkent Park (.1 mile away). -Zipcar Rentals (413 feet away).,Can make home-cooked meals,"Very convenient public transportation with bus stops right outside house If coming from the airport, the most convenient/cheapest means would be to take the Sound Transit Light Rail to Westlake Station then take Metro Route 49 from Pike St and 4th Ave to Broadway E & E Harrison. Total trip is about 1 hour.  An Uber/Lyft would be around $30-$35.",https://a2.muscache.com/ac/pictures/21826281/2c8d81b6_original.jpg?interpolation=lanczos-none&size=small&output-format=jpg&output-quality=70,https://a2.muscache.com/im/pictures/21826281/2c8d81b6_original.jpg?aki_policy=medium,https://a2.muscache.com/ac/pictures/21826281/2c8d81b6_original.jpg?interpolation=lanczos-none&size=large_cover&output-format=jpg&output-quality=70,https://a2.muscache.com/ac/pictures/21826281/2c8d81b6_original.jpg?interpolation=lanczos-none&size=x_large_cover&output-format=jpg&output-quality=70,7317822,https://www.airbnb.com/users/show/7317822,Andrew,2013-07-06,"Seattle, Washington, United States","Young professional working at Deloitte in Seattle, WA. Enjoy meeting new people, traveling, outdoor activities, and sports.",within a few hours,100%,100%,f,"https://a0.muscache.com/ac/users/7317822/profile_pic/1415311712/original.jpg?interpolation=lanczos-none&crop=w:w;*,*&crop=h:h;*,*&resize=50:*&output-format=jpg&output-quality=70","https://a0.muscache.com/ac/users/7317822/profile_pic/1415311712/original.jpg?interpolation=lanczos-none&crop=w:w;*,*&crop=h:h;*,*&resize=225:*&output-format=jpg&output-quality=70",Capitol Hill,3.0,3.0,"['email', 'phone', 'facebook', 'reviews', 'kba']",t,t,"Broadway East, Seattle, WA 98102, United States",Capitol Hill,Broadway,Capitol Hill,Seattle,WA,98102,Seattle,"Seattle, WA",US,United States,47.6258102249568,-122.31926581992512,t,Apartment,Private room,2,1.0,1.0,1.0,Real Bed,"{TV,""Cable TV"",Internet,""Wireless Internet"",Kitchen,Gym,""Elevator in Building"",""Buzzer/Wireless Intercom"",Heating,Washer,Dryer,""Smoke Detector"",""Carbon Monoxide Detector"",""First Aid Kit"",""Safety Card"",""Fire Extinguisher"",Essentials,Shampoo}",1200.0,$150.00,,,,$20.00,1,$50.00,1,90,3 weeks ago,t,30,60,90,365,2016-01-04,14,2013-08-08,2015-08-29,94.0,9.0,9.0,9.0,10.0,9.0,9.0,f,,WASHINGTON,f,strict,t,t,3,0.48
317248,https://www.airbnb.com/rooms/317248,20160104002432,2016-01-04,Vintage Capitol Hill - 2 Pkg Spots,,"Old world charm meets modern elegance. Welcome to our classic, 2 bedroom/2 bath condo situated in a newly renovated, 100 year old Victorian house.  This clean urban abode offers 2 comfortable Posturepedic king size beds a queen sofa bed, a futon twin bed, a fully equipped kitchen, heated wood floors, carpeted bedroom, high ceilings and lots of natural light.  The 2 beautiful mosaic tiled bathrooms allows for a shower or a bath after a busy day of sightseeing and 2 Flat Screen TVs and Blue Ray DVD players are perfect for watching movies in tandem from the bedroom or living room.  Dine in or walk to one of the numerous restaurants, coffee houses or bars in Seattle's centrally located Capitol Hill neighborhood.  Parking is provided but being just 1 mile from the city, it's easy to walk, bike (2 bikes provided w/unit) or take the bus to local attractions.  Experience the City on the Sound in style.  There is a 4 night minimum during summer months, 3 nights during fall and 2 nights during w","Old world charm meets modern elegance. Welcome to our classic, 2 bedroom/2 bath condo situated in a newly renovated, 100 year old Victorian house.  This clean urban abode offers 2 comfortable Posturepedic king size beds a queen sofa bed, a futon twin bed, a fully equipped kitchen, heated wood floors, carpeted bedroom, high ceilings and lots of natural light.  The 2 beautiful mosaic tiled bathrooms allows for a shower or a bath after a busy day of sightseeing and 2 Flat Screen TVs and Blue Ray DVD players are perfect for watching movies in tandem from the bedroom or living room.  Dine in or walk to one of the numerous restaurants, coffee houses or bars in Seattle's centrally located Capitol Hill neighborhood.  Parking is provided but being just 1 mile from the city, it's easy to walk, bike (2 bikes provided w/unit) or take the bus to local attractions.  Experience the City on the Sound in style.  There is a 4 night minimum during summer months, 3 nights during fall and 2 nights during w",none,,,,https://a2.muscache.com/ac/pictures/3409559/0cb956a1_original.jpg?interpolation=lanczos-none&size=small&output-format=jpg&output-quality=70,https://a2.muscache.com/im/pictures/3409559/0cb956a1_original.jpg?aki_policy=medium,https://a2.muscache.com/ac/pictures/3409559/0cb956a1_original.jpg?interpolation=lanczos-none&size=large_cover&output-format=jpg&output-quality=70,https://a2.muscache.com/ac/pictures/3409559/0cb956a1_original.jpg?interpolation=lanczos-none&size=x_large_cover&output-format=jpg&output-quality=70,658155,https://www.airbnb.com/users/show/658155,Joe,2011-06-02,"Seattle, Washington, United States",Addicted renovator of homes.  Love helping people enjoy the awesome City of Seattle.,within an hour,100%,100%,t,"https://a2.muscache.com/ac/users/658155/profile_pic/1307117042/original.jpg?interpolation=lanczos-none&crop=w:w;*,*&crop=h:h;*,*&resize=50:*&output-format=jpg&output-quality=70","https://a2.muscache.com/ac/users/658155/profile_pic/1307117042/original.jpg?interpolation=lanczos-none&crop=w:w;*,*&crop=h:h;*,*&resize=225:*&output-format=jpg&output-quality=70",Capitol Hill,13.0,13.0,"['email', 'phone', 'reviews', 'kba']",t,t,"12th Ave E, Seattle, WA 98102, United States",Capitol Hill,Broadway,Capitol Hill,Seattle,WA,98102,Seattle,"Seattle, WA",US,United States,47.62336215811369,-122.31667781615316,t,Apartment,Entire home/apt,7,2.0,2.0,4.0,Real Bed,"{TV,""Cable TV"",Internet,""Wireless Internet"",Kitchen,""Free Parking on Premises"",Heating,Washer,Dryer,""Smoke Detector"",""Fire Extinguisher"",Essentials,Shampoo}",,$240.00,,,,$120.00,1,$0.00,3,30,today,t,11,33,62,62,2016-01-04,11,2012-06-22,2015-11-01,100.0,10.0,10.0,10.0,10.0,9.0,10.0,f,,WASHINGTON,t,strict,f,f,1,0.26
6182715,https://www.airbnb.com/rooms/6182715,20160104002432,2016-01-04,Studio in heart of Capitol Hill,"Quiet, cozy studio inside Pike/Pine section of Capitol Hill. Great restaurants, coffee shops and bars just steps away. Bus route downtown is one block away. Couch turns into a queen size bed. No WiFi available. Bluetooth speaker included.",,"Quiet, cozy studio inside Pike/Pine section of Capitol Hill. Great restaurants, coffee shops and bars just steps away. Bus route downtown is one block away. Couch turns into a queen size bed. No WiFi available. Bluetooth speaker included.",none,,,,https://a2.muscache.com/ac/pictures/98e00e11-93de-4114-8e05-edaa55d211f7.jpg?interpolation=lanczos-none&size=small&output-format=jpg&output-quality=70,https://a2.muscache.com/im/pictures/98e00e11-93de-4114-8e05-edaa55d211f7.jpg?aki_policy=medium,https://a2.muscache.com/ac/pictures/98e00e11-93de-4114-8e05-edaa55d211f7.jpg?interpolation=lanczos-none&size=large_cover&output-format=jpg&output-quality=70,https://a2.muscache.com/ac/pictures/98e00e11-93de-4114-8e05-edaa55d211f7.jpg?interpolation=lanczos-none&size=x_large_cover&output-format=jpg&output-quality=70,32069191,https://www.airbnb.com/users/show/32069191,David,2015-04-27,US,,within an hour,100%,100%,f,"https://a2.muscache.com/ac/pictures/3f469800-b62a-47ee-bdb8-83c52464572c.jpg?interpolation=lanczos-none&crop=w:w;*,*&crop=h:h;*,*&resize=50:*&output-format=jpg&output-quality=70","https://a2.muscache.com/ac/pictures/3f469800-b62a-47ee-bdb8-83c52464572c.jpg?interpolation=lanczos-none&crop=w:w;*,*&crop=h:h;*,*&resize=225:*&output-format=jpg&output-quality=70",Capitol Hill,1.0,1.0,"['email', 'phone', 'reviews']",t,f,"East Pine Street, Seattle, WA 98122, United States",Capitol Hill,Broadway,Capitol Hill,Seattle,WA,98122,Seattle,"Seattle, WA",US,United States,47.615363931888766,-122.31483092183912,t,Apartment,Entire home/apt,2,1.0,0.0,1.0,Pull-out Sofa,"{Kitchen,Heating,Washer,Dryer,""Smoke Detector"",Essentials,Shampoo,Hangers}",,$70.00,$506.00,,,$40.00,1,$0.00,1,1125,3 days ago,t,25,51,69,344,2016-01-04,1,2015-12-14,2015-12-14,100.0,10.0,10.0,10.0,10.0,10.0,10.0,f,,WASHINGTON,f,flexible,f,f,1,1.0
8943380,https://www.airbnb.com/rooms/8943380,20160104002432,2016-01-04,Modern studio in Capitol Hill,"Nestled in Capitol Hill, walk to bars, shops, restaurants, etc while enjoying what this city has to offer! Modern living at its best. The building is conveniently located just blocks from trendy center of Capitol Hill. Easy access to iconic spots and the ever changing nightlife!","Open 1 bedroom with an amazing view of the Seattle city skyline! Rooftop access for an even better view (Space Needle included). Modern living in a new building just blocks from downtown. Nestled in Capitol Hill, walk to bars, shops, restaurants, etc while enjoying what this city has to offer! 1 bed with room for an air mattress or sleeping bags.","Nestled in Capitol Hill, walk to bars, shops, restaurants, etc while enjoying what this city has to offer! Modern living at its best. The building is conveniently located just blocks from trendy center of Capitol Hill. Easy access to iconic spots and the ever changing nightlife! Open 1 bedroom with an amazing view of the Seattle city skyline! Rooftop access for an even better view (Space Needle included). Modern living in a new building just blocks from downtown. Nestled in Capitol Hill, walk to bars, shops, restaurants, etc while enjoying what this city has to offer! 1 bed with room for an air mattress or sleeping bags. Rooftop access I try to respond to requests within 24 hours. Nestled in Capitol Hill, walk to bars, shops, restaurants, etc while enjoying what this city has to offer! Several bus stops along Bellevue Ave with easy access to downtown and surrounding areas. Lots to see within walking distance. If you're looking for an adventure Uber and Lyft are also just a click away!",none,"Nestled in Capitol Hill, walk to bars, shops, restaurants, etc while enjoying what this city has to offer!",,Several bus stops along Bellevue Ave with easy access to downtown and surrounding areas. Lots to see within walking distance. If you're looking for an adventure Uber and Lyft are also just a click away!,https://a2.muscache.com/ac/pictures/d9415fc0-f13b-4dff-be99-b25604145b12.jpg?interpolation=lanczos-none&size=small&output-format=jpg&output-quality=70,https://a2.muscache.com/im/pictures/d9415fc0-f13b-4dff-be99-b25604145b12.jpg?aki_policy=medium,https://a2.muscache.com/ac/pictures/d9415fc0-f13b-4dff-be99-b25604145b12.jpg?interpolation=lanczos-none&size=large_cover&output-format=jpg&output-quality=70,https://a2.muscache.com/ac/pictures/d9415fc0-f13b-4dff-be99-b25604145b12.jpg?interpolation=lanczos-none&size=x_large_cover&output-format=jpg&output-quality=70,34225247,https://www.airbnb.com/users/show/34225247,Molly,2015-05-25,"Seattle, Washington, United States","My name is Molly.  I recently moved to Washington.  I like to travel and since my family is still in South Carolina, I visit quit a bit.  I love the beach, swimming, reading, and finding good dive bars in the neighborhood.  I am enjoying exploring what Washington has to offer.  ",,,,f,"https://a2.muscache.com/ac/pictures/7d01bd6e-cb21-463b-a610-78f83bbebb5c.jpg?interpolation=lanczos-none&crop=w:w;*,*&crop=h:h;*,*&resize=50:*&output-format=jpg&output-quality=70","https://a2.muscache.com/ac/pictures/7d01bd6e-cb21-463b-a610-78f83bbebb5c.jpg?interpolation=lanczos-none&crop=w:w;*,*&crop=h:h;*,*&resize=225:*&output-format=jpg&output-quality=70",,1.0,1.0,"['email', 'phone', 'facebook', 'reviews', 'kba']",t,t,"Bellevue Avenue East, Seattle, WA 98102, United States",,Broadway,Capitol Hill,Seattle,WA,98102,Seattle,"Seattle, WA",US,United States,47.62175821076836,-122.325840160707,f,Apartment,Entire home/apt,4,1.0,0.0,1.0,Real Bed,"{TV,""Wireless Internet"",Kitchen,""Elevator in Building"",Heating,Washer,Dryer,""Smoke Detector"",""Carbon Monoxide Detector"",""Fire Extinguisher"",Iron}",,$99.00,"$1,200.00",,,$25.00,1,$0.00,2,1125,5 weeks ago,t,28,58,88,363,2016-01-04,0,,,,,,,,,,f,,WASHINGTON,t,flexible,f,f,1,
6076158,https://www.airbnb.com/rooms/6076158,20160104002432,2016-01-04,Barn 11 : Walk to Downtown Seattle,"Barn 11 is a small rustic wood structure located on a tree-lined side-street in the Capitol Hill neighborhood, near dozens of shops and restaurants and just one mile from Downtown Seattle.   Rate includes free parking in our parking lot, and WiFi.","Barn 11 has wood floors, kitchenette, bathroom, upstairs bedroom,  parking, and Wifi.","Barn 11 is a small rustic wood structure located on a tree-lined side-street in the Capitol Hill neighborhood, near dozens of shops and restaurants and just one mile from Downtown Seattle.   Rate includes free parking in our parking lot, and WiFi. Barn 11 has wood floors, kitchenette, bathroom, upstairs bedroom,  parking, and Wifi. The unit will be ready for our incoming guests by 3pm, but if you arrive before 3pm you are welcome to come next door to the 11th Avenue Inn to drop bags, get keys, park car, make yourself at home. We are 1.0 mile from Downtown Seattle - a 20 minute walk, and 1.5 miles from the Pike Place Market and from Seattle Center where the Space Needle is - a 30 minute walk. Most of our guests walk to Downtown. We're near dozens of Capitol Hill restaurants, shops, and a popular park. Buses to Downtown Seattle stop one block from the Inn. The unit will be ready for our incoming guests by 3pm, but if you arrive before 3pm you are welcome to come next door to the 11th Ave",none,"We are 1.0 mile from Downtown Seattle - a 20 minute walk, and 1.5 miles from the Pike Place Market and from Seattle Center where the Space Needle is - a 30 minute walk. Most of our guests walk to Downtown. We're near dozens of Capitol Hill restaurants, shops, and a popular park.","The unit will be ready for our incoming guests by 3pm, but if you arrive before 3pm you are welcome to come next door to the 11th Avenue Inn to drop bags, get keys, park car, make yourself at home.",Buses to Downtown Seattle stop one block from the Inn.,https://a2.muscache.com/ac/pictures/75714292/15225361_original.jpg?interpolation=lanczos-none&size=small&output-format=jpg&output-quality=70,https://a2.muscache.com/im/pictures/75714292/15225361_original.jpg?aki_policy=medium,https://a2.muscache.com/ac/pictures/75714292/15225361_original.jpg?interpolation=lanczos-none&size=large_cover&output-format=jpg&output-quality=70,https://a2.muscache.com/ac/pictures/75714292/15225361_original.jpg?interpolation=lanczos-none&size=x_large_cover&output-format=jpg&output-quality=70,31509,https://www.airbnb.com/users/show/31509,David,2009-08-13,"Seattle, Washington, United States","I have lived in the Capitol Hill neighborhood for over 20 years.   I enjoy hosting travelers in my favorite neighborhood in Seattle - Capitol Hill near Pike/Pine, Broadway, and downtown Seattle.",within an hour,100%,100%,t,"https://a1.muscache.com/ac/users/31509/profile_pic/1322064085/original.jpg?interpolation=lanczos-none&crop=w:w;*,*&crop=h:h;*,*&resize=50:*&output-format=jpg&output-quality=70","https://a1.muscache.com/ac/users/31509/profile_pic/1322064085/original.jpg?interpolation=lanczos-none&crop=w:w;*,*&crop=h:h;*,*&resize=225:*&output-format=jpg&output-quality=70",Capitol Hill,4.0,4.0,"['email', 'phone', 'facebook', 'linkedin', 'reviews', 'jumio']",t,t,"11th Avenue East, Seattle, WA 98102, United States",Capitol Hill,Broadway,Capitol Hill,Seattle,WA,98102,Seattle,"Seattle, WA",US,United States,47.61860859602773,-122.3196966339597,t,Cabin,Entire home/apt,2,1.0,1.0,2.0,Real Bed,"{TV,Internet,""Wireless Internet"",""Air Conditioning"",Kitchen,""Free Parking on Premises"",Heating,""Smoke Detector"",""Carbon Monoxide Detector"",""Safety Card"",""Fire Extinguisher"",Essentials,Shampoo}",,$99.00,,,,,2,$20.00,1,27,a week ago,t,13,13,13,84,2016-01-04,15,2015-05-12,2015-12-23,99.0,10.0,10.0,10.0,10.0,10.0,10.0,f,,WASHINGTON,f,strict,f,f,1,1.89
384797,https://www.airbnb.com/rooms/384797,20160104002432,2016-01-04,Best Coffee in Seattle 1 Block Away,,"Selected at the most successful AirBnb in Washington State in March of 2015 by the Huffington Post. Extremely comfortable and clean home all to yourself.. We have a lovely home with 6 bedrooms  that sleep up to 16 people. Perfect for your event, business stay, reunion, or gathering.  We are in the epicenter of the hottest action in Seattle.... Capitol Hill.  There is plenty of privacy as well as comfort and offers easy access to  downtown, bus lines, and  the most amazing nightlife in the city. What is included: - Ultra-fast high-speed business class  wireless internet - Surprisingly abundant nearby parking (paid and temporary) - Super friendly and experienced hosts who love to have visitors. - Steps away from the downtown core , cool music venues, restaurants and art galleries of  the most vibrant neighborhood in Seattle. - The #49 bus line stops just a 2 min walk away. Which gets you downtown or the convention center. - easy access to major highways  - Hardwood floors - Foosball tabl","Selected at the most successful AirBnb in Washington State in March of 2015 by the Huffington Post. Extremely comfortable and clean home all to yourself.. We have a lovely home with 6 bedrooms  that sleep up to 16 people. Perfect for your event, business stay, reunion, or gathering.  We are in the epicenter of the hottest action in Seattle.... Capitol Hill.  There is plenty of privacy as well as comfort and offers easy access to  downtown, bus lines, and  the most amazing nightlife in the city. What is included: - Ultra-fast high-speed business class  wireless internet - Surprisingly abundant nearby parking (paid and temporary) - Super friendly and experienced hosts who love to have visitors. - Steps away from the downtown core , cool music venues, restaurants and art galleries of  the most vibrant neighborhood in Seattle. - The #49 bus line stops just a 2 min walk away. Which gets you downtown or the convention center. - easy access to major highways  - Hardwood floors - Foosball tabl",none,,"7 night minimum stay required during the summer, holidays, and special times ",,https://a2.muscache.com/ac/pictures/5260170/8732e823_original.jpg?interpolation=lanczos-none&size=small&output-format=jpg&output-quality=70,https://a2.muscache.com/im/pictures/5260170/8732e823_original.jpg?aki_policy=medium,https://a2.muscache.com/ac/pictures/5260170/8732e823_original.jpg?interpolation=lanczos-none&size=large_cover&output-format=jpg&output-quality=70,https://a2.muscache.com/ac/pictures/5260170/8732e823_original.jpg?interpolation=lanczos-none&size=x_large_cover&output-format=jpg&output-quality=70,50893,https://www.airbnb.com/users/show/50893,Chris,2009-11-02,"Seattle, Washington, United States","I've been in the vacation rental biz for about 4 years now. I love to host and show off seattle. My house are all top notch and are full most of the year. I have a site called house-in-seattle where I showcase my houses. 

I've lived in Seattle for over 10 years now know my way around. I'm looking forward meeting you. 

If my house is available on this site it means I'm itching to entertain so don't hesitate ;-)

chris",within a few hours,100%,100%,f,"https://a2.muscache.com/ac/pictures/c76da247-0807-4d73-bc45-3d42c7076531.jpg?interpolation=lanczos-none&crop=w:w;*,*&crop=h:h;*,*&resize=50:*&output-format=jpg&output-quality=70","https://a2.muscache.com/ac/pictures/c76da247-0807-4d73-bc45-3d42c7076531.jpg?interpolation=lanczos-none&crop=w:w;*,*&crop=h:h;*,*&resize=225:*&output-format=jpg&output-quality=70",Capitol Hill,10.0,10.0,"['email', 'phone', 'facebook', 'linkedin', 'reviews', 'kba']",t,t,"10th Ave E, Seattle, WA 98102, United States",Capitol Hill,Broadway,Capitol Hill,Seattle,WA,98102,Seattle,"Seattle, WA",US,United States,47.62569810383052,-122.32095362196334,t,House,Entire home/apt,16,2.0,6.0,9.0,Real Bed,"{TV,Internet,""Wireless Internet"",Kitchen,""Pets Allowed"",""Hot Tub"",""Indoor Fireplace"",Heating,""Family/Kid Friendly"",""Suitable for Events"",Washer,Dryer,""Smoke Detector"",""Fire Extinguisher"",Essentials,Shampoo}",2600.0,$673.00,"$3,600.00",,"$2,500.00",$300.00,13,$68.00,3,60,5 days ago,t,18,48,74,320,2016-01-04,21,2012-05-23,2015-09-03,97.0,9.0,10.0,10.0,10.0,10.0,9.0,f,,WASHINGTON,f,strict,t,t,9,0.48
7901318,https://www.airbnb.com/rooms/7901318,20160104002432,2016-01-04,"Sunny, Central w/ Space Needle View","Beautiful apartment right in the heart of capital hill. Wood floors and period detailing in 1920s elevator building. Walkable to just about everything - including downtown. And with a view of the Space Needle, you couldn't ask for a more perfect jumping off point to explore all that Seattle has to offer!",,"Beautiful apartment right in the heart of capital hill. Wood floors and period detailing in 1920s elevator building. Walkable to just about everything - including downtown. And with a view of the Space Needle, you couldn't ask for a more perfect jumping off point to explore all that Seattle has to offer!",none,,,,https://a0.muscache.com/ac/pictures/101061677/e2ecc6c4_original.jpg?interpolation=lanczos-none&size=small&output-format=jpg&output-quality=70,https://a0.muscache.com/im/pictures/101061677/e2ecc6c4_original.jpg?aki_policy=medium,https://a0.muscache.com/ac/pictures/101061677/e2ecc6c4_original.jpg?interpolation=lanczos-none&size=large_cover&output-format=jpg&output-quality=70,https://a0.muscache.com/ac/pictures/101061677/e2ecc6c4_original.jpg?interpolation=lanczos-none&size=x_large_cover&output-format=jpg&output-quality=70,1839610,https://www.airbnb.com/users/show/1839610,Liza,2012-03-01,"Seattle, Washington","I am a 27 year old, raised in the Bay Area but currenly calling Seattle home. You can check out my apartment which is also listed on Air B&B - I am always excited to swap! ",within a day,80%,100%,f,"https://a0.muscache.com/ac/users/1839610/profile_pic/1330641828/original.jpg?interpolation=lanczos-none&crop=w:w;*,*&crop=h:h;*,*&resize=50:*&output-format=jpg&output-quality=70","https://a0.muscache.com/ac/users/1839610/profile_pic/1330641828/original.jpg?interpolation=lanczos-none&crop=w:w;*,*&crop=h:h;*,*&resize=225:*&output-format=jpg&output-quality=70",Capitol Hill,1.0,1.0,"['email', 'phone', 'facebook', 'reviews', 'kba']",t,t,"Belmont Avenue, Seattle, WA 98122, United States",Capitol Hill,Broadway,Capitol Hill,Seattle,WA,98122,Seattle,"Seattle, WA",US,United States,47.61838242079652,-122.32453486689596,t,Apartment,Entire home/apt,3,1.0,1.0,2.0,Real Bed,"{Internet,""Wireless Internet"",Kitchen,""Elevator in Building"",""Buzzer/Wireless Intercom"",Heating,""Family/Kid Friendly"",Washer,Dryer,""Smoke Detector"",""Carbon Monoxide Detector"",""First Aid Kit"",Essentials,Shampoo,Hangers,""Hair Dryer"",""Laptop Friendly Workspace""}",,$98.00,$500.00,,,$25.00,1,$0.00,2,1125,yesterday,t,0,0,0,115,2016-01-04,5,2015-08-23,2015-11-16,100.0,10.0,10.0,10.0,10.0,10.0,10.0,f,,WASHINGTON,f,flexible,f,f,1,1.11
7614244,https://www.airbnb.com/rooms/7614244,20160104002432,2016-01-04,One bdrm and sleeper sofa in House,"Hello I am renting out my spare bedroom with queen aero bed and also the main living room which features a full sleeper sofa. The house is very lovely and in a fantastic location in N. Capitol Hill. Close walk to downtown, bars, cafes, and WSCC.","Hardwood floors, full size kitchen for entertaining. Living room also has a dining room table. Bright and open space. Small front yard for bbq's etc and a small patio on rear.  Bedroom is average size with a queen aerobed and the living room has a full size sleeper sofa. You would be sharing the house with me. I love to host and provide helpful hints about cool spots in Seattle","Hello I am renting out my spare bedroom with queen aero bed and also the main living room which features a full sleeper sofa. The house is very lovely and in a fantastic location in N. Capitol Hill. Close walk to downtown, bars, cafes, and WSCC. Hardwood floors, full size kitchen for entertaining. Living room also has a dining room table. Bright and open space. Small front yard for bbq's etc and a small patio on rear.  Bedroom is average size with a queen aerobed and the living room has a full size sleeper sofa. You would be sharing the house with me. I love to host and provide helpful hints about cool spots in Seattle You have access to the spare bedroom as well as living room sleeper. The entire place is open to you besides my private bedroom. Full kitchen etc. I have lived in Seattle over 2 years now and love to host guests as well as given suggestions on sites, restaurants and bars to see and do in the city. I am very laid back and love to meet new people. N. Capitol hill is adorab",none,N. Capitol hill is adorable. Very close to the quiet family housse but still very dense and walkable to amazing bars and restaurants like the original Sun Liquor which is 1/2 a block away.,I do have a dog so if you are allergic this may not work. But he wont be in the unit when you are reserving it! Your Pets are welcome!,"I am right on the 47 line which takes you right into Downtown Seattle and Pike Place Market. The house is a walk score of 84 which means it is very walkable to all the great destinations in downtown, capitol hill, south lake union and first hill.",https://a1.muscache.com/ac/pictures/97817550/abc9a7a6_original.jpg?interpolation=lanczos-none&size=small&output-format=jpg&output-quality=70,https://a1.muscache.com/im/pictures/97817550/abc9a7a6_original.jpg?aki_policy=medium,https://a1.muscache.com/ac/pictures/97817550/abc9a7a6_original.jpg?interpolation=lanczos-none&size=large_cover&output-format=jpg&output-quality=70,https://a1.muscache.com/ac/pictures/97817550/abc9a7a6_original.jpg?interpolation=lanczos-none&size=x_large_cover&output-format=jpg&output-quality=70,900531,https://www.airbnb.com/users/show/900531,Clay,2011-08-01,"Seattle, Washington, United States","I have a adorable english bulldog that is 8 years old named Kash. I love to travel and have been fortunate enough to see many amazing places and meet amazing people around the world. 

Currently living in Seattle, WA and enjoying the Pacific NW.
",within a day,100%,100%,f,"https://a2.muscache.com/ac/users/900531/profile_pic/1438372876/original.jpg?interpolation=lanczos-none&crop=w:w;*,*&crop=h:h;*,*&resize=50:*&output-format=jpg&output-quality=70","https://a2.muscache.com/ac/users/900531/profile_pic/1438372876/original.jpg?interpolation=lanczos-none&crop=w:w;*,*&crop=h:h;*,*&resize=225:*&output-format=jpg&output-quality=70",Capitol Hill,2.0,2.0,"['email', 'phone', 'facebook', 'google', 'linkedin', 'reviews', 'jumio']",t,t,"Summit Avenue East, Seattle, WA 98102, United States",Capitol Hill,Broadway,Capitol Hill,Seattle,WA,98102,Seattle,"Seattle, WA",US,United States,47.62510349041335,-122.32652306493708,t,Apartment,Private room,4,1.0,1.0,2.0,Real Bed,"{TV,Internet,""Pets Allowed"",Shampoo}",,$105.00,,,,,1,$0.00,1,1125,2 weeks ago,t,27,54,54,181,2016-01-04,1,2016-01-02,2016-01-02,,,,,,,,f,,WASHINGTON,f,flexible,f,f,2,1.0
458189,https://www.airbnb.com/rooms/458189,20160104002432,2016-01-04,Pure Space  - The Modern Room ,,"Sleek and contemporary style bedroom that  is suitable for 2 guests. This room has a  queen-sized bed that will give you a comfortable and elegant appeal. Extremely clean and comfortable sleeping space.. We have a lovely home with 6 bedrooms please browse them all to see which one you like best for your needs. There are 2 bathrooms for guest use and a big full size kitchen and living room for everyone to enjoy.  We are in the epicenter of the hottest action in Seattle.... Capitol Hill.  There is plenty of privacy as well as comfort and offers easy access to  downtown, bus lines, and easy access to the most amazing nightlife in the city. What is included: - Ultra-fast high-speed wireless internet -Mounted flat screen smart  TV  with Netflix included.  - Surprisingly abundant nearby parking (paid and temporary) - Super friendly and experienced hosts who love to have visitors - Steps away from the downtown core , cool music venues, restaurants and art galleries of  the most vibrant neighb","Sleek and contemporary style bedroom that  is suitable for 2 guests. This room has a  queen-sized bed that will give you a comfortable and elegant appeal. Extremely clean and comfortable sleeping space.. We have a lovely home with 6 bedrooms please browse them all to see which one you like best for your needs. There are 2 bathrooms for guest use and a big full size kitchen and living room for everyone to enjoy.  We are in the epicenter of the hottest action in Seattle.... Capitol Hill.  There is plenty of privacy as well as comfort and offers easy access to  downtown, bus lines, and easy access to the most amazing nightlife in the city. What is included: - Ultra-fast high-speed wireless internet -Mounted flat screen smart  TV  with Netflix included.  - Surprisingly abundant nearby parking (paid and temporary) - Super friendly and experienced hosts who love to have visitors - Steps away from the downtown core , cool music venues, restaurants and art galleries of  the most vibrant neighb",none,,,,https://a0.muscache.com/ac/pictures/5361494/f4835533_original.jpg?interpolation=lanczos-none&size=small&output-format=jpg&output-quality=70,https://a0.muscache.com/im/pictures/5361494/f4835533_original.jpg?aki_policy=medium,https://a0.muscache.com/ac/pictures/5361494/f4835533_original.jpg?interpolation=lanczos-none&size=large_cover&output-format=jpg&output-quality=70,https://a0.muscache.com/ac/pictures/5361494/f4835533_original.jpg?interpolation=lanczos-none&size=x_large_cover&output-format=jpg&output-quality=70,50893,https://www.airbnb.com/users/show/50893,Chris,2009-11-02,"Seattle, Washington, United States","I've been in the vacation rental biz for about 4 years now. I love to host and show off seattle. My house are all top notch and are full most of the year. I have a site called house-in-seattle where I showcase my houses. 

I've lived in Seattle for over 10 years now know my way around. I'm looking forward meeting you. 

If my house is available on this site it means I'm itching to entertain so don't hesitate ;-)

chris",within a few hours,100%,100%,f,"https://a2.muscache.com/ac/pictures/c76da247-0807-4d73-bc45-3d42c7076531.jpg?interpolation=lanczos-none&crop=w:w;*,*&crop=h:h;*,*&resize=50:*&output-format=jpg&output-quality=70","https://a2.muscache.com/ac/pictures/c76da247-0807-4d73-bc45-3d42c7076531.jpg?interpolation=lanczos-none&crop=w:w;*,*&crop=h:h;*,*&resize=225:*&output-format=jpg&output-quality=70",Capitol Hill,10.0,10.0,"['email', 'phone', 'facebook', 'linkedin', 'reviews', 'kba']",t,t,"10th Ave E, Seattle, WA 98102, United States",Capitol Hill,Broadway,Capitol Hill,Seattle,WA,98102,Seattle,"Seattle, WA",US,United States,47.62398243705371,-122.3203741915204,t,House,Private room,2,2.0,1.0,1.0,Real Bed,"{TV,""Cable TV"",Internet,""Wireless Internet"",Kitchen,""Free Parking on Premises"",""Pets Allowed"",Heating,""Family/Kid Friendly"",""Suitable for Events"",Washer,Dryer}",,$63.00,$330.00,,$250.00,$39.00,1,$9.00,2,14,7 months ago,t,0,0,0,2,2016-01-04,14,2013-02-26,2015-03-08,99.0,9.0,10.0,10.0,9.0,10.0,9.0,f,,WASHINGTON,f,flexible,t,t,9,0.4
5386937,https://www.airbnb.com/rooms/5386937,20160104002432,2016-01-04,Historic Capitol Hill Apartment,"Our spacious & newly remodeled 1-bedroom apartment is set on the 1st floor of a historic 3-story building. Built in 1906, The Princeton Cooperative is home to members who care for their unique building & diverse neighborhood.",,"Our spacious & newly remodeled 1-bedroom apartment is set on the 1st floor of a historic 3-story building. Built in 1906, The Princeton Cooperative is home to members who care for their unique building & diverse neighborhood. Guests will be provided with a number to enter the building in the front entrance, and will gain access to the unit with a unique keypad code provided to them a few days before their reservation. We have a parking pass for street parking that is made available to all of our guests (please leave behind for the next guest!). The street parking, Zone 4, includes the streets surrounding our building. Our building is home to several members, and we hope you will meet some of us and ask us any questions you may have! Our main point of contact is our member Alyssa, and you will be provided with her contact information upon booking.  Located in the heart of the Capitol Hill neighborhood of Seattle, our building is within walking distance from several attractions and conve",none,"Located in the heart of the Capitol Hill neighborhood of Seattle, our building is within walking distance from several attractions and conveniences!  GROCERY STORES Just a couple blocks away, we have a Trader Joes, Safeway, and Central Co-Op Market. There is also a fantastic Farmers Market on nearby Broadway on Sundays.  RESTAURANTS Quickly becoming known as ""Restaurant Row,"" 15th Street has many fantastic dining options whether you're looking for something casual or classy. Head down towards Pike and Pine streets, and there are even more options.  NIGHTLIFE Living so close to so many nightlife options is convenient—no need to worry about transportation after a fun night out... just walk home! Head down to Pike and Pine streets for bars, clubs and excellent people watching. PARKS We are right next door to the lovely Seven Hills Park. Cal Anderson Park is nearby, and they have several sport courts as well as a beautiful fountain and an excellent playground for children. Volunteer Park, ","There is a pullout couch for additional guests.  While residents in the building do own cats and small dogs, visitors are not allowed to bring pets.  Because this is an historic building, sound travels through floors and walls.","Our building has excellent access to transportation and Downtown via bus. The #10 bus stop is less than 1 block away from our building and will take you downtown, and also the #8, 11, 12, and 43 lines are just blocks away from our place. During peak times of day, the #10 runs about every ~10 minutes. We recommend downloading the app ""One Bus Away"" as a handy way to track bus arrival and departure times. And of course, the walk from here to downtown is quite nice; from our building to Pike Place Market is a quick 1.6 miles, to give you an idea.",https://a0.muscache.com/ac/pictures/96762376/906d1454_original.jpg?interpolation=lanczos-none&size=small&output-format=jpg&output-quality=70,https://a0.muscache.com/im/pictures/96762376/906d1454_original.jpg?aki_policy=medium,https://a0.muscache.com/ac/pictures/96762376/906d1454_original.jpg?interpolation=lanczos-none&size=large_cover&output-format=jpg&output-quality=70,https://a0.muscache.com/ac/pictures/96762376/906d1454_original.jpg?interpolation=lanczos-none&size=x_large_cover&output-format=jpg&output-quality=70,27919460,https://www.airbnb.com/users/show/27919460,Princeton,2015-02-17,US,,within an hour,100%,100%,f,"https://a1.muscache.com/ac/users/27919460/profile_pic/1424220918/original.jpg?interpolation=lanczos-none&crop=w:w;*,*&crop=h:h;*,*&resize=50:*&output-format=jpg&output-quality=70","https://a1.muscache.com/ac/users/27919460/profile_pic/1424220918/original.jpg?interpolation=lanczos-none&crop=w:w;*,*&crop=h:h;*,*&resize=225:*&output-format=jpg&output-quality=70",Stevens,1.0,1.0,"['email', 'phone', 'linkedin', 'reviews', 'jumio']",t,t,"15th Avenue, Seattle, WA 98122, United States",Stevens,Broadway,Capitol Hill,Seattle,WA,98122,Seattle,"Seattle, WA",US,United States,47.61600642141287,-122.3130781723403,t,Apartment,Entire home/apt,4,1.0,1.0,2.0,Real Bed,"{TV,Internet,""Wireless Internet"",Kitchen,""Pets live on this property"",Dog(s),Cat(s),""Buzzer/Wireless Intercom"",Heating,""Family/Kid Friendly"",Washer,Dryer,""Smoke Detector"",""Carbon Monoxide Detector"",""First Aid Kit"",""Safety Card"",""Fire Extinguisher"",Essentials,Shampoo}",,$120.00,"$1,000.00",,,$40.00,2,$30.00,1,1125,today,t,19,48,78,350,2016-01-04,51,2015-02-22,2016-01-01,96.0,10.0,10.0,10.0,10.0,10.0,9.0,f,,WASHINGTON,t,moderate,f,f,1,4.83
8684315,https://www.airbnb.com/rooms/8684315,20160104002432,2016-01-04,Beautiful Guest Bedroom & Bathroom,"We have a spacious guest bedroom in a beautiful townhouse on a tree-lined street in the heart of Capitol Hill. You can stay here and have the local experience, while being steps away to one of the liveliest and most vibrant neighborhoods in Seattle.","We offer a full bedroom with a queen bed less than a year old, lots of natural light and a private bathroom. You have your own enormous closet. We've had guests hang up an entire week's worth of clothes with space to spare. You'll also have plenty of amenities like your own app-enabled in-room speaker system, access to a washer/dryer, luggage racks, and all the necessary toiletries.  We are avid travelers ourselves (over 60 countries!) so we know what we would like to have and experience on our travels. We try to set that up for our guests.","We have a spacious guest bedroom in a beautiful townhouse on a tree-lined street in the heart of Capitol Hill. You can stay here and have the local experience, while being steps away to one of the liveliest and most vibrant neighborhoods in Seattle. We offer a full bedroom with a queen bed less than a year old, lots of natural light and a private bathroom. You have your own enormous closet. We've had guests hang up an entire week's worth of clothes with space to spare. You'll also have plenty of amenities like your own app-enabled in-room speaker system, access to a washer/dryer, luggage racks, and all the necessary toiletries.  We are avid travelers ourselves (over 60 countries!) so we know what we would like to have and experience on our travels. We try to set that up for our guests. The room is located on the second floor. You'll have your own code to enter and exit the house so you don't have to deal with any hassles for check-in/check-out.  You are welcome to enjoy the rest of the",none,"Capitol Hill captures the independent, artistic spirit of Seattle with an endless number of cool blocks to explore. Just a block away you can be in Broadway Ave, where you can find a variety of restaurants in every type of cuisine. Two blocks away are two top rated coffee shops, and three blocks away are another top rated coffee shop and a 24 hour full grocery store in case you forgot to bring something.  Four blocks away is a huge, 150 acre park with jogging trails, areas for picnics, an art museum, a water tower with amazing views and even an arboretum.  During the day, markets, boutiques, and salons are a big draw. Nightlife is hopping with clubs, bars, and music venues, and you'll often find coffee shops that moonlight as cocktail lounges.  If you plan to stay in, there are lots of delivery places to choose from.","Barksdale, our Goldendoodle, has free reign to roam the common areas of the house. Upon arrival, he will want to give you a welcome home hug. Other than that, he is a very obedient, quiet dog that enjoys hanging out on his own. Please don't offer us money to take him home with you, he's family =)","If you're looking to get out of the neighborhood, you have 15 minute access to just about any of Seattle's main attractions! Just blocks from downtown shopping, a walk to Pike Place, and business district, close to restaurants, parks, museums and Seattle's music and art scene! There are also plenty of bus stops just a few blocks away, Uber and Lyft are also popular options. There's a bike share called Pronto! that you can try out too.",https://a2.muscache.com/ac/pictures/960ece80-9256-4eac-952f-813a6ce9c875.jpg?interpolation=lanczos-none&size=small&output-format=jpg&output-quality=70,https://a2.muscache.com/im/pictures/960ece80-9256-4eac-952f-813a6ce9c875.jpg?aki_policy=medium,https://a2.muscache.com/ac/pictures/960ece80-9256-4eac-952f-813a6ce9c875.jpg?interpolation=lanczos-none&size=large_cover&output-format=jpg&output-quality=70,https://a2.muscache.com/ac/pictures/960ece80-9256-4eac-952f-813a6ce9c875.jpg?interpolation=lanczos-none&size=x_large_cover&output-format=jpg&output-quality=70,45601796,https://www.airbnb.com/users/show/45601796,Mike,2015-10-02,"Seattle, Washington, United States",,within a few hours,80%,100%,f,"https://a2.muscache.com/ac/pictures/7903cd91-d9f2-4a13-970e-40b4b61014bf.jpg?interpolation=lanczos-none&crop=w:w;*,*&crop=h:h;*,*&resize=50:*&output-format=jpg&output-quality=70","https://a2.muscache.com/ac/pictures/7903cd91-d9f2-4a13-970e-40b4b61014bf.jpg?interpolation=lanczos-none&crop=w:w;*,*&crop=h:h;*,*&resize=225:*&output-format=jpg&output-quality=70",Capitol Hill,1.0,1.0,"['email', 'phone', 'linkedin', 'reviews', 'kba']",t,t,"Harvard Avenue East, Seattle, WA 98102, United States",Capitol Hill,Broadway,Capitol Hill,Seattle,WA,98102,Seattle,"Seattle, WA",US,United States,47.62766968104281,-122.32144809656958,t,Townhouse,Private room,2,1.5,1.0,1.0,Real Bed,"{TV,""Cable TV"",Internet,""Wireless Internet"",Kitchen,""Pets Allowed"",""Pets live on this property"",Dog(s),""Indoor Fireplace"",""Buzzer/Wireless Intercom"",Heating,""Family/Kid Friendly"",Washer,Dryer,""Smoke Detector"",""Carbon Monoxide Detector"",""First Aid Kit"",""Safety Card"",Essentials,Shampoo,Hangers,Iron}",,$78.00,$510.00,"$1,890.00",,$20.00,1,$0.00,1,1125,today,t,8,33,63,338,2016-01-04,9,2015-10-20,2016-01-03,100.0,10.0,10.0,10.0,10.0,10.0,10.0,f,,WASHINGTON,f,flexible,f,f,1,3.51
3412630,https://www.airbnb.com/rooms/3412630,20160104002432,2016-01-04,Pike/Pine Urban Oasis Unit B,"Located in the trendy Capitol Hill neighborhood, this unit is designed with both the business and leisure traveler in mind. The unit features a 648 sq ft private deck, high-speed wireless internet, and is only blocks from downtown with a 98 Walkscore","Located in the trendy Capitol Hill neighborhood, this unit is designed with both the business and leisure traveler in mind. The unit features a 648 sq ft private deck, high-speed wireless internet, and is only blocks from downtown. Newer construction transforms a special turn of the century residence. Clean lined modernity makes excellent use of space, creating a residence with over 1000 square feet on two floors. This vacation unit features two bedrooms, 1.5 baths, and comfortable contemporary furnishings. Fully equipped and spacious cook's kitchen includes: coffee maker, refrigerator, Bosch dishwasher, microwave, 5 burner gas range, and Dacor convection oven. One of a kind, 11ft  Indonesian ladder trestle table situated by the gas fireplace has hosted some amazing spreads, and musical guests can enjoy looking through scores and playing the 1925 Hobart M Cable upright. Asko washer dryer in unit with  iron and board  provided.  A 648 sq ft private deck is the perfect place to enjoy the","Located in the trendy Capitol Hill neighborhood, this unit is designed with both the business and leisure traveler in mind. The unit features a 648 sq ft private deck, high-speed wireless internet, and is only blocks from downtown with a 98 Walkscore Located in the trendy Capitol Hill neighborhood, this unit is designed with both the business and leisure traveler in mind. The unit features a 648 sq ft private deck, high-speed wireless internet, and is only blocks from downtown. Newer construction transforms a special turn of the century residence. Clean lined modernity makes excellent use of space, creating a residence with over 1000 square feet on two floors. This vacation unit features two bedrooms, 1.5 baths, and comfortable contemporary furnishings. Fully equipped and spacious cook's kitchen includes: coffee maker, refrigerator, Bosch dishwasher, microwave, 5 burner gas range, and Dacor convection oven. One of a kind, 11ft  Indonesian ladder trestle table situated by the gas firepl",none,"Capitol Hill is one of the fastest growing, eclectic , and accessible Seattle neighborhoods. Whether haute cuisine or happy hour, exciting night spots or  specialty shopping, 1629th is a great jumping off point with Pike's Place Market and Pacific Place Shopping Center just down the Hill.   Located just blocks from Pike, Pine, and Broadway, with a walkscore of 88, this unit is perfectly situated for easily accessing all of Downtown Seattle's major attractions, while still offering you a sense of privacy inside the bustling city."," *There are three parking spaces available on site. They are rented for $12/day and must be arranged at the time of booking. Free street parking is also available, however it is limited to two hours until 6pm Monday through Saturday. ","Public transportation is easily accessed, with major bus lines just blocks away on Pine and Pike Streets that can take you straight down to the lightrail; the fastest and easiest way to get to and from Seatac airport.",,,https://a0.muscache.com/ac/pictures/43450712/5bfb6051_original.jpg?interpolation=lanczos-none&size=large_cover&output-format=jpg&output-quality=70,,17206245,https://www.airbnb.com/users/show/17206245,Scott,2014-06-24,"Seattle, Washington, United States","As a Seattle native, I've spent my life exploring diverse passions: music, architecture, travel, fitness, delicious meals, and a love of world cultures. They have each influenced the creation of an oasis in Seattle's Capitol Hill urban neighborhood.  Transformed with the help of a friend in 2003, a thoughful redesign and 1200 sf addition transformed this 1901 structure into a creative project that kick started my Seattle based design-build business.
Travels in South Asia, Mexico, and northern Europe have afforded me many opportunities to explore the world and build lifetime relationships and a positive perspective that guides my current vocation as a Pilates Instructor and health enthusiast.  From good eats to performance venues, you can always find me enjoying the company of others and partaking of the amazing offering Seattle provides it guests.",within an hour,100%,100%,f,"https://a1.muscache.com/ac/users/17206245/profile_pic/1405366695/original.jpg?interpolation=lanczos-none&crop=w:w;*,*&crop=h:h;*,*&resize=50:*&output-format=jpg&output-quality=70","https://a1.muscache.com/ac/users/17206245/profile_pic/1405366695/original.jpg?interpolation=lanczos-none&crop=w:w;*,*&crop=h:h;*,*&resize=225:*&output-format=jpg&output-quality=70",Capitol Hill,3.0,3.0,"['email', 'phone', 'google', 'reviews']",t,f,"13th Avenue, Seattle, WA 98122, United States",Capitol Hill,Broadway,Capitol Hill,Seattle,WA,98122,Seattle,"Seattle, WA",US,United States,47.61807723405025,-122.31886357465883,t,Apartment,Entire home/apt,4,1.5,2.0,2.0,Real Bed,"{TV,""Cable TV"",Internet,""Wireless Internet"",Kitchen,""Indoor Fireplace"",Heating,Washer,Dryer,Essentials,Shampoo}",,$195.00,,,,$95.00,4,$25.00,3,1125,5 days ago,t,0,0,25,300,2016-01-04,32,2014-07-24,2015-09-11,97.0,10.0,10.0,10.0,10.0,10.0,9.0,f,,WASHINGTON,f,strict,f,f,1,1.81
7054225,https://www.airbnb.com/rooms/7054225,20160104002432,2016-01-04,Historic Capitol Hill apartment,Have your cake and eat it too in this spacious one bedroom in the heart of Seattle's Pike/Pine corridor. Cozy old world charm makes this 1910s gem a perfect home base for couples looking to explore Capitol Hill and downtown.,"Original hardwood floors, built ins and lots of natural light make this a warm and inviting space. The ~800 square foot apartment has an open layout and consists of one large living room, one large dining room, a full kitchen and bath and a modest bedroom. The bed is a heavenly queen with a plush hypoallergenic mattress topper and your choice of down or foam pillows. The space is not air conditioned, but it well ventilated with an oscillating tower fan and cross breeze.","Have your cake and eat it too in this spacious one bedroom in the heart of Seattle's Pike/Pine corridor. Cozy old world charm makes this 1910s gem a perfect home base for couples looking to explore Capitol Hill and downtown. Original hardwood floors, built ins and lots of natural light make this a warm and inviting space. The ~800 square foot apartment has an open layout and consists of one large living room, one large dining room, a full kitchen and bath and a modest bedroom. The bed is a heavenly queen with a plush hypoallergenic mattress topper and your choice of down or foam pillows. The space is not air conditioned, but it well ventilated with an oscillating tower fan and cross breeze. Guests will have access to a full kitchen with a refrigerator, appliances (electric coffee pot, french press, toaster, blender), dishware, flatware, pots, pans and cooking essentials.  The space comes equipped with high speed wireless internet, a 50'' flat screen TV with cable, a record player and B",none,,,"With a Walk Score of 97 and Transit Score of 92, we are as centrally located as you could possibly be without falling victim to noise pollution from nearby establishments. Our apartment is within short walking distance from dozens of wonderful restaurants, bars, coffee shops and lifestyle boutiques and a 10 minute walk to Pike Place Market and the downtown shopping district. We're also one block from the Broadway Sunday Farmers' Market. Major bus lines are just around the corner and Westlake Center, a transit hub for the Light Link Rail is a 5 minute walk away. Also of note and a stone's throw: Volunteer Park (fondly referred to as Capitol Hill's ""green lung""), Elliott Bay Book Company, Melrose Market, Starbucks Reserve Roastery and Tasting room, a major grocery store and natural foods Co-op. Pronto, Seattle's new bike sharing program has a station kiosk one block away (on Harvard and Pine). They offer 24-hour and 3-day passes for reasonable rates ($8 and $16 respectively), in addition",,,https://a0.muscache.com/ac/pictures/89498369/0e9c7916_original.jpg?interpolation=lanczos-none&size=large_cover&output-format=jpg&output-quality=70,,1025556,https://www.airbnb.com/users/show/1025556,Kristen,2011-08-26,"Seattle, Washington, United States","I'm a mover and a shaker.  I grew up in Connecticut, have lived in New York City and am now living in Seattle with my husband.  I am a pediatric speech pathologist. In my free time, I enjoy traveling, cooking, reading, running, yoga, boats, neuroanatomy, plants, animals and people.",,,,f,"https://a2.muscache.com/ac/users/1025556/profile_pic/1420843225/original.jpg?interpolation=lanczos-none&crop=w:w;*,*&crop=h:h;*,*&resize=50:*&output-format=jpg&output-quality=70","https://a2.muscache.com/ac/users/1025556/profile_pic/1420843225/original.jpg?interpolation=lanczos-none&crop=w:w;*,*&crop=h:h;*,*&resize=225:*&output-format=jpg&output-quality=70",Capitol Hill,1.0,1.0,"['email', 'phone', 'reviews', 'jumio', 'kba']",t,t,"Boylston Avenue, Seattle, WA 98122, United States",Capitol Hill,Broadway,Capitol Hill,Seattle,WA,98122,Seattle,"Seattle, WA",US,United States,47.61726067712591,-122.32394469218342,t,Apartment,Entire home/apt,2,1.0,1.0,1.0,Real Bed,"{TV,""Wireless Internet"",Kitchen,""Elevator in Building"",""Smoke Detector"",""Carbon Monoxide Detector"",""First Aid Kit"",""Fire Extinguisher"",Essentials,Shampoo}",,$200.00,$900.00,,,$25.00,2,$0.00,2,1125,4 months ago,t,29,59,89,364,2016-01-04,6,2015-07-13,2015-09-01,100.0,10.0,10.0,10.0,10.0,10.0,10.0,f,,WASHINGTON,f,moderate,f,f,1,1.02
1775016,https://www.airbnb.com/rooms/1775016,20160104002432,2016-01-04,Master Suite A in Capitol Hill Home,"Master suite available in renovated 1904 Capitol Hill home. Minutes to UW, downtown and South Lake Union right in the heart of Seattle's hippest neighborhood. In a stylishly updated home, the suite fits two.  ","Beautiful renovated 1904 Capitol Hill classic set high up off the street with great light but lots of privacy. Great location, minutes to downtown by foot or a quick cab ride. UW a 10 minute bus ride away. Guest off-street parking pass available at no cost upon request. With a walk score of 97, shops, cafes, restaurants abound in the neighborhood. LBGT friendly. There are two master suites in the house, so you might be sharing the house with other guests, although the other suite has its own TV room, and you have access to the main living area, so there is ample privacy. Other suite can be found here: https://www.airbnb.ca/rooms/1928010","Master suite available in renovated 1904 Capitol Hill home. Minutes to UW, downtown and South Lake Union right in the heart of Seattle's hippest neighborhood. In a stylishly updated home, the suite fits two.   Beautiful renovated 1904 Capitol Hill classic set high up off the street with great light but lots of privacy. Great location, minutes to downtown by foot or a quick cab ride. UW a 10 minute bus ride away. Guest off-street parking pass available at no cost upon request. With a walk score of 97, shops, cafes, restaurants abound in the neighborhood. LBGT friendly. There are two master suites in the house, so you might be sharing the house with other guests, although the other suite has its own TV room, and you have access to the main living area, so there is ample privacy. Other suite can be found here: https://www.airbnb.ca/rooms/1928010 Your own master suite with private bath. You have access to the open-concept common areas, including a full kitchen with eating area, provided yo",none,"Eclectic, colorful and convenient neighborhood! Variety of locally owned shops, cafes, bars and restaurants within walking distance.  ","Coffee and espresso makers, sodastream soda water, backyard with patio furnishings. Top Pot Donuts across the street as well as take-out pizzeria.  ","Easy walk downtown or up to Broadway, and several bus lines to UW and other key parts of city. Right off I-5, with zoned off-street parking provided (depending upon availability).",https://a2.muscache.com/ac/pictures/96479304/da56d844_original.jpg?interpolation=lanczos-none&size=small&output-format=jpg&output-quality=70,https://a2.muscache.com/im/pictures/96479304/da56d844_original.jpg?aki_policy=medium,https://a2.muscache.com/ac/pictures/96479304/da56d844_original.jpg?interpolation=lanczos-none&size=large_cover&output-format=jpg&output-quality=70,https://a2.muscache.com/ac/pictures/96479304/da56d844_original.jpg?interpolation=lanczos-none&size=x_large_cover&output-format=jpg&output-quality=70,8315334,https://www.airbnb.com/users/show/8315334,Robert,2013-08-22,"Seattle, Washington, United States","Hello, originally from Montreal, I've lived in Seattle on-and-off since 1996. I run my business from home, but travel quite a bit. Always interested in meeting people from around the country and globe and sharing my home with them.",within a few hours,100%,100%,f,"https://a0.muscache.com/ac/users/8315334/profile_pic/1386221544/original.jpg?interpolation=lanczos-none&crop=w:w;*,*&crop=h:h;*,*&resize=50:*&output-format=jpg&output-quality=70","https://a0.muscache.com/ac/users/8315334/profile_pic/1386221544/original.jpg?interpolation=lanczos-none&crop=w:w;*,*&crop=h:h;*,*&resize=225:*&output-format=jpg&output-quality=70",Capitol Hill,3.0,3.0,"['email', 'phone', 'facebook', 'google', 'reviews', 'kba']",t,t,"Summit Avenue East, Seattle, WA 98102, United States",Capitol Hill,Broadway,Capitol Hill,Seattle,WA,98102,Seattle,"Seattle, WA",US,United States,47.62563419343173,-122.32466333147592,t,House,Private room,2,1.5,1.0,1.0,Real Bed,"{""Cable TV"",Internet,""Wireless Internet"",Kitchen,Heating,""Family/Kid Friendly"",""Suitable for Events"",Washer,Dryer,""Smoke Detector"",""Carbon Monoxide Detector"",""First Aid Kit"",""Fire Extinguisher"",Essentials,Shampoo}",,$79.00,,,$150.00,$25.00,1,$0.00,1,7,3 days ago,t,24,54,79,343,2016-01-04,67,2014-09-30,2015-12-10,93.0,10.0,10.0,10.0,10.0,10.0,9.0,f,,WASHINGTON,f,flexible,f,f,3,4.35
9835920,https://www.airbnb.com/rooms/9835920,20160104002432,2016-01-04,304 Modern Studio on Capitol Hill,"This is a modern fully-furnished studio apartment in a brand new building on Capitol Hill. At Roy Street Commons you can enjoy your complete privacy and mingle with our other guests in our common areas, when it suits you.","This is a fully-furnished studio designed for one person, but the vast majority of couples who have stayed with us find the intimate space cozy. The unit is compact and the bathroom is separated from the rest of the studio by a curtain. Your completely private studio space includes the following: Closet Shelves Desk Lamp Full Sized Bed Refrigerator Microwave Sink Toilet Shower Central Air","This is a modern fully-furnished studio apartment in a brand new building on Capitol Hill. At Roy Street Commons you can enjoy your complete privacy and mingle with our other guests in our common areas, when it suits you. This is a fully-furnished studio designed for one person, but the vast majority of couples who have stayed with us find the intimate space cozy. The unit is compact and the bathroom is separated from the rest of the studio by a curtain. Your completely private studio space includes the following: Closet Shelves Desk Lamp Full Sized Bed Refrigerator Microwave Sink Toilet Shower Central Air You also have access to a common area, which includes the following amenities: Rooftop Deck with 360 degree views Fully-Equipped Kitchen Laundry Facilities Dishwasher Iron & Ironing Board Cable Television 100Mbps Wi-Fi Central Air As we value your time and privacy, we offer 24-hour check-in. The process is seamless and doesn't require any scheduling. On the morning of the day of your",none,"Close to downtown, Capitol Hill is one of Seattle's prettiest and most-admired neighborhoods.","Should you not be able to book this particular studio, please check our other offerings by clicking on host and then all listings.","It's a short walk to Broadway and just a bit longer to downtown. 15th Ave, 3 blocks away, has many trendy cafes and restaurants. There is a Pronto bike share 100 yards away.  There is a bus stop for downtown 300 yards away.",https://a2.muscache.com/ac/pictures/c0b37cde-8a8c-4887-8d7f-e6cebca9dd9d.jpg?interpolation=lanczos-none&size=small&output-format=jpg&output-quality=70,https://a2.muscache.com/im/pictures/c0b37cde-8a8c-4887-8d7f-e6cebca9dd9d.jpg?aki_policy=medium,https://a2.muscache.com/ac/pictures/c0b37cde-8a8c-4887-8d7f-e6cebca9dd9d.jpg?interpolation=lanczos-none&size=large_cover&output-format=jpg&output-quality=70,https://a2.muscache.com/ac/pictures/c0b37cde-8a8c-4887-8d7f-e6cebca9dd9d.jpg?interpolation=lanczos-none&size=x_large_cover&output-format=jpg&output-quality=70,42537846,https://www.airbnb.com/users/show/42537846,Eric,2015-08-25,"Seattle, Washington, United States",,within an hour,99%,100%,f,"https://a2.muscache.com/ac/pictures/a21126b7-ee57-4f46-982f-598e4546901f.jpg?interpolation=lanczos-none&crop=w:w;*,*&crop=h:h;*,*&resize=50:*&output-format=jpg&output-quality=70","https://a2.muscache.com/ac/pictures/a21126b7-ee57-4f46-982f-598e4546901f.jpg?interpolation=lanczos-none&crop=w:w;*,*&crop=h:h;*,*&resize=225:*&output-format=jpg&output-quality=70",Capitol Hill,17.0,17.0,"['email', 'phone', 'reviews', 'manual_offline']",t,t,"12th Avenue East, Seattle, WA 98102, United States",Capitol Hill,Broadway,Capitol Hill,Seattle,WA,98102,Seattle,"Seattle, WA",US,United States,47.62529951645379,-122.31654637635712,t,Apartment,Entire home/apt,2,1.0,0.0,1.0,Real Bed,"{TV,""Cable TV"",Internet,""Wireless Internet"",Kitchen,""Buzzer/Wireless Intercom"",Heating,Washer,Dryer,""Smoke Detector"",""Carbon Monoxide Detector"",""First Aid Kit"",""Fire Extinguisher"",Essentials,""24-Hour Check-in"",Hangers,""Hair Dryer"",Iron,""Laptop Friendly Workspace""}",,$69.00,$400.00,"$1,500.00",$95.00,$25.00,1,$0.00,1,1125,4 weeks ago,t,23,53,83,358,2016-01-04,0,,,,,,,,,,f,,WASHINGTON,t,moderate,f,f,15,
4223597,https://www.airbnb.com/rooms/4223597,20160104002432,2016-01-04,Pike/Pine Urban Oasis Unit C,"Located in the trendy Capitol Hill neighborhood, this unit is designed with both the business and leisure traveler in mind. The unit includes complimentary high-speed wireless internet, Apple TV, and is only blocks from downtown with a 98 Walk Score.","Newer 2bed/2bath unit has 1100 sq ft.  on two floors. Clean lined modernity makes excellent use of space. Extra large bedrooms on the main floor each have their own private bath. Large upstairs living space boasts custom kitchen cabinetry. The fantastic European tilt and turn windows take advantage of SW exposure.  Appliances include: side by side refrigerator, Bosch dishwasher, microwave, electric range, and garbage disposal. Thoughtful finishes and incredible attention to detail throughout.   This modern addition to a classic turn of the century residence is perfect for anyone looking for sanctuary in the urban environment.  Ideally located near Broadway and Pine St, this property is close to bus lines, shopping, and restaurants. ","Located in the trendy Capitol Hill neighborhood, this unit is designed with both the business and leisure traveler in mind. The unit includes complimentary high-speed wireless internet, Apple TV, and is only blocks from downtown with a 98 Walk Score. Newer 2bed/2bath unit has 1100 sq ft.  on two floors. Clean lined modernity makes excellent use of space. Extra large bedrooms on the main floor each have their own private bath. Large upstairs living space boasts custom kitchen cabinetry. The fantastic European tilt and turn windows take advantage of SW exposure.  Appliances include: side by side refrigerator, Bosch dishwasher, microwave, electric range, and garbage disposal. Thoughtful finishes and incredible attention to detail throughout.   This modern addition to a classic turn of the century residence is perfect for anyone looking for sanctuary in the urban environment.  Ideally located near Broadway and Pine St, this property is close to bus lines, shopping, and restaurants.  Amenit",none,"Capitol Hill is one of the fastest growing, eclectic , and accessible Seattle neighborhoods. Whether haute cuisine or happy hour, exciting night spots or specialty shopping, 1629th is a great jumping off point with Pike's Place Market and Pacific Place Shopping Center just down the Hill.  Located just blocks from Pike, Pine, and Broadway, with a walkscore of 88, this unit is perfectly situated for easily accessing all of Downtown Seattle's major attractions, while still offering you a sense of privacy inside the bustling city.","*There are three parking spaces available on site. They are rented for $12/day and must be arranged at the time of booking. Free street parking is also available, however it is limited to two hours until 6pm Monday through Saturday. ","Public transportation is easily accessed, with major bus lines just blocks away on Pine and Pike Streets that can take you straight down to the lightrail; the fastest and easiest way to get to and from Seatac airport.",https://a0.muscache.com/ac/pictures/53650962/439a9f40_original.jpg?interpolation=lanczos-none&size=small&output-format=jpg&output-quality=70,https://a0.muscache.com/im/pictures/53650962/439a9f40_original.jpg?aki_policy=medium,https://a0.muscache.com/ac/pictures/53650962/439a9f40_original.jpg?interpolation=lanczos-none&size=large_cover&output-format=jpg&output-quality=70,https://a0.muscache.com/ac/pictures/53650962/439a9f40_original.jpg?interpolation=lanczos-none&size=x_large_cover&output-format=jpg&output-quality=70,17206245,https://www.airbnb.com/users/show/17206245,Scott,2014-06-24,"Seattle, Washington, United States","As a Seattle native, I've spent my life exploring diverse passions: music, architecture, travel, fitness, delicious meals, and a love of world cultures. They have each influenced the creation of an oasis in Seattle's Capitol Hill urban neighborhood.  Transformed with the help of a friend in 2003, a thoughful redesign and 1200 sf addition transformed this 1901 structure into a creative project that kick started my Seattle based design-build business.
Travels in South Asia, Mexico, and northern Europe have afforded me many opportunities to explore the world and build lifetime relationships and a positive perspective that guides my current vocation as a Pilates Instructor and health enthusiast.  From good eats to performance venues, you can always find me enjoying the company of others and partaking of the amazing offering Seattle provides it guests.",within an hour,100%,100%,f,"https://a1.muscache.com/ac/users/17206245/profile_pic/1405366695/original.jpg?interpolation=lanczos-none&crop=w:w;*,*&crop=h:h;*,*&resize=50:*&output-format=jpg&output-quality=70","https://a1.muscache.com/ac/users/17206245/profile_pic/1405366695/original.jpg?interpolation=lanczos-none&crop=w:w;*,*&crop=h:h;*,*&resize=225:*&output-format=jpg&output-quality=70",Capitol Hill,3.0,3.0,"['email', 'phone', 'google', 'reviews']",t,f,"13th Avenue, Seattle, WA 98122, United States",Capitol Hill,Broadway,Capitol Hill,Seattle,WA,98122,Seattle,"Seattle, WA",US,United States,47.61694391684718,-122.31649008627724,t,Apartment,Entire home/apt,4,2.0,2.0,2.0,Real Bed,"{TV,Internet,""Wireless Internet"",Kitchen,Heating,""Family/Kid Friendly"",Washer,Dryer,""Smoke Detector"",""Carbon Monoxide Detector"",Essentials}",,$195.00,,,,$95.00,1,$0.00,3,1125,yesterday,t,24,47,73,348,2016-01-04,25,2014-10-28,2016-01-01,95.0,10.0,10.0,10.0,10.0,10.0,9.0,f,,WASHINGTON,f,strict,f,f,1,1.73
1976382,https://www.airbnb.com/rooms/1976382,20160104002432,2016-01-04,Modern luxury on Capitol Hill,"Luxurious and completely remodeled apartment in the best location on Capitol Hill. This apartment is located just a few blocks from Seattle's famous Broadway Avenue. With a Walkscore of 98, you can't beat the location!","Luxurious and completely remodeled apartment in the best location on Capitol Hill. This apartment is located just a few blocks from Seattle's famous Broadway Avenue and has a nice view of the Seattle skyline. With a Walkscore of 98, you can't beat the location!  The apartment was just completely renovated by an award winning interior designer. Everything is spotless, brand new and done to a very high standard. The most comfortable linens and finishes make the apartment as luxurious as a 5 star hotel. 2 flat screen cable TV's, wifi, free long distance, a Wii game console, modern and brand new kitchen and bath.  This is a spacious, light filled, one bedroom apartment with a king bed and a queen sized sofa sleeper. The kitchen is fully equipped with everything you need for those days when you don't want to dine at any of the wonderful neighborhood restaurants. This apartment will not disappoint even the most discerning traveler.  Please note the apartment is in a building without an eleva","Luxurious and completely remodeled apartment in the best location on Capitol Hill. This apartment is located just a few blocks from Seattle's famous Broadway Avenue. With a Walkscore of 98, you can't beat the location! Luxurious and completely remodeled apartment in the best location on Capitol Hill. This apartment is located just a few blocks from Seattle's famous Broadway Avenue and has a nice view of the Seattle skyline. With a Walkscore of 98, you can't beat the location!  The apartment was just completely renovated by an award winning interior designer. Everything is spotless, brand new and done to a very high standard. The most comfortable linens and finishes make the apartment as luxurious as a 5 star hotel. 2 flat screen cable TV's, wifi, free long distance, a Wii game console, modern and brand new kitchen and bath.  This is a spacious, light filled, one bedroom apartment with a king bed and a queen sized sofa sleeper. The kitchen is fully equipped with everything you need for ",none,,Three night minimum on weekends unless it's a last minute reservation.,,https://a1.muscache.com/ac/pictures/27241284/51c3c9a8_original.jpg?interpolation=lanczos-none&size=small&output-format=jpg&output-quality=70,https://a1.muscache.com/im/pictures/27241284/51c3c9a8_original.jpg?aki_policy=medium,https://a1.muscache.com/ac/pictures/27241284/51c3c9a8_original.jpg?interpolation=lanczos-none&size=large_cover&output-format=jpg&output-quality=70,https://a1.muscache.com/ac/pictures/27241284/51c3c9a8_original.jpg?interpolation=lanczos-none&size=x_large_cover&output-format=jpg&output-quality=70,1121532,https://www.airbnb.com/users/show/1121532,Autumn,2011-09-07,"Seattle, Washington, United States","I am a friendly and helpful Seattle resident working in property management.  I'm easy going but meticulous and committed to providing exceptional service.  I take pride in making people feel welcome when they stay at one one of my properties. It is always a pleasure to share this fantastic city with visitors. I look forward to meeting you!
",within an hour,100%,100%,f,"https://a2.muscache.com/ac/users/1121532/profile_pic/1375427975/original.jpg?interpolation=lanczos-none&crop=w:w;*,*&crop=h:h;*,*&resize=50:*&output-format=jpg&output-quality=70","https://a2.muscache.com/ac/users/1121532/profile_pic/1375427975/original.jpg?interpolation=lanczos-none&crop=w:w;*,*&crop=h:h;*,*&resize=225:*&output-format=jpg&output-quality=70",Capitol Hill,8.0,8.0,"['email', 'phone', 'reviews', 'kba']",t,t,"Summit Avenue East, Seattle, WA 98102, United States",Capitol Hill,Broadway,Capitol Hill,Seattle,WA,98102,Seattle,"Seattle, WA",US,United States,47.62180324121264,-122.3252479011912,f,Apartment,Entire home/apt,4,1.0,1.0,1.0,Real Bed,"{TV,""Cable TV"",Internet,""Wireless Internet"",""Air Conditioning"",Kitchen,Heating,""Family/Kid Friendly"",Washer,Dryer}",,$119.00,$890.00,,$300.00,$88.00,1,$0.00,2,1125,2 weeks ago,t,30,60,90,365,2016-01-04,32,2014-02-18,2015-10-30,95.0,10.0,10.0,10.0,10.0,10.0,9.0,f,,WASHINGTON,f,strict,f,f,7,1.4
3396140,https://www.airbnb.com/rooms/3396140,20160104002432,2016-01-04,Middle of it All in Pike/Pine,"One room with a queen size bed in my 2 BR apartment in the Pike/Pine area of the Capitol Hill neighborhood of Seattle. Use of kitchen, wi-fi, and common area is warmly welcomed. ","You're welcome to make some tea, grab a book, and get comfy in your downtime. Though, not many people take me up on that offer - you're too close to so many good things here. There's something for everyone in Capitol Hill - great food, music venues, eclectic shopping, parks (with bike polo matches!), people watching over ice cream or coffee. I love this neighborhood and have tons of recommendations.  This is an LGBTQ+ friendly home.","One room with a queen size bed in my 2 BR apartment in the Pike/Pine area of the Capitol Hill neighborhood of Seattle. Use of kitchen, wi-fi, and common area is warmly welcomed.  You're welcome to make some tea, grab a book, and get comfy in your downtime. Though, not many people take me up on that offer - you're too close to so many good things here. There's something for everyone in Capitol Hill - great food, music venues, eclectic shopping, parks (with bike polo matches!), people watching over ice cream or coffee. I love this neighborhood and have tons of recommendations.  This is an LGBTQ+ friendly home. - This listing is for 1 bedroom in a 2 bedroom apartment. - The bed is a queen. - Full bathroom with towels provided. Bathroom is shared. - Feel free to use the kitchen. Coffee, tea, and snacks on the counter are yours to enjoy. I do not have a dishwasher, but paper goods are available for your use if you don't want the hassle. - Wifi included. SSID and key will be posted in your r",none,"Centrally-located: restaurants, bars, grocery stores, coffee shops, dry cleaners, gyms/yoga studios, concert venues, dancing, and so much more all within a few blocks. Cal Anderson Park is 2 blocks away. Volunteer Park is a 7 minute walk away. WA State Convention Center is 3 stops away on the bus, or a 10 minute walk. Easy access to downtown: A bus stop is on the other side of the block - take the 10 or 11 downtown. Or walk! It's downhill on the way there :)",,"Walkscore of 100. Excellent bike lanes in the neighborhood. Buses to Downtown, University of WA, up, down, and all around are either on the other side of the block, or within 3 blocks. Car share with Car2Go is all around. Zip Car is also available close by. Ride share available with Uber and Lyft. Bike share available with Pronto.",https://a0.muscache.com/ac/pictures/43012272/d93119e0_original.jpg?interpolation=lanczos-none&size=small&output-format=jpg&output-quality=70,https://a0.muscache.com/im/pictures/43012272/d93119e0_original.jpg?aki_policy=medium,https://a0.muscache.com/ac/pictures/43012272/d93119e0_original.jpg?interpolation=lanczos-none&size=large_cover&output-format=jpg&output-quality=70,https://a0.muscache.com/ac/pictures/43012272/d93119e0_original.jpg?interpolation=lanczos-none&size=x_large_cover&output-format=jpg&output-quality=70,7613050,https://www.airbnb.com/users/show/7613050,Jeanna,2013-07-20,"Seattle, Washington, United States","Seattle resident of 5 years who takes pleasure in good food and good company. I finally have the time to get out and enjoy the PNW - Airbnb is just perfect for planning my little getaways.

I'm excited to offer my space on Airbnb! I absolutely love my home and my neighborhood.",within an hour,100%,100%,t,"https://a0.muscache.com/ac/users/7613050/profile_pic/1376594562/original.jpg?interpolation=lanczos-none&crop=w:w;*,*&crop=h:h;*,*&resize=50:*&output-format=jpg&output-quality=70","https://a0.muscache.com/ac/users/7613050/profile_pic/1376594562/original.jpg?interpolation=lanczos-none&crop=w:w;*,*&crop=h:h;*,*&resize=225:*&output-format=jpg&output-quality=70",Capitol Hill,1.0,1.0,"['email', 'phone', 'facebook', 'reviews', 'jumio']",t,t,"East Olive Street, Seattle, WA 98122, United States",Capitol Hill,Broadway,Capitol Hill,Seattle,WA,98122,Seattle,"Seattle, WA",US,United States,47.615623006444686,-122.31521483497788,t,Apartment,Private room,2,1.0,1.0,1.0,Real Bed,"{Internet,""Wireless Internet"",Kitchen,Heating,Washer,Dryer,""Smoke Detector"",""Carbon Monoxide Detector"",""First Aid Kit"",""Fire Extinguisher"",Essentials,Shampoo}",,$75.00,$725.00,,,$7.00,2,$15.00,1,1125,2 weeks ago,t,26,56,86,356,2016-01-04,72,2014-06-28,2015-12-11,98.0,10.0,10.0,10.0,10.0,10.0,9.0,f,,WASHINGTON,f,moderate,f,f,1,3.88
1782140,https://www.airbnb.com/rooms/1782140,20160104002432,2016-01-04,Beautiful Capitol Hill Studio,"Beautiful cozy charming Capitol Hill studio in one of Seattle's most exciting neighborhoods. Walkable to restaurants, shops, parks and downtown! Enjoy a full kitchen and original hardwood floors in a hundred year old building.","The studio is a second floor corner unit with large windows on two sides overlooking a quiet lane and garden. It has hard wood floors and a renovated kitchen/bathroom. I also have an extra sleeping cot that can accommodate an additional person. The building itself was built at the turn of the century so it has an old charming feel - the outside is red brick and the doorways are arched, but the unit was completed renovated before I moved in so the feeling inside is new and breezy. It is in walking distance to neighborhood attractions and amenities: restaurants, parks, bars, grocery stores, coffee shops, clothing stores, bus stops. 15 minute walk to downtown Seattle. It is cozy and sweet. I love living here and I think you will love staying here! Guests have full access to all studio and building amenities including a full kitchen with large refrigerator, 4-top electric stove and closets. The building has coin laundry in the basement and a shared common deck outside. I almost always welc","Beautiful cozy charming Capitol Hill studio in one of Seattle's most exciting neighborhoods. Walkable to restaurants, shops, parks and downtown! Enjoy a full kitchen and original hardwood floors in a hundred year old building. The studio is a second floor corner unit with large windows on two sides overlooking a quiet lane and garden. It has hard wood floors and a renovated kitchen/bathroom. I also have an extra sleeping cot that can accommodate an additional person. The building itself was built at the turn of the century so it has an old charming feel - the outside is red brick and the doorways are arched, but the unit was completed renovated before I moved in so the feeling inside is new and breezy. It is in walking distance to neighborhood attractions and amenities: restaurants, parks, bars, grocery stores, coffee shops, clothing stores, bus stops. 15 minute walk to downtown Seattle. It is cozy and sweet. I love living here and I think you will love staying here! Guests have full a",none,"Capitol Hill is the most hip and happening neighborhood in Seattle with easy access to great coffee, food, concert venues, parks and more! I recommend Analog Coffee, In the Bowl, Oddfellows and Volunteer Park for nearby places to eat and attractions.",,A nearby street parking pass is available upon request. There are two bus lines in walking distance - one goes downtown and the other goes straight to the space needle and adjoining attractions. I live here without a car so it is very easy to get around by walking and public transportation.,https://a0.muscache.com/ac/pictures/25307238/f0498628_original.jpg?interpolation=lanczos-none&size=small&output-format=jpg&output-quality=70,https://a0.muscache.com/im/pictures/25307238/f0498628_original.jpg?aki_policy=medium,https://a0.muscache.com/ac/pictures/25307238/f0498628_original.jpg?interpolation=lanczos-none&size=large_cover&output-format=jpg&output-quality=70,https://a0.muscache.com/ac/pictures/25307238/f0498628_original.jpg?interpolation=lanczos-none&size=x_large_cover&output-format=jpg&output-quality=70,9354671,https://www.airbnb.com/users/show/9354671,Carmen,2013-10-10,"Seattle, Washington, United States","I recently quit my corporate job to pursue my life passions: fitness, fashion and photography. I don't know where this new adventure will take me yet, but I do know I will be traveling more and would really love to share my sweet Capitol Hill, Seattle studio with other great people!",within a few hours,100%,100%,t,"https://a1.muscache.com/ac/users/9354671/profile_pic/1381504752/original.jpg?interpolation=lanczos-none&crop=w:w;*,*&crop=h:h;*,*&resize=50:*&output-format=jpg&output-quality=70","https://a1.muscache.com/ac/users/9354671/profile_pic/1381504752/original.jpg?interpolation=lanczos-none&crop=w:w;*,*&crop=h:h;*,*&resize=225:*&output-format=jpg&output-quality=70",Capitol Hill,1.0,1.0,"['email', 'phone', 'facebook', 'linkedin', 'reviews', 'kba']",t,t,"Belmont Avenue East, Seattle, WA 98102, United States",Capitol Hill,Broadway,Capitol Hill,Seattle,WA,98102,Seattle,"Seattle, WA",US,United States,47.62083205223188,-122.3228061236522,t,Apartment,Entire home/apt,2,1.0,1.0,1.0,Futon,"{""Wireless Internet"",Kitchen,""Buzzer/Wireless Intercom"",Heating,Washer,Dryer,""Smoke Detector"",""Carbon Monoxide Detector"",Essentials,Shampoo}",,$99.00,$900.00,"$3,000.00",,$35.00,1,$0.00,1,1125,5 days ago,t,8,23,32,300,2016-01-04,87,2013-10-30,2015-12-18,94.0,10.0,10.0,10.0,10.0,10.0,9.0,f,,WASHINGTON,f,moderate,f,f,1,3.27
430453,https://www.airbnb.com/rooms/430453,20160104002432,2016-01-04,"Space Needle Views, Downtown Apt",,"A classic, 700+sq ft, 1bed / 1 bath apartment just 12 blocks from Pike Place Market, with stunning views of the skyline, SpaceNeedle, Puget Sound, and even the Olympic Mountains. AMENITIES: Clean, simple... come for the views and location. An internet ready TV and wireless internet is available. The kitchen is yours to use, with a stove, microwave, sink, and fridge... but it is a little small. LOCATION: Within 5-10 minute walk to main light rail and bus terminal to take you to airport, or anywhere else. It's only a 12 block walk to Pike Place Market, and 5 blocks from the trendy and lively pike/pine neighborhood on Capital Hill. Complete with parks and some of Seattle best restaurants. Bus lines within 4 blocks can take you pretty much everywhere you need to go in the city, from Fremont to Queen Anne to the Space Needle to the University. And if you like coffee, one of Seattle' best micro-roasters, Victrola, is a short stumble out the front door. note: there is NOT an in-room washer dr","A classic, 700+sq ft, 1bed / 1 bath apartment just 12 blocks from Pike Place Market, with stunning views of the skyline, SpaceNeedle, Puget Sound, and even the Olympic Mountains. AMENITIES: Clean, simple... come for the views and location. An internet ready TV and wireless internet is available. The kitchen is yours to use, with a stove, microwave, sink, and fridge... but it is a little small. LOCATION: Within 5-10 minute walk to main light rail and bus terminal to take you to airport, or anywhere else. It's only a 12 block walk to Pike Place Market, and 5 blocks from the trendy and lively pike/pine neighborhood on Capital Hill. Complete with parks and some of Seattle best restaurants. Bus lines within 4 blocks can take you pretty much everywhere you need to go in the city, from Fremont to Queen Anne to the Space Needle to the University. And if you like coffee, one of Seattle' best micro-roasters, Victrola, is a short stumble out the front door. note: there is NOT an in-room washer dr",none,,,"Yes! Close to bus, light rail, and easy for taxi's/uber/lyft",https://a0.muscache.com/ac/pictures/10416100/5840cea8_original.jpg?interpolation=lanczos-none&size=small&output-format=jpg&output-quality=70,https://a0.muscache.com/im/pictures/10416100/5840cea8_original.jpg?aki_policy=medium,https://a0.muscache.com/ac/pictures/10416100/5840cea8_original.jpg?interpolation=lanczos-none&size=large_cover&output-format=jpg&output-quality=70,https://a0.muscache.com/ac/pictures/10416100/5840cea8_original.jpg?interpolation=lanczos-none&size=x_large_cover&output-format=jpg&output-quality=70,1393266,https://www.airbnb.com/users/show/1393266,Mark,2011-11-10,"Seattle, Washington, United States","Global traveler turned social entrepreneur.

Working on starting a new nonprofit, MovingWorlds.",within a few hours,100%,100%,f,"https://a0.muscache.com/ac/users/1393266/profile_pic/1370281740/original.jpg?interpolation=lanczos-none&crop=w:w;*,*&crop=h:h;*,*&resize=50:*&output-format=jpg&output-quality=70","https://a0.muscache.com/ac/users/1393266/profile_pic/1370281740/original.jpg?interpolation=lanczos-none&crop=w:w;*,*&crop=h:h;*,*&resize=225:*&output-format=jpg&output-quality=70",Capitol Hill,3.0,3.0,"['email', 'phone', 'facebook', 'reviews', 'jumio']",t,t,"Bellevue Avenue, Seattle, WA 98122, United States",Capitol Hill,Broadway,Capitol Hill,Seattle,WA,98122,Seattle,"Seattle, WA",US,United States,47.6139888733625,-122.32778916790994,t,Apartment,Entire home/apt,2,1.0,1.0,1.0,Real Bed,"{TV,Internet,""Wireless Internet"",Kitchen,""Elevator in Building"",Heating,Washer,Dryer,""Smoke Detector"",Essentials,Shampoo}",,$149.00,"$1,050.00",,$250.00,$25.00,1,$0.00,2,7,3 months ago,t,30,60,90,365,2016-01-04,48,2013-04-22,2015-09-11,97.0,9.0,9.0,10.0,10.0,10.0,9.0,f,,WASHINGTON,f,moderate,f,f,3,1.46
1633986,https://www.airbnb.com/rooms/1633986,20160104002432,2016-01-04,Modern 1BR/1BA with Skyline Views,"Spacious 1BR/1BA with open design and sleek, modern furnishings. Large windows let natural light in and open out to a spectacular city skyline view. Less than 10 min from Space Needle, Pike Place Market, and Downtown. 2 blocks from Paramount Theatre.","This bright and modern 1BR/1BA apartment in Capitol Hill offers beautiful city skyline views. The living area and dining area share an open space lined entirely with hardwood floors. Large and beautiful windows not only let the natural light flow in and through the whole apartment, but also allow our guests to experience the view from the comfort of the couch or dining table. Come home after a day of sightseeing and watch the city sparkle under the setting sun while enjoying a romantic dinner, which you can cook in the fully equipped kitchen. The apartment is located in the southern region of Capitol Hill, which puts some of the city's top attractions at your fingertips. The Space Needle, Pike Place Market, the Seattle Aquarium, the EMP Museum, and Downtown are all less than 10 minutes away by car or public transportation. Paramount Theatre is just two blocks away, which takes five minutes to get to on foot. This is a great home base for prospective Seattle University students, since t","Spacious 1BR/1BA with open design and sleek, modern furnishings. Large windows let natural light in and open out to a spectacular city skyline view. Less than 10 min from Space Needle, Pike Place Market, and Downtown. 2 blocks from Paramount Theatre. This bright and modern 1BR/1BA apartment in Capitol Hill offers beautiful city skyline views. The living area and dining area share an open space lined entirely with hardwood floors. Large and beautiful windows not only let the natural light flow in and through the whole apartment, but also allow our guests to experience the view from the comfort of the couch or dining table. Come home after a day of sightseeing and watch the city sparkle under the setting sun while enjoying a romantic dinner, which you can cook in the fully equipped kitchen. The apartment is located in the southern region of Capitol Hill, which puts some of the city's top attractions at your fingertips. The Space Needle, Pike Place Market, the Seattle Aquarium, the EMP Mu",none,"Right in the heart of Capitol Hill and a 5 minute walk to downtown and the convention center, this location could not be beat. Capitol Hill boasts all the best restaurants, bars, cafes and local culture all within walking distance. Either venture out to grab drinks at one of the many bars on along the Pike/Pine corridor, or try one of countless restaurants nearby.  Prefer the outdoors? Grab some wine and cheese from the famous Melrose market next door and head up to Cal Anderson (or Volunteer) Park to lie on the grass, and soak up the local culture (and sunshine).","You'll be staying at a Pillow Homes approved property, and guests are encouraged to follow Pillow rules and terms.","Easy walk to downtown, convention center, and cap hill. There are numerous bus lines all around the building which provide easy transport to just about anywhere in the city. A 10 minute walk (or a $5-8 taxi/uber/lyft) from the unit to the Light Link Rail at Westlake Station which goes straight to the airport as well. A taxi from the airport typically costs around $50 without tip.",https://a0.muscache.com/ac/pictures/45318036/fb0e6841_original.jpg?interpolation=lanczos-none&size=small&output-format=jpg&output-quality=70,https://a0.muscache.com/im/pictures/45318036/fb0e6841_original.jpg?aki_policy=medium,https://a0.muscache.com/ac/pictures/45318036/fb0e6841_original.jpg?interpolation=lanczos-none&size=large_cover&output-format=jpg&output-quality=70,https://a0.muscache.com/ac/pictures/45318036/fb0e6841_original.jpg?interpolation=lanczos-none&size=x_large_cover&output-format=jpg&output-quality=70,1797680,https://www.airbnb.com/users/show/1797680,Jesse,2012-02-23,"Seattle, Washington, United States","Hello! I am a Bay Area, California transplant that has been in Seattle for almost 5 years. I am a traveling consultant and tour guide who loves adventure and I am often out of town for work or play. I love my neighborhood, apartment and I love to host so I am opening up my home to Airbnb. 

I LOVE the seattle food and music scene and will be happy to share all of my favorite places with you in hopes that you can have a true capitol hill/seattle experience. I look forward to meeting you!

“Once a journey is designed, equipped, and put in process, a new factor enters and takes over. A trip, a safari, an exploration, is an entity, different from all other journeys. It has personality, temperament, individuality, uniqueness. A journey is a person in itself; no two are alike. And all plans, safeguards, policing, and coercion are fruitless. We find after years of struggle that we do not take a trip; a trip takes us.""  -John Steinbeck",within an hour,100%,100%,t,"https://a0.muscache.com/ac/users/1797680/profile_pic/1404840545/original.jpg?interpolation=lanczos-none&crop=w:w;*,*&crop=h:h;*,*&resize=50:*&output-format=jpg&output-quality=70","https://a0.muscache.com/ac/users/1797680/profile_pic/1404840545/original.jpg?interpolation=lanczos-none&crop=w:w;*,*&crop=h:h;*,*&resize=225:*&output-format=jpg&output-quality=70",Capitol Hill,1.0,1.0,"['email', 'phone', 'facebook', 'google', 'linkedin', 'reviews', 'jumio']",t,t,"Bellevue Avenue, Seattle, WA 98122, United States",Capitol Hill,Broadway,Capitol Hill,Seattle,WA,98122,Seattle,"Seattle, WA",US,United States,47.61530314719316,-122.32770208783126,t,Apartment,Entire home/apt,2,1.0,1.0,1.0,Real Bed,"{TV,Internet,""Wireless Internet"",Kitchen,""Elevator in Building"",Heating,Washer,Dryer,""Smoke Detector"",""Carbon Monoxide Detector"",Essentials}",,$199.00,,,$200.00,$71.00,2,$50.00,1,10,3 days ago,t,22,52,82,108,2016-01-04,32,2014-07-22,2016-01-02,96.0,10.0,9.0,10.0,10.0,10.0,9.0,f,,WASHINGTON,f,strict,f,f,1,1.8
9507115,https://www.airbnb.com/rooms/9507115,20160104002432,2016-01-04,404 Modern Studio on Capitol Hill,"This is a modern fully-furnished studio apartment in a brand new building on Capitol Hill. At Roy Street Commons you can enjoy your complete privacy and mingle with our other guests in our common areas, when it suits you.","This is a fully-furnished studio designed for one person, but the vast majority of couples who have stayed with us find the intimate space cozy. The unit is compact and the bathroom is separated from the rest of the studio by a curtain. Your completely private studio space includes the following: Closet Shelves Desk Lamp Full Sized Bed Refrigerator Microwave Sink Toilet Shower Central Air","This is a modern fully-furnished studio apartment in a brand new building on Capitol Hill. At Roy Street Commons you can enjoy your complete privacy and mingle with our other guests in our common areas, when it suits you. This is a fully-furnished studio designed for one person, but the vast majority of couples who have stayed with us find the intimate space cozy. The unit is compact and the bathroom is separated from the rest of the studio by a curtain. Your completely private studio space includes the following: Closet Shelves Desk Lamp Full Sized Bed Refrigerator Microwave Sink Toilet Shower Central Air You will also have access to a common area, which includes the following amenities: Rooftop Deck with 360 degree views Fully-Equipped Kitchen Laundry Facilities Dishwasher Iron & Ironing Board Cable Television 100Mbps Wi-Fi Central Air As we value your time and privacy, we offer 24-hour check-in. The process is seamless and doesn't require any scheduling. On the morning of the day of",none,"Close to downtown, Capitol Hill is one of Seattle's prettiest and most-admired neighborhoods.","Should you not be able to book this particular studio, please check our other offerings by clicking on host and then all listings.",It's a short walk to Broadway and just a bit longer to downtown. There is a Pronto bike share 100 yards away.  There is a bus stop for downtown 300 yards away.,https://a2.muscache.com/ac/pictures/d3be5833-4298-4d4c-8252-a1cd39bfbbf1.jpg?interpolation=lanczos-none&size=small&output-format=jpg&output-quality=70,https://a2.muscache.com/im/pictures/d3be5833-4298-4d4c-8252-a1cd39bfbbf1.jpg?aki_policy=medium,https://a2.muscache.com/ac/pictures/d3be5833-4298-4d4c-8252-a1cd39bfbbf1.jpg?interpolation=lanczos-none&size=large_cover&output-format=jpg&output-quality=70,https://a2.muscache.com/ac/pictures/d3be5833-4298-4d4c-8252-a1cd39bfbbf1.jpg?interpolation=lanczos-none&size=x_large_cover&output-format=jpg&output-quality=70,42537846,https://www.airbnb.com/users/show/42537846,Eric,2015-08-25,"Seattle, Washington, United States",,within an hour,99%,100%,f,"https://a2.muscache.com/ac/pictures/a21126b7-ee57-4f46-982f-598e4546901f.jpg?interpolation=lanczos-none&crop=w:w;*,*&crop=h:h;*,*&resize=50:*&output-format=jpg&output-quality=70","https://a2.muscache.com/ac/pictures/a21126b7-ee57-4f46-982f-598e4546901f.jpg?interpolation=lanczos-none&crop=w:w;*,*&crop=h:h;*,*&resize=225:*&output-format=jpg&output-quality=70",Capitol Hill,17.0,17.0,"['email', 'phone', 'reviews', 'manual_offline']",t,t,"12th Avenue East, Seattle, WA 98102, United States",Capitol Hill,Broadway,Capitol Hill,Seattle,WA,98102,Seattle,"Seattle, WA",US,United States,47.624436724098,-122.31811185636352,t,Apartment,Entire home/apt,2,1.0,0.0,1.0,Real Bed,"{TV,""Cable TV"",Internet,""Wireless Internet"",Kitchen,""Buzzer/Wireless Intercom"",Heating,Washer,Dryer,Essentials,""24-Hour Check-in"",Hangers,""Hair Dryer"",Iron,""Laptop Friendly Workspace""}",,$69.00,$400.00,"$1,500.00",$95.00,$25.00,1,$0.00,1,1125,today,t,17,47,77,352,2016-01-04,1,2015-12-25,2015-12-25,80.0,8.0,10.0,10.0,10.0,8.0,8.0,f,,WASHINGTON,t,moderate,f,f,15,1.0
8926060,https://www.airbnb.com/rooms/8926060,20160104002432,2016-01-04,Modern Capitol Hill Condo Room,"Rent the guest bedroom in my modern and conveniently located Capitol Hill condo.  The condo has two bathrooms, two bedrooms, and two patios! The guest bedroom has a memory foam queen size bed, Wifi, and a 42"" mounted flat screen TV with Netflix and Amazon Prime Video.",This condo is located near the corner of  Belmont Ave E and Summit Ave E.,"Rent the guest bedroom in my modern and conveniently located Capitol Hill condo.  The condo has two bathrooms, two bedrooms, and two patios! The guest bedroom has a memory foam queen size bed, Wifi, and a 42"" mounted flat screen TV with Netflix and Amazon Prime Video. This condo is located near the corner of  Belmont Ave E and Summit Ave E. You'll have access to the whole condo besides the master bedroom and master bathroom.   Included is a patio with bbq and dining set, kitchen, living room, and the main bathroom with full size shower. I prefer someone who is friendly and OK with interaction with me while we're both home. Obviously it's OK for privacy in your room or for me in my room, but if we're both in the common areas I prefer friendly interaction. Capitol Hill is one of the most popular areas in Seattle. My location is in a more quiet section while still being close to all the craziness! My condo has a walking score of 96 out of 100! That means that basically everything is withi",none,"Capitol Hill is one of the most popular areas in Seattle. My location is in a more quiet section while still being close to all the craziness! My condo has a walking score of 96 out of 100! That means that basically everything is within walking distance.  Within two blocks there are 4 bars, 2 mini marts, Top Pot Donuts and Coffee.  QFC is a 5 minute walk away.",,,https://a2.muscache.com/ac/pictures/f8fdfecf-2d80-4077-ad33-6a1e4cb46c9c.jpg?interpolation=lanczos-none&size=small&output-format=jpg&output-quality=70,https://a2.muscache.com/im/pictures/f8fdfecf-2d80-4077-ad33-6a1e4cb46c9c.jpg?aki_policy=medium,https://a2.muscache.com/ac/pictures/f8fdfecf-2d80-4077-ad33-6a1e4cb46c9c.jpg?interpolation=lanczos-none&size=large_cover&output-format=jpg&output-quality=70,https://a2.muscache.com/ac/pictures/f8fdfecf-2d80-4077-ad33-6a1e4cb46c9c.jpg?interpolation=lanczos-none&size=x_large_cover&output-format=jpg&output-quality=70,12197959,https://www.airbnb.com/users/show/12197959,Jason,2014-02-13,"Seattle, Washington, United States","I'm a middle school health and fitness teacher that lives in Seattle, WA.  ",within an hour,100%,100%,f,"https://a2.muscache.com/ac/pictures/8943bf25-2b50-4dc8-8223-0ad3fb454588.jpg?interpolation=lanczos-none&crop=w:w;*,*&crop=h:h;*,*&resize=50:*&output-format=jpg&output-quality=70","https://a2.muscache.com/ac/pictures/8943bf25-2b50-4dc8-8223-0ad3fb454588.jpg?interpolation=lanczos-none&crop=w:w;*,*&crop=h:h;*,*&resize=225:*&output-format=jpg&output-quality=70",Central Business District,3.0,3.0,"['email', 'phone', 'reviews', 'kba']",t,t,"Summit Avenue East, Seattle, WA 98102, United States",,Broadway,Capitol Hill,Seattle,WA,98102,Seattle,"Seattle, WA",US,United States,47.6251745924337,-122.32516132354422,f,Apartment,Private room,2,1.0,1.0,1.0,Real Bed,"{TV,Internet,""Wireless Internet"",Kitchen,""Indoor Fireplace"",Heating,Washer,Dryer,""Smoke Detector"",""Carbon Monoxide Detector"",Essentials,Shampoo}",,$69.00,$449.00,"$1,499.00",$300.00,$24.00,1,$25.00,1,1125,2 weeks ago,t,15,45,75,350,2016-01-04,2,2015-11-21,2015-12-31,100.0,10.0,10.0,10.0,10.0,10.0,10.0,f,,WASHINGTON,f,strict,f,f,2,1.33
1520449,https://www.airbnb.com/rooms/1520449,20160104002432,2016-01-04,Io House (bunk 1U) - SLU walkable ,,"About Io House: This is a home for itinerant techies - entrepreneurs, coders, inventors, designers, and scientists. The idea is to interact with the other residents, and for you to leave with your strongest memories being of the people you met here. This house is located in the heart of North Capitol Hill, at its closest point to South Lake Union. You've got the convenience of the restaurants and activity of Capitol Hill, and a full QFC supermarket two blocks away, while located an easy walk from TechStars (1.2 miles walk), CodeFellows, Amazon SLU, etc. It has a WalkScore of 95/100. Bed: this listing is for a bunk bed (Upper bunk 1) in a shared room with three other people.  Common area includes: a living room on the main floor, a large converted attic designed as work space, a full kitchen, shared bathrooms, and a large basement suitable for bike/luggage storage. We provide: - High speed Internet - Laundry on-site (detergent provided) - Full kitchen with dishwasher - A back yard with ","About Io House: This is a home for itinerant techies - entrepreneurs, coders, inventors, designers, and scientists. The idea is to interact with the other residents, and for you to leave with your strongest memories being of the people you met here. This house is located in the heart of North Capitol Hill, at its closest point to South Lake Union. You've got the convenience of the restaurants and activity of Capitol Hill, and a full QFC supermarket two blocks away, while located an easy walk from TechStars (1.2 miles walk), CodeFellows, Amazon SLU, etc. It has a WalkScore of 95/100. Bed: this listing is for a bunk bed (Upper bunk 1) in a shared room with three other people.  Common area includes: a living room on the main floor, a large converted attic designed as work space, a full kitchen, shared bathrooms, and a large basement suitable for bike/luggage storage. We provide: - High speed Internet - Laundry on-site (detergent provided) - Full kitchen with dishwasher - A back yard with ",none,,,,https://a1.muscache.com/ac/pictures/23881116/2a224c08_original.jpg?interpolation=lanczos-none&size=small&output-format=jpg&output-quality=70,https://a1.muscache.com/im/pictures/23881116/2a224c08_original.jpg?aki_policy=medium,https://a1.muscache.com/ac/pictures/23881116/2a224c08_original.jpg?interpolation=lanczos-none&size=large_cover&output-format=jpg&output-quality=70,https://a1.muscache.com/ac/pictures/23881116/2a224c08_original.jpg?interpolation=lanczos-none&size=x_large_cover&output-format=jpg&output-quality=70,1243056,https://www.airbnb.com/users/show/1243056,Andrew,2011-10-03,"Seattle, Washington, United States","I develop technology businesses, including CityAuction, a  local-oriented online auction I started in 1997, and Pure Watercraft, a high-performance electric boating company I started in 2011. I've also been an angel investor since 2000.

As a TechStars mentor, I've seen the difficulty that teams have when they seek short-term housing while in Seattle. I've also seen the incredibly creative atmosphere that has been created in the hacker houses of other areas, such as Chez JJ in the SF Bay Area. My goal is to cultivate an even more vibrant, fun, and creative tech community here in Seattle.",within an hour,90%,100%,f,"https://a0.muscache.com/ac/users/1243056/profile_pic/1334570930/original.jpg?interpolation=lanczos-none&crop=w:w;*,*&crop=h:h;*,*&resize=50:*&output-format=jpg&output-quality=70","https://a0.muscache.com/ac/users/1243056/profile_pic/1334570930/original.jpg?interpolation=lanczos-none&crop=w:w;*,*&crop=h:h;*,*&resize=225:*&output-format=jpg&output-quality=70",Capitol Hill,37.0,37.0,"['email', 'phone', 'facebook', 'linkedin', 'reviews', 'jumio']",t,t,"10th Avenue East, Seattle, WA 98102, United States",Capitol Hill,Broadway,Capitol Hill,Seattle,WA,98102,Seattle,"Seattle, WA",US,United States,47.62409412587149,-122.31969523850948,t,House,Shared room,1,0.5,1.0,1.0,Real Bed,"{Internet,""Wireless Internet"",Kitchen,""Free Parking on Premises"",Heating,Washer,Dryer}",,$49.00,$259.00,$845.00,$350.00,$35.00,1,$0.00,4,1125,3 months ago,t,23,53,83,358,2016-01-04,7,2013-10-02,2015-10-02,91.0,9.0,9.0,10.0,10.0,10.0,9.0,f,,WASHINGTON,f,strict,f,f,37,0.25
7697170,https://www.airbnb.com/rooms/7697170,20160104002432,2016-01-04,Capitol Hill Historic District,"Apartment in historic mansion district just steps away to all the restaurants and shops on Capitol Hill. 900 SF two bedroom 1 bath basement apartment with tons of old world charm.  Heated concrete floors, newly furnished, king sized beds, and more","•All newer appliances: washer/dryer, gas range, microwave, dishwasher,  refrigerator •Kitchen cabinets are maple and counters are black stone  •Radiant floor heat (the stained concrete floors have hot water pumped thru them to heat the unit).  Very warm and dry! •New full bath with inlaid mosaic tile floor and vintage tub surround  •Both bedrooms large enough for king sized beds •Plenty of closet space •Private entrance  •Seven foot ceilings (this apartment is the basement) with abundant natural light (9 new large windows) •Full size washer/dryer en suite","Apartment in historic mansion district just steps away to all the restaurants and shops on Capitol Hill. 900 SF two bedroom 1 bath basement apartment with tons of old world charm.  Heated concrete floors, newly furnished, king sized beds, and more •All newer appliances: washer/dryer, gas range, microwave, dishwasher,  refrigerator •Kitchen cabinets are maple and counters are black stone  •Radiant floor heat (the stained concrete floors have hot water pumped thru them to heat the unit).  Very warm and dry! •New full bath with inlaid mosaic tile floor and vintage tub surround  •Both bedrooms large enough for king sized beds •Plenty of closet space •Private entrance  •Seven foot ceilings (this apartment is the basement) with abundant natural light (9 new large windows) •Full size washer/dryer en suite Separate outdoor access to the unit via key box. This is a very quiet part of Capitol Hill as most of the homes are now preserved historic structures.  It is incredibly walker friendly but t",none,This is a very quiet part of Capitol Hill as most of the homes are now preserved historic structures.  It is incredibly walker friendly but the house is not on a busy street nor noisy at night.,Street Parking Only - However this neighborhood has many large single family homes with off street parking and very few apartment buildings so parking is not as much of a challenge as most other parts of Capitol Hill,The number 49 bus goes to downtown Seattle every 10 minutes and is just one block away.   You can walk to dozens of restaurants and coffee shops very easily.,,,https://a2.muscache.com/ac/pictures/97804351/82f7ce6f_original.jpg?interpolation=lanczos-none&size=large_cover&output-format=jpg&output-quality=70,,658155,https://www.airbnb.com/users/show/658155,Joe,2011-06-02,"Seattle, Washington, United States",Addicted renovator of homes.  Love helping people enjoy the awesome City of Seattle.,within an hour,100%,100%,t,"https://a2.muscache.com/ac/users/658155/profile_pic/1307117042/original.jpg?interpolation=lanczos-none&crop=w:w;*,*&crop=h:h;*,*&resize=50:*&output-format=jpg&output-quality=70","https://a2.muscache.com/ac/users/658155/profile_pic/1307117042/original.jpg?interpolation=lanczos-none&crop=w:w;*,*&crop=h:h;*,*&resize=225:*&output-format=jpg&output-quality=70",Capitol Hill,13.0,13.0,"['email', 'phone', 'reviews', 'kba']",t,t,"East Prospect Street, Seattle, WA 98102, United States",Capitol Hill,Broadway,Capitol Hill,Seattle,WA,98102,Seattle,"Seattle, WA",US,United States,47.62938384278783,-122.32174916186636,t,Apartment,Entire home/apt,6,1.0,2.0,4.0,Real Bed,"{TV,""Cable TV"",Internet,""Wireless Internet"",Kitchen,Heating,""Family/Kid Friendly"",Washer,Dryer,""Smoke Detector"",Essentials,Shampoo}",,$239.00,"$1,363.00","$4,800.00",,$120.00,1,$0.00,3,1125,today,t,26,49,79,337,2016-01-04,15,2015-08-11,2015-12-19,97.0,10.0,10.0,10.0,10.0,10.0,9.0,f,,WASHINGTON,t,strict,f,f,1,3.06
1511620,https://www.airbnb.com/rooms/1511620,20160104002432,2016-01-04,Io House (bunk 1L) - SLU walkable ,,"About Io House: This is a home for itinerant techies - entrepreneurs, coders, inventors, designers, and scientists. The idea is to interact with the other residents, and for you to leave with your strongest memories being of the people you met here. This house is located in the heart of North Capitol Hill, at its closest point to South Lake Union. You've got the convenience of the restaurants and activity of Capitol Hill, and a full QFC supermarket two blocks away, while located an easy walk from TechStars (1.2 miles walk), CodeFellows, Amazon SLU, etc. It has a WalkScore of 95/100. Bed: this listing is for a bunk bed (Lower bunk 1) in a shared room with three other people.  Common area includes: a living room on the main floor, a large converted attic designed as work space, a full kitchen, shared bathrooms, and a large basement suitable for bike/luggage storage. We provide: - High speed Internet - Laundry on-site (detergent provided) - Full kitchen with dishwasher - A back yard with ","About Io House: This is a home for itinerant techies - entrepreneurs, coders, inventors, designers, and scientists. The idea is to interact with the other residents, and for you to leave with your strongest memories being of the people you met here. This house is located in the heart of North Capitol Hill, at its closest point to South Lake Union. You've got the convenience of the restaurants and activity of Capitol Hill, and a full QFC supermarket two blocks away, while located an easy walk from TechStars (1.2 miles walk), CodeFellows, Amazon SLU, etc. It has a WalkScore of 95/100. Bed: this listing is for a bunk bed (Lower bunk 1) in a shared room with three other people.  Common area includes: a living room on the main floor, a large converted attic designed as work space, a full kitchen, shared bathrooms, and a large basement suitable for bike/luggage storage. We provide: - High speed Internet - Laundry on-site (detergent provided) - Full kitchen with dishwasher - A back yard with ",none,,,,https://a0.muscache.com/ac/pictures/23881033/714f6641_original.jpg?interpolation=lanczos-none&size=small&output-format=jpg&output-quality=70,https://a0.muscache.com/im/pictures/23881033/714f6641_original.jpg?aki_policy=medium,https://a0.muscache.com/ac/pictures/23881033/714f6641_original.jpg?interpolation=lanczos-none&size=large_cover&output-format=jpg&output-quality=70,https://a0.muscache.com/ac/pictures/23881033/714f6641_original.jpg?interpolation=lanczos-none&size=x_large_cover&output-format=jpg&output-quality=70,1243056,https://www.airbnb.com/users/show/1243056,Andrew,2011-10-03,"Seattle, Washington, United States","I develop technology businesses, including CityAuction, a  local-oriented online auction I started in 1997, and Pure Watercraft, a high-performance electric boating company I started in 2011. I've also been an angel investor since 2000.

As a TechStars mentor, I've seen the difficulty that teams have when they seek short-term housing while in Seattle. I've also seen the incredibly creative atmosphere that has been created in the hacker houses of other areas, such as Chez JJ in the SF Bay Area. My goal is to cultivate an even more vibrant, fun, and creative tech community here in Seattle.",within an hour,90%,100%,f,"https://a0.muscache.com/ac/users/1243056/profile_pic/1334570930/original.jpg?interpolation=lanczos-none&crop=w:w;*,*&crop=h:h;*,*&resize=50:*&output-format=jpg&output-quality=70","https://a0.muscache.com/ac/users/1243056/profile_pic/1334570930/original.jpg?interpolation=lanczos-none&crop=w:w;*,*&crop=h:h;*,*&resize=225:*&output-format=jpg&output-quality=70",Capitol Hill,37.0,37.0,"['email', 'phone', 'facebook', 'linkedin', 'reviews', 'jumio']",t,t,"10th Avenue East, Seattle, WA 98102, United States",Capitol Hill,Broadway,Capitol Hill,Seattle,WA,98102,Seattle,"Seattle, WA",US,United States,47.62528743393574,-122.31942483842946,t,House,Shared room,1,0.5,1.0,1.0,Real Bed,"{Internet,""Wireless Internet"",Kitchen,""Free Parking on Premises"",Heating,Washer,Dryer}",,$49.00,$267.00,$895.00,$350.00,$35.00,1,$0.00,4,1125,3 months ago,t,30,60,90,365,2016-01-04,8,2013-09-15,2015-09-13,93.0,10.0,8.0,10.0,10.0,10.0,9.0,f,,WASHINGTON,f,strict,f,f,37,0.29
9411935,https://www.airbnb.com/rooms/9411935,20160104002432,2016-01-04,Close to All the Action,I live in Capitol Hill. This is the Best location for a Tourist. You can walk to all cool spots in downtown and capitol hill area. This is a shared studio space. You will be sharing it with one person only.,"This is a Shared Studio space. You will be sharing it with one person.   Although it's a shared studio, there is a giant closet (about 8ft) between my space and guest's space.  The futon can be transformed to a Queen sized bed like in the picture. It's very comfortable for a futon.","I live in Capitol Hill. This is the Best location for a Tourist. You can walk to all cool spots in downtown and capitol hill area. This is a shared studio space. You will be sharing it with one person only. This is a Shared Studio space. You will be sharing it with one person.   Although it's a shared studio, there is a giant closet (about 8ft) between my space and guest's space.  The futon can be transformed to a Queen sized bed like in the picture. It's very comfortable for a futon. You are welcome to use my kitchen items (frying pan, dishes, knife etc) to cook something.  (there is pizza by slice place right next door that stays open very late like 2~3 am. 2 convenience stores right next door) Please ask if you need help! I will try to accommodate you while respecting your personal space. It's in Capitol Hill closer to downtown.  It's the best spot for a tourist since you can check out both capitol hill and downtown by walking. Walking Score is 96. That explains it all. There are hi",none,It's in Capitol Hill closer to downtown.  It's the best spot for a tourist since you can check out both capitol hill and downtown by walking. Walking Score is 96. That explains it all. There are hip bars and restaurants that carries That Local Vibe everywhere. Capitol hill is like Mission District in SF. It's a place for hip crowds. It is less touristy than a place like pike place market area (full of people with cameras) so you can walk around like a local while checking out the neighborhoods. You need to stay in capitol hill since people don't walk around in dtown at night and many things shut down. There are lots of restaurants and bars stays open late in capitol hill.  It's SAFE to walk around here even at 2 am as a Woman. There are always people walking around.,"I stayed in this area as AirBnb guest prior to moving. I chose this area because it was perfect as a traveller. I priced this place very fair compared to all other places. If you can't book this place, you can consider Tortoise or City hostel. It ranges $30~35 a night for a bunk bed with 4~8 people around you in the same room.","I have a cool bicycle (specialized globe roll 8) I can rent for only $15 a day with a helmet. You can pretty much cover all cool spots in seattle with a bicycle.  There is automatic bicycle sharing station next to my place. it seems complicated and can get very expensive. you can check it out (pronto cycle share) From airport to home: arrive at Westlake Station in downtown. It's about 15 minutes walk from there. Main Capitol Hill (Broadway and Pike St): 10 minutes walk. Pike Place Market: 20 minutes walk. 1 day Suggestion: Get morning coffee at Starbucks Reserve (5 min walk) and head towards downtown. Check out downtown including Seattle Art Museum, Seattle Library and Pike Place Market. Come back around 5pm to capitol hill. Spend rest of the day checking out local shops, restaurants and finish your day at bars  Parking is not bad at all. I have a guest permit for street zoned parking. It removes 2 hour limit. Once it's parked, you can leave it up to 3 days.  Paid lot nearby costs $15 ",https://a2.muscache.com/ac/pictures/24cce4d2-8d05-4993-9b3a-6e7419fbaeaf.jpg?interpolation=lanczos-none&size=small&output-format=jpg&output-quality=70,https://a2.muscache.com/im/pictures/24cce4d2-8d05-4993-9b3a-6e7419fbaeaf.jpg?aki_policy=medium,https://a2.muscache.com/ac/pictures/24cce4d2-8d05-4993-9b3a-6e7419fbaeaf.jpg?interpolation=lanczos-none&size=large_cover&output-format=jpg&output-quality=70,https://a2.muscache.com/ac/pictures/24cce4d2-8d05-4993-9b3a-6e7419fbaeaf.jpg?interpolation=lanczos-none&size=x_large_cover&output-format=jpg&output-quality=70,10944157,https://www.airbnb.com/users/show/10944157,Sebastian,2014-01-01,"Seattle, Washington, United States","I just moved here in Seattle to pursue online shopping business. 
I do photography/cinematography for fun. 



",within an hour,93%,100%,f,"https://a0.muscache.com/ac/users/10944157/profile_pic/1388597981/original.jpg?interpolation=lanczos-none&crop=w:w;*,*&crop=h:h;*,*&resize=50:*&output-format=jpg&output-quality=70","https://a0.muscache.com/ac/users/10944157/profile_pic/1388597981/original.jpg?interpolation=lanczos-none&crop=w:w;*,*&crop=h:h;*,*&resize=225:*&output-format=jpg&output-quality=70",Capitol Hill,1.0,1.0,"['email', 'phone', 'facebook', 'reviews', 'kba']",t,t,"Summit Avenue, Seattle, WA 98122, United States",Capitol Hill,Broadway,Capitol Hill,Seattle,WA,98122,Seattle,"Seattle, WA",US,United States,47.61865640333776,-122.32483751012865,t,Apartment,Shared room,2,1.0,1.0,1.0,Futon,"{""Wireless Internet"",Kitchen,""Hot Tub"",Heating,Washer,Dryer,""Smoke Detector"",""Carbon Monoxide Detector"",Essentials,Shampoo,""Hair Dryer"",Iron}",,$29.00,$200.00,,,,1,$15.00,1,1125,today,t,25,36,36,311,2016-01-04,2,2015-11-19,2015-12-16,80.0,9.0,8.0,8.0,9.0,9.0,9.0,f,,WASHINGTON,f,moderate,f,f,1,1.28
1355094,https://www.airbnb.com/rooms/1355094,20160104002432,2016-01-04,Capitol Hill Excursion,Welcome to our home! This house is a mix of two long time roommates and other airbnb listings. Staying with us is a mix of visiting with locals and meeting travelers. This room is a good budget option for those wanting to stay in a walkable area.,"Hello! Our house is a couple blocks off broadway in the northern section of the Capitol Hill neighborhood. The room is one of five bedrooms in our house. You will be staying with roommates as well as other airbnb guests. We have a cozy kitchen, bathroom and living room with lots of light! You can do laundry downstairs ($1 wash / $1 dry), and hang out in our lovely living room.  Our house is the tall, dark and handsome type, height / weight proportionate, with a red brick exterior (if you're into that sort of thing). Good to know we are an older home, not a hotel so the aesthetics come with the territory. We're two blocks from Broadway, with a stupid amount of cool shit and buses within walking distance. You can get to the Pike/Pine nightlife in a short 10-minute walk. Broadway has transformed from its grungy gutter-punk needles-and-heroin 90s roots. Maklemore filmed a music video here last night. Sir Mix-A-Lot wrote ""My Posse's on Broadway"" about it. Pearl Jam came up with their name a","Welcome to our home! This house is a mix of two long time roommates and other airbnb listings. Staying with us is a mix of visiting with locals and meeting travelers. This room is a good budget option for those wanting to stay in a walkable area. Hello! Our house is a couple blocks off broadway in the northern section of the Capitol Hill neighborhood. The room is one of five bedrooms in our house. You will be staying with roommates as well as other airbnb guests. We have a cozy kitchen, bathroom and living room with lots of light! You can do laundry downstairs ($1 wash / $1 dry), and hang out in our lovely living room.  Our house is the tall, dark and handsome type, height / weight proportionate, with a red brick exterior (if you're into that sort of thing). Good to know we are an older home, not a hotel so the aesthetics come with the territory. We're two blocks from Broadway, with a stupid amount of cool shit and buses within walking distance. You can get to the Pike/Pine nightlife i",none,,"The room has a key lock on the bedroom door. While we strive to have a trusting environment where people and things are safe without locking up items, we recognize that travelers may feel more comfortable being able to lock their items while out of the room.","Our neighborhood is very walkable. We are two blocks away from multiple bus lines. Downtown is a 20 min walk from our house.  A couple blocks from us are Pronto bikes for rent. Lyft, Uber and SideCar car services are very popular in Seattle. One of our roommates is a Lyft driver. IF you are new to the service and sign up using the referral code ""crayolahome"" you can receive a free ride up to $20.",https://a0.muscache.com/ac/pictures/77217122/1170d452_original.jpg?interpolation=lanczos-none&size=small&output-format=jpg&output-quality=70,https://a0.muscache.com/im/pictures/77217122/1170d452_original.jpg?aki_policy=medium,https://a0.muscache.com/ac/pictures/77217122/1170d452_original.jpg?interpolation=lanczos-none&size=large_cover&output-format=jpg&output-quality=70,https://a0.muscache.com/ac/pictures/77217122/1170d452_original.jpg?interpolation=lanczos-none&size=x_large_cover&output-format=jpg&output-quality=70,7354306,https://www.airbnb.com/users/show/7354306,Michael,2013-07-08,"Seattle, Washington, United States","We are a roommate duo (Leah and Mike!) who have lived together for a number of years! We make music, do science, design the internet, social work, and drink cheap beer.",within an hour,100%,100%,f,"https://a1.muscache.com/ac/users/7354306/profile_pic/1373649588/original.jpg?interpolation=lanczos-none&crop=w:w;*,*&crop=h:h;*,*&resize=50:*&output-format=jpg&output-quality=70","https://a1.muscache.com/ac/users/7354306/profile_pic/1373649588/original.jpg?interpolation=lanczos-none&crop=w:w;*,*&crop=h:h;*,*&resize=225:*&output-format=jpg&output-quality=70",Capitol Hill,18.0,18.0,"['email', 'phone', 'reviews']",t,f,"Boylston Avenue East, Seattle, WA 98102, United States",Capitol Hill,Broadway,Capitol Hill,Seattle,WA,98102,Seattle,"Seattle, WA",US,United States,47.62328263700896,-122.32377651664234,t,House,Private room,2,1.0,1.0,1.0,Real Bed,"{Internet,""Wireless Internet"",Kitchen,Heating,Washer,Dryer,""Smoke Detector"",""Carbon Monoxide Detector"",""First Aid Kit"",""Fire Extinguisher"",Essentials,Shampoo,""Lock on Bedroom Door"",""24-Hour Check-in"",Hangers,""Hair Dryer"",Iron,""Laptop Friendly Workspace""}",,$68.00,$476.00,"$1,659.00",,,2,$0.00,2,1125,today,t,0,28,58,333,2016-01-04,67,2013-07-31,2016-01-02,91.0,9.0,9.0,10.0,10.0,10.0,9.0,f,,WASHINGTON,f,strict,f,f,18,2.26
6305798,https://www.airbnb.com/rooms/6305798,20160104002432,2016-01-04,Capitol Hill 2BR Apartment,"Clean and cozy 2 bedroom apartment right in the heart of Capitol Hill.  Just blocks from beautiful Volunteer Park and countless local restaurants, coffee shops, and bars.  You can walk downtown to Pike Place Market, or hop on a bus!","Our two bedroom apartment is cozy and practical for any traveller.  We have a fully stocked kitchen, laundry on site, and even a little backyard equipped with a grill!","Clean and cozy 2 bedroom apartment right in the heart of Capitol Hill.  Just blocks from beautiful Volunteer Park and countless local restaurants, coffee shops, and bars.  You can walk downtown to Pike Place Market, or hop on a bus! Our two bedroom apartment is cozy and practical for any traveller.  We have a fully stocked kitchen, laundry on site, and even a little backyard equipped with a grill! You'll have access to the entire apartment, yard, and laundry building. I'll be here when you arrive to give you the key, after which you'll have the place completely to yourself.  You can call me if you have any questions or need help with anything. There are countless delicous restaurants, comfortable coffee shops, unique bars, and all sorts of boutiques and thrift stores within a few blocks of our apartment.  If you walk two blocks North of our apartment you will reach Volunteer Park, and you can continue walking through beautiful neighborhoods with historic mansions.  If you're looking fo",none,"There are countless delicous restaurants, comfortable coffee shops, unique bars, and all sorts of boutiques and thrift stores within a few blocks of our apartment.  If you walk two blocks North of our apartment you will reach Volunteer Park, and you can continue walking through beautiful neighborhoods with historic mansions.  If you're looking for exciting nightlife the lively Pike/Pine area of Capitol Hill, filled with bars, clubs, and music venues, is just a 10 minute walk away.  There are 4 different grocery stores within walking distance.","Although we don't have air conditioning, our apartment stays very cool all summer long thanks to the trees around us!","There are numerous bus lines just blocks away.  If you have a car, there is plenty of long term street parking right outside.",,,https://a2.muscache.com/ac/pictures/78767496/9a590c32_original.jpg?interpolation=lanczos-none&size=large_cover&output-format=jpg&output-quality=70,,32276233,https://www.airbnb.com/users/show/32276233,Gretchen,2015-04-30,"Seattle, Washington, United States",,,,,f,"https://a0.muscache.com/ac/users/32276233/profile_pic/1430973947/original.jpg?interpolation=lanczos-none&crop=w:w;*,*&crop=h:h;*,*&resize=50:*&output-format=jpg&output-quality=70","https://a0.muscache.com/ac/users/32276233/profile_pic/1430973947/original.jpg?interpolation=lanczos-none&crop=w:w;*,*&crop=h:h;*,*&resize=225:*&output-format=jpg&output-quality=70",Capitol Hill,1.0,1.0,"['email', 'phone', 'reviews']",t,f,"12th Avenue East, Seattle, WA 98102, United States",Capitol Hill,Broadway,Capitol Hill,Seattle,WA,98102,Seattle,"Seattle, WA",US,United States,47.62595730381212,-122.31780468586264,t,Apartment,Entire home/apt,4,1.0,2.0,2.0,Real Bed,"{Internet,""Wireless Internet"",Kitchen,Heating,Washer,Dryer,""Smoke Detector"",""Carbon Monoxide Detector"",Essentials}",,$134.00,$900.00,,$134.00,,1,$0.00,2,1125,8 months ago,t,0,0,0,216,2016-01-04,1,2015-05-25,2015-05-25,100.0,10.0,10.0,10.0,10.0,10.0,10.0,f,,WASHINGTON,f,strict,f,f,1,0.13
4009295,https://www.airbnb.com/rooms/4009295,20160104002432,2016-01-04,99 Comfy 1Bed in Cap Hill,A newly renovated and very spacious and comfortable 1 bedroom unit right in the heart of cap hill.,,A newly renovated and very spacious and comfortable 1 bedroom unit right in the heart of cap hill. Can't get a reservation for your desired dates? Price isn't right? Want to see more options? Check out our other listings in the area: Lux 1BD in CapHill. 97 Walkscore - https://www.airbnb.com/rooms/2004931 Open 1Bed in Cap Hill - https://www.airbnb.com/rooms/1954452,none,Can't get a reservation for your desired dates? Price isn't right? Want to see more options? Check out our other listings in the area: Lux 1BD in CapHill. 97 Walkscore - https://www.airbnb.com/rooms/2004931 Open 1Bed in Cap Hill - https://www.airbnb.com/rooms/1954452,,,https://a2.muscache.com/ac/pictures/51131188/ce1d56f6_original.jpg?interpolation=lanczos-none&size=small&output-format=jpg&output-quality=70,https://a2.muscache.com/im/pictures/51131188/ce1d56f6_original.jpg?aki_policy=medium,https://a2.muscache.com/ac/pictures/51131188/ce1d56f6_original.jpg?interpolation=lanczos-none&size=large_cover&output-format=jpg&output-quality=70,https://a2.muscache.com/ac/pictures/51131188/ce1d56f6_original.jpg?interpolation=lanczos-none&size=x_large_cover&output-format=jpg&output-quality=70,8534462,https://www.airbnb.com/users/show/8534462,Daniela,2013-08-30,"Seattle, Washington, United States",It would be my pleasure to share and explore this wonderful city with you!,within an hour,100%,100%,t,"https://a2.muscache.com/ac/pictures/a4d7d053-c04c-47c2-8264-1163be7a4902.jpg?interpolation=lanczos-none&crop=w:w;*,*&crop=h:h;*,*&resize=50:*&output-format=jpg&output-quality=70","https://a2.muscache.com/ac/pictures/a4d7d053-c04c-47c2-8264-1163be7a4902.jpg?interpolation=lanczos-none&crop=w:w;*,*&crop=h:h;*,*&resize=225:*&output-format=jpg&output-quality=70",Belltown,48.0,48.0,"['email', 'phone', 'facebook', 'reviews', 'kba']",t,t,"Harvard Avenue East, Seattle, WA 98102, United States",Capitol Hill,Broadway,Capitol Hill,Seattle,WA,98102,Seattle,"Seattle, WA",US,United States,47.6182231148292,-122.32319176338969,t,Apartment,Entire home/apt,3,1.0,1.0,1.0,Real Bed,"{TV,Internet,""Wireless Internet"",Kitchen,""Elevator in Building"",Heating,Washer,Dryer,""Smoke Detector"",""Carbon Monoxide Detector"",""First Aid Kit"",""Safety Card"",""Fire Extinguisher"",Essentials,Shampoo}",,$169.00,"$1,100.00",,$300.00,$50.00,2,$15.00,14,1125,a week ago,t,30,60,90,179,2016-01-04,44,2014-09-06,2015-09-07,94.0,10.0,10.0,10.0,10.0,10.0,9.0,f,,WASHINGTON,f,strict,t,t,3,2.72
10334184,https://www.airbnb.com/rooms/10334184,20160104002432,2016-01-04,Historic Capitol Hill Garden Apt.,"Perfectly situated off Broadway in a quiet part of the hill, walking distance to some of the City's best restaurants, bars and other forms of entertainment, plus beautiful citywide views from nearby Volunteer Park.","One of the Hill's last historic spaces, this second floor apartment was built in 1943 to accommodate USAF officers for the duration of the war. Includes access to a beautifully kept garden and free parking, plus easy transport links and waling access to the entire city.","Perfectly situated off Broadway in a quiet part of the hill, walking distance to some of the City's best restaurants, bars and other forms of entertainment, plus beautiful citywide views from nearby Volunteer Park. One of the Hill's last historic spaces, this second floor apartment was built in 1943 to accommodate USAF officers for the duration of the war. Includes access to a beautifully kept garden and free parking, plus easy transport links and waling access to the entire city. The entire home/apt. is yours to enjoy. You will have a set of keys to the main front door, as well as the entry doors to the unit itself (front and back). I will typically be available via phone or email during your stay. Capitol Hill is the epicenter of the city for nightlife, gourmet food and drink as well as an extremely broad array of cultural activities. It's also regarded as the most LGBT-friendly area of the city. There's a bus line out the front door as well as Uber, Lyft and taxis everywhere you loo",none,"Capitol Hill is the epicenter of the city for nightlife, gourmet food and drink as well as an extremely broad array of cultural activities. It's also regarded as the most LGBT-friendly area of the city.",,"There's a bus line out the front door as well as Uber, Lyft and taxis everywhere you look, plus a subway opening in early 2016!",https://a2.muscache.com/ac/pictures/79b86e7a-f26a-4b1f-b716-34eff88138f5.jpg?interpolation=lanczos-none&size=small&output-format=jpg&output-quality=70,https://a2.muscache.com/im/pictures/79b86e7a-f26a-4b1f-b716-34eff88138f5.jpg?aki_policy=medium,https://a2.muscache.com/ac/pictures/79b86e7a-f26a-4b1f-b716-34eff88138f5.jpg?interpolation=lanczos-none&size=large_cover&output-format=jpg&output-quality=70,https://a2.muscache.com/ac/pictures/79b86e7a-f26a-4b1f-b716-34eff88138f5.jpg?interpolation=lanczos-none&size=x_large_cover&output-format=jpg&output-quality=70,53065829,https://www.airbnb.com/users/show/53065829,Gabriel,2016-01-02,"Seattle, Washington, United States","Independent business owner ((website hidden)) and world traveler, now back home in the glorious PNW - allow me to introduce you to this wonderful city!",,,,f,"https://a2.muscache.com/ac/pictures/d3d8614b-e2d1-485c-9ed2-284f6f9090c8.jpg?interpolation=lanczos-none&crop=w:w;*,*&crop=h:h;*,*&resize=50:*&output-format=jpg&output-quality=70","https://a2.muscache.com/ac/pictures/d3d8614b-e2d1-485c-9ed2-284f6f9090c8.jpg?interpolation=lanczos-none&crop=w:w;*,*&crop=h:h;*,*&resize=225:*&output-format=jpg&output-quality=70",Capitol Hill,1.0,1.0,"['email', 'phone']",t,f,"10th Avenue East, Seattle, WA 98102, United States",Capitol Hill,Broadway,Capitol Hill,Seattle,WA,98102,Seattle,"Seattle, WA",US,United States,47.62650039469603,-122.31985143306252,t,Apartment,Entire home/apt,2,1.0,1.0,1.0,Real Bed,"{TV,Internet,""Wireless Internet"",Kitchen,""Free Parking on Premises"",Heating,""Family/Kid Friendly"",""Smoke Detector"",""Carbon Monoxide Detector"",""Fire Extinguisher"",Essentials,Hangers,Iron,""Laptop Friendly Workspace""}",,$120.00,,,,,1,$0.00,2,1125,today,t,26,56,86,361,2016-01-04,0,,,,,,,,,,f,,WASHINGTON,f,flexible,f,f,1,
1159111,https://www.airbnb.com/rooms/1159111,20160104002432,2016-01-04,Capitol Hill 2 BR - St. John's #203,"#203, a 2BR/1BA apartment, is on the corner of the building, with a bay window in the living room giving a great view down to bustling Pike street. It can sleep up to 6, and is a block from many bus lines going all over the city. A cozy urban oasis!","This apartment can sleep up to six.  There's a queen in the master bedroom, two adult sized (extra long) twins in the second bedroom, and a queen sized super high-quality sleeper sofa in the living room.  The place is very nicely furnished and decorated, comfortable and perfect for a vacation or business stay in Seattle. We're located in Seattle's most popular neighborhood, Capitol Hill, right in the Pike/Pine corridor, in the midst of lots of shops, restaurants and bars.  There's lots of nightlife in our area.  We're just 8 blocks walking distance to the Washington State Convention Center and just a few more to the middle of downtown Seattle.  One of the best things about our location is that we have a large 24-hr grocery store right across the street; nothing could be more convenient. There is a bus stop one block from us and it's easy just to walk downtown.  We do have a parking lot behind the building but we're in such a great location a car is more of a hinderance than a convenien","#203, a 2BR/1BA apartment, is on the corner of the building, with a bay window in the living room giving a great view down to bustling Pike street. It can sleep up to 6, and is a block from many bus lines going all over the city. A cozy urban oasis! This apartment can sleep up to six.  There's a queen in the master bedroom, two adult sized (extra long) twins in the second bedroom, and a queen sized super high-quality sleeper sofa in the living room.  The place is very nicely furnished and decorated, comfortable and perfect for a vacation or business stay in Seattle. We're located in Seattle's most popular neighborhood, Capitol Hill, right in the Pike/Pine corridor, in the midst of lots of shops, restaurants and bars.  There's lots of nightlife in our area.  We're just 8 blocks walking distance to the Washington State Convention Center and just a few more to the middle of downtown Seattle.  One of the best things about our location is that we have a large 24-hr grocery store right acros",none,"Capitol Hill is Seattle's most dynamic neighborhood. There is so much going on - food, entertainment, and more! In each unit there is a guest book with a guide I wrote to the neighborhood including recommendations for good eats and cultural attractions. Want a fancy cocktail? Want to relax at the spa? Want to see internationally famous musicians? Or just try some of Seattle's famous gourmet ice cream with the family? You're within three blocks of all of these possibilities and so many more!","Infants under 2 are an additional $10 per night. We do have a pack n play that we will set up upon request, please notify us that you will need it upon booking. We have 8 short term rental units in the same building! All are available on AirBnB, so check out the other listings if this one is booked for the dates you'd like to stay with us. We have Studios, 1- and 2-bedroom units. To check out all of our listings, go to my profile page by clicking my profile picture!","There's tons of easy public transportation around - we are within 1 block of 8 different bus lines, and within a few blocks of a handful more. It is easy to get here from the airport using public transportation for part or all of the way by taking the light rail train to downtown and then going the remaining half mile either by transferring to a bus, taxi, or just walking (we are about a 20 minute walk from Westlake Station).  To incentivise people not to drive, we have a deal with Über, a taxi alternative car company, for $20 off your first ride for new users; see the card in the handbook in the unit for the promo code! We are in a very dense part of the city and recommend against renting a car, as driving and parking is a headache in Seattle's traffic and there are so many easy alternatives. However, some people have to drive, and for them, we do have parking spots available behind our building. Parking is not included in the rate; let us know if you would like to reserve a parking p",https://a1.muscache.com/ac/pictures/17434787/12871c09_original.jpg?interpolation=lanczos-none&size=small&output-format=jpg&output-quality=70,https://a1.muscache.com/im/pictures/17434787/12871c09_original.jpg?aki_policy=medium,https://a1.muscache.com/ac/pictures/17434787/12871c09_original.jpg?interpolation=lanczos-none&size=large_cover&output-format=jpg&output-quality=70,https://a1.muscache.com/ac/pictures/17434787/12871c09_original.jpg?interpolation=lanczos-none&size=x_large_cover&output-format=jpg&output-quality=70,1787819,https://www.airbnb.com/users/show/1787819,Christine,2012-02-21,"Seattle, Washington, United States","I'm Christine, the short term rentals manager for St. John's Apartments. I'll be your go-to gal for all questions on bookings. 

Mark Chambers and Oda Egeland have owned St. John's since January 2005.  When they bought it they were enchanted by the bones of the building.  Built in 1905, it has an old charm missing in newer buildings.  They went to work on it, remodeling every apartment, putting in new plumbing and electrical, and making it modern in almost all conveniences (no dishwashers or elevator.)  Mark did most of the work himself.  We now have several short term apartments and 17 long term apartments.  It's a great building.  They live in the country, 30 miles from St. John's, and when one of their short terms is open they stay in them. I'm sure you'll love it too!

A little bit about me: Mark and Oda hired me to manage their short term rental units, and help out as their personal assistant for whatever else! I help them throw big parties in their country home, do renovations on their barn, and entertain them with terrible jokes. I'm a big art nerd and have converted the basement of St. John's into my studio space. I love to travel - but hate feeling touristy, so I love AirBnB's people-to-people way of seeing the world. My style of hosting is mostly just let you do your thing, but I love when people drop in my office for a chat and I'm always happy to dole out some advice on Seattle! I was born and raised in this city so I know it pretty well by now, despite a decade of living elsewhere in my short life. I wrote the neighborhood guide in the guest handbook in each unit, so you can also read about some of my favorite spots in there! 

I've been pondering this nugget lately: ""trade your cleverness in for awe."" Helps to look up at the sky; there's always something awe-inspiring going on up there.",within a day,93%,100%,f,"https://a2.muscache.com/ac/users/1787819/profile_pic/1401299439/original.jpg?interpolation=lanczos-none&crop=w:w;*,*&crop=h:h;*,*&resize=50:*&output-format=jpg&output-quality=70","https://a2.muscache.com/ac/users/1787819/profile_pic/1401299439/original.jpg?interpolation=lanczos-none&crop=w:w;*,*&crop=h:h;*,*&resize=225:*&output-format=jpg&output-quality=70",First Hill,8.0,8.0,"['email', 'phone', 'reviews', 'kba']",t,t,"East Pike Street, Seattle, WA 98122, United States",First Hill,Broadway,Capitol Hill,Seattle,WA,98122,Seattle,"Seattle, WA",US,United States,47.61484239747943,-122.32356914291928,t,Apartment,Entire home/apt,6,1.0,2.0,3.0,Real Bed,"{TV,""Cable TV"",Internet,""Wireless Internet"",""Air Conditioning"",Kitchen,""Buzzer/Wireless Intercom"",Heating,""Family/Kid Friendly"",Washer,Dryer,""Smoke Detector"",""Carbon Monoxide Detector"",""First Aid Kit"",""Fire Extinguisher"",Essentials,Shampoo}",,$204.00,"$1,148.00","$4,020.00",,$60.00,1,$0.00,3,90,4 days ago,t,27,57,80,327,2016-01-04,31,2013-06-07,2015-12-01,92.0,10.0,10.0,10.0,10.0,9.0,9.0,f,,WASHINGTON,f,strict,f,f,6,0.99
9368573,https://www.airbnb.com/rooms/9368573,20160104002432,2016-01-04,Modern House with Big Views,"Views of Seattle's landmarks fill nearly every window at this modern, 2-bed, 2.5-bath vacation rental house 2 miles from downtown, 3 miles from UW, and less than a mile from Capitol Hill.","At this elevated 2-bed, 2.5-bath vacation rental house, views of Seattle's landmarks fill nearly every window. The Space Needle. Lake Union. The downtown skyline. Gasworks Park. From coffee on the balcony, to cocktails in the living area and dinner at the table, the unmatched views will anchor your Seattle vacation.  Both bedrooms have Seattle and/or Lake Union views, too. Perfect for two couples traveling together, this 2-bedroom rental features 2.5 baths, so there's no waiting in line to get ready before heading out to explore.  About exploring: this rental, between Eastlake and Capitol Hill, is just a short bus ride from the heart of the city. Take a one-minute walk to the bus stop—no transfers necessary! Capitol Hill, the hub of Seattle's nightlife scene and countless restaurants, is less than a mile away. Or stick closer to home and stroll Volunteer Park, also less than a mile away.   INSIDE THE HOUSE Inside, modern and minimalist interiors let the views to take center stage. In t","Views of Seattle's landmarks fill nearly every window at this modern, 2-bed, 2.5-bath vacation rental house 2 miles from downtown, 3 miles from UW, and less than a mile from Capitol Hill. At this elevated 2-bed, 2.5-bath vacation rental house, views of Seattle's landmarks fill nearly every window. The Space Needle. Lake Union. The downtown skyline. Gasworks Park. From coffee on the balcony, to cocktails in the living area and dinner at the table, the unmatched views will anchor your Seattle vacation.  Both bedrooms have Seattle and/or Lake Union views, too. Perfect for two couples traveling together, this 2-bedroom rental features 2.5 baths, so there's no waiting in line to get ready before heading out to explore.  About exploring: this rental, between Eastlake and Capitol Hill, is just a short bus ride from the heart of the city. Take a one-minute walk to the bus stop—no transfers necessary! Capitol Hill, the hub of Seattle's nightlife scene and countless restaurants, is less than a m",none,"Our location, between Eastlake and Capitol Hill, is ideal for exploring. Catch a bus and be downtown in 10 minutes—we're less than 2 miles from the heart of the city. Nearby Capitol Hill is widely considered Seattle's best neighborhood, thanks to its range of eateries, bars, coffee shops, boutiques…you name it, this vibrant neighborhood has it.  Here to visit the University of Washington? The UW campus is just 3 miles away.  And when you some exercise and another gorgeous view, head to the Howe Street Stairs, just a short walk or jog away. Seattle's longest stairway, these 388 steps take you down Howe Street through Colonade Park and feature grand views of Lake Union.",,,https://a2.muscache.com/ac/pictures/b2e513dc-55a1-4fb1-bda0-a32510ce68be.jpg?interpolation=lanczos-none&size=small&output-format=jpg&output-quality=70,https://a2.muscache.com/im/pictures/b2e513dc-55a1-4fb1-bda0-a32510ce68be.jpg?aki_policy=medium,https://a2.muscache.com/ac/pictures/b2e513dc-55a1-4fb1-bda0-a32510ce68be.jpg?interpolation=lanczos-none&size=large_cover&output-format=jpg&output-quality=70,https://a2.muscache.com/ac/pictures/b2e513dc-55a1-4fb1-bda0-a32510ce68be.jpg?interpolation=lanczos-none&size=x_large_cover&output-format=jpg&output-quality=70,31148752,https://www.airbnb.com/users/show/31148752,Bo,2015-04-13,US,,within a few hours,99%,100%,f,"https://a2.muscache.com/ac/users/31148752/profile_pic/1434475320/original.jpg?interpolation=lanczos-none&crop=w:w;*,*&crop=h:h;*,*&resize=50:*&output-format=jpg&output-quality=70","https://a2.muscache.com/ac/users/31148752/profile_pic/1434475320/original.jpg?interpolation=lanczos-none&crop=w:w;*,*&crop=h:h;*,*&resize=225:*&output-format=jpg&output-quality=70",Holly,354.0,354.0,"['email', 'phone', 'linkedin', 'reviews', 'jumio']",t,t,"Broadway Avenue East, Seattle, WA 98102, United States",,Broadway,Capitol Hill,Seattle,WA,98102,Seattle,"Seattle, WA",US,United States,47.63556404486238,-122.321561887869,f,Apartment,Entire home/apt,6,2.5,2.0,2.0,Real Bed,"{TV,""Cable TV"",Internet,""Wireless Internet"",Kitchen,""Indoor Fireplace"",Heating,""Family/Kid Friendly"",Washer,Dryer,""Smoke Detector"",""Fire Extinguisher"",Essentials,Shampoo,""24-Hour Check-in"",Hangers,""Hair Dryer"",Iron}",,$295.00,,,,$175.00,1,$0.00,2,1125,today,t,27,57,87,362,2016-01-04,0,,,,,,,,,,f,,WASHINGTON,f,strict,f,f,8,
3773417,https://www.airbnb.com/rooms/3773417,20160104002432,2016-01-04,Capitol Hill 2bdr w/ Garage Parking,Open livingroom/dining room and kitchen. 2 Blocks from Broadway with a walkscore of 98 of 100 (info about walkscore in on the internet),"Potentially Bad News – for expectation setting: 1. There's no view – it's a canopy of trees in the summer or a bunch of sticks in the winter…which means the house in the summer is quite cool compared to others…more on this in “the Really Awesome"" section below. 2. It will feel like you're living in someone's house and they stashed a lot of things out of the way, ie this is not a full time AirBNB…but you're welcome to use anything that's available – take a Frisbee to the park, chairs to the park, use my mountain bike - I'll leave the combo to the lock, and various kitchen condiments – hot sauce, olive oil, etc. 3. Windowless  “bedroom"" – technically it's a den.  This room is more quiet and I place a fan at the doorway.  4. Sleeps 3* - I have a firm queen size bed which is an ikea Sultan memory foam on top of box springs, a twin mattress and a couch.  So you could even fit 4 people and no one sleeps on the floor.   5. No TV  The Really Awesome  1) Location – Capitol Hill, walkscore of 98","Open livingroom/dining room and kitchen. 2 Blocks from Broadway with a walkscore of 98 of 100 (info about walkscore in on the internet) Potentially Bad News – for expectation setting: 1. There's no view – it's a canopy of trees in the summer or a bunch of sticks in the winter…which means the house in the summer is quite cool compared to others…more on this in “the Really Awesome"" section below. 2. It will feel like you're living in someone's house and they stashed a lot of things out of the way, ie this is not a full time AirBNB…but you're welcome to use anything that's available – take a Frisbee to the park, chairs to the park, use my mountain bike - I'll leave the combo to the lock, and various kitchen condiments – hot sauce, olive oil, etc. 3. Windowless  “bedroom"" – technically it's a den.  This room is more quiet and I place a fan at the doorway.  4. Sleeps 3* - I have a firm queen size bed which is an ikea Sultan memory foam on top of box springs, a twin mattress and a couch.  So",none,"Grocery store – 24/7 and 2 blocks away You can walk to restaurants, coffee houses, cafes, and to bus stops located just 2 blocks away. ","Other not so important stuff: The building requires keys to enter and exit. I'll leave out an assortment of maps and other guides of Seattle. I have a sound bar that you can hook up a music player to via Bluetooth or headphone jack. Kitchen – pretty well stocked, for a bachelor.  Assortment of 2 pans, 2 pots and a couple glass things that can go in the oven.  Place settings for 6. Access to major highways (I-5, I-90, I-405 and I-520) are all just minutes away - perfect if you are commuting or interested in exploring outside of Seattle and into Bellevue, the San Juan Islands, Tacoma or the Olympic Coast. Guests with verified profiles will receive strongest consideration. Maximum 4 adult occupancy.",Bus routes easily take you downtown and north towards the University of Washington.,https://a1.muscache.com/ac/pictures/48696195/b5886b6e_original.jpg?interpolation=lanczos-none&size=small&output-format=jpg&output-quality=70,https://a1.muscache.com/im/pictures/48696195/b5886b6e_original.jpg?aki_policy=medium,https://a1.muscache.com/ac/pictures/48696195/b5886b6e_original.jpg?interpolation=lanczos-none&size=large_cover&output-format=jpg&output-quality=70,https://a1.muscache.com/ac/pictures/48696195/b5886b6e_original.jpg?interpolation=lanczos-none&size=x_large_cover&output-format=jpg&output-quality=70,1353882,https://www.airbnb.com/users/show/1353882,Mike,2011-10-31,"Seattle, Washington, United States",From: Seattle and East Coast.  I enjoy travelling and exercising.,,,,f,"https://a2.muscache.com/ac/users/1353882/profile_pic/1320065409/original.jpg?interpolation=lanczos-none&crop=w:w;*,*&crop=h:h;*,*&resize=50:*&output-format=jpg&output-quality=70","https://a2.muscache.com/ac/users/1353882/profile_pic/1320065409/original.jpg?interpolation=lanczos-none&crop=w:w;*,*&crop=h:h;*,*&resize=225:*&output-format=jpg&output-quality=70",Capitol Hill,2.0,2.0,"['email', 'phone', 'reviews', 'jumio']",t,t,"Belmont Avenue East, Seattle, WA 98102, United States",Capitol Hill,Broadway,Capitol Hill,Seattle,WA,98102,Seattle,"Seattle, WA",US,United States,47.62361834796357,-122.32245414074175,t,Apartment,Entire home/apt,3,1.0,2.0,2.0,Real Bed,"{Internet,Kitchen,""Free Parking on Premises"",""Elevator in Building"",Heating,Washer,Dryer,Essentials}",,$152.00,,,,$50.00,1,$0.00,4,14,4 months ago,t,30,60,89,89,2016-01-04,4,2014-08-13,2014-09-30,95.0,9.0,10.0,10.0,10.0,10.0,9.0,f,,WASHINGTON,f,moderate,f,f,2,0.24
9327585,https://www.airbnb.com/rooms/9327585,20160104002432,2016-01-04,504 Modern Studio on Capitol Hill,"This is a modern fully-furnished micro studio apartment in a brand new building on Capitol Hill. At Roy Street Commons you can enjoy your complete privacy and mingle with our other guests in our common areas, when it suits you.","This is a fully-furnished studio designed for one person, but the vast majority of couples who have stayed with us find the intimate space cozy. The unit is compact and the bathroom is separated from the rest of the studio by a curtain. Your completely private studio space includes the following: Closet Shelves Desk Lamp Full Sized Bed Refrigerator Microwave Sink Toilet Shower Central Air","This is a modern fully-furnished micro studio apartment in a brand new building on Capitol Hill. At Roy Street Commons you can enjoy your complete privacy and mingle with our other guests in our common areas, when it suits you. This is a fully-furnished studio designed for one person, but the vast majority of couples who have stayed with us find the intimate space cozy. The unit is compact and the bathroom is separated from the rest of the studio by a curtain. Your completely private studio space includes the following: Closet Shelves Desk Lamp Full Sized Bed Refrigerator Microwave Sink Toilet Shower Central Air You also have access to a common area, which includes the following amenities: Rooftop Deck with 360 degree views Fully-Equipped Kitchen Laundry Facilities Dishwasher Iron & Ironing Board Cable Television 100Mbps Wi-Fi Central Air As we value your time and privacy, we offer 24-hour check-in. The process is seamless and doesn't require any scheduling. On the morning of the day o",none,"Close to downtown, Capitol Hill is one of Seattle's prettiest and most-admired neighborhoods.","Should you not be able to book this particular studio, please check our other offerings by clicking on host and then all listings.","It's a short walk to Broadway and just a bit longer to downtown. 15th Ave, 3 blocks away, has many trendy cafes and restaurants. There is a Pronto bike share 100 yards away. There is a bus stop for downtown 300 yards away.",https://a2.muscache.com/ac/pictures/b38d4756-0c4c-4ed5-8d72-e80c30bde39c.jpg?interpolation=lanczos-none&size=small&output-format=jpg&output-quality=70,https://a2.muscache.com/im/pictures/b38d4756-0c4c-4ed5-8d72-e80c30bde39c.jpg?aki_policy=medium,https://a2.muscache.com/ac/pictures/b38d4756-0c4c-4ed5-8d72-e80c30bde39c.jpg?interpolation=lanczos-none&size=large_cover&output-format=jpg&output-quality=70,https://a2.muscache.com/ac/pictures/b38d4756-0c4c-4ed5-8d72-e80c30bde39c.jpg?interpolation=lanczos-none&size=x_large_cover&output-format=jpg&output-quality=70,42537846,https://www.airbnb.com/users/show/42537846,Eric,2015-08-25,"Seattle, Washington, United States",,within an hour,99%,100%,f,"https://a2.muscache.com/ac/pictures/a21126b7-ee57-4f46-982f-598e4546901f.jpg?interpolation=lanczos-none&crop=w:w;*,*&crop=h:h;*,*&resize=50:*&output-format=jpg&output-quality=70","https://a2.muscache.com/ac/pictures/a21126b7-ee57-4f46-982f-598e4546901f.jpg?interpolation=lanczos-none&crop=w:w;*,*&crop=h:h;*,*&resize=225:*&output-format=jpg&output-quality=70",Capitol Hill,17.0,17.0,"['email', 'phone', 'reviews', 'manual_offline']",t,t,"12th Avenue East, Seattle, WA 98102, United States",Capitol Hill,Broadway,Capitol Hill,Seattle,WA,98102,Seattle,"Seattle, WA",US,United States,47.62462334967815,-122.31616214847824,t,Apartment,Entire home/apt,2,1.0,0.0,1.0,Real Bed,"{TV,""Cable TV"",Internet,""Wireless Internet"",Kitchen,Heating,Washer,Dryer,""Fire Extinguisher"",Essentials,Shampoo,""24-Hour Check-in"",Hangers,""Hair Dryer"",Iron,""Laptop Friendly Workspace""}",,$69.00,$450.00,"$1,700.00",$95.00,$25.00,1,$0.00,1,1125,3 weeks ago,t,17,31,59,334,2016-01-04,10,2015-11-11,2015-12-19,90.0,8.0,10.0,9.0,9.0,10.0,9.0,f,,WASHINGTON,t,moderate,f,f,15,5.45
6492056,https://www.airbnb.com/rooms/6492056,20160104002432,2016-01-04,Spacious Capitol Hill house,"Lovely 1906 Capitol Hill home with two bedrooms and a large living space.  Located on a quiet, residential street blocks away from coffee shops, dining, nightlife and transit.  Walking distance to South Lake Union and easy access to Downtown.","This home was built in 1906 and has a wonderfully large, shaded porch and a spacious communal living space with a recently renovated kitchen. Two bedrooms upstairs provide ample sleeping area.  For reviews of the rooms and the area, see the comments left for the individual rooms of this property (Woodland and Sunset rooms), viewed by clicking the link to ""reviews of other properties.""","Lovely 1906 Capitol Hill home with two bedrooms and a large living space.  Located on a quiet, residential street blocks away from coffee shops, dining, nightlife and transit.  Walking distance to South Lake Union and easy access to Downtown. This home was built in 1906 and has a wonderfully large, shaded porch and a spacious communal living space with a recently renovated kitchen. Two bedrooms upstairs provide ample sleeping area.  For reviews of the rooms and the area, see the comments left for the individual rooms of this property (Woodland and Sunset rooms), viewed by clicking the link to ""reviews of other properties."" Keypad lock on the front door for easy access.  Free Wifi.  Guests are welcome to use the kitchen for cooking, and the dining room table seats 8 (or even 10). We're happy to answer any questions and provide local tourist information. This part of northern Capitol Hill is a real find, a wonderful mix of residential neighborhood, bustling commercial strips and wonderfu",none,"This part of northern Capitol Hill is a real find, a wonderful mix of residential neighborhood, bustling commercial strips and wonderful parks. Explore the Second Thursday neighborhood art walk, or swing by Joe Bar or Vivace for a cup of coffee on your way to the local Sunday morning farmer's market.  We recommend walking up to nearby Volunteer Park for an amazing view of the city.","There are two full beds, one futon (that can be made up with a memory foam topper) and one air mattress, providing sleeping space for a total of 8 folks.","We bike and walk, by preference, and are happy to provide recommendations about ways to explore the city.  This location offers the benefits of urban density, with a Walk Score of 93, a Transit Score 71 and a Bike Score of 83.  There is a Pronto bike share station two blocks away. Street parking is available, though is a bit tight.",,,https://a2.muscache.com/ac/pictures/81595164/2b7f9981_original.jpg?interpolation=lanczos-none&size=large_cover&output-format=jpg&output-quality=70,,8977034,https://www.airbnb.com/users/show/8977034,Hannah & Bec,2013-09-21,"Seattle, Washington, United States","Hannah and Bec are originally East Coasters living in Seattle.  Hannah is a scientist, teacher, baker, knitter, hiker and bicycle commuter who appreciates being outdoors as much as possible. Bec is a mover + shaker working to make the world a better place through doing business for good, while she goes on as many adventures as possible.  We love helping people discover this amazing city, and appreciate exploring other corners of the world.",within an hour,100%,100%,t,"https://a2.muscache.com/ac/users/8977034/profile_pic/1433524372/original.jpg?interpolation=lanczos-none&crop=w:w;*,*&crop=h:h;*,*&resize=50:*&output-format=jpg&output-quality=70","https://a2.muscache.com/ac/users/8977034/profile_pic/1433524372/original.jpg?interpolation=lanczos-none&crop=w:w;*,*&crop=h:h;*,*&resize=225:*&output-format=jpg&output-quality=70",Capitol Hill,3.0,3.0,"['email', 'phone', 'linkedin', 'reviews', 'jumio']",t,t,"Boylston Avenue East, Seattle, WA 98102, United States",Capitol Hill,Broadway,Capitol Hill,Seattle,WA,98102,Seattle,"Seattle, WA",US,United States,47.62511854513486,-122.32295932928496,t,House,Entire home/apt,6,2.0,2.0,3.0,Real Bed,"{""Wireless Internet"",Kitchen,""Free Parking on Premises"",Heating,""Smoke Detector"",""Carbon Monoxide Detector"",""First Aid Kit"",""Safety Card"",""Fire Extinguisher"",Essentials,Shampoo,Hangers,""Hair Dryer"",Iron}",,$420.00,,,$150.00,$150.00,4,$15.00,2,1125,2 weeks ago,t,0,0,0,202,2016-01-04,0,,,,,,,,,,f,,WASHINGTON,f,strict,f,f,2,
7073650,https://www.airbnb.com/rooms/7073650,20160104002432,2016-01-04,* Parkside Capitol Hill Jem *,"Sweet, well laid out one bedroom on a quiet tree lined street in very best area of capitol hill near volunteer park. Cleaned with natural prducts! Furnished, cozy & with everything you'll need for a comfortable stay in this beautiful city!",Bright and cozy,"Sweet, well laid out one bedroom on a quiet tree lined street in very best area of capitol hill near volunteer park. Cleaned with natural prducts! Furnished, cozy & with everything you'll need for a comfortable stay in this beautiful city! Bright and cozy Laundry on same floor, elevator Upon check in and available by phone. A few blocks from a beautiful parKs and Asian art museum, rental bikes right in front of building, walk to many lovely restaurants/bars and coffee shops. A few blocks away from busses that go downtown and the university district. #49, #43 & #10 metro busses. Right in front of the building there are rental bicycles!",none,"A few blocks from a beautiful parKs and Asian art museum, rental bikes right in front of building, walk to many lovely restaurants/bars and coffee shops.",,"A few blocks away from busses that go downtown and the university district. #49, #43 & #10 metro busses. Right in front of the building there are rental bicycles!",https://a2.muscache.com/ac/pictures/90161041/745b99cd_original.jpg?interpolation=lanczos-none&size=small&output-format=jpg&output-quality=70,https://a2.muscache.com/im/pictures/90161041/745b99cd_original.jpg?aki_policy=medium,https://a2.muscache.com/ac/pictures/90161041/745b99cd_original.jpg?interpolation=lanczos-none&size=large_cover&output-format=jpg&output-quality=70,https://a2.muscache.com/ac/pictures/90161041/745b99cd_original.jpg?interpolation=lanczos-none&size=x_large_cover&output-format=jpg&output-quality=70,37087453,https://www.airbnb.com/users/show/37087453,Sare,2015-06-29,"Seattle, Washington, United States","I'm an easy going gal who loves living in Seattle, enjoys nature, theatre and travel... and am excited to begin hosting in my cute little space!",within a day,50%,100%,f,"https://a1.muscache.com/ac/users/37087453/profile_pic/1435775668/original.jpg?interpolation=lanczos-none&crop=w:w;*,*&crop=h:h;*,*&resize=50:*&output-format=jpg&output-quality=70","https://a1.muscache.com/ac/users/37087453/profile_pic/1435775668/original.jpg?interpolation=lanczos-none&crop=w:w;*,*&crop=h:h;*,*&resize=225:*&output-format=jpg&output-quality=70",Capitol Hill,1.0,1.0,"['email', 'phone', 'reviews', 'jumio', 'kba']",t,t,"12th ave east, Seattle, WA 98102, United States",Capitol Hill,Broadway,Capitol Hill,Seattle,WA,98102,Seattle,"Seattle, WA",US,United States,47.62748202701772,-122.31615312297896,f,Apartment,Entire home/apt,2,1.0,1.0,1.0,Real Bed,"{TV,Internet,""Wireless Internet"",""Wheelchair Accessible"",Kitchen,""Elevator in Building"",Heating,Washer,Dryer,""Smoke Detector"",""First Aid Kit"",""Fire Extinguisher"",Essentials}",,$81.00,$490.00,"$1,750.00",$200.00,$50.00,2,$25.00,2,6,3 weeks ago,t,30,60,90,365,2016-01-04,9,2015-07-14,2015-10-22,100.0,10.0,10.0,10.0,10.0,10.0,10.0,f,,WASHINGTON,f,moderate,f,f,1,1.54
