id,listing_url,scrape_id,last_scraped,name,summary,space,description,experiences_offered,neighborhood_overview,notes,transit,thumbnail_url,medium_url,picture_url,xl_picture_url,host_id,host_url,host_name,host_since,host_location,host_about,host_response_time,host_response_rate,host_acceptance_rate,host_is_superhost,host_thumbnail_url,host_picture_url,host_neighbourhood,host_listings_count,host_total_listings_count,host_verifications,host_has_profile_pic,host_identity_verified,street,neighbourhood,neighbourhood_cleansed,neighbourhood_group_cleansed,city,state,zipcode,market,smart_location,country_code,country,latitude,longitude,is_location_exact,property_type,room_type,accommodates,bathrooms,bedrooms,beds,bed_type,amenities,square_feet,price,weekly_price,monthly_price,security_deposit,cleaning_fee,guests_included,extra_people,minimum_nights,maximum_nights,calendar_updated,has_availability,availability_30,availability_60,availability_90,availability_365,calendar_last_scraped,number_of_reviews,first_review,last_review,review_scores_rating,review_scores_accuracy,review_scores_cleanliness,review_scores_checkin,review_scores_communication,review_scores_location,review_scores_value,requires_license,license,jurisdiction_names,instant_bookable,cancellation_policy,require_guest_profile_picture,require_guest_phone_verification,calculated_host_listings_count,reviews_per_month
1317919,https://www.airbnb.com/rooms/1317919,20160104002432,2016-01-04,2Rms 2Queen Beds 2Bath Near Dwntwn ,,"This is a fully furnished 2 bedroom, 2 bath Suite. This Unit sleeps 6 people snug: 2 in Master queen bed, 2 in 2nd Queen bed, 2 more either the air mattress or couch for 5 & 6 There is a 3rd Bed room with a Bunk bed they can also be rented by you or another Guest. THIS UNIT IS A SHARED SPACE. Please either book the entire 3 bed room, entire 5 bed room house our the lower 2 bed room unit if you do not wish to share the space The house is set up as a duplex and this 2 rooms of a 3 bedroom unit.This is the upper section of the house with it's own keyless entry.  Downstairs is a 2 bedroom Suite, which is also open for reservations.  There is a locked door between upstairs and downstairs and downstairs has it's own separate keyless entry for added privacy. ADDITIONAL AMENITIES:   Keyless entry Fully stocked kitchen Full washer and dryer  Cable TV  Dvd player FREE wireless wifi Board games  Hair dryer in bathroom Large back yard Friendly neighbors Out Door Fire pit (*Must have permission in ","This is a fully furnished 2 bedroom, 2 bath Suite. This Unit sleeps 6 people snug: 2 in Master queen bed, 2 in 2nd Queen bed, 2 more either the air mattress or couch for 5 & 6 There is a 3rd Bed room with a Bunk bed they can also be rented by you or another Guest. THIS UNIT IS A SHARED SPACE. Please either book the entire 3 bed room, entire 5 bed room house our the lower 2 bed room unit if you do not wish to share the space The house is set up as a duplex and this 2 rooms of a 3 bedroom unit.This is the upper section of the house with it's own keyless entry.  Downstairs is a 2 bedroom Suite, which is also open for reservations.  There is a locked door between upstairs and downstairs and downstairs has it's own separate keyless entry for added privacy. ADDITIONAL AMENITIES:   Keyless entry Fully stocked kitchen Full washer and dryer  Cable TV  Dvd player FREE wireless wifi Board games  Hair dryer in bathroom Large back yard Friendly neighbors Out Door Fire pit (*Must have permission in ",none,,,,https://a0.muscache.com/ac/pictures/36968559/be9b117e_original.jpg?interpolation=lanczos-none&size=small&output-format=jpg&output-quality=70,https://a0.muscache.com/im/pictures/36968559/be9b117e_original.jpg?aki_policy=medium,https://a0.muscache.com/ac/pictures/36968559/be9b117e_original.jpg?interpolation=lanczos-none&size=large_cover&output-format=jpg&output-quality=70,https://a0.muscache.com/ac/pictures/36968559/be9b117e_original.jpg?interpolation=lanczos-none&size=x_large_cover&output-format=jpg&output-quality=70,862329,https://www.airbnb.com/users/show/862329,Prez & Cherie,2011-07-24,"Seattle, Washington, United States","Cherie and I are Seattle Natives with a taste for the world. We love LA, NY, MIA and all in between, but Seattle is our city. We are small business owners and thought Airbnb would be an interesting new venture at a less stressful pace.  We are very casual after business hours :) and a very social couple.  We enjoy meeting people from different cultures and love to entertain.

Prez:  I have been blessed with opportunities to travel many places (or at least many places to us), love new experiences and seeing historic land marks. We take pride in our city's beauty, rich culture and past good or bad.

I've worked for myself most of my life and love being creative . I enjoy graphic design, acting rapping, video production, editing, directing, ballin' and shot callin' (a little urban humor) LOL. I truly want to do everything. I was a volunteer fire fighter with the Seattle Fire Department, EMT and certified life guard. ( I told you I want to do everything)

I have a lot of day activity and nightlife connections with the transportation company I manage, if you want to do a little exploring- we've got the hook up.  We like to let our guests determine if they want some private personal time while using our space or want the works with sight seeing suggestions and even the option of tagging along with us for some fun. (Warning it can get a little crazy with us, especially once the party bus gets rolling, lol ). It is very common to see buses coming or going from our property at various hours of the day and night.  You can book airport / train / bus pick ups and drop off'(email hidden), please enter airbnb as the referral to receive a discount.

We are open to any and all guests as along as everyone is respectful and polite.  Your race, sexual preference or religion is respected as long as you extend the same respect. Our space has its own keyless entry so you're welcome to come and go as you please without worrying about disturbing the rest of the house. 

I hope to have you stay with us...check out our reviews and book a night!

PS: THIS IS NOT A 5 STAR HOTEL, WHATS IN THE PHOTOS IS IN THE HOUSE. 

Prez & Cherie
",within a few hours,89%,100%,f,"https://a2.muscache.com/ac/users/862329/profile_pic/1379540383/original.jpg?interpolation=lanczos-none&crop=w:w;*,*&crop=h:h;*,*&resize=50:*&output-format=jpg&output-quality=70","https://a2.muscache.com/ac/users/862329/profile_pic/1379540383/original.jpg?interpolation=lanczos-none&crop=w:w;*,*&crop=h:h;*,*&resize=225:*&output-format=jpg&output-quality=70",North Beacon Hill,11.0,11.0,"['email', 'phone', 'facebook', 'reviews', 'kba']",t,t,"23rd Avenue South, Seattle, WA 98144, United States",North Beacon Hill,North Beacon Hill,Beacon Hill,Seattle,WA,98144,Seattle,"Seattle, WA",US,United States,47.57764573484693,-122.30245216635872,t,House,Entire home/apt,6,2.0,2.0,3.0,Real Bed,"{TV,""Cable TV"",Internet,""Wireless Internet"",Kitchen,""Free Parking on Premises"",Heating,""Family/Kid Friendly"",Washer,Dryer,""Smoke Detector"",""First Aid Kit"",""Fire Extinguisher""}",,$169.00,,,$125.00,$75.00,2,$15.00,1,30,5 days ago,t,30,60,90,365,2016-01-04,0,,,,,,,,,,f,,WASHINGTON,f,strict,t,t,11,
392140,https://www.airbnb.com/rooms/392140,20160104002432,2016-01-04,Fantastic View! Close to Light Rail,,"Unique space in an altered 1907 Craftsman home on Beacon Hill with west facing deck * Fantastic View of Elliot Bay and the Olympic Mountain Range* One block from 2 bus lines which connect directly to Downtown Seattle, the medical district, and Amtrak station * Five blocks from light rail which connects you to SeaTac Airport, Sports Stadiums, Downtown Seattle, and Amtrak * Wi-Fi, parking, quiet neighborhood with easy access to everywhere. Your accommodation includes a large bedroom with California King bed, a full bath, a full kitchen, a large open living room with attached area for reading, meditation, or yoga practice.  My home is walking distance to 2 coffee shops, a Baja Mexican restaurant, Fillipino restaurant, and an East Indian restaurant.  A walk down the hill (or bus ride) takes you to the International District with many Asian restaurants to enjoy.  Come experience ""The Tinhouse"", where you can enjoy the calm of Beacon Hill with the city at your fingertips. **One note is that ","Unique space in an altered 1907 Craftsman home on Beacon Hill with west facing deck * Fantastic View of Elliot Bay and the Olympic Mountain Range* One block from 2 bus lines which connect directly to Downtown Seattle, the medical district, and Amtrak station * Five blocks from light rail which connects you to SeaTac Airport, Sports Stadiums, Downtown Seattle, and Amtrak * Wi-Fi, parking, quiet neighborhood with easy access to everywhere. Your accommodation includes a large bedroom with California King bed, a full bath, a full kitchen, a large open living room with attached area for reading, meditation, or yoga practice.  My home is walking distance to 2 coffee shops, a Baja Mexican restaurant, Fillipino restaurant, and an East Indian restaurant.  A walk down the hill (or bus ride) takes you to the International District with many Asian restaurants to enjoy.  Come experience ""The Tinhouse"", where you can enjoy the calm of Beacon Hill with the city at your fingertips. **One note is that ",none,,,,https://a1.muscache.com/ac/pictures/4415509/30a7e021_original.jpg?interpolation=lanczos-none&size=small&output-format=jpg&output-quality=70,https://a1.muscache.com/im/pictures/4415509/30a7e021_original.jpg?aki_policy=medium,https://a1.muscache.com/ac/pictures/4415509/30a7e021_original.jpg?interpolation=lanczos-none&size=large_cover&output-format=jpg&output-quality=70,https://a1.muscache.com/ac/pictures/4415509/30a7e021_original.jpg?interpolation=lanczos-none&size=x_large_cover&output-format=jpg&output-quality=70,3313235,https://www.airbnb.com/users/show/3313235,Leslie,2012-08-20,"Seattle, Washington, United States","I am a self-employed contractor currently transitioning into health care.  I have lived in Seattle and the Tinhouse for 14 or so years.  I am originally from southern Louisiana which I am eternally grateful for, but the Pacific Northwest climate and nature is the place for me these days.  My delights are hiking, learning languages, rock climbing, yoga, mushroom gathering, meditation, and pretending to play accordion.  I start each day with a cup of tea, usually black, sometimes green, so know that there's plenty at your finger tips if you come to the Tinhouse.  I look forward to meeting you if your travels bring you to Tinhouse on Beacon Hill. (P.S.) The references to Leah in the reviews are for my neighbor Leah, who managed the Tinhouse while I was away for 5 weeks.  Please pardon any confusion",within a few hours,75%,100%,f,"https://a0.muscache.com/ac/users/3313235/profile_pic/1348489831/original.jpg?interpolation=lanczos-none&crop=w:w;*,*&crop=h:h;*,*&resize=50:*&output-format=jpg&output-quality=70","https://a0.muscache.com/ac/users/3313235/profile_pic/1348489831/original.jpg?interpolation=lanczos-none&crop=w:w;*,*&crop=h:h;*,*&resize=225:*&output-format=jpg&output-quality=70",North Beacon Hill,1.0,1.0,"['email', 'phone', 'reviews']",t,f,"13th Ave S, Seattle, WA 98144, United States",North Beacon Hill,North Beacon Hill,Beacon Hill,Seattle,WA,98144,Seattle,"Seattle, WA",US,United States,47.58513027441332,-122.31526144655828,t,House,Private room,2,1.0,1.0,1.0,Real Bed,"{Internet,""Wireless Internet"",Kitchen,""Free Parking on Premises"",Heating,""First Aid Kit"",""Fire Extinguisher"",Essentials}",,$75.00,,,,,1,$15.00,2,7,2 months ago,t,30,60,90,365,2016-01-04,137,2012-05-06,2015-12-07,97.0,10.0,9.0,10.0,10.0,9.0,9.0,f,,WASHINGTON,f,flexible,f,f,1,3.07
3139972,https://www.airbnb.com/rooms/3139972,20160104002432,2016-01-04,Red Bed in a Green Room,I have a small space with a single bed. It is more like an alcove that is made private by a heavy curtain. This space is perfect for someone who is planning on being out and about  a lot! When you close the curtain it is private. t is small but better than sleeping with four people in a hostel. This is not a place to be if you plan on hanging out a lot. It was never intended for this purpose.,"Thank you for reading my whole post before you book. It is important so that you will not be surprised.  We are a home with people living here and it is not hotel quality. It is our home. Please have reasonable expectations before you book. This is an adventure not typical at all. 100+ year old house. Not spic and span...if you are looking for or need that please choose another listing. I do my best to keep it clean, we have busy lives and people coming and going. Rather than being disappointed and writing terrible reviews that hurt both of us, please consider yourself and your needs beforehand. I have dogs and cats. I have other people living in my house who will share the bathroom.  If you are remotely allergic to animal dander, please don't try to book with me... Shared bathroom with one more airbnb space and housemates. This is a very small space. It is not meant to hang out in and stay for extended periods of time unless we discuss things in advance (best for 2 to 4 nights max). I","I have a small space with a single bed. It is more like an alcove that is made private by a heavy curtain. This space is perfect for someone who is planning on being out and about  a lot! When you close the curtain it is private. t is small but better than sleeping with four people in a hostel. This is not a place to be if you plan on hanging out a lot. It was never intended for this purpose. Thank you for reading my whole post before you book. It is important so that you will not be surprised.  We are a home with people living here and it is not hotel quality. It is our home. Please have reasonable expectations before you book. This is an adventure not typical at all. 100+ year old house. Not spic and span...if you are looking for or need that please choose another listing. I do my best to keep it clean, we have busy lives and people coming and going. Rather than being disappointed and writing terrible reviews that hurt both of us, please consider yourself and your needs beforehand. I",none,"This neighborhood is residential yet close to golfing, skate park, tennis courts and a large urban park for walking. Bus and Light Rail within walking distance, I-5 and I-90 is within minutes. Beacon Hill is the most diverse in Seattle and if you listen you will see and hear people from all around the globe. It is quiet at night and it is as safe. However you have to be aware of your surroundings as in all cities. Beacon Hill is NOT right next to downtown. It is a neighborhood to the south of the city. It is a 20 minute bus ride to the downtown core, a 8 to 10 minute train ride to the downtown core. It is out of the fray but still very much a part of Seattle. It is a growing and changing neighborhood which is kinda nice. It is less ""slick"" and a lot more funky than the more ""developed"" parts of Seattle. This is not walking distance to downtown...you can but it will take 50 minutes.  Please look at the map and judge this distance for yourself so you can determine if this is going to wor","I have 4 cats, and my daughter has a dog! Must love cats and dogs! They are funny and adorable and please make sure you don't have any animal allergies or fears of animals. They are around all the time and are interested in our guests. One in particular loves to sleep with you if you are willing, and you are always welcome to close the door and shoo them (URL HIDDEN) long as you are nice..:))","NO#36 is 2 blocks, #60 5 blocks, and the link light rail is 5 blocks.",https://a2.muscache.com/ac/pictures/40040741/ee48abbc_original.jpg?interpolation=lanczos-none&size=small&output-format=jpg&output-quality=70,https://a2.muscache.com/im/pictures/40040741/ee48abbc_original.jpg?aki_policy=medium,https://a2.muscache.com/ac/pictures/40040741/ee48abbc_original.jpg?interpolation=lanczos-none&size=large_cover&output-format=jpg&output-quality=70,https://a2.muscache.com/ac/pictures/40040741/ee48abbc_original.jpg?interpolation=lanczos-none&size=x_large_cover&output-format=jpg&output-quality=70,3404649,https://www.airbnb.com/users/show/3404649,Mia,2012-08-28,"Seattle, Washington, United States","I live an artistic life and make my living as a clothing designer.  We have a studio at home, and as a former Waldorf teacher, I also  tutor.    I share my home with my college age daughter(s) and four funny cats and a dog. I also have a housemate.   I enjoy cooking big dinners, entertaining friends and family, meeting new people and thinking of creative ways to spend my time. I try to live lightly on the earth.

I have two airbnb spaces and they share the same wall. You should know this so it is not a surprise that you are going to be sharing my ""Inn"". We are all very respectful of our guests regarding noise to the best of our ability without feeling like a guest in my own home.

We live in a very beautiful location with a view of the Cascade Mtns. and Lake Washington.  

Traveling light is always a goal, staying in simple accommodations the best, and I love to explore cultures.  We are very easy going, and know a lot about Seattle and the surrounding area.  

 Making life a masterpiece is my motto.....I love my life! 
",within a day,90%,100%,f,"https://a1.muscache.com/ac/users/3404649/profile_pic/1373698558/original.jpg?interpolation=lanczos-none&crop=w:w;*,*&crop=h:h;*,*&resize=50:*&output-format=jpg&output-quality=70","https://a1.muscache.com/ac/users/3404649/profile_pic/1373698558/original.jpg?interpolation=lanczos-none&crop=w:w;*,*&crop=h:h;*,*&resize=225:*&output-format=jpg&output-quality=70",North Beacon Hill,2.0,2.0,"['email', 'phone', 'reviews', 'kba']",t,t,"19th Avenue South, Seattle, WA 98144, United States",North Beacon Hill,North Beacon Hill,Beacon Hill,Seattle,WA,98144,Seattle,"Seattle, WA",US,United States,47.5718625553106,-122.30666680304267,t,House,Shared room,1,1.0,1.0,1.0,Real Bed,"{Internet,""Wireless Internet"",""Free Parking on Premises"",""Pets live on this property"",Dog(s),Cat(s),""Other pet(s)"",Heating,""Smoke Detector"",""Safety Card"",""Fire Extinguisher"",Essentials,Shampoo}",,$30.00,,,,$8.00,0,$0.00,1,1125,a week ago,t,18,48,78,353,2016-01-04,81,2014-06-08,2015-12-22,94.0,10.0,9.0,10.0,10.0,9.0,10.0,f,,WASHINGTON,f,moderate,t,t,2,4.22
10020221,https://www.airbnb.com/rooms/10020221,20160104002432,2016-01-04,Bright Suite in Cute and Close Area,"A large space with a beautiful hand-painted four post bed. Attached and private living room. Many windows. Feel free to use the kitchen and bathroom freely!  Three blocks from the metro and bus lines. Near supermarket, bars, coffee in safe area.",,"A large space with a beautiful hand-painted four post bed. Attached and private living room. Many windows. Feel free to use the kitchen and bathroom freely!  Three blocks from the metro and bus lines. Near supermarket, bars, coffee in safe area.",none,,,,https://a2.muscache.com/ac/pictures/39d84f09-4102-4e66-94d7-a68dc4b82f96.jpg?interpolation=lanczos-none&size=small&output-format=jpg&output-quality=70,https://a2.muscache.com/im/pictures/39d84f09-4102-4e66-94d7-a68dc4b82f96.jpg?aki_policy=medium,https://a2.muscache.com/ac/pictures/39d84f09-4102-4e66-94d7-a68dc4b82f96.jpg?interpolation=lanczos-none&size=large_cover&output-format=jpg&output-quality=70,https://a2.muscache.com/ac/pictures/39d84f09-4102-4e66-94d7-a68dc4b82f96.jpg?interpolation=lanczos-none&size=x_large_cover&output-format=jpg&output-quality=70,8312164,https://www.airbnb.com/users/show/8312164,Austin,2013-08-21,"Seattle, Washington, United States","Welcome to my home. We like gardening and cooking, and I am sure the little plants will treat you well!!!",within an hour,100%,100%,f,"https://a1.muscache.com/ac/users/8312164/profile_pic/1385066567/original.jpg?interpolation=lanczos-none&crop=w:w;*,*&crop=h:h;*,*&resize=50:*&output-format=jpg&output-quality=70","https://a1.muscache.com/ac/users/8312164/profile_pic/1385066567/original.jpg?interpolation=lanczos-none&crop=w:w;*,*&crop=h:h;*,*&resize=225:*&output-format=jpg&output-quality=70",North Beacon Hill,1.0,1.0,"['email', 'phone', 'linkedin', 'reviews', 'jumio']",t,t,"Beacon Avenue South, Seattle, WA 98144, United States",North Beacon Hill,North Beacon Hill,Beacon Hill,Seattle,WA,98144,Seattle,"Seattle, WA",US,United States,47.57706217874174,-122.30888762226849,t,House,Private room,2,1.0,1.0,1.0,Real Bed,"{Internet,""Wireless Internet"",Kitchen,""Free Parking on Premises"",Breakfast,Heating,Washer,Dryer,Essentials,""24-Hour Check-in"",Iron}",,$55.00,,,,,1,$0.00,1,1125,today,t,18,30,60,335,2016-01-04,1,2016-01-02,2016-01-02,100.0,10.0,10.0,10.0,10.0,10.0,10.0,f,,WASHINGTON,f,flexible,f,f,1,1.0
8759443,https://www.airbnb.com/rooms/8759443,20160104002432,2016-01-04,Comfy futon and couch w/ balcony,"Come stay with us at our new apartment 1 mile from downtown.  Easy access with lightrail, bus, or even a walk away from downtown Seattle.  Features all kitchen amenities, bathroom with tub and beautiful and spacious balcony to relax on.",,"Come stay with us at our new apartment 1 mile from downtown.  Easy access with lightrail, bus, or even a walk away from downtown Seattle.  Features all kitchen amenities, bathroom with tub and beautiful and spacious balcony to relax on.",none,,,,https://a2.muscache.com/ac/pictures/6546c44b-b8af-4d0f-ad95-7407d8dde454.jpg?interpolation=lanczos-none&size=small&output-format=jpg&output-quality=70,https://a2.muscache.com/im/pictures/6546c44b-b8af-4d0f-ad95-7407d8dde454.jpg?aki_policy=medium,https://a2.muscache.com/ac/pictures/6546c44b-b8af-4d0f-ad95-7407d8dde454.jpg?interpolation=lanczos-none&size=large_cover&output-format=jpg&output-quality=70,https://a2.muscache.com/ac/pictures/6546c44b-b8af-4d0f-ad95-7407d8dde454.jpg?interpolation=lanczos-none&size=x_large_cover&output-format=jpg&output-quality=70,27628925,https://www.airbnb.com/users/show/27628925,Emmett,2015-02-12,"Seattle, Washington, United States",Me and my girlfriend Barbara moved in together to this apartment.  We are excited to share our space with you and make it a comfortable stay.  Barbara is a flight attendant so she is constantly traveling and exploring whereas I work downtown and save up for our next travel experience.  Most recently we went to Alaska and before that through France and up to Amsterdam.  We used Air bnb the whole time and really appreciated staying in a home or apartment.  The ability to cook your own food and lay in bed and be in a nice residential area was our style of traveling.  ,within a few hours,100%,100%,f,"https://a2.muscache.com/ac/users/27628925/profile_pic/1444074917/original.jpg?interpolation=lanczos-none&crop=w:w;*,*&crop=h:h;*,*&resize=50:*&output-format=jpg&output-quality=70","https://a2.muscache.com/ac/users/27628925/profile_pic/1444074917/original.jpg?interpolation=lanczos-none&crop=w:w;*,*&crop=h:h;*,*&resize=225:*&output-format=jpg&output-quality=70",North Beacon Hill,2.0,2.0,"['email', 'phone', 'facebook', 'google', 'reviews', 'jumio']",t,t,"12th Avenue South, Seattle, WA 98144, United States",North Beacon Hill,North Beacon Hill,Beacon Hill,Seattle,WA,98144,Seattle,"Seattle, WA",US,United States,47.58852065693014,-122.31821875106144,t,Apartment,Shared room,2,1.0,1.0,2.0,Futon,"{TV,Internet,""Wireless Internet"",""Air Conditioning"",Kitchen,""Free Parking on Premises"",Heating,""Family/Kid Friendly"",Washer,Dryer,Essentials,Shampoo}",,$45.00,$230.00,,,$10.00,2,$10.00,1,3,today,t,9,9,9,9,2016-01-04,2,2015-10-14,2015-11-16,100.0,10.0,10.0,10.0,10.0,10.0,10.0,f,,WASHINGTON,t,flexible,f,f,2,0.72
6317449,https://www.airbnb.com/rooms/6317449,20160104002432,2016-01-04,Cozy Private Room on N. Beacon Hill,"Guest room sleeps 1 (twin bed). My apartment has a large open layout with a spacious living room, fully equipped kitchen, xlarge bathroom, and private deck space. Centrally located with easy access to mass transit, airport, train station, and Seattle attractions.","My apartment is the bottom unit of a duplex (I have long term renters in the upstairs apartment). We are on the top of Beacon Hill, with the back of the apartment looking out over the Rainer Valley. Beautiful views of the Cascades and stunning sunrises. The house has a large backyard and is gated off from the street.  Accessibility Information:  There are stairs up from the street and a few stairs up to my front door. Bathroom is wheelchair accessible Noise:  The house fronts a busy street which does get commuter traffic. My apartment is the bottom unit, so it does get noise from the upstairs apartment. You can hear people using the stairs to the upstairs unit, but besides that they are quiet neighbors.","Guest room sleeps 1 (twin bed). My apartment has a large open layout with a spacious living room, fully equipped kitchen, xlarge bathroom, and private deck space. Centrally located with easy access to mass transit, airport, train station, and Seattle attractions. My apartment is the bottom unit of a duplex (I have long term renters in the upstairs apartment). We are on the top of Beacon Hill, with the back of the apartment looking out over the Rainer Valley. Beautiful views of the Cascades and stunning sunrises. The house has a large backyard and is gated off from the street.  Accessibility Information:  There are stairs up from the street and a few stairs up to my front door. Bathroom is wheelchair accessible Noise:  The house fronts a busy street which does get commuter traffic. My apartment is the bottom unit, so it does get noise from the upstairs apartment. You can hear people using the stairs to the upstairs unit, but besides that they are quiet neighbors. Guest parking pass for ",none,"Blocks from grocery stores, parks, coffee shops, and restaurants.Great coffee shops, vegan bakery, restaurants, beautiful library, skate park, public golf course,edible food forest and bike paths. Grocery/Food stores:  Red Apple- 1 block  ABC Market (Asian/Latin Market)-1 block  Qfc-close 5min by car  Mutual Fish- close 5 mins by car Coffee:  The Station  Delite Bakery  Flours Bakery  Victrola Coffee  Restaurants:  Bar Del Corso  El Quetzal  Inay's  The Oak  Baja Bistro Activities:  Jefferson Park  -golf course  -playground  -skate park  -edible forest  Beacon Hill Library",,"One block from Beacon Hill Light Rail Station (easy access to airport, international district, downtown)  One block from Bus 36 & Bus 60. (goes to Capitol Hill and downtown)",https://a0.muscache.com/ac/pictures/78946024/b6dd6ffb_original.jpg?interpolation=lanczos-none&size=small&output-format=jpg&output-quality=70,https://a0.muscache.com/im/pictures/78946024/b6dd6ffb_original.jpg?aki_policy=medium,https://a0.muscache.com/ac/pictures/78946024/b6dd6ffb_original.jpg?interpolation=lanczos-none&size=large_cover&output-format=jpg&output-quality=70,https://a0.muscache.com/ac/pictures/78946024/b6dd6ffb_original.jpg?interpolation=lanczos-none&size=x_large_cover&output-format=jpg&output-quality=70,4183116,https://www.airbnb.com/users/show/4183116,Nilda,2012-11-18,DZ,,within an hour,100%,100%,f,"https://a1.muscache.com/ac/users/4183116/profile_pic/1433081321/original.jpg?interpolation=lanczos-none&crop=w:w;*,*&crop=h:h;*,*&resize=50:*&output-format=jpg&output-quality=70","https://a1.muscache.com/ac/users/4183116/profile_pic/1433081321/original.jpg?interpolation=lanczos-none&crop=w:w;*,*&crop=h:h;*,*&resize=225:*&output-format=jpg&output-quality=70",North Beacon Hill,2.0,2.0,"['email', 'phone', 'reviews']",t,f,"17th Avenue South, Seattle, WA 98144, United States",North Beacon Hill,North Beacon Hill,Beacon Hill,Seattle,WA,98144,Seattle,"Seattle, WA",US,United States,47.57958270715148,-122.30983247940922,t,Apartment,Private room,1,1.0,1.0,1.0,Real Bed,"{TV,""Cable TV"",""Wireless Internet"",Kitchen,""Free Parking on Premises"",Heating,Washer,Dryer,""Smoke Detector"",Essentials}",,$50.00,,,,$25.00,0,$0.00,2,7,3 months ago,t,20,50,79,79,2016-01-04,2,2015-06-03,2015-08-04,100.0,8.0,10.0,10.0,10.0,10.0,10.0,f,,WASHINGTON,f,moderate,f,f,2,0.28
6416765,https://www.airbnb.com/rooms/6416765,20160104002432,2016-01-04,Modern Townhome + Great Location,"Welcome to our open and modern living that's close to everything need in Downtown Seattle.  There are two bedrooms, each with its own bath.  Close to the light rail and bus transit that will take you downtown in 5-10 minutes.  No pets or smoking plz.","This townhome is very well thought out and provides a lot of light and peace. Free internet is included. There is a bathroom for each bedroom and each have its own floor. There is also a large TV with access to netflix and amazon prime! Note: During your stay, you will have access to the kitchen amenities (fridge, dishwater, microwave, hot water pot), however the stove and oven are restricted from use.","Welcome to our open and modern living that's close to everything need in Downtown Seattle.  There are two bedrooms, each with its own bath.  Close to the light rail and bus transit that will take you downtown in 5-10 minutes.  No pets or smoking plz. This townhome is very well thought out and provides a lot of light and peace. Free internet is included. There is a bathroom for each bedroom and each have its own floor. There is also a large TV with access to netflix and amazon prime! Note: During your stay, you will have access to the kitchen amenities (fridge, dishwater, microwave, hot water pot), however the stove and oven are restricted from use. Guests will have access to all parts of the house except for one of the upstair bedrooms and garage. Unfortunately I am usually out of town for work.  But never fear, there will be a housekeeping service available.  Their contact information will be available at the home.  And if you need to reach me for anything, you have my contact info. B",none,"Beacon Hill is growing everyday! There is a neighborhood grocery 2 blocks away, a handful a great restaurants within walking distance (some named best new spots in Seattle). If you like golf you can walk to the Jefferson golf course... they have a driving range too! There are parks spotted all throughout the area and great view points of downtown and the Seattle shipyards. **Huge Plus: if you are coming into town for a sporting event (MLB, MLS or NFL!) you can hop on the light rail and stop at the Stadium Station. Safe, easy and convenient!",,"If you do not want to rent a car, this is the perfect spot for you. You can get in from the airport hop on the light rail and 10 minutes later you are here. Quick access to downtown, no need to deal with parking... you can enjoy china town, the stadiums, pioneer square, the SAM or Westlake center... all for $2.50 a ride!",https://a0.muscache.com/ac/pictures/80442321/79ec364f_original.jpg?interpolation=lanczos-none&size=small&output-format=jpg&output-quality=70,https://a0.muscache.com/im/pictures/80442321/79ec364f_original.jpg?aki_policy=medium,https://a0.muscache.com/ac/pictures/80442321/79ec364f_original.jpg?interpolation=lanczos-none&size=large_cover&output-format=jpg&output-quality=70,https://a0.muscache.com/ac/pictures/80442321/79ec364f_original.jpg?interpolation=lanczos-none&size=x_large_cover&output-format=jpg&output-quality=70,5779421,https://www.airbnb.com/users/show/5779421,Kevin,2013-04-05,"Seattle, Washington, United States","My name is Kevin and I like to travel, eat and enjoy outdoor nature hikes.  I currently live in Seattle and occasionally travel to Vancouver for fun.",within an hour,100%,100%,f,"https://a0.muscache.com/ac/users/5779421/profile_pic/1365148907/original.jpg?interpolation=lanczos-none&crop=w:w;*,*&crop=h:h;*,*&resize=50:*&output-format=jpg&output-quality=70","https://a0.muscache.com/ac/users/5779421/profile_pic/1365148907/original.jpg?interpolation=lanczos-none&crop=w:w;*,*&crop=h:h;*,*&resize=225:*&output-format=jpg&output-quality=70",North Beacon Hill,1.0,1.0,"['email', 'phone', 'facebook', 'reviews', 'jumio']",t,t,"15th Avenue South, Seattle, WA 98144, United States",North Beacon Hill,North Beacon Hill,Beacon Hill,Seattle,WA,98144,Seattle,"Seattle, WA",US,United States,47.5846707019761,-122.31464507617191,t,Apartment,Entire home/apt,6,2.0,2.0,2.0,Real Bed,"{TV,Internet,""Wireless Internet"",Kitchen,""Free Parking on Premises"",""Indoor Fireplace"",Heating,""Family/Kid Friendly"",Washer,Dryer,""Smoke Detector"",""Carbon Monoxide Detector"",Essentials,Shampoo}",,$149.00,"$1,250.00","$4,500.00",$750.00,$125.00,6,$50.00,2,60,4 days ago,t,17,47,77,352,2016-01-04,21,2015-07-06,2015-12-01,87.0,9.0,10.0,10.0,10.0,8.0,9.0,f,,WASHINGTON,t,moderate,f,f,1,3.44
5056580,https://www.airbnb.com/rooms/5056580,20160104002432,2016-01-04,Soaring Crane Luxury Garden Retreat,"Gorgeous professionally-designed 850 square foot suite with separate entrance in a classic 1909 Seattle home. Beautiful gardens and an official backyard Wildlife Sanctuary. 5 min. walk to light rail and great access to the airport, downtown, mountains, parks, restaurants, pubs, cafes, and yoga. LGBTQ-friendly. Free parking.","Welcome to my professionally designed luxury 850 sq ft. suite with separate entrance and free parking. This beautiful and clean retreat is surrounded by an official backyard Wildlife Sanctuary as designated by the Washington State Department of Fish and Wildlife. Your suite is located on the ground floor of a fully remodeled 3-story 1909 classic Seattle home. The floor above your suite is my Acupuncture & Thai yoga massage office. The top floor is where we live. Your suite is tastefully appointed with Italian tile, handmade shoji screens, art from Thailand, new appliances, and real wood furniture. Stroll along the garden paths and experience the fragrances and textures of the plants. Listen to the birds as you greet the morning sun from your private patio surrounded by thick vegetation. Pick a juicy Italian plum from the 75 yr-old tree in the backyard. Complimentary organic coffee and a variety of organic teas are provided for your enjoyment. A bar of organic chocolate will be on your ","Gorgeous professionally-designed 850 square foot suite with separate entrance in a classic 1909 Seattle home. Beautiful gardens and an official backyard Wildlife Sanctuary. 5 min. walk to light rail and great access to the airport, downtown, mountains, parks, restaurants, pubs, cafes, and yoga. LGBTQ-friendly. Free parking. Welcome to my professionally designed luxury 850 sq ft. suite with separate entrance and free parking. This beautiful and clean retreat is surrounded by an official backyard Wildlife Sanctuary as designated by the Washington State Department of Fish and Wildlife. Your suite is located on the ground floor of a fully remodeled 3-story 1909 classic Seattle home. The floor above your suite is my Acupuncture & Thai yoga massage office. The top floor is where we live. Your suite is tastefully appointed with Italian tile, handmade shoji screens, art from Thailand, new appliances, and real wood furniture. Stroll along the garden paths and experience the fragrances and textu",none,"North Beacon Hill is a very diverse, welcoming, and gay-friendly up-and-coming Seattle neighborhood. It is centrally located with easy access to wherever you want to explore. - Walking distance to parks, restaurants, pubs, a grocery store, the library, a yoga studio, and a brewery (expected December, 2015). - Less than a 10-minute light rail ride to Columbia City, International District/Chinatown, CenturyLink football and Safeco baseball stadiums, and Pioneer Square.  - Less than a 10-minute drive to the VA, Harborview, Swedish and Providence hospitals. - 15 minute light rail ride to downtown Seattle. Favorite local restaurants, pubs, and cafes within walking distance: Restaurants/Bars - Bar Del Corso (Italian) - Baja Bistro (Mexican) - El Quetzal ( Mexican) - Traveler's Thali House (vegetarian Indian) Pubs with food - The Oak - Tippe & Drague - Perihelion Brewery (expected December, 2015) Coffee - Fresh Flours Bakery & Cafe - The Station - Victrola Coffee","'Tall' visitors: if you're over 6'2"", the shower may be a wee bit short for you. Other than that, this place is awesome! Your suite is located on the ground floor of a 3-story house. My Acupuncture/Thai yoga massage office is on the floor above your suite. During office hours (generally 8:30am-6:30pm Wed/Thur and Sat 8:30-4:00pm...though sometimes other days, too), you may occasionally hear client footsteps. My clients are very kind people. And, if I know you're here, we'll be extra quiet.","A quick 5-minute walk to the Beacon Hill light rail station, 2 blocks from Metro buses (#36 and #60), and a 5-minute drive to the I-5 and I-90 highways. The Mountains to Sound Bike and Walking Trail is nearby. Very easy access to the airport, stadiums, the International District, downtown Seattle, Pike Place Market, Space Needle, and ferries to Bainbridge Island and the Kitsap and Olympic Peninsulas. Parking is free and ample. You may park one vehicle in the private gravel driveway.",,,https://a0.muscache.com/ac/pictures/77815500/fc0c28e2_original.jpg?interpolation=lanczos-none&size=large_cover&output-format=jpg&output-quality=70,,193689,https://www.airbnb.com/users/show/193689,Eric,2010-08-06,"Seattle, Washington, United States","Schooled in finance and environmental science in Ohio, I've made my home in beautiful Seattle for the last 23 years. I've spent the last 19 years lovingly restoring my 1909 classic Seattle home by blending the charm of a 106-yr old house with modern amenities. I've surrounded my home with a private garden that is an official backyard Wildlife Sanctuary as designated by the Washington Department of Fish and Wildlife.

I love creating cool spaces using a minimalist approach. I've also remodeled the upstairs floor, which I use for my Acupuncture and Thai yoga massage office. I love when new and existing clients walk through the door, breathe a deep sigh, and say ""This place is amazing. Can I live here?!!""

When I'm not working and teaching workshops to other massage therapists, I'm spending time with my boyfriend and 17 yr-old son, in my garden, on my mt. bike, at the gym, doing research, making stuff with my hands, exploring the world, and being goofy.

Favorite places I've traveled include Bali, Laos, Nepal, New Zealand, Portugal, Spain and Thailand. I also love exploring the great Pacific Northwest and love playing in the woods on Whidbey Island. My short list for travel includes Austria, Iceland, Japan, Slovenia, and Vietnam.

Motto #1: Live a life of balance including work and play.

Motto #2: Do one day. Finish it. Then do the next when it comes.",within an hour,100%,100%,t,"https://a1.muscache.com/ac/users/193689/profile_pic/1431351336/original.jpg?interpolation=lanczos-none&crop=w:w;*,*&crop=h:h;*,*&resize=50:*&output-format=jpg&output-quality=70","https://a1.muscache.com/ac/users/193689/profile_pic/1431351336/original.jpg?interpolation=lanczos-none&crop=w:w;*,*&crop=h:h;*,*&resize=225:*&output-format=jpg&output-quality=70",North Beacon Hill,1.0,1.0,"['email', 'phone', 'google', 'reviews', 'jumio']",t,t,"17th Avenue South, Seattle, WA 98144, United States",North Beacon Hill,North Beacon Hill,Beacon Hill,Seattle,WA,98144,Seattle,"Seattle, WA",US,United States,47.58430063748111,-122.3117624747522,t,House,Entire home/apt,2,1.0,1.0,1.0,Real Bed,"{Internet,""Wireless Internet"",Kitchen,""Free Parking on Premises"",Heating,""Smoke Detector"",""Carbon Monoxide Detector"",""First Aid Kit"",""Safety Card"",""Fire Extinguisher"",Essentials,Shampoo}",,$99.00,$745.00,"$2,985.00",$100.00,$20.00,2,$0.00,31,365,a week ago,t,30,60,88,353,2016-01-04,100,2015-04-06,2015-12-31,100.0,10.0,10.0,10.0,10.0,10.0,10.0,f,,WASHINGTON,f,moderate,f,f,1,10.95
6793490,https://www.airbnb.com/rooms/6793490,20160104002432,2016-01-04,PRIVATE LITTLE BEACONHILL HOUSE,Cozy one  bedroom little house  has all you need for a few nights stay  can accommodate 3 people if shared bed and or  futon  small porch small yard   1 open bedroom  1 bathroom  living room kitchenette parking,"This  is a 1 bedroom 1 bath fully furnished two level small home.  Home has laminate wood floors throughout and new tile in kitchen and bathroom.  Kitchen is furnished with basic kitchenware.   Has frigde, stove, and basic kitchen items to be functional.  Full bathroom with shower, supplied with all paper products, towels and minimal bathroom supplies for your stay. Bedroom has one queen bed  with small closet and other sleeping area has a futon bed if needed  and are complete with linens/pillows/blankets. (can accommodate 3 people if beds are shared) Living room has  leather couch, coffee table and tv along with gas stove fireplace .   One parking spot  leading directly up to  home. Close to sound transit, cafes, market, bank,    No smoking and no pets in home.  This rental is for booked guests only and is not suitable for parties or any other social events or activities that go beyond the original guests.   Thank You Lori & Rob","Cozy one  bedroom little house  has all you need for a few nights stay  can accommodate 3 people if shared bed and or  futon  small porch small yard   1 open bedroom  1 bathroom  living room kitchenette parking This  is a 1 bedroom 1 bath fully furnished two level small home.  Home has laminate wood floors throughout and new tile in kitchen and bathroom.  Kitchen is furnished with basic kitchenware.   Has frigde, stove, and basic kitchen items to be functional.  Full bathroom with shower, supplied with all paper products, towels and minimal bathroom supplies for your stay. Bedroom has one queen bed  with small closet and other sleeping area has a futon bed if needed  and are complete with linens/pillows/blankets. (can accommodate 3 people if beds are shared) Living room has  leather couch, coffee table and tv along with gas stove fireplace .   One parking spot  leading directly up to  home. Close to sound transit, cafes, market, bank,    No smoking and no pets in home.  This rental is ",none,"Beacon hill neighborhood is centrally located with easy access to almost everything you need . Walking distance to parks, restaurants, pubs, grocery story, library, and a cafes. If you are coming into town for a sporting event (MLB, MLS or NFL!) you can jump on the light rail and stop at the Stadium Station. Safe, easy and convenient Less than a 10-minute drive to the VA, Harborview, Swedish and Providence hospitals.",,"House is  5-minute walk to the Beacon Hill light rail station, 2 blocks from Metro buses (#36 and #60), and a 5-minute drive to the I-5 and I-90 highways. The Mountains to Sound Bike and Walking Trail is nearby. Very easy access to the airport, stadiums, the International District, downtown Seattle, Pike Place Market, Space Needle, and ferries to Bainbridge Island and the Kitsap and Olympic Peninsulas",https://a2.muscache.com/ac/pictures/93012758/cf82ce55_original.jpg?interpolation=lanczos-none&size=small&output-format=jpg&output-quality=70,https://a2.muscache.com/im/pictures/93012758/cf82ce55_original.jpg?aki_policy=medium,https://a2.muscache.com/ac/pictures/93012758/cf82ce55_original.jpg?interpolation=lanczos-none&size=large_cover&output-format=jpg&output-quality=70,https://a2.muscache.com/ac/pictures/93012758/cf82ce55_original.jpg?interpolation=lanczos-none&size=x_large_cover&output-format=jpg&output-quality=70,5507055,https://www.airbnb.com/users/show/5507055,Lori & Rob,2013-03-17,"Seattle, Washington, United States","Hello , we enjoy hosting people from around the world as well as our locals.  We live in Seattle and love sharing our ideas of a great time and help facilitate your needs while our guests are here for a short time or long business trip or vacation.  ",within an hour,100%,100%,f,"https://a0.muscache.com/ac/users/5507055/profile_pic/1364186270/original.jpg?interpolation=lanczos-none&crop=w:w;*,*&crop=h:h;*,*&resize=50:*&output-format=jpg&output-quality=70","https://a0.muscache.com/ac/users/5507055/profile_pic/1364186270/original.jpg?interpolation=lanczos-none&crop=w:w;*,*&crop=h:h;*,*&resize=225:*&output-format=jpg&output-quality=70",South Delridge,2.0,2.0,"['email', 'phone', 'reviews', 'kba']",t,t,"16th Avenue South, Seattle, WA 98144, United States",North Beacon Hill,North Beacon Hill,Beacon Hill,Seattle,WA,98144,Seattle,"Seattle, WA",US,United States,47.5841913321413,-122.31165221722586,t,House,Entire home/apt,3,1.0,1.0,1.0,Real Bed,"{TV,Internet,""Wireless Internet"",Kitchen,""Free Parking on Premises"",Heating,""Smoke Detector"",""Carbon Monoxide Detector"",""First Aid Kit"",""Fire Extinguisher"",Essentials,Hangers,Iron}",,$69.00,,,$150.00,$65.00,1,$25.00,2,1125,5 days ago,t,26,56,86,361,2016-01-04,26,2015-07-17,2015-11-28,95.0,10.0,10.0,10.0,10.0,9.0,10.0,f,,WASHINGTON,t,strict,t,t,2,4.53
2069917,https://www.airbnb.com/rooms/2069917,20160104002432,2016-01-04,1 Bdrm N. Beacon Hill Apt-East Unit,1 Bedroom 1 Bathroom 1 Parking Space Laundry Room Available.  Light Rail approximately 5 blocks away and Bus in front of complex.  One Off Street Parking Spot.,"Comfortably fits two individuals in a private one bedroom with space for more in the living room with fold away single bed upon request.  Walking distance to golf course, park and light rail.  Literally steps away from bus stop, local restaurants, hair salons and grocery store.","1 Bedroom 1 Bathroom 1 Parking Space Laundry Room Available.  Light Rail approximately 5 blocks away and Bus in front of complex.  One Off Street Parking Spot. Comfortably fits two individuals in a private one bedroom with space for more in the living room with fold away single bed upon request.  Walking distance to golf course, park and light rail.  Literally steps away from bus stop, local restaurants, hair salons and grocery store. Complete access to entire, private apartment on 2nd Floor (approximately 15 stairs) with direct access; one off street parking space; access to laundry area on lower level. As much or as little as guest would like. Open communication at all times via text/phone/email.  Not present at listing during guest's stay.  Unit is completely private in a complex of only 4 units total. Beacon Hill is a lovely neighborhood near Jefferson Park and Golf Course with newly created playground for children along with picnic and BBQ areas.  New restaurants and shops.  Publi",none,Beacon Hill is a lovely neighborhood near Jefferson Park and Golf Course with newly created playground for children along with picnic and BBQ areas.  New restaurants and shops.  Public Library; Bank of America and Washington Federal.,"Kindly read, review and abide by description and house rules.",Light Rail approximately 5 blocks away and Bus in front of complex.  One Off Street Parking Spot.,https://a1.muscache.com/ac/pictures/70446683/73999c8b_original.jpg?interpolation=lanczos-none&size=small&output-format=jpg&output-quality=70,https://a1.muscache.com/im/pictures/70446683/73999c8b_original.jpg?aki_policy=medium,https://a1.muscache.com/ac/pictures/70446683/73999c8b_original.jpg?interpolation=lanczos-none&size=large_cover&output-format=jpg&output-quality=70,https://a1.muscache.com/ac/pictures/70446683/73999c8b_original.jpg?interpolation=lanczos-none&size=x_large_cover&output-format=jpg&output-quality=70,8284327,https://www.airbnb.com/users/show/8284327,Anna,2013-08-20,"Seattle, Washington, United States","I am an international traveler residing in Seattle.  As a mother of three I enjoy spending time with my family and taking in everything Seattle and our neighboring areas have to offer.  The Pacific Northwest is a great place for to have fun all year long; from our great outdoors to our fabulous dining and entertainment.  I enjoy clean and simple spaces with the convenience of being in the city, yet near parks and recreation and that's what you'll find with me as your host!  Live, Laugh and Love what you do! ",within a few hours,100%,100%,f,"https://a1.muscache.com/ac/users/8284327/profile_pic/1377029678/original.jpg?interpolation=lanczos-none&crop=w:w;*,*&crop=h:h;*,*&resize=50:*&output-format=jpg&output-quality=70","https://a1.muscache.com/ac/users/8284327/profile_pic/1377029678/original.jpg?interpolation=lanczos-none&crop=w:w;*,*&crop=h:h;*,*&resize=225:*&output-format=jpg&output-quality=70",North Beacon Hill,3.0,3.0,"['email', 'phone', 'reviews', 'kba']",t,t,"Beacon Ave S, Seattle, WA 98144, United States",North Beacon Hill,North Beacon Hill,Beacon Hill,Seattle,WA,98144,Seattle,"Seattle, WA",US,United States,47.572721085122126,-122.30734743890596,t,Apartment,Entire home/apt,3,1.0,1.0,1.0,Real Bed,"{TV,""Wireless Internet"",Kitchen,""Free Parking on Premises"",Heating,Washer,Dryer,""Smoke Detector"",""Carbon Monoxide Detector"",""Fire Extinguisher"",Essentials,Shampoo,""24-Hour Check-in"",Hangers,""Hair Dryer"",Iron,""Laptop Friendly Workspace""}",,$69.00,,,$200.00,$70.00,1,$20.00,2,30,4 days ago,t,26,56,86,357,2016-01-04,18,2015-02-09,2015-12-10,91.0,10.0,10.0,10.0,10.0,9.0,9.0,f,,WASHINGTON,f,strict,t,t,3,1.64
3258585,https://www.airbnb.com/rooms/3258585,20160104002432,2016-01-04,North Beacon Hill house,"Guest room available on the north end of centrally located Beacon Hill neighborhood!  2 bed/1 bath* 1913 farm-house with newly remodeled kitchen, bath & patio.  *I am currently adding a second 3/4 bathroom upstairs, which will be done soon!",the room easily accommodates one or two people,"Guest room available on the north end of centrally located Beacon Hill neighborhood!  2 bed/1 bath* 1913 farm-house with newly remodeled kitchen, bath & patio.  *I am currently adding a second 3/4 bathroom upstairs, which will be done soon! the room easily accommodates one or two people everything! please let me know if you have special requests or any questions this mostly depends on schedules & length of stay...I work a 9-5 so am gone all day but am definitely willing to cook some food or show people around when i have the time!  I had a great time doing this last summer and had long dinners with some guests and didnt even see others the whole time they were here, so whatever works for you works for me.  though i do think meeting everyone is half the fun. very diverse up & coming neighborhood with a handful of bars & restaurants.  centrally located with easy access to capitol hill, international district, pioneer square and the stadiums, lake washington and both I5 & I90 if you are r",none,"very diverse up & coming neighborhood with a handful of bars & restaurants.  centrally located with easy access to capitol hill, international district, pioneer square and the stadiums, lake washington and both I5 & I90 if you are road-tripping outside of town.","i have a very friendly black lab that is usually around during the day, but she can hang out in the basement or backyard if dogs are not your thing.  ","15 min walk from the beacon hill light rail station which goes to seatac airport (I can give a ride from the station if I'm around). 5 min walk to multiple bus stops.  30 min walk to chinatown or pioneer square/south downtown.  there are occasionally cars-to-go in the neighborhood.  off street parking in the driveway if you have a car. new streetcar line going up to capitol hill or down to pioneer square is opening soon,  ~15 min walk.",https://a2.muscache.com/ac/pictures/41404455/718e0c4d_original.jpg?interpolation=lanczos-none&size=small&output-format=jpg&output-quality=70,https://a2.muscache.com/im/pictures/41404455/718e0c4d_original.jpg?aki_policy=medium,https://a2.muscache.com/ac/pictures/41404455/718e0c4d_original.jpg?interpolation=lanczos-none&size=large_cover&output-format=jpg&output-quality=70,https://a2.muscache.com/ac/pictures/41404455/718e0c4d_original.jpg?interpolation=lanczos-none&size=x_large_cover&output-format=jpg&output-quality=70,11962516,https://www.airbnb.com/users/show/11962516,Andrew,2014-02-05,"Seattle, Washington, United States",love to travel!,within a day,50%,100%,t,"https://a2.muscache.com/ac/users/11962516/profile_pic/1391636256/original.jpg?interpolation=lanczos-none&crop=w:w;*,*&crop=h:h;*,*&resize=50:*&output-format=jpg&output-quality=70","https://a2.muscache.com/ac/users/11962516/profile_pic/1391636256/original.jpg?interpolation=lanczos-none&crop=w:w;*,*&crop=h:h;*,*&resize=225:*&output-format=jpg&output-quality=70",,1.0,1.0,"['email', 'phone', 'reviews', 'kba']",t,t,"17th Avenue South, Seattle, WA 98144, United States",,North Beacon Hill,Beacon Hill,Seattle,WA,98144,Seattle,"Seattle, WA",US,United States,47.59043530606866,-122.30871002040908,t,House,Private room,2,1.0,1.0,1.0,Real Bed,"{TV,Internet,""Wireless Internet"",Kitchen,""Free Parking on Premises"",""Smoking Allowed"",""Pets Allowed"",Breakfast,""Pets live on this property"",Dog(s),Heating,Washer,Dryer,Essentials}",,$80.00,$500.00,,,,1,$0.00,1,14,6 days ago,t,0,0,0,155,2016-01-04,59,2014-06-16,2015-10-24,97.0,10.0,10.0,10.0,10.0,9.0,9.0,f,,WASHINGTON,f,flexible,f,f,1,3.12
815017,https://www.airbnb.com/rooms/815017,20160104002432,2016-01-04,Small Room with a Big Eastern View,Beautiful space with a beautiful view in an environmentally aware household with pets and people..,"Thank you in advance for reading my whole post. It is important so you understand my lifestyle... I am living in a 100+ year old house. It is clean and I try my best  to keep it that way. Please be sure you are clear that this it is not a hotel and nor do I try to emulate a hotel. If you need that kind of service and level of immaculate cleanliness please find another space. What I am: 1.an easy going household filled with people ( I have housemates) and animals.  2.Dogs, cats, rabbits, mosquitos, some flies buzzing around, a few bees, and lots of plants outside. 3.A deck with a beautiful view. 4. A home that is neither too clean, nor too dirty. It is my  home and sometimes it is really together and sometimes it isn't, however it is a 100+ year old house and sometimes no matter how much I clean it is always in need of more...  5.Some of us smoke weed, some drink wine...we are okay with guests doing the same within reason. 6.A comfortable bed in the best room in the house.. 7. An enviro","Beautiful space with a beautiful view in an environmentally aware household with pets and people.. Thank you in advance for reading my whole post. It is important so you understand my lifestyle... I am living in a 100+ year old house. It is clean and I try my best  to keep it that way. Please be sure you are clear that this it is not a hotel and nor do I try to emulate a hotel. If you need that kind of service and level of immaculate cleanliness please find another space. What I am: 1.an easy going household filled with people ( I have housemates) and animals.  2.Dogs, cats, rabbits, mosquitos, some flies buzzing around, a few bees, and lots of plants outside. 3.A deck with a beautiful view. 4. A home that is neither too clean, nor too dirty. It is my  home and sometimes it is really together and sometimes it isn't, however it is a 100+ year old house and sometimes no matter how much I clean it is always in need of more...  5.Some of us smoke weed, some drink wine...we are okay with gu",none,"The Beacon Hill neighborhood is one of the most diverse in Seattle. You will see many different kinds of people and hear many different languages if you are around here long enough. This neighborhood is really safe and the neighbors all know each other. But like  in any city you have to be aware of what is going on around you.. Please remember that this is not right next to downtown. It is a 20/30 minute bus ride, a 10 minute train ride or a 50 minute walk to Chinatown.",No cigarette smoking on our property.  420 friendly within reason....,"two major bus lines #36 and #60 (20 to 30 minutes to downtown) and the link light rail is 4 or 5 blocks away (8/10 minutes to downtown, 30 minutes to airport). 5 minutes to I-90 and 3 minutes to I-5.",https://a2.muscache.com/ac/pictures/79775505/20a66e66_original.jpg?interpolation=lanczos-none&size=small&output-format=jpg&output-quality=70,https://a2.muscache.com/im/pictures/79775505/20a66e66_original.jpg?aki_policy=medium,https://a2.muscache.com/ac/pictures/79775505/20a66e66_original.jpg?interpolation=lanczos-none&size=large_cover&output-format=jpg&output-quality=70,https://a2.muscache.com/ac/pictures/79775505/20a66e66_original.jpg?interpolation=lanczos-none&size=x_large_cover&output-format=jpg&output-quality=70,3404649,https://www.airbnb.com/users/show/3404649,Mia,2012-08-28,"Seattle, Washington, United States","I live an artistic life and make my living as a clothing designer.  We have a studio at home, and as a former Waldorf teacher, I also  tutor.    I share my home with my college age daughter(s) and four funny cats and a dog. I also have a housemate.   I enjoy cooking big dinners, entertaining friends and family, meeting new people and thinking of creative ways to spend my time. I try to live lightly on the earth.

I have two airbnb spaces and they share the same wall. You should know this so it is not a surprise that you are going to be sharing my ""Inn"". We are all very respectful of our guests regarding noise to the best of our ability without feeling like a guest in my own home.

We live in a very beautiful location with a view of the Cascade Mtns. and Lake Washington.  

Traveling light is always a goal, staying in simple accommodations the best, and I love to explore cultures.  We are very easy going, and know a lot about Seattle and the surrounding area.  

 Making life a masterpiece is my motto.....I love my life! 
",within a day,90%,100%,f,"https://a1.muscache.com/ac/users/3404649/profile_pic/1373698558/original.jpg?interpolation=lanczos-none&crop=w:w;*,*&crop=h:h;*,*&resize=50:*&output-format=jpg&output-quality=70","https://a1.muscache.com/ac/users/3404649/profile_pic/1373698558/original.jpg?interpolation=lanczos-none&crop=w:w;*,*&crop=h:h;*,*&resize=225:*&output-format=jpg&output-quality=70",North Beacon Hill,2.0,2.0,"['email', 'phone', 'reviews', 'kba']",t,t,"19th Ave S, Seattle, WA 98144, United States",North Beacon Hill,North Beacon Hill,Beacon Hill,Seattle,WA,98144,Seattle,"Seattle, WA",US,United States,47.57181252485698,-122.30538116916804,t,House,Shared room,2,1.0,1.0,1.0,Real Bed,"{Internet,""Wireless Internet"",""Free Parking on Premises"",""Pets live on this property"",Dog(s),Cat(s),""Other pet(s)"",Heating,""Smoke Detector"",""Safety Card"",""Fire Extinguisher"",Essentials,Shampoo}",,$55.00,,,,$10.00,1,$8.00,1,5,2 weeks ago,t,21,51,81,355,2016-01-04,136,2012-12-03,2015-11-16,94.0,10.0,8.0,10.0,10.0,10.0,9.0,f,,WASHINGTON,f,moderate,t,t,2,3.62
6610942,https://www.airbnb.com/rooms/6610942,20160104002432,2016-01-04,Large suite with separate entrance!,This comfortable space is very quiet and full of light. Proximity to restaurants and parks as well as very good transit options. Beacon Hill station only minutes away for easy transportation to downtown and airport. LGBT-friendly!,This is a large room with ensuite bathroom. It's located on the first floor of our house and it's completely separated from it by the laundry room (which is shared). Queen size bed. Tea/coffee bar and microwave oven available.,"This comfortable space is very quiet and full of light. Proximity to restaurants and parks as well as very good transit options. Beacon Hill station only minutes away for easy transportation to downtown and airport. LGBT-friendly! This is a large room with ensuite bathroom. It's located on the first floor of our house and it's completely separated from it by the laundry room (which is shared). Queen size bed. Tea/coffee bar and microwave oven available. The room has its own access door located at the back of the house. Enter from the front then walk on the left side of the house to reach the back. Enjoy the zen garden!! The palm trees offer a nice shade and the fence provides privacy for your moments of relax. (Please, keep front and back yard gates closed at all times.) We have lived in Seattle for quite a few years now and are happy to offer help and recommendations about transport, sight-seeing, best restaurants and bars. The giant tract of land south of downtown between I-5 and Rai",none,"The giant tract of land south of downtown between I-5 and Rainier Valley is known as Beacon Hill, easy to find because of the old veteran's hospital that sits atop its peak. Despite its close proximity to downtown and First Hill, Beacon Hill has a vibe all its own. Depending upon where you are on Beacon Hill, you'll get a different feel for the neighborhood. The busiest section is on the north end, especially where Beacon Hill meets the Rainier Valley. Up at the top of the hill, things settle down into a nice residential area with a small business district. The farther south you go, the more secluded and quiet things get. Though Beacon Hill is largely residential, there are several pockets of activity in different areas. Beacon Avenue runs the length of the hill, and if you travel from north to south, you'll get a great view of downtown and then reach a small area with restaurants and stores near 15th Avenue. Stop at The Station for coffee, or Delite Bakery—one of the favorite spots fo","We will be upgrading our furniture during summer, so the room may look a little different. Photos will be updated ASAP.","-Driving Directions From I5 South: Take exit 163A and turn left onto S Columbia Way. Turn left on Spokane, then left on Beacon Ave S. Right on S Hanford St, then left on 19th Ave S. House is third on the left. From I90 West: Take exit 3A for Rainier Ave S, continue on Rainier Ave S, turn right on 23rd Ave S. Right again on S Hanford St, then right on 19th Ave S. House is third on the left. -Public Transportation Information Served by Metro Bus Routes: 36, 60 Metro Bus Trip Planner: (URL HIDDEN) Served by Light Rail: Beacon Hill Station Link Light Rail Schedule: (URL HIDDEN)",https://a1.muscache.com/ac/pictures/98556270/113750d4_original.jpg?interpolation=lanczos-none&size=small&output-format=jpg&output-quality=70,https://a1.muscache.com/im/pictures/98556270/113750d4_original.jpg?aki_policy=medium,https://a1.muscache.com/ac/pictures/98556270/113750d4_original.jpg?interpolation=lanczos-none&size=large_cover&output-format=jpg&output-quality=70,https://a1.muscache.com/ac/pictures/98556270/113750d4_original.jpg?interpolation=lanczos-none&size=x_large_cover&output-format=jpg&output-quality=70,6327925,https://www.airbnb.com/users/show/6327925,Marco,2013-05-10,"Seattle, Washington, United States","I am originally from Naples, Italy, but I also lived for a few years in London, UK, before moving to Seattle six years ago. I try to go back to Europe at least once a year. My roots there are still really strong, even though I find myself more and more falling in love with this crazy unique place that is the US.

I love to travel and visit different places. In the last few years I visited Mexico (quite a few times), Bali, Hong Kong, Dubai, Oman, Doha, Vietnam, and I can't wait to start planning my next big trip: Scandinavia!

Being a traveler myself, I believe I understand what a person is looking for when moving from point A to point B: comfort, good vibes, good locations, good transport options, and I believe that our space offers that in abundance. Of course, no place is perfect for everyone. In Italian we have a saying: La vita è bella perché è varia (Life is beautiful because it's varied). And I live by that. 

In 2014 I finally became a fully-fledged yoga teacher in the Anusara tradition. Although I practice regularly, I have not yet found a space (more a mental space than an actual studio) to teach. But I patiently wait. It will happen once it's time. In the meantime, I enjoy exploring different studios and traditions. Seattle has so much to offer when it comes to yoga. Ask me for tips!

DIVERSITY AND EQUALITY FOR ALL!!!",within a few hours,100%,100%,f,"https://a0.muscache.com/ac/users/6327925/profile_pic/1433890234/original.jpg?interpolation=lanczos-none&crop=w:w;*,*&crop=h:h;*,*&resize=50:*&output-format=jpg&output-quality=70","https://a0.muscache.com/ac/users/6327925/profile_pic/1433890234/original.jpg?interpolation=lanczos-none&crop=w:w;*,*&crop=h:h;*,*&resize=225:*&output-format=jpg&output-quality=70",North Beacon Hill,1.0,1.0,"['email', 'phone', 'facebook', 'reviews', 'kba']",t,t,"19th Avenue South, Seattle, WA 98144, United States",North Beacon Hill,North Beacon Hill,Beacon Hill,Seattle,WA,98144,Seattle,"Seattle, WA",US,United States,47.576204170093455,-122.30672844165814,t,House,Private room,2,1.0,1.0,1.0,Real Bed,"{Internet,""Wireless Internet"",""Pets Allowed"",""Pets live on this property"",Dog(s),Heating,""Family/Kid Friendly"",Washer,Dryer,Essentials,Shampoo}",,$75.00,$500.00,"$1,500.00",,$50.00,1,$0.00,3,1125,2 weeks ago,t,26,56,86,275,2016-01-04,14,2015-07-30,2015-12-22,94.0,10.0,10.0,10.0,10.0,10.0,10.0,f,,WASHINGTON,f,flexible,f,f,1,2.64
5365612,https://www.airbnb.com/rooms/5365612,20160104002432,2016-01-04,Bedroom in Modern townhouse,"This room in a modern town home is: - 3 block from light rail and 1 block from bus stop: 5-15 mins away from Downtown Seattle shops, Stadiums, Hospitals and Parks. Comes with a view! - 1 full size bed, 1 twin inflatable - own full bathroom","Clean and cozy, three story townhome. My bedroom is on the third floor and your bedroom is on the first floor with privacy and its full bathroom included. It has one full size bed, and I can offer an inflatable mattress for a second person if requested. Want the entire house? Let me know! We could arrange that.","This room in a modern town home is: - 3 block from light rail and 1 block from bus stop: 5-15 mins away from Downtown Seattle shops, Stadiums, Hospitals and Parks. Comes with a view! - 1 full size bed, 1 twin inflatable - own full bathroom Clean and cozy, three story townhome. My bedroom is on the third floor and your bedroom is on the first floor with privacy and its full bathroom included. It has one full size bed, and I can offer an inflatable mattress for a second person if requested. Want the entire house? Let me know! We could arrange that. Kitchen and living room is in the middle level for you and me to use. Go out in the balcony and enjoy the view reading a book or having a glass of wine. If possible, I'd love to meet my guests at their arrival and give them recommendations about the city, restaurants, transportation, etc. I also respect my guests privacy, and space. Beacon Hill neighborhood is located minutes from downtown. It has the convenience of having a light rail station",none,"Beacon Hill neighborhood is located minutes from downtown. It has the convenience of having a light rail station nearby, as well as proximity to restaurants, nightlife, football and baseball stadiums, parks and Lake Washington.",,"The light rail station is only three blocks away from my home- the light rail comes from Seatac airport to downtown every 10 minutes. A light rail ride to the airport takes aproximately 25 minutes, and to downtown 10 minutes. The bus stop is a block away, it's also an easy ride downtown or Capitol Hill neighborhood!",https://a0.muscache.com/ac/pictures/67013708/ac66571f_original.jpg?interpolation=lanczos-none&size=small&output-format=jpg&output-quality=70,https://a0.muscache.com/im/pictures/67013708/ac66571f_original.jpg?aki_policy=medium,https://a0.muscache.com/ac/pictures/67013708/ac66571f_original.jpg?interpolation=lanczos-none&size=large_cover&output-format=jpg&output-quality=70,https://a0.muscache.com/ac/pictures/67013708/ac66571f_original.jpg?interpolation=lanczos-none&size=x_large_cover&output-format=jpg&output-quality=70,27329128,https://www.airbnb.com/users/show/27329128,Jorge,2015-02-06,"Seattle, Washington, United States",,,,,f,"https://a2.muscache.com/ac/users/27329128/profile_pic/1438115342/original.jpg?interpolation=lanczos-none&crop=w:w;*,*&crop=h:h;*,*&resize=50:*&output-format=jpg&output-quality=70","https://a2.muscache.com/ac/users/27329128/profile_pic/1438115342/original.jpg?interpolation=lanczos-none&crop=w:w;*,*&crop=h:h;*,*&resize=225:*&output-format=jpg&output-quality=70",North Beacon Hill,2.0,2.0,"['email', 'phone', 'facebook', 'reviews', 'jumio']",t,t,"South Hill Street, Seattle, WA 98144, United States",North Beacon Hill,North Beacon Hill,Beacon Hill,Seattle,WA,98144,Seattle,"Seattle, WA",US,United States,47.58345052931265,-122.31647308056289,t,Townhouse,Private room,2,1.0,1.0,1.0,Real Bed,"{TV,Internet,""Wireless Internet"",Kitchen,""Free Parking on Premises"",""Pets Allowed"",Heating,""Family/Kid Friendly"",Washer,Dryer,""Smoke Detector"",""Carbon Monoxide Detector"",""Fire Extinguisher"",Essentials}",,$50.00,,,$200.00,$30.00,1,$15.00,1,1125,6 weeks ago,t,0,0,21,296,2016-01-04,5,2015-03-29,2015-08-30,100.0,9.0,10.0,10.0,10.0,8.0,8.0,f,,WASHINGTON,f,flexible,f,f,2,0.53
1556170,https://www.airbnb.com/rooms/1556170,20160104002432,2016-01-04,1 Bdrm N. Beacon Hill Apt-West Unit,    1 Bedroom 1 Bathroom 1 Parking Space Laundry Room Available Near Light Rail Near Bus Stop Near Jefferson Golf Course & Park    ,"Comfortably fits two individuals in a private one bedroom with space for more in the living room with fold away single bed upon request.  Walking distance to golf course, park and light rail.  Literally steps away from bus stop, local restaurants, hair salons and grocery store.  ","    1 Bedroom 1 Bathroom 1 Parking Space Laundry Room Available Near Light Rail Near Bus Stop Near Jefferson Golf Course & Park     Comfortably fits two individuals in a private one bedroom with space for more in the living room with fold away single bed upon request.  Walking distance to golf course, park and light rail.  Literally steps away from bus stop, local restaurants, hair salons and grocery store.   Entire, private apartment on 2nd Floor (approximately 15 stairs) with direct access; one off street parking space; access to laundry area on lower level. Open communication at all times via text/phone/email.  Not present at listing during guest's stay.  Unit is completely private in a complex of only 4 units total.   Beacon Hill is a lovely neighborhood near Jefferson Park and Golf Course with newly created playground for children along with picnic and BBQ areas.  New restaurants and shops.  Public Library; Bank of America and Washington Federal. Light Rail approximately 5 blocks ",none,Beacon Hill is a lovely neighborhood near Jefferson Park and Golf Course with newly created playground for children along with picnic and BBQ areas.  New restaurants and shops.  Public Library; Bank of America and Washington Federal.,"Kindly read, review and abide by description and house rules.",Light Rail approximately 5 blocks away and Bus in front of complex.  One Off Street Parking Spot. ,https://a2.muscache.com/ac/pictures/4f7f18df-162b-4600-a5ad-02744e6a1c83.jpg?interpolation=lanczos-none&size=small&output-format=jpg&output-quality=70,https://a2.muscache.com/im/pictures/4f7f18df-162b-4600-a5ad-02744e6a1c83.jpg?aki_policy=medium,https://a2.muscache.com/ac/pictures/4f7f18df-162b-4600-a5ad-02744e6a1c83.jpg?interpolation=lanczos-none&size=large_cover&output-format=jpg&output-quality=70,https://a2.muscache.com/ac/pictures/4f7f18df-162b-4600-a5ad-02744e6a1c83.jpg?interpolation=lanczos-none&size=x_large_cover&output-format=jpg&output-quality=70,8284327,https://www.airbnb.com/users/show/8284327,Anna,2013-08-20,"Seattle, Washington, United States","I am an international traveler residing in Seattle.  As a mother of three I enjoy spending time with my family and taking in everything Seattle and our neighboring areas have to offer.  The Pacific Northwest is a great place for to have fun all year long; from our great outdoors to our fabulous dining and entertainment.  I enjoy clean and simple spaces with the convenience of being in the city, yet near parks and recreation and that's what you'll find with me as your host!  Live, Laugh and Love what you do! ",within a few hours,100%,100%,f,"https://a1.muscache.com/ac/users/8284327/profile_pic/1377029678/original.jpg?interpolation=lanczos-none&crop=w:w;*,*&crop=h:h;*,*&resize=50:*&output-format=jpg&output-quality=70","https://a1.muscache.com/ac/users/8284327/profile_pic/1377029678/original.jpg?interpolation=lanczos-none&crop=w:w;*,*&crop=h:h;*,*&resize=225:*&output-format=jpg&output-quality=70",North Beacon Hill,3.0,3.0,"['email', 'phone', 'reviews', 'kba']",t,t,"Beacon Avenue South, Seattle, WA 98144, United States",North Beacon Hill,North Beacon Hill,Beacon Hill,Seattle,WA,98144,Seattle,"Seattle, WA",US,United States,47.57169368287292,-122.30950811995764,t,Apartment,Entire home/apt,3,1.0,1.0,1.0,Real Bed,"{TV,""Wireless Internet"",Kitchen,""Free Parking on Premises"",Heating,""Family/Kid Friendly"",Washer,Dryer,""Smoke Detector"",""Carbon Monoxide Detector"",""Fire Extinguisher"",Essentials,Shampoo,""24-Hour Check-in"",Hangers,""Hair Dryer"",Iron,""Laptop Friendly Workspace""}",,$69.00,,,$200.00,$70.00,1,$20.00,2,30,4 days ago,t,30,60,90,347,2016-01-04,68,2013-10-14,2015-10-28,91.0,9.0,10.0,10.0,10.0,9.0,9.0,f,,WASHINGTON,f,strict,t,t,3,2.51
2486612,https://www.airbnb.com/rooms/2486612,20160104002432,2016-01-04,"Quiet Second Floor ""Zen"" Apartment","Quiet one bedroom apartment short distance from light rail station.  Good restaurants, library, grocery, coffee shop, Zen Center and Jefferson park near by.  Living room area has two couches and one chair that convert to beds. Access to coin laundry.","Centrally located in Seattle, peaceful quiet North Beacon Hill residential area, second floor one bedroom apartment, kitchen, full bath.  Living room can sleep three comfortably, queen size bed in bedroom.","Quiet one bedroom apartment short distance from light rail station.  Good restaurants, library, grocery, coffee shop, Zen Center and Jefferson park near by.  Living room area has two couches and one chair that convert to beds. Access to coin laundry. Centrally located in Seattle, peaceful quiet North Beacon Hill residential area, second floor one bedroom apartment, kitchen, full bath.  Living room can sleep three comfortably, queen size bed in bedroom. Access to wireless Internet & coin laundry. There will always be a host around if needed. Quiet residential area of city close to parks, good eateries, coffee house, light rail, rich ethnic diversity. Good bus service to downtown, light rail to SeaTac Airport, stadiums and downtown. The building housing the available unit also serves as a residential practice center for Zen meditation retreats and training.",none,"Quiet residential area of city close to parks, good eateries, coffee house, light rail, rich ethnic diversity.",The building housing the available unit also serves as a residential practice center for Zen meditation retreats and training.,"Good bus service to downtown, light rail to SeaTac Airport, stadiums and downtown.",https://a1.muscache.com/ac/pictures/32922364/8ebabce6_original.jpg?interpolation=lanczos-none&size=small&output-format=jpg&output-quality=70,https://a1.muscache.com/im/pictures/32922364/8ebabce6_original.jpg?aki_policy=medium,https://a1.muscache.com/ac/pictures/32922364/8ebabce6_original.jpg?interpolation=lanczos-none&size=large_cover&output-format=jpg&output-quality=70,https://a1.muscache.com/ac/pictures/32922364/8ebabce6_original.jpg?interpolation=lanczos-none&size=x_large_cover&output-format=jpg&output-quality=70,6433045,https://www.airbnb.com/users/show/6433045,Genjo,2013-05-17,"Seattle, Washington, United States","I like to bike, tennis, fly planes, music, hike, and meditate.  I'm from Seattle",within an hour,100%,100%,f,"https://a1.muscache.com/ac/users/6433045/profile_pic/1368764235/original.jpg?interpolation=lanczos-none&crop=w:w;*,*&crop=h:h;*,*&resize=50:*&output-format=jpg&output-quality=70","https://a1.muscache.com/ac/users/6433045/profile_pic/1368764235/original.jpg?interpolation=lanczos-none&crop=w:w;*,*&crop=h:h;*,*&resize=225:*&output-format=jpg&output-quality=70",North Beacon Hill,1.0,1.0,"['email', 'phone', 'facebook', 'linkedin', 'reviews', 'kba']",t,t,"South Horton Street, Seattle, WA 98144, United States",North Beacon Hill,North Beacon Hill,Beacon Hill,Seattle,WA,98144,Seattle,"Seattle, WA",US,United States,47.573142635845954,-122.31054790505442,t,Apartment,Entire home/apt,5,1.0,1.0,4.0,Real Bed,"{""Wireless Internet"",Kitchen,""Free Parking on Premises"",""Pets live on this property"",Dog(s),Cat(s),Heating,Washer,Dryer,""Smoke Detector"",""Carbon Monoxide Detector"",""First Aid Kit"",""Safety Card"",""Fire Extinguisher"",Essentials,Shampoo}",,$112.00,,,,$20.00,2,$15.00,1,1125,today,t,28,57,75,259,2016-01-04,65,2014-03-07,2015-12-30,91.0,9.0,9.0,10.0,10.0,9.0,9.0,f,,WASHINGTON,f,flexible,f,f,1,2.91
7748778,https://www.airbnb.com/rooms/7748778,20160104002432,2016-01-04,Thor's Scamper Urban City Camper,"Big weekend in Seattle with Mariners game, Sounders game and tons of other Seattle Summer Goodness, so  I'm renting out my vintage Scamper camper for Friday and Saturday nights in front of my house. The perfect urban city experience!!",Cadillac of Scampers and in perfect condition!,"Big weekend in Seattle with Mariners game, Sounders game and tons of other Seattle Summer Goodness, so  I'm renting out my vintage Scamper camper for Friday and Saturday nights in front of my house. The perfect urban city experience!! Cadillac of Scampers and in perfect condition! 1/4 mile from light rail and 1 mile from downtown Seattle and 1/2 mile from Safeco and Century Link Stadiums!",none,1/4 mile from light rail and 1 mile from downtown Seattle and 1/2 mile from Safeco and Century Link Stadiums!,,,https://a1.muscache.com/ac/pictures/98518731/809f5378_original.jpg?interpolation=lanczos-none&size=small&output-format=jpg&output-quality=70,https://a1.muscache.com/im/pictures/98518731/809f5378_original.jpg?aki_policy=medium,https://a1.muscache.com/ac/pictures/98518731/809f5378_original.jpg?interpolation=lanczos-none&size=large_cover&output-format=jpg&output-quality=70,https://a1.muscache.com/ac/pictures/98518731/809f5378_original.jpg?interpolation=lanczos-none&size=x_large_cover&output-format=jpg&output-quality=70,301107,https://www.airbnb.com/users/show/301107,Perry,2010-11-27,"Seattle, Washington, United States",,,,,f,"https://a0.muscache.com/ac/users/301107/profile_pic/1433688394/original.jpg?interpolation=lanczos-none&crop=w:w;*,*&crop=h:h;*,*&resize=50:*&output-format=jpg&output-quality=70","https://a0.muscache.com/ac/users/301107/profile_pic/1433688394/original.jpg?interpolation=lanczos-none&crop=w:w;*,*&crop=h:h;*,*&resize=225:*&output-format=jpg&output-quality=70",North Beacon Hill,4.0,4.0,"['email', 'phone', 'facebook', 'reviews', 'kba']",t,t,"21st Ave S, Seattle, WA 98144, United States",,North Beacon Hill,Beacon Hill,Seattle,WA,98144,Seattle,"Seattle, WA",US,United States,47.577433158395934,-122.30547497392942,f,House,Entire home/apt,3,1.0,1.0,2.0,Real Bed,"{""Wireless Internet"",""Air Conditioning"",Kitchen,""Free Parking on Premises"",""Pets Allowed"",""Pets live on this property"",""Hot Tub"",Heating,""Family/Kid Friendly"",""First Aid Kit"",""Fire Extinguisher"",Shampoo}",,$150.00,,,,,1,$0.00,1,1125,4 months ago,t,30,60,90,365,2016-01-04,0,,,,,,,,,,f,,WASHINGTON,f,flexible,f,f,4,
6872650,https://www.airbnb.com/rooms/6872650,20160104002432,2016-01-04,La Guarida!..sanctuary/peace/fun,Built this space with my own hands and the help of many others! Blessed Be! Paz e Amor! What we have here is a lovely small kitchen with a breakfast bar/social area. The bathroom is full of character with a limestone tub/shower. Open layout. :),3 blocks from light rail station! 20 minutes from airport. 15 min from downtown.   Renovated the space with my own hands and the help of good friends. labor of love. Currently in the process of making the space more awesome so... A bit of construction and such will be happening through September.,"Built this space with my own hands and the help of many others! Blessed Be! Paz e Amor! What we have here is a lovely small kitchen with a breakfast bar/social area. The bathroom is full of character with a limestone tub/shower. Open layout. :) 3 blocks from light rail station! 20 minutes from airport. 15 min from downtown.   Renovated the space with my own hands and the help of good friends. labor of love. Currently in the process of making the space more awesome so... A bit of construction and such will be happening through September. Private bedroom Shared living room, kitchen, deck, garden full of edibles. I am here to help with anything you need as far as what to do around town, how to best get around, and many other things, just ask. I love that my neighborhood is consistently getting better.   A 1 block street backed up to a green belt.  1 block away is a major thoroughfare that Leeds to all the city has to offer.  This makes for an urban/ rural paradox feel.  Love it! Within 3 ",none,I love that my neighborhood is consistently getting better.   A 1 block street backed up to a green belt.  1 block away is a major thoroughfare that Leeds to all the city has to offer.  This makes for an urban/ rural paradox feel.  Love it!,,Within 3 blocks of the house you have access to the light rail and a bus terminal that will take you where you need to go.,https://a0.muscache.com/ac/pictures/107728161/eff72e8a_original.jpg?interpolation=lanczos-none&size=small&output-format=jpg&output-quality=70,https://a0.muscache.com/im/pictures/107728161/eff72e8a_original.jpg?aki_policy=medium,https://a0.muscache.com/ac/pictures/107728161/eff72e8a_original.jpg?interpolation=lanczos-none&size=large_cover&output-format=jpg&output-quality=70,https://a0.muscache.com/ac/pictures/107728161/eff72e8a_original.jpg?interpolation=lanczos-none&size=x_large_cover&output-format=jpg&output-quality=70,16838013,https://www.airbnb.com/users/show/16838013,Erik,2014-06-16,"Seattle, Washington, United States","Live life to the fullest! Learn something new every day! Make the world a better place. Support peace and prosperity. Liberate. 
Strive to be and remain a positive force in this world. 
Love food!",within an hour,100%,100%,f,"https://a2.muscache.com/ac/users/16838013/profile_pic/1402900783/original.jpg?interpolation=lanczos-none&crop=w:w;*,*&crop=h:h;*,*&resize=50:*&output-format=jpg&output-quality=70","https://a2.muscache.com/ac/users/16838013/profile_pic/1402900783/original.jpg?interpolation=lanczos-none&crop=w:w;*,*&crop=h:h;*,*&resize=225:*&output-format=jpg&output-quality=70",North Beacon Hill,2.0,2.0,"['email', 'phone', 'facebook', 'google', 'linkedin', 'reviews', 'kba']",t,t,"Morse Avenue South, Seattle, WA 98144, United States",North Beacon Hill,North Beacon Hill,Beacon Hill,Seattle,WA,98144,Seattle,"Seattle, WA",US,United States,47.574184919892886,-122.29938508586191,t,Apartment,Private room,3,1.0,1.0,1.0,Real Bed,"{Internet,""Wireless Internet"",""Wheelchair Accessible"",Kitchen,""Free Parking on Premises"",""Smoking Allowed"",""Pets Allowed"",""Pets live on this property"",Heating,""Family/Kid Friendly"",""Suitable for Events"",Washer,Dryer,""Smoke Detector"",Essentials,Shampoo}",,$65.00,$375.00,"$1,350.00",,,1,$0.00,1,90,4 weeks ago,t,0,0,0,246,2016-01-04,35,2015-08-02,2015-12-29,98.0,10.0,10.0,10.0,10.0,10.0,10.0,f,,WASHINGTON,f,moderate,f,f,2,6.73
7634011,https://www.airbnb.com/rooms/7634011,20160104002432,2016-01-04,Near Downtown and private home feel,"Great simple home with high end appliances.  Densely wooded backyard on private road making this a quiet getaway, while being located next to downtown. Capital hill, downtown, or the cute Columbia City, everything is close. Lots of parking.","A simple home with hard wood-floors, fresh paint.  2 bedrooms on the 1st floor, one is an open office, one with a full size bed.  Upstairs are 2 attic bedrooms with a King (posterpedic with air controls) and Queen bed.  Stainless higher-end appliances (Gas stove, ice maker fridge, Bosch dishwasher). There is a new flat screen, with WIFI, and Apple TV device for your use. Large wooded backyard makes you feel far from the city, and is very quite and private.  This home is on a dead-end, so lots of privacy and parking.  Close to most Seattle destinations. Top of line LG Trom washer and Dryer on site. 4 bus stops within 4- 6 blocks.","Great simple home with high end appliances.  Densely wooded backyard on private road making this a quiet getaway, while being located next to downtown. Capital hill, downtown, or the cute Columbia City, everything is close. Lots of parking. A simple home with hard wood-floors, fresh paint.  2 bedrooms on the 1st floor, one is an open office, one with a full size bed.  Upstairs are 2 attic bedrooms with a King (posterpedic with air controls) and Queen bed.  Stainless higher-end appliances (Gas stove, ice maker fridge, Bosch dishwasher). There is a new flat screen, with WIFI, and Apple TV device for your use. Large wooded backyard makes you feel far from the city, and is very quite and private.  This home is on a dead-end, so lots of privacy and parking.  Close to most Seattle destinations. Top of line LG Trom washer and Dryer on site. 4 bus stops within 4- 6 blocks. You have full access to the house and unfinished basement for laundry.  Enjoy the private backyard. I live just down the r",none,"5 min walk to light rail, use this tool to see travel times: (website hidden). Located between I-5 and I-90 in the Beacon Hill neighborhood, easy to find being next to the old veteran's hospital that sits atop its peak. Despite its close proximity to downtown and Capital Hill, Beacon Hill has a vibe all its own.  and the home's location offers a quit get away on private rd.  Learn more about Beacon Hill here: (website hidden)","This is my first listing, so I am quite flexible; let me know what you need and I will see what I can do. I'm happy to answer questions, offer suggestions, and do whatever I can to make your stay great.","5 min walk to light rail, use this tool to see travel times: (website hidden). Located between I-5 and I-90",https://a1.muscache.com/ac/pictures/96949400/40829048_original.jpg?interpolation=lanczos-none&size=small&output-format=jpg&output-quality=70,https://a1.muscache.com/im/pictures/96949400/40829048_original.jpg?aki_policy=medium,https://a1.muscache.com/ac/pictures/96949400/40829048_original.jpg?interpolation=lanczos-none&size=large_cover&output-format=jpg&output-quality=70,https://a1.muscache.com/ac/pictures/96949400/40829048_original.jpg?interpolation=lanczos-none&size=x_large_cover&output-format=jpg&output-quality=70,36654052,https://www.airbnb.com/users/show/36654052,Jeremy,2015-06-24,"Seattle, Washington, United States",,within an hour,100%,100%,f,"https://a1.muscache.com/ac/users/36654052/profile_pic/1439664914/original.jpg?interpolation=lanczos-none&crop=w:w;*,*&crop=h:h;*,*&resize=50:*&output-format=jpg&output-quality=70","https://a1.muscache.com/ac/users/36654052/profile_pic/1439664914/original.jpg?interpolation=lanczos-none&crop=w:w;*,*&crop=h:h;*,*&resize=225:*&output-format=jpg&output-quality=70",North Beacon Hill,1.0,1.0,"['email', 'phone', 'facebook', 'google', 'reviews', 'jumio', 'kba']",t,t,"Sturgus Avenue South, Seattle, WA 98144, United States",North Beacon Hill,North Beacon Hill,Beacon Hill,Seattle,WA,98144,Seattle,"Seattle, WA",US,United States,47.588322702269465,-122.31119215650892,t,House,Entire home/apt,6,1.0,3.0,3.0,Real Bed,"{TV,Internet,""Wireless Internet"",Kitchen,""Free Parking on Premises"",""Pets Allowed"",Heating,""Family/Kid Friendly"",Washer,Dryer,""Smoke Detector"",Essentials,Shampoo,""24-Hour Check-in"",Hangers}",,$104.00,$905.00,"$3,200.00",$100.00,$50.00,1,$0.00,1,1125,5 days ago,t,30,60,90,365,2016-01-04,24,2015-08-08,2015-12-29,82.0,9.0,8.0,9.0,9.0,9.0,9.0,f,,WASHINGTON,t,moderate,f,f,1,4.8
1898511,https://www.airbnb.com/rooms/1898511,20160104002432,2016-01-04,Cozy room in North Beacon Hill,"Large private bedroom.  Easy access via public transit to downtown Seattle Eastside, walking distance to Intl District, Pioneer Square, CenturyLink, SafeCo.  Large well-stocked kitchen. Shared bathroom.  Free street parking.  Located on bike trail.  ",Queen size air mattress (for 2) or twin bed (for 1) available.,"Large private bedroom.  Easy access via public transit to downtown Seattle Eastside, walking distance to Intl District, Pioneer Square, CenturyLink, SafeCo.  Large well-stocked kitchen. Shared bathroom.  Free street parking.  Located on bike trail.   Queen size air mattress (for 2) or twin bed (for 1) available. Business ready with key drop for arrival/departure. Shared kitchen and living room. Garage available for bike storage.  Shared full and half bath. Washer/dryer available for nominal fee.  Check-in and out times are flexible and early or extended times can be arranged if there is no overlap with other guests. We will be down the hall.  We've lived in and around Seattle for years and have hosted international visitors so we're happy to help you discover our great city. Quiet neighborhood with adjoining park and hike/bike trail. Convenient access to I-5, I-90, and I-405. From SeaTac airport: Take the Light Rail to Beacon Hill station.  We'll pick you up there or you can take the 3",none,"Quiet neighborhood with adjoining park and hike/bike trail. Convenient access to I-5, I-90, and I-405.",We have a new addition to our family. She arrived in March 2014 and already sleeps through the night but occasionally makes a peep during the day. Just want to be upfront to ensure a positive experience for all. We rent two rooms in our house so you may get to meet some other guests.,From SeaTac airport: Take the Light Rail to Beacon Hill station.  We'll pick you up there or you can take the 36 and a short walk on the bike trail will drop you at our door.  (Or a 15 minute walk from the station) 36 or 7 to downtown.  60 or 9 to Capitol Hill.,https://a2.muscache.com/ac/pictures/26630804/df3afe31_original.jpg?interpolation=lanczos-none&size=small&output-format=jpg&output-quality=70,https://a2.muscache.com/im/pictures/26630804/df3afe31_original.jpg?aki_policy=medium,https://a2.muscache.com/ac/pictures/26630804/df3afe31_original.jpg?interpolation=lanczos-none&size=large_cover&output-format=jpg&output-quality=70,https://a2.muscache.com/ac/pictures/26630804/df3afe31_original.jpg?interpolation=lanczos-none&size=x_large_cover&output-format=jpg&output-quality=70,9059113,https://www.airbnb.com/users/show/9059113,Nikki & William,2013-09-25,"Seattle, Washington, United States",We love travel so that we can meet new people and try new food!  ,within an hour,100%,100%,f,"https://a0.muscache.com/ac/users/9059113/profile_pic/1383019955/original.jpg?interpolation=lanczos-none&crop=w:w;*,*&crop=h:h;*,*&resize=50:*&output-format=jpg&output-quality=70","https://a0.muscache.com/ac/users/9059113/profile_pic/1383019955/original.jpg?interpolation=lanczos-none&crop=w:w;*,*&crop=h:h;*,*&resize=225:*&output-format=jpg&output-quality=70",,2.0,2.0,"['email', 'phone', 'reviews', 'kba']",t,t,"S Atlantic Street, Seattle, WA 98144, United States",,North Beacon Hill,Beacon Hill,Seattle,WA,98144,Seattle,"Seattle, WA",US,United States,47.588753123259096,-122.31107617222992,f,House,Private room,1,1.5,1.0,1.0,Airbed,"{TV,Internet,""Wireless Internet"",Kitchen,""Free Parking on Premises"",""Pets live on this property"",Cat(s),Heating,""Family/Kid Friendly"",Washer,Dryer,""Smoke Detector"",""Carbon Monoxide Detector"",""First Aid Kit"",""Safety Card"",""Fire Extinguisher"",Essentials,Shampoo}",,$60.00,,,,$10.00,1,$10.00,1,5,3 months ago,t,21,51,80,80,2016-01-04,34,2013-11-23,2014-10-13,95.0,9.0,10.0,9.0,10.0,9.0,9.0,f,,WASHINGTON,f,flexible,f,f,2,1.32
8067053,https://www.airbnb.com/rooms/8067053,20160104002432,2016-01-04,Beacon Hill Private Room,"The house is a three bedroom, 2 bathroom house. The room I offer is a private room with a shared bathroom. Kithcen, living room, and laundry are available. And I have two tiny schnauzers in the house.",,"The house is a three bedroom, 2 bathroom house. The room I offer is a private room with a shared bathroom. Kithcen, living room, and laundry are available. And I have two tiny schnauzers in the house.",none,,,,https://a1.muscache.com/ac/pictures/102803888/7a5e9425_original.jpg?interpolation=lanczos-none&size=small&output-format=jpg&output-quality=70,https://a1.muscache.com/im/pictures/102803888/7a5e9425_original.jpg?aki_policy=medium,https://a1.muscache.com/ac/pictures/102803888/7a5e9425_original.jpg?interpolation=lanczos-none&size=large_cover&output-format=jpg&output-quality=70,https://a1.muscache.com/ac/pictures/102803888/7a5e9425_original.jpg?interpolation=lanczos-none&size=x_large_cover&output-format=jpg&output-quality=70,42608911,https://www.airbnb.com/users/show/42608911,Jared,2015-08-26,"Seattle, Washington, United States",,within a few hours,100%,100%,f,"https://a0.muscache.com/ac/users/42608911/profile_pic/1440615069/original.jpg?interpolation=lanczos-none&crop=w:w;*,*&crop=h:h;*,*&resize=50:*&output-format=jpg&output-quality=70","https://a0.muscache.com/ac/users/42608911/profile_pic/1440615069/original.jpg?interpolation=lanczos-none&crop=w:w;*,*&crop=h:h;*,*&resize=225:*&output-format=jpg&output-quality=70",North Beacon Hill,1.0,1.0,"['email', 'phone', 'facebook', 'reviews']",t,f,"17th Avenue South, Seattle, WA 98144, United States",North Beacon Hill,North Beacon Hill,Beacon Hill,Seattle,WA,98144,Seattle,"Seattle, WA",US,United States,47.57248931678653,-122.31116544920825,t,House,Private room,2,1.0,1.0,1.0,Real Bed,"{Internet,""Wireless Internet"",Kitchen,""Pets live on this property"",Dog(s),Heating,Washer,Dryer,""Smoke Detector"",""Carbon Monoxide Detector"",Shampoo}",,$60.00,,,,,1,$0.00,1,1125,3 months ago,t,30,60,90,365,2016-01-04,3,2015-09-07,2015-09-15,80.0,8.0,6.0,8.0,10.0,9.0,9.0,f,,WASHINGTON,f,flexible,f,f,1,0.75
1872885,https://www.airbnb.com/rooms/1872885,20160104002432,2016-01-04,Cozy Town Home with Room to Share,"Great location for a long stay with easy access to downtown Seattle via bus or lite rail. It's very comfortable with private, fully furnished bedroom and bath on separate floor of 3 bedroom townhome. Also enjoy shared space including kitchen, dining room and den.","This a very comfortable home, where your room/bathroom is on separate level than other rooms, so no bimping At my place you will have full access to furnished home, including kitchen, cable and internet. There's also great access to the city and beautiful views of Seattle just steps away. I live here full time, so I will be around. I'm active, independent and love to cook...happy to share a meal! We may have as much interaction as you like, I like to show people around town a bit...or maybe explore on your own, it's up to you;) Beacon Hill is up and coming with new places popping up all the time. There are great restaurants/ bars a short walk away, also just down the hill is the international district... And from there Capitol Hill with tons of amazing places to eat, drink and be a part of true Seattle Super easy! Bus, lite rail, taxi, bike... Whatever you prefer, it's all here for ya! At my place you will have full access to furnished home, including kitchen, cable and internet. There","Great location for a long stay with easy access to downtown Seattle via bus or lite rail. It's very comfortable with private, fully furnished bedroom and bath on separate floor of 3 bedroom townhome. Also enjoy shared space including kitchen, dining room and den. This a very comfortable home, where your room/bathroom is on separate level than other rooms, so no bimping At my place you will have full access to furnished home, including kitchen, cable and internet. There's also great access to the city and beautiful views of Seattle just steps away. I live here full time, so I will be around. I'm active, independent and love to cook...happy to share a meal! We may have as much interaction as you like, I like to show people around town a bit...or maybe explore on your own, it's up to you;) Beacon Hill is up and coming with new places popping up all the time. There are great restaurants/ bars a short walk away, also just down the hill is the international district... And from there Capitol",none,"Beacon Hill is up and coming with new places popping up all the time. There are great restaurants/ bars a short walk away, also just down the hill is the international district... And from there Capitol Hill with tons of amazing places to eat, drink and be a part of true Seattle",,"Super easy! Bus, lite rail, taxi, bike... Whatever you prefer, it's all here for ya!",https://a1.muscache.com/ac/pictures/26121811/3fef3b92_original.jpg?interpolation=lanczos-none&size=small&output-format=jpg&output-quality=70,https://a1.muscache.com/im/pictures/26121811/3fef3b92_original.jpg?aki_policy=medium,https://a1.muscache.com/ac/pictures/26121811/3fef3b92_original.jpg?interpolation=lanczos-none&size=large_cover&output-format=jpg&output-quality=70,https://a1.muscache.com/ac/pictures/26121811/3fef3b92_original.jpg?interpolation=lanczos-none&size=x_large_cover&output-format=jpg&output-quality=70,9759010,https://www.airbnb.com/users/show/9759010,Amanda,2013-11-01,US,,within a few hours,100%,100%,f,"https://a0.muscache.com/ac/users/9759010/profile_pic/1383345014/original.jpg?interpolation=lanczos-none&crop=w:w;*,*&crop=h:h;*,*&resize=50:*&output-format=jpg&output-quality=70","https://a0.muscache.com/ac/users/9759010/profile_pic/1383345014/original.jpg?interpolation=lanczos-none&crop=w:w;*,*&crop=h:h;*,*&resize=225:*&output-format=jpg&output-quality=70",,1.0,1.0,"['email', 'phone', 'reviews']",t,f,"B 12th Ave S, Seattle, WA 98144, United States",,North Beacon Hill,Beacon Hill,Seattle,WA,98144,Seattle,"Seattle, WA",US,United States,47.59214117691236,-122.3193539694788,t,House,Private room,1,2.5,1.0,2.0,Real Bed,"{TV,""Cable TV"",""Wireless Internet"",Kitchen,""Free Parking on Premises"",""Pets live on this property"",Dog(s),""Indoor Fireplace"",Heating,Washer,Dryer,""Smoke Detector"",""Carbon Monoxide Detector"",""First Aid Kit"",""Safety Card"",""Fire Extinguisher"",Essentials}",,$105.00,$550.00,,$300.00,$120.00,1,$0.00,7,360,4 months ago,t,1,1,1,233,2016-01-04,5,2014-12-01,2015-12-13,100.0,9.0,9.0,10.0,9.0,9.0,9.0,f,,WASHINGTON,f,moderate,f,f,1,0.38
6561379,https://www.airbnb.com/rooms/6561379,20160104002432,2016-01-04,Beacon Hill 2br with Park Views,"Right across the street from Jefferson Park in Beacon Hill this two bedroom house can comfortably sleep five and is walking distance from light rail, bars and restaurants, a driving range, skate park, and a full golf course. great for groups of friends or families with children.","This 1953 rambler-style house is a great home base for exploring the area, and will easily fit five adults. There are two full-sized beds--one in the master bedroom, and a sofa bed in the guest bedroom--and an inflatable aerobed or a large down-stuffed leather couch for a fifth guest. There's plenty of cooking stuff in the kitchen if you want to whip up a meal from the ingredients you picked up at Pike Place Market or any of the closer shopping options in neighborhood like the Wednesday farmers market in the beautiful Columbia City neighborhood.  The house is about 1,100 sq ft in the upstairs area (there's an occupied in-law unit is downstairs). Hardwood floors throughout, granite countertops in the kitchen. The living room features an eating nook, a large corner fire place, and enormous corner windows that look south and west onto Jefferson park. On clearer evenings you can see the clouds purple in the sunset from the sitting area in the living room.  The master bedroom faces west and","Right across the street from Jefferson Park in Beacon Hill this two bedroom house can comfortably sleep five and is walking distance from light rail, bars and restaurants, a driving range, skate park, and a full golf course. great for groups of friends or families with children. This 1953 rambler-style house is a great home base for exploring the area, and will easily fit five adults. There are two full-sized beds--one in the master bedroom, and a sofa bed in the guest bedroom--and an inflatable aerobed or a large down-stuffed leather couch for a fifth guest. There's plenty of cooking stuff in the kitchen if you want to whip up a meal from the ingredients you picked up at Pike Place Market or any of the closer shopping options in neighborhood like the Wednesday farmers market in the beautiful Columbia City neighborhood.  The house is about 1,100 sq ft in the upstairs area (there's an occupied in-law unit is downstairs). Hardwood floors throughout, granite countertops in the kitchen. Th",none,"The neighborhood is safe with plenty of family friendly restaurants and bars to keep you entertained. Lots of walkable neighborhood amenities, including a large park featuring a skate park, full golf course, tennis courts, driving range, splash park and playground for the little ones, and several excellent restaurants and alehouses just blocks away.",,"You don't need a car to explore the city from this centrally located house. It's a ten minute walk to the Beacon Hill light rail station, which goes directly from the airport and continues on to downtown and Pike Place Market (6 stops away), Pioneer Square (4 stops away) the International District (3 stops away), or the stadiums (2 stops away). You could take it in the opposite direction two stops to go the Columbia City Wednesday farmers market or explore the beautiful South End of Seattle.  There is also the 36 bus, which stops half a block away from the house and will take you downtown in less than 20 minutes. When you do need a car to explore the natural beauty outside of the city, the house is very close to I-5 so you don't need to worry about battling city traffic to get out and explore.  Two bicycles are available for an additional fee if you want to make use of the network of bike lanes that can take you all around the city.",https://a2.muscache.com/ac/pictures/99624979/382ac273_original.jpg?interpolation=lanczos-none&size=small&output-format=jpg&output-quality=70,https://a2.muscache.com/im/pictures/99624979/382ac273_original.jpg?aki_policy=medium,https://a2.muscache.com/ac/pictures/99624979/382ac273_original.jpg?interpolation=lanczos-none&size=large_cover&output-format=jpg&output-quality=70,https://a2.muscache.com/ac/pictures/99624979/382ac273_original.jpg?interpolation=lanczos-none&size=x_large_cover&output-format=jpg&output-quality=70,34321359,https://www.airbnb.com/users/show/34321359,Colin,2015-05-26,"Seattle, Washington, United States",,within a few hours,100%,100%,f,"https://a1.muscache.com/ac/users/34321359/profile_pic/1432698328/original.jpg?interpolation=lanczos-none&crop=w:w;*,*&crop=h:h;*,*&resize=50:*&output-format=jpg&output-quality=70","https://a1.muscache.com/ac/users/34321359/profile_pic/1432698328/original.jpg?interpolation=lanczos-none&crop=w:w;*,*&crop=h:h;*,*&resize=225:*&output-format=jpg&output-quality=70",,2.0,2.0,"['email', 'phone', 'reviews']",t,f,"Alamo Pl S, Seattle, WA 98144, United States",,North Beacon Hill,Beacon Hill,Seattle,WA,98144,Seattle,"Seattle, WA",US,United States,47.57176768887868,-122.30831838055047,f,House,Entire home/apt,5,1.0,2.0,2.0,Real Bed,"{TV,Internet,""Wireless Internet"",""Air Conditioning"",Kitchen,""Free Parking on Premises"",""Pets Allowed"",""Indoor Fireplace"",Heating,""Family/Kid Friendly"",Washer,Dryer,""Smoke Detector"",""Carbon Monoxide Detector"",""First Aid Kit"",Essentials}",,$144.00,$850.00,"$2,961.00",,$85.00,2,$15.00,2,1125,3 weeks ago,t,0,4,6,78,2016-01-04,15,2015-06-20,2015-12-27,99.0,10.0,10.0,10.0,10.0,10.0,10.0,f,,WASHINGTON,f,moderate,f,f,2,2.26
265901,https://www.airbnb.com/rooms/265901,20160104002432,2016-01-04,Great 1 Queen Bed Near Downtown SEA,,"This is 1 Room of a fully furnished 2 bed room unit. located in the lower unit of our home, we live up stairs.  If you have 3 guests the 3 sleeping area would be on the couch separate and private from my home. has a full kitchen, full size washer and dryer, living room and work desk, free wireless wifi, cable tv, board games, dvd player, out door fire pit, gas and charcoal grills available for use, $10 surcharge for gas grill use.  close to downtown, walking distance to light rail, lake washington, 18 Hole Golf Course, Public Library & Grocery Store within 5 blocks.    We stock the rooms with fresh towels, fully stocked bathroom and we usually keep some basic goodies in the frig. All of our beds have Fitted soft top water proof matress protectors We require ALL Adult guests staying in the home to individually register with us a link to the form is sent out after booking confirmation. Access codes are not provided until registration is complete. Great Parking in private driveway 10ft fr","This is 1 Room of a fully furnished 2 bed room unit. located in the lower unit of our home, we live up stairs.  If you have 3 guests the 3 sleeping area would be on the couch separate and private from my home. has a full kitchen, full size washer and dryer, living room and work desk, free wireless wifi, cable tv, board games, dvd player, out door fire pit, gas and charcoal grills available for use, $10 surcharge for gas grill use.  close to downtown, walking distance to light rail, lake washington, 18 Hole Golf Course, Public Library & Grocery Store within 5 blocks.    We stock the rooms with fresh towels, fully stocked bathroom and we usually keep some basic goodies in the frig. All of our beds have Fitted soft top water proof matress protectors We require ALL Adult guests staying in the home to individually register with us a link to the form is sent out after booking confirmation. Access codes are not provided until registration is complete. Great Parking in private driveway 10ft fr",none,North Beacon Hill,,The Beacon Hill light station is the best station for access to the home.,https://a0.muscache.com/ac/pictures/19433323/6cf14129_original.jpg?interpolation=lanczos-none&size=small&output-format=jpg&output-quality=70,https://a0.muscache.com/im/pictures/19433323/6cf14129_original.jpg?aki_policy=medium,https://a0.muscache.com/ac/pictures/19433323/6cf14129_original.jpg?interpolation=lanczos-none&size=large_cover&output-format=jpg&output-quality=70,https://a0.muscache.com/ac/pictures/19433323/6cf14129_original.jpg?interpolation=lanczos-none&size=x_large_cover&output-format=jpg&output-quality=70,862329,https://www.airbnb.com/users/show/862329,Prez & Cherie,2011-07-24,"Seattle, Washington, United States","Cherie and I are Seattle Natives with a taste for the world. We love LA, NY, MIA and all in between, but Seattle is our city. We are small business owners and thought Airbnb would be an interesting new venture at a less stressful pace.  We are very casual after business hours :) and a very social couple.  We enjoy meeting people from different cultures and love to entertain.

Prez:  I have been blessed with opportunities to travel many places (or at least many places to us), love new experiences and seeing historic land marks. We take pride in our city's beauty, rich culture and past good or bad.

I've worked for myself most of my life and love being creative . I enjoy graphic design, acting rapping, video production, editing, directing, ballin' and shot callin' (a little urban humor) LOL. I truly want to do everything. I was a volunteer fire fighter with the Seattle Fire Department, EMT and certified life guard. ( I told you I want to do everything)

I have a lot of day activity and nightlife connections with the transportation company I manage, if you want to do a little exploring- we've got the hook up.  We like to let our guests determine if they want some private personal time while using our space or want the works with sight seeing suggestions and even the option of tagging along with us for some fun. (Warning it can get a little crazy with us, especially once the party bus gets rolling, lol ). It is very common to see buses coming or going from our property at various hours of the day and night.  You can book airport / train / bus pick ups and drop off'(email hidden), please enter airbnb as the referral to receive a discount.

We are open to any and all guests as along as everyone is respectful and polite.  Your race, sexual preference or religion is respected as long as you extend the same respect. Our space has its own keyless entry so you're welcome to come and go as you please without worrying about disturbing the rest of the house. 

I hope to have you stay with us...check out our reviews and book a night!

PS: THIS IS NOT A 5 STAR HOTEL, WHATS IN THE PHOTOS IS IN THE HOUSE. 

Prez & Cherie
",within a few hours,89%,100%,f,"https://a2.muscache.com/ac/users/862329/profile_pic/1379540383/original.jpg?interpolation=lanczos-none&crop=w:w;*,*&crop=h:h;*,*&resize=50:*&output-format=jpg&output-quality=70","https://a2.muscache.com/ac/users/862329/profile_pic/1379540383/original.jpg?interpolation=lanczos-none&crop=w:w;*,*&crop=h:h;*,*&resize=225:*&output-format=jpg&output-quality=70",North Beacon Hill,11.0,11.0,"['email', 'phone', 'facebook', 'reviews', 'kba']",t,t,"23rd Ave S, Seattle, WA 98144, United States",North Beacon Hill,North Beacon Hill,Beacon Hill,Seattle,WA,98144,Seattle,"Seattle, WA",US,United States,47.576251949114045,-122.30367586066464,t,House,Private room,2,1.0,1.0,1.0,Real Bed,"{TV,""Cable TV"",Internet,""Wireless Internet"",Kitchen,""Free Parking on Premises"",""Buzzer/Wireless Intercom"",Heating,""Family/Kid Friendly"",Washer,Dryer,""Smoke Detector"",""First Aid Kit"",""Safety Card"",""Fire Extinguisher""}",,$69.00,$525.00,"$2,199.00",$100.00,$40.00,1,$15.00,1,30,5 days ago,t,30,60,90,365,2016-01-04,15,2012-02-06,2014-06-19,98.0,10.0,10.0,10.0,10.0,9.0,10.0,f,,WASHINGTON,f,strict,t,t,11,0.31
392779,https://www.airbnb.com/rooms/392779,20160104002432,2016-01-04,2/1 Plush Modern Hilltop Retreat,Gorgeous hilltop apartment in North Beacon Hill impeccably decorated & cleaned. 2 Queen bedrooms and gleaming bathroom. 5 star reviews!,"Check out this incredible apartment and you will not regret it  :) We have thought of those details that will make your stay worry free. This beautiful and immaculate haven is for those with discerning taste and a high standard of cleanliness. It will comfortably accommodate up to 4 people. Its the first floor of my 1930 home just lovingly renovated by my husband and I. it is a fully enclosed apartment with a separate entrance and is completely private and comfortable. KITCHEN: -The fully stocked kitchen was lovingly renovated by us very recently with all the comforts to make it easy to cook and clean up. It has stunning crema persa granite counter-tops, and so many amenities. Various teas & Starbucks coffee are included. -Amenities include: dishwasher, garbage disposal, large farmhouse style sink, in unit front load washer/dryer, microwave, oven range, large fridge with ice-maker, programmable coffeemaker, blender, toaster plus all the usual things you would expect. -Dining table seat","Gorgeous hilltop apartment in North Beacon Hill impeccably decorated & cleaned. 2 Queen bedrooms and gleaming bathroom. 5 star reviews! Check out this incredible apartment and you will not regret it  :) We have thought of those details that will make your stay worry free. This beautiful and immaculate haven is for those with discerning taste and a high standard of cleanliness. It will comfortably accommodate up to 4 people. Its the first floor of my 1930 home just lovingly renovated by my husband and I. it is a fully enclosed apartment with a separate entrance and is completely private and comfortable. KITCHEN: -The fully stocked kitchen was lovingly renovated by us very recently with all the comforts to make it easy to cook and clean up. It has stunning crema persa granite counter-tops, and so many amenities. Various teas & Starbucks coffee are included. -Amenities include: dishwasher, garbage disposal, large farmhouse style sink, in unit front load washer/dryer, microwave, oven range",none,"Beacon Hill, a beautiful and quiet neighborhood just a stone's throw from the city, is home to a small selection of  restaurants, bars, and coffee shops which you can walk to. There is also a bowling alley, multiple supermarkets, and quaint shopping areas a little further. The nearby neighborhoods of Georgetown, Columbia City, and Capitol Hill are some of the best in Seattle - edgier and more diverse than the cookie cutter North side :)  The neighborhood is great for taking walks. A beautiful park with a 180 deg view over downtown, Puget sound, and the Olympic Mountains is a few blocks away. ","SUMMER MONTHS ONLY: We just added a beautiful gazebo with seating for 4. Check it out in our pictures! It really is a lovely private spot in our back garden, and is available from May-September","For drivers, our home is minutes from I-5 and I-90. Downtown and Capitol Hill are 5 minutes away. The home is perfectly situated to avoid the horrendous Seattle traffic but still far way enough to make parking easy. Century Link and Safeco field are a few minutes away. Beacon Hill Light Rail station is just blocks away - walk there in minutes! Commute easily to the airport and downtown. We are also on 3 bus lines (36, 50 and 60) so it is very easy to get to most places.",https://a0.muscache.com/ac/pictures/5139952/fc2e83ee_original.jpg?interpolation=lanczos-none&size=small&output-format=jpg&output-quality=70,https://a0.muscache.com/im/pictures/5139952/fc2e83ee_original.jpg?aki_policy=medium,https://a0.muscache.com/ac/pictures/5139952/fc2e83ee_original.jpg?interpolation=lanczos-none&size=large_cover&output-format=jpg&output-quality=70,https://a0.muscache.com/ac/pictures/5139952/fc2e83ee_original.jpg?interpolation=lanczos-none&size=x_large_cover&output-format=jpg&output-quality=70,437055,https://www.airbnb.com/users/show/437055,Jyoti,2011-03-12,"Seattle, Washington, United States","My husband Tushar and I have lived in Seattle for 10 years. I was born and raised in London, England, and Tushar was born in Gujarat, India. We have a 2 year old daughter Svara who is a fun confident sweetheart.

We love this earthy laid back city and take a lot of pride in our 1930 home we have owned for 7 years and renovated with love. We were inspired to rent out our 1st floor apartment after traveling the world and staying in Airbnb rentals. We love sharing our home with travelers looking for a clean comfortable place to stay in the most convenient & chill neighborhood. We love it here!

In our free time we make all our favorite world cuisines, listen to records, ride our bikes, and work on our home.

We consider ourselves future thinking world citizens who love good design and continuous learning. 

We take pride in all that we do and are happy to open up this amazing part of our home to people who will appreciate the love that goes into it.

Bon Voyage!",within an hour,100%,100%,f,"https://a2.muscache.com/ac/users/437055/profile_pic/1430019223/original.jpg?interpolation=lanczos-none&crop=w:w;*,*&crop=h:h;*,*&resize=50:*&output-format=jpg&output-quality=70","https://a2.muscache.com/ac/users/437055/profile_pic/1430019223/original.jpg?interpolation=lanczos-none&crop=w:w;*,*&crop=h:h;*,*&resize=225:*&output-format=jpg&output-quality=70",North Beacon Hill,1.0,1.0,"['email', 'phone', 'facebook', 'reviews', 'kba']",t,t,"S Hanford St, Seattle, WA 98144, United States",North Beacon Hill,North Beacon Hill,Beacon Hill,Seattle,WA,98144,Seattle,"Seattle, WA",US,United States,47.5757694804858,-122.31636208846804,t,Apartment,Entire home/apt,4,1.0,2.0,2.0,Real Bed,"{TV,Internet,""Wireless Internet"",Kitchen,""Free Parking on Premises"",Heating,Washer,Dryer,""Smoke Detector"",""First Aid Kit"",""Fire Extinguisher"",Essentials,Shampoo}",,$108.00,,,$250.00,$85.00,2,$15.00,3,30,4 weeks ago,t,26,56,86,175,2016-01-04,80,2012-06-07,2015-12-01,98.0,10.0,10.0,10.0,10.0,9.0,9.0,f,,WASHINGTON,f,moderate,f,f,1,1.84
202174,https://www.airbnb.com/rooms/202174,20160104002432,2016-01-04,"Modern Retreat, High End Amenities","Our ""green built"", 1+ bedroom, 2 bath town home is a modernists treat!  On a quiet street with a dedicated parking space in back, it's located close to the Stadiums, Seattle U, Chinatown and Capitol Hill. Enjoy local beer/wine upon your arrival.  ","Our ""green built"", 1+ bedroom, 2 bath town home is a modernists treat!  On a quiet street with a dedicated parking space in back, it's located close to the Stadiums, Seattle U, Chinatown and Capitol Hill. Enjoy local beer/wine upon your arrival. A modern, well appointed town home within walking distance to Capitol Hill (hottest restaurant and bar scene in Seattle) and Chinatown (great for cheap eats). High-end kitchen and cozy heated floors. Soaring ceilings in the huge bedroom, luxury bathrooms w/ skylight, soaking tub and river rock shower.  Outdoor dining table with gas grill and fireplace.  A luxurious place for 2 but an airbed can be set up in the office/guest room for extra guests (additional fee). The non enclosed office is on the same floor as the living room with access to the second floor full bath. A well stocked kitchen, Apple TV and large HDTV in the living room for movies, Netflix etc... Free Wifi. Private deck with gas grill and fire place. Free parking in a dedicated sp","Our ""green built"", 1+ bedroom, 2 bath town home is a modernists treat!  On a quiet street with a dedicated parking space in back, it's located close to the Stadiums, Seattle U, Chinatown and Capitol Hill. Enjoy local beer/wine upon your arrival.   A modern, well appointed town home within walking distance to Capitol Hill (hottest restaurant and bar scene in Seattle) and Chinatown (great for cheap eats). High-end kitchen and cozy heated floors. Soaring ceilings in the huge bedroom, luxury bathrooms w/ skylight, soaking tub and river rock shower.  Outdoor dining table with gas grill and fireplace.  A luxurious place for 2 but an airbed can be set up in the office/guest room for extra guests (additional fee). The non enclosed office is on the same floor as the living room with access to the second floor full bath. A well stocked kitchen, Apple TV and large HDTV in the living room for movies, Netflix etc... Free Wifi. Private deck with gas grill and fire place. Free parking in a dedicated ",none,"Sandwiched between the International District (Chinatown) and Capitol Hill, the shopping and dining choices are endless. 15min walk from the train station and Stadiums for Seahawks, Sounders and Mariners games. ",,Uber is everywhere in Seattle. A Bus line is 1 block away that can take you downtown. ,https://a2.muscache.com/ac/pictures/34731138/b6bbbe14_original.jpg?interpolation=lanczos-none&size=small&output-format=jpg&output-quality=70,https://a2.muscache.com/im/pictures/34731138/b6bbbe14_original.jpg?aki_policy=medium,https://a2.muscache.com/ac/pictures/34731138/b6bbbe14_original.jpg?interpolation=lanczos-none&size=large_cover&output-format=jpg&output-quality=70,https://a2.muscache.com/ac/pictures/34731138/b6bbbe14_original.jpg?interpolation=lanczos-none&size=x_large_cover&output-format=jpg&output-quality=70,58235,https://www.airbnb.com/users/show/58235,Apryl,2009-11-28,"Seattle, Washington, United States","We make our home in Seattle, WA but travel often and spend lots of time sailing. Erick formerly worked for design consultancies and I work in finance. We have a furniture company, Plank & Grain Furniture which specializes in reclaimed wood. We don't smoke and are allergic to cats/dogs. Our extended families live nearby and keep us busy with 6 nieces and nefews. It's a great life! 

",within a few hours,100%,100%,f,"https://a0.muscache.com/ac/users/58235/profile_pic/1441057343/original.jpg?interpolation=lanczos-none&crop=w:w;*,*&crop=h:h;*,*&resize=50:*&output-format=jpg&output-quality=70","https://a0.muscache.com/ac/users/58235/profile_pic/1441057343/original.jpg?interpolation=lanczos-none&crop=w:w;*,*&crop=h:h;*,*&resize=225:*&output-format=jpg&output-quality=70",International District,2.0,2.0,"['email', 'phone', 'reviews', 'kba']",t,t,"E Fir St, Seattle, WA 98122, United States",International District,North Beacon Hill,Beacon Hill,Seattle,WA,98122,Seattle,"Seattle, WA",US,United States,47.59566143433549,-122.3180159570667,t,House,Entire home/apt,4,2.0,1.0,1.0,Real Bed,"{TV,""Cable TV"",Internet,""Wireless Internet"",Kitchen,""Free Parking on Premises"",Heating,Washer,Dryer,""Smoke Detector"",""Safety Card"",Essentials,Shampoo}",1300.0,$159.00,,,,$80.00,2,$25.00,2,730,2 weeks ago,t,0,0,0,275,2016-01-04,14,2012-07-30,2015-10-02,96.0,10.0,10.0,10.0,10.0,9.0,9.0,f,,WASHINGTON,f,moderate,f,f,2,0.33
7853358,https://www.airbnb.com/rooms/7853358,20160104002432,2016-01-04,Cozy N. Beacon Hill 2 Bdrm Home,This two bedroom single family home is located in the up and coming N. Beacon Hill neighborhood conveniently located to public transportation and freeways.,"With 800 sq. ft of living space, you will find two bedrooms and one bath. One bedroom consist of one queen size bed and another with a twin bed. The sofa bed also opens up that fits comfortably for two.","This two bedroom single family home is located in the up and coming N. Beacon Hill neighborhood conveniently located to public transportation and freeways. With 800 sq. ft of living space, you will find two bedrooms and one bath. One bedroom consist of one queen size bed and another with a twin bed. The sofa bed also opens up that fits comfortably for two. A keybox will be made available to ensure easy and convenient check-in/check-outs. Parking is available in the driveway and off street parking as well. With respect to your privacy, interaction is available should guests have any specific questions/requests, availability can be coordinated.  I am available by text/phone/email should you have any questions. Jefferson Park and Golf Course, Jefferson Community Center, restaurants, coffee shops, grocery stores, public library and banks are just a few of the things Beacon Hill offers. Light Rail and bus approximately 5 blocks away and Bus #36 takes you straight to downtown Seattle.  The l",none,"Jefferson Park and Golf Course, Jefferson Community Center, restaurants, coffee shops, grocery stores, public library and banks are just a few of the things Beacon Hill offers.",The size of water heater is 30 gallons. ,Light Rail and bus approximately 5 blocks away and Bus #36 takes you straight to downtown Seattle.  The light rail will take you to the airport or downtown Seattle. Local coffee shops and restaurants can be found by the light rail station up the hill.,https://a1.muscache.com/ac/pictures/106963773/eacc2793_original.jpg?interpolation=lanczos-none&size=small&output-format=jpg&output-quality=70,https://a1.muscache.com/im/pictures/106963773/eacc2793_original.jpg?aki_policy=medium,https://a1.muscache.com/ac/pictures/106963773/eacc2793_original.jpg?interpolation=lanczos-none&size=large_cover&output-format=jpg&output-quality=70,https://a1.muscache.com/ac/pictures/106963773/eacc2793_original.jpg?interpolation=lanczos-none&size=x_large_cover&output-format=jpg&output-quality=70,24905439,https://www.airbnb.com/users/show/24905439,Xiu,2014-12-16,"Seattle, Washington, United States",,within an hour,90%,100%,f,"https://a2.muscache.com/ac/users/24905439/profile_pic/1441324489/original.jpg?interpolation=lanczos-none&crop=w:w;*,*&crop=h:h;*,*&resize=50:*&output-format=jpg&output-quality=70","https://a2.muscache.com/ac/users/24905439/profile_pic/1441324489/original.jpg?interpolation=lanczos-none&crop=w:w;*,*&crop=h:h;*,*&resize=225:*&output-format=jpg&output-quality=70",North Beacon Hill,1.0,1.0,"['email', 'phone', 'google', 'reviews', 'kba']",t,t,"South Bayview Street, Seattle, WA 98144, United States",North Beacon Hill,North Beacon Hill,Beacon Hill,Seattle,WA,98144,Seattle,"Seattle, WA",US,United States,47.58009265261841,-122.30485638264813,t,House,Entire home/apt,4,1.0,2.0,3.0,Real Bed,"{Internet,""Wireless Internet"",Kitchen,""Free Parking on Premises"",Heating,""Family/Kid Friendly"",Washer,Dryer,""Smoke Detector"",Essentials,Shampoo}",,$85.00,$607.00,"$2,300.00",$200.00,$50.00,2,$20.00,2,1125,a week ago,t,26,47,77,96,2016-01-04,11,2015-09-14,2015-12-08,98.0,10.0,10.0,10.0,10.0,9.0,10.0,f,,WASHINGTON,t,strict,f,f,1,2.92
2197168,https://www.airbnb.com/rooms/2197168,20160104002432,2016-01-04,Delightful Cottage near Light Rail,This is an adorable and quality 2 BD/1BA cottage in the funky North Beacon Hill neighborhood of Seattle.  3 blocks to Light Rail for a short ride to the airport or downtown.  Start your day with coffee on the porch and end it with a cozy slumber.,"The home is a single family home with a MIL unit in the basement.  (The MIL is rented to a permenant tenant who has separate access, etc.)  The upstairs floor of the house is what is for rent.  It is fully equipped with 2 BD, full bath, full kitchen, living room as well as den/TV room.  This is a homey and classy space that is easy to make yourself at home and settle in.","This is an adorable and quality 2 BD/1BA cottage in the funky North Beacon Hill neighborhood of Seattle.  3 blocks to Light Rail for a short ride to the airport or downtown.  Start your day with coffee on the porch and end it with a cozy slumber. The home is a single family home with a MIL unit in the basement.  (The MIL is rented to a permenant tenant who has separate access, etc.)  The upstairs floor of the house is what is for rent.  It is fully equipped with 2 BD, full bath, full kitchen, living room as well as den/TV room.  This is a homey and classy space that is easy to make yourself at home and settle in. Guests have access to the entire space.  The MIL tenant shares front gate access to the property but has a fully separate entrance and living space. I will meet guests to provide key and answer any questions prior to their stay. North Beacon Hill is a budding, funky and community oriented neighborhood with good restaurants, coffee shops and parks.  For a fabulous Italian meal,",none,"North Beacon Hill is a budding, funky and community oriented neighborhood with good restaurants, coffee shops and parks.  For a fabulous Italian meal, hit Bar Del Corso and if burgers and good beer is your thing, you MUST go to Oak.  For breakfast, run, don't walk, to the quaint and delicious Baja Bistro.","Your stay includes morning coffee/tea, light breakfast and snacks.","The Beacon Hill Light Rail station is 3 blocks away and provides quick and easy access to downtown, the airport and train station.  If you have a car, there is parking on the street.",https://a2.muscache.com/ac/pictures/110059673/d9080845_original.jpg?interpolation=lanczos-none&size=small&output-format=jpg&output-quality=70,https://a2.muscache.com/im/pictures/110059673/d9080845_original.jpg?aki_policy=medium,https://a2.muscache.com/ac/pictures/110059673/d9080845_original.jpg?interpolation=lanczos-none&size=large_cover&output-format=jpg&output-quality=70,https://a2.muscache.com/ac/pictures/110059673/d9080845_original.jpg?interpolation=lanczos-none&size=x_large_cover&output-format=jpg&output-quality=70,11206862,https://www.airbnb.com/users/show/11206862,Tammi,2014-01-11,"Seattle, Washington, United States","Though I hail from Montana, I have lived in Seattle for 18 years.  I get itchy if I go more than a month without traveling and am certain I have perfected the art of packing a suitcase.  I also really love ""home"" and when I am home, I am most content in the kitchen with an apron on and music playing.  I also really love a good glass of wine, boogie boarding and time with my posse of very dear friends.  Travel to see family takes me to Montana and Wisconsin on a regular basis.  I can't resist a campfire, a trip to the island of Kauai, a hula hoop or vintage barware.  ",within an hour,100%,100%,t,"https://a2.muscache.com/ac/pictures/33a21577-a1fe-4a51-b7bc-aac441f2006e.jpg?interpolation=lanczos-none&crop=w:w;*,*&crop=h:h;*,*&resize=50:*&output-format=jpg&output-quality=70","https://a2.muscache.com/ac/pictures/33a21577-a1fe-4a51-b7bc-aac441f2006e.jpg?interpolation=lanczos-none&crop=w:w;*,*&crop=h:h;*,*&resize=225:*&output-format=jpg&output-quality=70",North Beacon Hill,1.0,1.0,"['email', 'phone', 'facebook', 'reviews', 'jumio']",t,t,"South Lander Street, Seattle, WA 98144, United States",North Beacon Hill,North Beacon Hill,Beacon Hill,Seattle,WA,98144,Seattle,"Seattle, WA",US,United States,47.58002068354933,-122.30686388265453,t,House,Entire home/apt,4,1.0,2.0,2.0,Real Bed,"{TV,""Cable TV"",Internet,""Wireless Internet"",Kitchen,""Free Parking on Premises"",Breakfast,Heating,""Family/Kid Friendly"",Washer,Dryer,""Smoke Detector"",""Fire Extinguisher"",Essentials,Shampoo}",,$135.00,$875.00,"$3,100.00",$250.00,$50.00,2,$15.00,2,1125,today,t,9,9,9,264,2016-01-04,79,2014-01-27,2016-01-01,99.0,10.0,10.0,10.0,10.0,10.0,10.0,f,,WASHINGTON,f,moderate,f,f,1,3.35
4075152,https://www.airbnb.com/rooms/4075152,20160104002432,2016-01-04,The Ranch: Bed + Breakfast,"Enjoy the privacy of two large bedrooms, a living area, and a separate bathroom in the basement of a gorgeous Beacon Hill craftsman home.  Your stay includes an organic, gourmet breakfast made with ingredients from the property. ","Enjoy a cozy bedroom and bathroom to yourself in our large, private basement.  You're welcome to enjoy our secluded backyard that houses chickens, ducks, and in-season fruits and vegetables.  Weekend guests are invited to join us for an early breakfast.  We'll use as many ingredients from our property as possible (you're welcome to help collect eggs and in-season fruits or vegetables for our meal!).  All meals are made with organic ingredients.","Enjoy the privacy of two large bedrooms, a living area, and a separate bathroom in the basement of a gorgeous Beacon Hill craftsman home.  Your stay includes an organic, gourmet breakfast made with ingredients from the property.  Enjoy a cozy bedroom and bathroom to yourself in our large, private basement.  You're welcome to enjoy our secluded backyard that houses chickens, ducks, and in-season fruits and vegetables.  Weekend guests are invited to join us for an early breakfast.  We'll use as many ingredients from our property as possible (you're welcome to help collect eggs and in-season fruits or vegetables for our meal!).  All meals are made with organic ingredients. Basement is open to guests and, aside from a private bedroom and bathroom, includes a large creative space, workout room, and access to our great backyard (where you'll find chickens, ducks, and in-season fruits and vegetables). Lounge, play, or gather ingredients for a meal -- the choice is yours (we'll do the cooking,",none,"Beacon Hill is the perfect mix of quiet and city.  The Light Rail is a 30 second walk up the hill and will take you as far south as the airport and as far north as Westlake Center (downtown).  Local spots (within walking distance) include grocery, multiple coffee shops, local restaurants, a yoga studio, and more.",,Link Light Rail station is a 30 second walk and our main drag has a bus line. Many amenities within walking distance and Ubers are always available in our area!,https://a0.muscache.com/ac/pictures/51226561/9b81718a_original.jpg?interpolation=lanczos-none&size=small&output-format=jpg&output-quality=70,https://a0.muscache.com/im/pictures/51226561/9b81718a_original.jpg?aki_policy=medium,https://a0.muscache.com/ac/pictures/51226561/9b81718a_original.jpg?interpolation=lanczos-none&size=large_cover&output-format=jpg&output-quality=70,https://a0.muscache.com/ac/pictures/51226561/9b81718a_original.jpg?interpolation=lanczos-none&size=x_large_cover&output-format=jpg&output-quality=70,3319535,https://www.airbnb.com/users/show/3319535,Jess,2012-08-20,"Seattle, Washington, United States","Seattle native.  Avid blogger, photographer, creativity fiend.  Into all things food-related (I'll eat my way through any city!).   Chef.  Animal lover.  Outdoor adventure seeker.  Gardening guru.  Travel junky. ",within a few hours,100%,,f,"https://a2.muscache.com/ac/users/3319535/profile_pic/1410898188/original.jpg?interpolation=lanczos-none&crop=w:w;*,*&crop=h:h;*,*&resize=50:*&output-format=jpg&output-quality=70","https://a2.muscache.com/ac/users/3319535/profile_pic/1410898188/original.jpg?interpolation=lanczos-none&crop=w:w;*,*&crop=h:h;*,*&resize=225:*&output-format=jpg&output-quality=70",North Beacon Hill,1.0,1.0,"['email', 'phone', 'facebook', 'reviews']",t,f,"South Lander Street, Seattle, WA 98144, United States",North Beacon Hill,North Beacon Hill,Beacon Hill,Seattle,WA,98144,Seattle,"Seattle, WA",US,United States,47.57975166389754,-122.3093851757636,t,Bed & Breakfast,Private room,2,1.0,1.0,1.0,Real Bed,"{TV,Internet,""Wireless Internet"",""Free Parking on Premises"",Breakfast,""Pets live on this property"",Dog(s),Cat(s),""Other pet(s)"",Heating,""Family/Kid Friendly"",Washer,Dryer,""Smoke Detector"",""Carbon Monoxide Detector"",""Fire Extinguisher"",Essentials,Shampoo}",,$89.00,,,,$30.00,1,$0.00,2,1125,3 months ago,t,0,0,0,6,2016-01-04,0,,,,,,,,,,f,,WASHINGTON,f,flexible,f,f,1,
5593399,https://www.airbnb.com/rooms/5593399,20160104002432,2016-01-04,Parkside Condo,"Great condo located next to the Jose Rizal Park in Seattle. Close to views, food, and stadiums - Only a 15 minute walk to Safeco and Century Link Fields! Perfect stay for the weekend game, quiet get-away, or home base for your Seattle adventure.","We are located at the top of 12th Ave. South next to the historic ""Pacific Medical Building"" (former Amazon office). We have amazing views of the city from Jose Rizal Park. Our condo has hardwood floors, a nice size bed, couch, and living space as well as a small balcony for enjoying summer evenings.","Great condo located next to the Jose Rizal Park in Seattle. Close to views, food, and stadiums - Only a 15 minute walk to Safeco and Century Link Fields! Perfect stay for the weekend game, quiet get-away, or home base for your Seattle adventure. We are located at the top of 12th Ave. South next to the historic ""Pacific Medical Building"" (former Amazon office). We have amazing views of the city from Jose Rizal Park. Our condo has hardwood floors, a nice size bed, couch, and living space as well as a small balcony for enjoying summer evenings. Guest have access to our garage parking space as well as our facility pool and hot tub. (rules and restrictions apply) We do not stay at our home during bookings. Beacon Hill is boarders on the International District, SODO, and the Central district. We are about a 15 minute walk from the Stadiums and 30 minutes from downtown and Capital Hill. There are parks, views and restaurants within walking distance of our place and hundreds of bars, concert v",none,"Beacon Hill is boarders on the International District, SODO, and the Central district. We are about a 15 minute walk from the Stadiums and 30 minutes from downtown and Capital Hill. There are parks, views and restaurants within walking distance of our place and hundreds of bars, concert venues, and attractions within a 5 minute cab ride.",,We are located across the street from the 36 bus (downtown) and the 60 bus (First / Capital Hill) We also have garage access for a car / rental car.,https://a0.muscache.com/ac/pictures/69634874/b34baefe_original.jpg?interpolation=lanczos-none&size=small&output-format=jpg&output-quality=70,https://a0.muscache.com/im/pictures/69634874/b34baefe_original.jpg?aki_policy=medium,https://a0.muscache.com/ac/pictures/69634874/b34baefe_original.jpg?interpolation=lanczos-none&size=large_cover&output-format=jpg&output-quality=70,https://a0.muscache.com/ac/pictures/69634874/b34baefe_original.jpg?interpolation=lanczos-none&size=x_large_cover&output-format=jpg&output-quality=70,26135596,https://www.airbnb.com/users/show/26135596,Michael,2015-01-14,"Seattle, Washington, United States",,within a few hours,100%,,f,"https://a0.muscache.com/ac/users/26135596/profile_pic/1421295604/original.jpg?interpolation=lanczos-none&crop=w:w;*,*&crop=h:h;*,*&resize=50:*&output-format=jpg&output-quality=70","https://a0.muscache.com/ac/users/26135596/profile_pic/1421295604/original.jpg?interpolation=lanczos-none&crop=w:w;*,*&crop=h:h;*,*&resize=225:*&output-format=jpg&output-quality=70",North Beacon Hill,1.0,1.0,"['email', 'phone', 'reviews']",t,f,"12th Avenue South, Seattle, WA 98144, United States",North Beacon Hill,North Beacon Hill,Beacon Hill,Seattle,WA,98144,Seattle,"Seattle, WA",US,United States,47.59188627385039,-122.31822255275053,t,Apartment,Entire home/apt,3,1.0,1.0,2.0,Real Bed,"{TV,""Wireless Internet"",Pool,Kitchen,""Free Parking on Premises"",""Pets Allowed"",""Elevator in Building"",""Hot Tub"",Heating,""Family/Kid Friendly"",Washer,Dryer,""Smoke Detector"",""Carbon Monoxide Detector"",""Safety Card"",Essentials,Shampoo}",,$120.00,,,,$20.00,1,$0.00,1,4,2 months ago,t,0,10,10,257,2016-01-04,7,2015-04-05,2015-09-22,91.0,10.0,9.0,10.0,10.0,9.0,9.0,f,,WASHINGTON,f,flexible,f,f,1,0.76
366301,https://www.airbnb.com/rooms/366301,20160104002432,2016-01-04,Paint by Number Paradise,"Lovely, bright one bedroom in Seattle's Beacon Hill across from Jefferson Park. Spacious living room, long/comfy couch great as an extra bed, bathtub, queen sized bed, full kitchen, lots of art and plants- all with a magical touch.","Wonderful, clean and cozy 1 bedroom apt with great bathtub, full kitchen and super deluxe queen size bed. Laundry in basement, street parking. Close to light rail so just minutes from downtown and airport. Beacon Hill is a quiet residential neighborhood that has some great places to eat and hang out. There is a great park across the street. WiFi, hard wood floors, quiet neighbors, lots of light during the day.","Lovely, bright one bedroom in Seattle's Beacon Hill across from Jefferson Park. Spacious living room, long/comfy couch great as an extra bed, bathtub, queen sized bed, full kitchen, lots of art and plants- all with a magical touch. Wonderful, clean and cozy 1 bedroom apt with great bathtub, full kitchen and super deluxe queen size bed. Laundry in basement, street parking. Close to light rail so just minutes from downtown and airport. Beacon Hill is a quiet residential neighborhood that has some great places to eat and hang out. There is a great park across the street. WiFi, hard wood floors, quiet neighbors, lots of light during the day. Full access to space apart from walk in closet behind bathroom and side studio corner off living room which contain storage. Sarah will be available if you have any questions about the building/space while I am out of town. Great quiet, friendly and diverse neighborhood. If you don't have a car, the bus lines 36 and 60 run close by as well as the Beaco",none,"Great quiet, friendly and diverse neighborhood.",,"If you don't have a car, the bus lines 36 and 60 run close by as well as the Beacon Hill Light Rail station (with direct downtown and airport access) just a few blocks away.",https://a2.muscache.com/ac/pictures/89646919/d751f179_original.jpg?interpolation=lanczos-none&size=small&output-format=jpg&output-quality=70,https://a2.muscache.com/im/pictures/89646919/d751f179_original.jpg?aki_policy=medium,https://a2.muscache.com/ac/pictures/89646919/d751f179_original.jpg?interpolation=lanczos-none&size=large_cover&output-format=jpg&output-quality=70,https://a2.muscache.com/ac/pictures/89646919/d751f179_original.jpg?interpolation=lanczos-none&size=x_large_cover&output-format=jpg&output-quality=70,1849458,https://www.airbnb.com/users/show/1849458,Dawn Marie,2012-03-03,"Seattle, Washington, United States","From Wisconsin, Seattlite past 15 years. Like to travel, do craft projects, go to museums, do stand up comedy/make people laugh!",within a day,78%,100%,f,"https://a2.muscache.com/ac/users/1849458/profile_pic/1434517551/original.jpg?interpolation=lanczos-none&crop=w:w;*,*&crop=h:h;*,*&resize=50:*&output-format=jpg&output-quality=70","https://a2.muscache.com/ac/users/1849458/profile_pic/1434517551/original.jpg?interpolation=lanczos-none&crop=w:w;*,*&crop=h:h;*,*&resize=225:*&output-format=jpg&output-quality=70",North Beacon Hill,1.0,1.0,"['email', 'phone', 'facebook', 'google', 'reviews', 'kba']",t,t,"S Spokane St, Seattle, WA 98144, United States",North Beacon Hill,North Beacon Hill,Beacon Hill,Seattle,WA,98144,Seattle,"Seattle, WA",US,United States,47.57130286192215,-122.30967375479632,t,Apartment,Entire home/apt,3,1.0,1.0,1.0,Real Bed,"{Internet,""Wireless Internet"",Kitchen,""Buzzer/Wireless Intercom"",Heating,""Smoke Detector"",""Carbon Monoxide Detector"",""First Aid Kit"",Essentials}",,$70.00,$440.00,"$1,500.00",$300.00,$50.00,3,$50.00,2,1125,3 months ago,t,27,57,86,86,2016-01-04,9,2015-06-29,2015-10-08,91.0,9.0,9.0,10.0,10.0,9.0,9.0,f,,WASHINGTON,f,moderate,f,f,1,1.42
6644628,https://www.airbnb.com/rooms/6644628,20160104002432,2016-01-04,Convenient N. Beacon Hill Townhome,"In the North Beacon Hill neighborhood of Seattle, you will sleep in the heart of the City.  You are walking distance from great restaurants and the International District, and mere minutes from sights like Pike Place Market, SAM, and Safeco Field.","*** Note: dates in August are only available for one bedroom bookings, not entire home.  Thank you!","In the North Beacon Hill neighborhood of Seattle, you will sleep in the heart of the City.  You are walking distance from great restaurants and the International District, and mere minutes from sights like Pike Place Market, SAM, and Safeco Field.",none,,,,https://a1.muscache.com/ac/pictures/83758454/c4d97c57_original.jpg?interpolation=lanczos-none&size=small&output-format=jpg&output-quality=70,https://a1.muscache.com/im/pictures/83758454/c4d97c57_original.jpg?aki_policy=medium,https://a1.muscache.com/ac/pictures/83758454/c4d97c57_original.jpg?interpolation=lanczos-none&size=large_cover&output-format=jpg&output-quality=70,https://a1.muscache.com/ac/pictures/83758454/c4d97c57_original.jpg?interpolation=lanczos-none&size=x_large_cover&output-format=jpg&output-quality=70,3686989,https://www.airbnb.com/users/show/3686989,Alyson,2012-09-26,"Seattle, Washington, United States","I love introducing new people to my native town, Seattle, WA!  There is so much to do and see in the City.  Great restaurants, a thriving fitness community -- you cannot step more than two blocks without running into a yoga studio or water sport guided tour.  I also really like shopping and have a list of my favorite consignment stores ready to email when asked!",,,,f,"https://a1.muscache.com/ac/users/3686989/profile_pic/1433207682/original.jpg?interpolation=lanczos-none&crop=w:w;*,*&crop=h:h;*,*&resize=50:*&output-format=jpg&output-quality=70","https://a1.muscache.com/ac/users/3686989/profile_pic/1433207682/original.jpg?interpolation=lanczos-none&crop=w:w;*,*&crop=h:h;*,*&resize=225:*&output-format=jpg&output-quality=70",North Beacon Hill,1.0,1.0,"['email', 'phone', 'reviews']",t,f,"14th Avenue South, Seattle, WA 98144, United States",North Beacon Hill,North Beacon Hill,Beacon Hill,Seattle,WA,98144,Seattle,"Seattle, WA",US,United States,47.58313182674253,-122.31470996634302,t,Townhouse,Private room,2,1.5,1.0,1.0,Real Bed,"{TV,""Cable TV"",Internet,""Wireless Internet"",Kitchen,Heating,""Family/Kid Friendly"",Washer,Dryer,""Smoke Detector"",""Carbon Monoxide Detector""}",,$150.00,,,,$25.00,2,$50.00,2,1125,5 months ago,t,30,60,90,365,2016-01-04,9,2015-06-15,2015-08-24,96.0,10.0,10.0,9.0,10.0,9.0,9.0,f,,WASHINGTON,f,moderate,f,f,1,1.32
3593582,https://www.airbnb.com/rooms/3593582,20160104002432,2016-01-04,2 BR 2.25 Bath Townhome ,"Newer townhouse, built in 2009, with 2 bedrooms and 2.25 baths. Conveniently located 7 minutes from Safeco Field/Century Link Field/Downtown/Capitol Hill. Near Light Rail and Bus. Washer/Dryer/Dishwasher/Oven/Microwave/Cable TV. Picturesque views.","2 bedroom, 2.25 bath town home, with access to the entire home and complete privacy. ","Newer townhouse, built in 2009, with 2 bedrooms and 2.25 baths. Conveniently located 7 minutes from Safeco Field/Century Link Field/Downtown/Capitol Hill. Near Light Rail and Bus. Washer/Dryer/Dishwasher/Oven/Microwave/Cable TV. Picturesque views. 2 bedroom, 2.25 bath town home, with access to the entire home and complete privacy.  Guests will have complete access to the entire house.  I will have zero interaction with the guests. The keys will be exchanged with the neighbors.  Lots of young professionals and couples living in the area. Its an area of growing townhomes being built.  There is convenient Public Tranist, with Bus stops heading South and North just a half a block away. Also, the Light Rail is within walking distance.",none,Lots of young professionals and couples living in the area. Its an area of growing townhomes being built. ,,"There is convenient Public Tranist, with Bus stops heading South and North just a half a block away. Also, the Light Rail is within walking distance.",https://a0.muscache.com/ac/pictures/56211752/eb82b540_original.jpg?interpolation=lanczos-none&size=small&output-format=jpg&output-quality=70,https://a0.muscache.com/im/pictures/56211752/eb82b540_original.jpg?aki_policy=medium,https://a0.muscache.com/ac/pictures/56211752/eb82b540_original.jpg?interpolation=lanczos-none&size=large_cover&output-format=jpg&output-quality=70,https://a0.muscache.com/ac/pictures/56211752/eb82b540_original.jpg?interpolation=lanczos-none&size=x_large_cover&output-format=jpg&output-quality=70,18104211,https://www.airbnb.com/users/show/18104211,Tony,2014-07-14,"Seattle, Washington, United States",,,,,f,"https://a0.muscache.com/ac/users/18104211/profile_pic/1405380363/original.jpg?interpolation=lanczos-none&crop=w:w;*,*&crop=h:h;*,*&resize=50:*&output-format=jpg&output-quality=70","https://a0.muscache.com/ac/users/18104211/profile_pic/1405380363/original.jpg?interpolation=lanczos-none&crop=w:w;*,*&crop=h:h;*,*&resize=225:*&output-format=jpg&output-quality=70",North Beacon Hill,1.0,1.0,"['email', 'phone', 'facebook', 'reviews', 'jumio']",t,t,"13th Avenue South, Seattle, WA 98144, United States",North Beacon Hill,North Beacon Hill,Beacon Hill,Seattle,WA,98144,Seattle,"Seattle, WA",US,United States,47.58880186420391,-122.31525572279838,t,House,Entire home/apt,5,2.5,2.0,2.0,Real Bed,"{TV,""Cable TV"",""Wireless Internet"",""Air Conditioning"",Kitchen,Heating,""Family/Kid Friendly"",Washer,Dryer,""Smoke Detector"",""Carbon Monoxide Detector"",Shampoo}",,$120.00,,,$100.00,$40.00,2,$20.00,2,7,4 months ago,t,0,0,0,0,2016-01-04,1,2015-06-20,2015-06-20,80.0,10.0,6.0,10.0,10.0,10.0,10.0,f,,WASHINGTON,f,moderate,f,f,1,0.15
6716620,https://www.airbnb.com/rooms/6716620,20160104002432,2016-01-04,Sven's Urban Seattle Tent #Glamping,"Camping with tents provided and use of hot tub, deck, BBQ and garden. Property is in ""the ideal"" Beacon Hill location, only 1/4 mile from light rail station that goes directly to airport and downtown Seattle. Only 1 mile from  downtown. #Glamping","The backyard is my little oasis in the middle of the city.  I know there are many people that want to experience the City of Seattle with a camping/tent experience, so thought I'd share out my tents, backyard and dogs.  Full garden w/ 27 vegetables that everyone is welcome to, along w/ the hot tub, deck, BBQ grill and fire pit.  Outdoor shower and porta pottie arrive on Wednesday, July 15th.","Camping with tents provided and use of hot tub, deck, BBQ and garden. Property is in ""the ideal"" Beacon Hill location, only 1/4 mile from light rail station that goes directly to airport and downtown Seattle. Only 1 mile from  downtown. #Glamping The backyard is my little oasis in the middle of the city.  I know there are many people that want to experience the City of Seattle with a camping/tent experience, so thought I'd share out my tents, backyard and dogs.  Full garden w/ 27 vegetables that everyone is welcome to, along w/ the hot tub, deck, BBQ grill and fire pit.  Outdoor shower and porta pottie arrive on Wednesday, July 15th. I will provide you w/ access through the side gate to the backyard. I will be available periodically throughout the day for any assistance. Beacon Hill is the coolest 'newly gentrified' neighborhood and only one mile of downtown. Light rail and buses are available 1/4 mile from Sven's. Downtown Seattle is 1 mile away. I have two most amazing friendly and l",none,Beacon Hill is the coolest 'newly gentrified' neighborhood and only one mile of downtown.,I have two most amazing friendly and loving dogs that spend more time hanging w/ my backyard guests than me in the house.,Light rail and buses are available 1/4 mile from Sven's. Downtown Seattle is 1 mile away.,https://a2.muscache.com/ac/pictures/84797325/4ad8f6d0_original.jpg?interpolation=lanczos-none&size=small&output-format=jpg&output-quality=70,https://a2.muscache.com/im/pictures/84797325/4ad8f6d0_original.jpg?aki_policy=medium,https://a2.muscache.com/ac/pictures/84797325/4ad8f6d0_original.jpg?interpolation=lanczos-none&size=large_cover&output-format=jpg&output-quality=70,https://a2.muscache.com/ac/pictures/84797325/4ad8f6d0_original.jpg?interpolation=lanczos-none&size=x_large_cover&output-format=jpg&output-quality=70,301107,https://www.airbnb.com/users/show/301107,Perry,2010-11-27,"Seattle, Washington, United States",,,,,f,"https://a0.muscache.com/ac/users/301107/profile_pic/1433688394/original.jpg?interpolation=lanczos-none&crop=w:w;*,*&crop=h:h;*,*&resize=50:*&output-format=jpg&output-quality=70","https://a0.muscache.com/ac/users/301107/profile_pic/1433688394/original.jpg?interpolation=lanczos-none&crop=w:w;*,*&crop=h:h;*,*&resize=225:*&output-format=jpg&output-quality=70",North Beacon Hill,4.0,4.0,"['email', 'phone', 'facebook', 'reviews', 'kba']",t,t,"21st Avenue South, Seattle, WA 98144, United States",North Beacon Hill,North Beacon Hill,Beacon Hill,Seattle,WA,98144,Seattle,"Seattle, WA",US,United States,47.577430660166605,-122.30569454025796,t,Tent,Entire home/apt,2,0.5,1.0,1.0,Airbed,"{""Wireless Internet"",""Free Parking on Premises"",""Smoking Allowed"",""Pets Allowed"",""Pets live on this property"",Dog(s),""Hot Tub"",""Family/Kid Friendly"",""Smoke Detector"",""Carbon Monoxide Detector"",""First Aid Kit"",""Fire Extinguisher"",Shampoo}",,$65.00,,,,,1,$45.00,1,1125,4 months ago,t,0,0,0,185,2016-01-04,14,2015-06-12,2015-08-23,96.0,10.0,9.0,10.0,10.0,9.0,9.0,f,,WASHINGTON,f,flexible,f,f,4,2.03
6796066,https://www.airbnb.com/rooms/6796066,20160104002432,2016-01-04,Make a home amongst the succulents,"This is the home of artists, musicians, and youth educators. Overlooking an abundant garden (strawberries, cherries, raspberries!), your room is carefully crafted with tiny, beautiful delights; minimalist in style, exceptional in quiet flair. We have two rooms available at our house.","Hello Folks! This house is home to four women; to ensure that the permanent housemates feel safe we can only host women. One lovable kitty lives in the house. We have one other room available at this house. Please check out our other space, too! https://www.airbnb.com/rooms/7883181","This is the home of artists, musicians, and youth educators. Overlooking an abundant garden (strawberries, cherries, raspberries!), your room is carefully crafted with tiny, beautiful delights; minimalist in style, exceptional in quiet flair. We have two rooms available at our house. Hello Folks! This house is home to four women; to ensure that the permanent housemates feel safe we can only host women. One lovable kitty lives in the house. We have one other room available at this house. Please check out our other space, too! https://www.airbnb.com/rooms/7883181 This three-story house is large, eclectic and beautiful. It was once a Montessori school. You are welcome in all of the common spaces: two living-rooms on the first floor, a brilliantly sunny kitchen (fully stocked), a third cozy living-room/mini library (outside your bedroom), a big garden and front yard. Your private room is on the second (top) floor. One other bedroom is located on this floor. It is very quiet and private.  Y",none,"North Beacon Hill has many great places to eat, drink, and get coffee. Baja Bistro is one block away. Traveler's Thali House, Beacon Ave Sandwiches, The Station and Victrola ( coffee shops), El Quetzal (my favorite), Inay's Asian Pacific Food, The Oak, Bel De Corso, Tippe and Drague Alehouse and many others are just within blocks.  A grocery store is located 3 blocks away. A Yoga Studio, bike shop, public library and bank (ATM) are within a few blocks.","We have a washer and dryer- feel free to use these. We also have a large variety of herbs in the garden: rosemary, thyme, oregano, mint and sage. Please feel free to use!","The Lightrail (train runs from the airport to the downtown) stops 2.5 blocks away. Buses 36 and 60 (running Downtown and to Capitol Hill, respectively) stop one block from the house.",https://a2.muscache.com/ac/pictures/4bb5ff1a-70c7-40d3-8800-129937e26d31.jpg?interpolation=lanczos-none&size=small&output-format=jpg&output-quality=70,https://a2.muscache.com/im/pictures/4bb5ff1a-70c7-40d3-8800-129937e26d31.jpg?aki_policy=medium,https://a2.muscache.com/ac/pictures/4bb5ff1a-70c7-40d3-8800-129937e26d31.jpg?interpolation=lanczos-none&size=large_cover&output-format=jpg&output-quality=70,https://a2.muscache.com/ac/pictures/4bb5ff1a-70c7-40d3-8800-129937e26d31.jpg?interpolation=lanczos-none&size=x_large_cover&output-format=jpg&output-quality=70,1466280,https://www.airbnb.com/users/show/1466280,Ane,2011-12-02,"Seattle, Washington, United States","Hello. For the past 4 years I have worked in Seattle, Wa, USA with a small nonprofit servicing homeless adults. At the end of August I am moving to Sweden for ten months where I will be doing research and taking courses at Malmo University as a Fulbright fellow. I love wee animals, plants, books, and tea. Much of my formation was a consequence of growing up the middle child of small herd—there are 6 of us: Jessie, Janet, Will, Abe, myself and Ruby, the little duck, who is just 9 years old. ",within a few hours,100%,100%,f,"https://a2.muscache.com/ac/users/1466280/profile_pic/1340050269/original.jpg?interpolation=lanczos-none&crop=w:w;*,*&crop=h:h;*,*&resize=50:*&output-format=jpg&output-quality=70","https://a2.muscache.com/ac/users/1466280/profile_pic/1340050269/original.jpg?interpolation=lanczos-none&crop=w:w;*,*&crop=h:h;*,*&resize=225:*&output-format=jpg&output-quality=70",North Beacon Hill,1.0,1.0,"['email', 'phone', 'facebook', 'reviews', 'jumio']",t,t,"14th Avenue South, Seattle, WA 98144, United States",North Beacon Hill,North Beacon Hill,Beacon Hill,Seattle,WA,98144,Seattle,"Seattle, WA",US,United States,47.58360071205829,-122.31398268169708,t,House,Private room,1,1.0,1.0,1.0,Real Bed,"{Internet,""Wireless Internet"",Kitchen,""Free Parking on Premises"",""Pets live on this property"",Cat(s),Heating,""Family/Kid Friendly"",Washer,Dryer,""Smoke Detector"",""Carbon Monoxide Detector"",""Fire Extinguisher"",Essentials,Shampoo}",,$60.00,$325.00,"$1,200.00",,,1,$0.00,1,15,4 weeks ago,t,0,0,0,181,2016-01-04,10,2015-07-08,2015-11-05,98.0,9.0,8.0,10.0,10.0,10.0,9.0,f,,WASHINGTON,f,flexible,f,f,1,1.66
3977450,https://www.airbnb.com/rooms/3977450,20160104002432,2016-01-04,N Beacon Hill Zen Room w/ Parking,This simple downstairs bedroom is ideal for the low-maintenance budget traveler. Free Wi-Fi and parking for one car. Only 3 miles from downtown Seattle.  Semi-private entrance.,"No cleaning fee or minimum night stay.  Please use the Amenities filter search to compare my listing with others, then read the details of my listing carefully as I charge a fee or limit access to various amenities.  Scroll all the way down to see all listing details.  This cozy carpeted basement bedroom is furnished with a single bed, 2 pillows, 2 comforters, clean sheets and pillowcases. My house has a filtered air furnace with central heating and air-conditioning so you'll stay warm in the winter and cool in the summer. The bed fits people up to 6"" tall. Large built-in closet with drawers to store things, chair and lamp.  Lockable bedroom door with own key. Small shared 3/4 bathroom (see photos). *The width between shower and bathroom counter is only about 12"" wide (see photos) so it is not recommended for wider than standard people. My place is perfect for the low-maintenance solo traveler who can appreciate the location if it is convenient for their plans, just needs a place to sl","This simple downstairs bedroom is ideal for the low-maintenance budget traveler. Free Wi-Fi and parking for one car. Only 3 miles from downtown Seattle.  Semi-private entrance. No cleaning fee or minimum night stay.  Please use the Amenities filter search to compare my listing with others, then read the details of my listing carefully as I charge a fee or limit access to various amenities.  Scroll all the way down to see all listing details.  This cozy carpeted basement bedroom is furnished with a single bed, 2 pillows, 2 comforters, clean sheets and pillowcases. My house has a filtered air furnace with central heating and air-conditioning so you'll stay warm in the winter and cool in the summer. The bed fits people up to 6"" tall. Large built-in closet with drawers to store things, chair and lamp.  Lockable bedroom door with own key. Small shared 3/4 bathroom (see photos). *The width between shower and bathroom counter is only about 12"" wide (see photos) so it is not recommended for wi",none,"North Beacon Hill is a Seattle neighborhood on a hill south of downtown that has rapidly gentrified thanks to the light rail which was finished in 2005 and is getting quite safe and vibrant now.  Famous architectural landmarks of this neighborhood are the Art Deco Pacific Medical Center and the Jose P. Rizal steel arch bridge.  My home is down a short dead-end road on N Beacon Hill, a sort of oasis in the city with palm trees, bamboo and an oak gazebo in the backyard. You can walk to Jefferson Park and the local restaurants of Beacon Ave S or Rainier Ave S, where you'll find Italian, Mexican, Thai, Filipino, Vietnamese, Lao, Japanese, and American food. Numerous coffee shops a 10 minute walk away - Cafe Victrola,  Compadre Coffee, Fresh Flours Bakery, Baja Bistro, Borracchini's Bakery, etc.  There is a 24 hour supermarket, Jefferson Park, a Rite-Aid, a library, gas stations all within a 10 minute walk from my house.  It is a mostly residential neighborhood but If you are from a quiet r","No cleaning fee or minimum night stay required. You will not be charged for the security deposit unless I need to make a claim for something like a lost key, stained or damaged item. Occupancy and service fees are charged and retained by AirBnB, not me. This is a pet and child-free environment.  This room is for solo travelers only and you must book on your own account. _____________________________________________________________ TO BOOK HERE, please complete your profile with your full name, a clear identifiable photo and 3 verifications, (including passport or drivers' license or offline verifications) and contact me with 1) purpose of your visit to Seattle 2) your estimated check-in/check-out times   3) planned daily schedule  4) whether you'll bring a car and what type (no over-sized vehicles like campers or long-haul trucks)  5) how much luggage you'll have if you don't have a car 6) how much kitchen use you'll need  (please note no serious cooking permitted) 7) acknowledge you'v","My place is easier to get around from if you have a car or if you are a fit and active person used to public transit.  **If you can't carry your luggage by yourself for 8 blocks I recommend renting a car, using UberX or Lyft, or booking somewhere else more convenient. (UberX and Lyft require a smartphone and a credit card). I don't mind giving people rides for a fee that undercuts these services when I have the time (just ask), but I don't drive at night or more than 10 miles away.  New users in town of Lyft or UberX often get a travel credit. Use RelayRides to rent a locals' car, or use Zipcar or car2go to drive yourself around.   Average Commute Time to Downtown Seattle: Car 5 min   Light Rail 10 mins   Bus 20 min     Bicycle 15 min    Walking 55 min  Walkscore 78  Transit Score 68   Bikeable 68 IF YOU HAVE A CAR: My home is just off the Columbian Way exit accessible from I-5.  It is also near to I-90 (the toll-free bridge) going East to Bellevue and the West Seattle Bridge going wes",https://a0.muscache.com/ac/pictures/94342097/4e6a93b7_original.jpg?interpolation=lanczos-none&size=small&output-format=jpg&output-quality=70,https://a0.muscache.com/im/pictures/94342097/4e6a93b7_original.jpg?aki_policy=medium,https://a0.muscache.com/ac/pictures/94342097/4e6a93b7_original.jpg?interpolation=lanczos-none&size=large_cover&output-format=jpg&output-quality=70,https://a0.muscache.com/ac/pictures/94342097/4e6a93b7_original.jpg?interpolation=lanczos-none&size=x_large_cover&output-format=jpg&output-quality=70,18422078,https://www.airbnb.com/users/show/18422078,Carol,2014-07-19,"Seattle, Washington, United States","I am a native Seattle-ite who grew up in West Seattle.  I lived on Capitol Hill in a condo until moving to this house on North Beacon Hill in 2002.  This neighborhood is RELATIVELY close to downtown (but not IN downtown) and convenient for AirBnB guests with vehicle who are looking for a compromise between hostel and motel or else don't mind riding public transit or using UberX and Lyft to visit all the major tourist sights.

I spend most of my time reading or on my computer in my office. I am a self-employed property manager who lives/works from home so talking to guests who visit is a refreshing break from a mostly solitary life.  I have a degree in English literature and traveled widely before settling down and ""getting married"" to my house.  I am happy to rent extra space in my home out as long as you are a clean, quiet, self-sufficient and low-maintenance guest.  Please note AirBnB does not do criminal background checks so when I get a request I WILL look your name up on the internet to see if you appear to have a ""safe"" profile.  Please make sure your booking request includes the information I request for best results. I started hosting people in July 2014.  As a host I need guests to make sure they understand what they are getting. I don't want a guest who doesn't bother to read my listing, then gives me less than 5 stars for things they should've expected before arriving (such as LOCATION - how does a host fix their Location? It's on the map!) or Value (did you not search other listings first? If you want Value join the homeless and go pitch a tent downtown! They have a better location, no house rules, and don't have to recycle!) If you don't understand the cost of owning real estate  in Seattle with its property taxes, sales taxes, cost of utilities and insurance rates, then don't review me on your assumptions of what you think the room price should be here without doing some comparison shopping first. We're not in Kansas anymore, Toto!  Bottom line: I offer cheap room rentals for short-stay travelers as long as they are well-behaved guests. If you are looking for hotel quality accommodations at this price on Airbnb - you're just NOT going to find it unless you pay hotel quality prices or stay in a place much further out from downtown.

If you are new to AirBnB please look up the internet article:
Read These Tips, or Nobody Will Ever Let You Be an Airbnb Guest Again.  

If you are considering becoming a host yourself, I recommend looking up AirBnB Horror Stories and AirbnB Rental Nightmares to understand the risk and liability involved in being one.

See listings available in my 4 bedroom, 1.75 bathroom house:
https://www.airbnb.com/rooms/4374326
https://www.airbnb.com/rooms/3953365
https://www.airbnb.com/rooms/3977450
https://www.airbnb.com/rooms/3646357

Room rates may change on a daily basis based on market supply and demand and are not locked in until a booking confirmation is made. My refund policy is set to Moderate.

You may be able to earn an AirBnB travel credit by following this link (make sure to read details of offer):
www.airbnb.com/c/cshih31?s=8
  
Life Motto:  Everything is Relative. ",within an hour,100%,100%,f,"https://a0.muscache.com/ac/users/18422078/profile_pic/1432299910/original.jpg?interpolation=lanczos-none&crop=w:w;*,*&crop=h:h;*,*&resize=50:*&output-format=jpg&output-quality=70","https://a0.muscache.com/ac/users/18422078/profile_pic/1432299910/original.jpg?interpolation=lanczos-none&crop=w:w;*,*&crop=h:h;*,*&resize=225:*&output-format=jpg&output-quality=70",North Beacon Hill,3.0,3.0,"['email', 'phone', 'linkedin', 'reviews', 'kba']",t,t,"South Stevens Street, Seattle, WA 98144, United States",North Beacon Hill,North Beacon Hill,Beacon Hill,Seattle,WA,98144,Seattle,"Seattle, WA",US,United States,47.57582991950808,-122.30348448318895,t,House,Private room,1,1.0,1.0,1.0,Airbed,"{TV,""Cable TV"",Internet,""Wireless Internet"",""Air Conditioning"",Kitchen,""Free Parking on Premises"",""Smoking Allowed"",Breakfast,""Indoor Fireplace"",Heating,Washer,Dryer,""Smoke Detector"",""Carbon Monoxide Detector"",""First Aid Kit"",""Safety Card"",""Fire Extinguisher"",Essentials,Shampoo,""Lock on Bedroom Door"",""24-Hour Check-in"",Hangers,""Hair Dryer"",Iron,""Laptop Friendly Workspace""}",,$36.00,,,$150.00,,1,$0.00,1,5,today,t,23,53,82,82,2016-01-04,67,2014-10-11,2015-12-31,94.0,10.0,10.0,10.0,10.0,9.0,10.0,f,,WASHINGTON,f,moderate,f,f,3,4.46
793629,https://www.airbnb.com/rooms/793629,20160104002432,2016-01-04,Cheery Seattle House with View,"This homey, bright space is the perfect place for 1 to 2 adults and small children.  Close to downtown, but in a quiet, safe neighbourhood with easy parking and short walking distance to the light rail, shops, restaurants and parks","Ground floor of a sweet little 1-bedroom Craftsman home on  North Beacon Hill in a safe, family-friendly, walkable neighborhood just south of Seattle.  Great views of downtown Seattle, the Olympic mountains and the Puget Sound.  Easy local driving, biking or public transit to downtown (less than 2 miles away), stadiums, museums, parks, Pike Place Market, the waterfront and the convention center.  Conveniently located 2.5 blocks from the Beacon Hill Link Lightrail Station connecting the Sea-Tac airport to downtown Seattle, and easy walking distance (within 2-3 blocks) to a Red Apple grocery store, library, restaurants, bars, hair salon and multiple businesses. Just 1.5 blocks to an overlook park with sweeping views of the city, mountains and Puget Sound.  Short walk to beautiful Jefferson Park with its wonderful new playground, water park, golf course and community center.  Easy access to the I-5, West Seattle, Boeing Airfield and Sea-Tac airport (20 minute drive or short ride on Lightr","This homey, bright space is the perfect place for 1 to 2 adults and small children.  Close to downtown, but in a quiet, safe neighbourhood with easy parking and short walking distance to the light rail, shops, restaurants and parks Ground floor of a sweet little 1-bedroom Craftsman home on  North Beacon Hill in a safe, family-friendly, walkable neighborhood just south of Seattle.  Great views of downtown Seattle, the Olympic mountains and the Puget Sound.  Easy local driving, biking or public transit to downtown (less than 2 miles away), stadiums, museums, parks, Pike Place Market, the waterfront and the convention center.  Conveniently located 2.5 blocks from the Beacon Hill Link Lightrail Station connecting the Sea-Tac airport to downtown Seattle, and easy walking distance (within 2-3 blocks) to a Red Apple grocery store, library, restaurants, bars, hair salon and multiple businesses. Just 1.5 blocks to an overlook park with sweeping views of the city, mountains and Puget Sound.  Sho",none,"Awesome neighbourhood!  Diverse, eclectic mixture of all cultures, age ranges and lifestyles.  We are a friendly community where most of us know our neighbours and plan many community celebrations, musical gatherings and parties together.  Safe, walkable neighbourhood.",,"Our house is 3 blocks from the Beacon Hill LINK Light rail system which connects downtown Seattle to the Sea-Tac Airport  We are also on bus lines to downtown, or it is a short easy drive.  Our neighbourhood is close to the Columbia Way I-5 freeway exit, and close to the West Seattle Bridge.",https://a1.muscache.com/ac/pictures/11761392/455c9074_original.jpg?interpolation=lanczos-none&size=small&output-format=jpg&output-quality=70,https://a1.muscache.com/im/pictures/11761392/455c9074_original.jpg?aki_policy=medium,https://a1.muscache.com/ac/pictures/11761392/455c9074_original.jpg?interpolation=lanczos-none&size=large_cover&output-format=jpg&output-quality=70,https://a1.muscache.com/ac/pictures/11761392/455c9074_original.jpg?interpolation=lanczos-none&size=x_large_cover&output-format=jpg&output-quality=70,4181120,https://www.airbnb.com/users/show/4181120,Candace,2012-11-18,Luxembourg,"Hi there! I'm a Canadian healthcare provider and am married to Martin, an Austrian journalist who is currently working for Amazon.  We love Seattle and our friendly, community-oriented neighbourhood of North Beacon Hill where this little house was our first family home.  We enjoy travel, good food and music, gatherings with our friends and recently...kids.  We've outgrown our cheery little house with the addition of two little ones and have recently moved to Luxembourg for Martin's new job and to be closer to his family.  We hope you enjoy Seattle and the wonderful experiences it has to offer!  Some of our favourites are: Silent-Movie Mondays at the Paramount, SIFF (Seattle International Film Festival), the Seattle Symphony, kayaking on Lake Union, mornings at the Market, ferry rides to the islands and and quick day-trips into the beautiful nature all around the Puget Sound.",within a few hours,100%,100%,f,"https://a0.muscache.com/ac/users/4181120/profile_pic/1353410412/original.jpg?interpolation=lanczos-none&crop=w:w;*,*&crop=h:h;*,*&resize=50:*&output-format=jpg&output-quality=70","https://a0.muscache.com/ac/users/4181120/profile_pic/1353410412/original.jpg?interpolation=lanczos-none&crop=w:w;*,*&crop=h:h;*,*&resize=225:*&output-format=jpg&output-quality=70",North Beacon Hill,1.0,1.0,"['email', 'phone', 'facebook', 'reviews', 'jumio']",t,t,"S McClellan St, Seattle, WA 98144, United States",North Beacon Hill,North Beacon Hill,Beacon Hill,Seattle,WA,98144,Seattle,"Seattle, WA",US,United States,47.579067320677495,-122.31538810858396,t,House,Entire home/apt,2,1.0,1.0,1.0,Real Bed,"{TV,Internet,""Wireless Internet"",Kitchen,""Free Parking on Premises"",Heating,""Family/Kid Friendly"",Washer,Dryer,""Smoke Detector"",""First Aid Kit"",""Fire Extinguisher"",Essentials,Shampoo}",,$95.00,$615.00,,$200.00,$65.00,1,$0.00,1,30,today,t,14,44,74,163,2016-01-04,109,2012-12-23,2015-11-25,95.0,10.0,10.0,10.0,10.0,9.0,10.0,f,,WASHINGTON,f,moderate,f,f,1,2.95
9110410,https://www.airbnb.com/rooms/9110410,20160104002432,2016-01-04,Garden Apt across from Park,"Convenient Seattle location - minutes to Eastside, Downtown Seattle, SeaTac and Light Rail.  Light-filled Ground level 1bd Apt of Duplex with separate entrance, private patio. Quiet n'hood. Walk to lake, cafes, parks. Bike trails, tennis courts across st. Fully furnished & wifi. Sweet, comfortable, clean space.","Private 750sq ft apt for the cost of a pvt room elsewhere. Tempurpedic Qn bed, quality linens and comforters.  Light and spacious. Your home away from home.","Convenient Seattle location - minutes to Eastside, Downtown Seattle, SeaTac and Light Rail.  Light-filled Ground level 1bd Apt of Duplex with separate entrance, private patio. Quiet n'hood. Walk to lake, cafes, parks. Bike trails, tennis courts across st. Fully furnished & wifi. Sweet, comfortable, clean space. Private 750sq ft apt for the cost of a pvt room elsewhere. Tempurpedic Qn bed, quality linens and comforters.  Light and spacious. Your home away from home. The full Apt and shared washer and dryer I' m available if needed, however the Apt is fully equipped and ready for occupancy.  Secured keybox allows access when you arrive withput contacting Host. Great local cafes and eateries; nice walk to waterfront Lake Washington; tennis out your front door; Master Gardeners Display Garden 2 blocks away (up a short hill); Super easy access to Eastside, West Seattle, Downtown and Sports stadium. 20 min walk to Light Rail station (mount Baker) Yes",none,"Great local cafes and eateries; nice walk to waterfront Lake Washington; tennis out your front door; Master Gardeners Display Garden 2 blocks away (up a short hill); Super easy access to Eastside, West Seattle, Downtown and Sports stadium. 20 min walk to Light Rail station (mount Baker)",,Yes,https://a2.muscache.com/ac/pictures/00bc83c6-274f-4dd3-ac2f-d61a318945d1.jpg?interpolation=lanczos-none&size=small&output-format=jpg&output-quality=70,https://a2.muscache.com/im/pictures/00bc83c6-274f-4dd3-ac2f-d61a318945d1.jpg?aki_policy=medium,https://a2.muscache.com/ac/pictures/00bc83c6-274f-4dd3-ac2f-d61a318945d1.jpg?interpolation=lanczos-none&size=large_cover&output-format=jpg&output-quality=70,https://a2.muscache.com/ac/pictures/00bc83c6-274f-4dd3-ac2f-d61a318945d1.jpg?interpolation=lanczos-none&size=x_large_cover&output-format=jpg&output-quality=70,12420261,https://www.airbnb.com/users/show/12420261,Kc,2014-02-20,"Seattle, Washington, United States",,,,,f,"https://a2.muscache.com/ac/pictures/cb3215bb-4a5c-4225-9fec-e683f6f95aa2.jpg?interpolation=lanczos-none&crop=w:w;*,*&crop=h:h;*,*&resize=50:*&output-format=jpg&output-quality=70","https://a2.muscache.com/ac/pictures/cb3215bb-4a5c-4225-9fec-e683f6f95aa2.jpg?interpolation=lanczos-none&crop=w:w;*,*&crop=h:h;*,*&resize=225:*&output-format=jpg&output-quality=70",Mount Baker,1.0,1.0,"['email', 'phone', 'linkedin', 'jumio', 'kba']",t,t,"South Atlantic Street, Seattle, WA 98144, United States",Mount Baker,Mount Baker,Rainier Valley,Seattle,WA,98144,Seattle,"Seattle, WA",US,United States,47.59001086994751,-122.29468392754376,t,Apartment,Entire home/apt,2,1.0,1.0,1.0,Real Bed,"{TV,""Cable TV"",Internet,""Wireless Internet"",Kitchen,Heating,Washer,Dryer,""Smoke Detector"",""Carbon Monoxide Detector"",""First Aid Kit"",""Fire Extinguisher"",Essentials,Shampoo}",,$88.00,$625.00,"$2,350.00",,,1,$0.00,3,1125,2 months ago,t,0,0,2,277,2016-01-04,0,,,,,,,,,,f,,WASHINGTON,f,moderate,f,f,1,
5705161,https://www.airbnb.com/rooms/5705161,20160104002432,2016-01-04,Best Seattle Views! Private Suite! ,"Nestled atop Beacon Hill, my condo offers amazing views of the Seattle city skyline, the amazing Olympic Mountain Range, and the Puget Sound. Your private bed/bath are both fully, comfortably equipped. Downtown Seattle is a 20-minute walk away. ","My condo has amazing, panoramic views of what makes Seattle so great: the mountains, the sound, the city skyline, and much more. I promise a clean, quiet, inviting, comfortable, and private room. The room is professionally cleaned between guests. For our mutual convenience, you pay a portion of the cleaning fee and I subsidize a portion.  The large balcony is perfect for taking memorable photos, enjoying a cold beer, and taking in the beautiful city you're visiting.  I am on two bus lines (36, 60) and less than .8 miles from the Beacon Hill Transit Station, which connects to the airport. Downtown, the Bolt Bus stop, Amtrak, First Hill hospitals, the International District, Capitol Hill, Jose Rizal Park, the Mountains to Sound Greenway Trail, and much more are accessible on foot or by car/bus/light rail.  It's an easy walk to the two major Seattle stadiums: Century Link Field, home of the Seattle Sounders and Seahawks, and Safeco Field, where the Mariners play. In fact, you can see insi","Nestled atop Beacon Hill, my condo offers amazing views of the Seattle city skyline, the amazing Olympic Mountain Range, and the Puget Sound. Your private bed/bath are both fully, comfortably equipped. Downtown Seattle is a 20-minute walk away.  My condo has amazing, panoramic views of what makes Seattle so great: the mountains, the sound, the city skyline, and much more. I promise a clean, quiet, inviting, comfortable, and private room. The room is professionally cleaned between guests. For our mutual convenience, you pay a portion of the cleaning fee and I subsidize a portion.  The large balcony is perfect for taking memorable photos, enjoying a cold beer, and taking in the beautiful city you're visiting.  I am on two bus lines (36, 60) and less than .8 miles from the Beacon Hill Transit Station, which connects to the airport. Downtown, the Bolt Bus stop, Amtrak, First Hill hospitals, the International District, Capitol Hill, Jose Rizal Park, the Mountains to Sound Greenway Trail, an",none,"The condo is within easy walking distance of under a mile to some great Beacon Hill/International District shops, restaurants, cafes, parks and trails, downtown, SODO, and much more. The Bolt Bus and King Street Station (Amtrak) are also within walking distance. The closest grocery store is about .8 miles away.  Here are some Seattle recommendations, in the Beacon Hill neighborhood and beyond. Particular favorites are noted with an asterisk (*). BREWERIES: Georgetown Brewing Reuben's Brews* Fremont Brewing Schooner Exact* (Sodo) Epic Ales (Sodo) Standard* (Central District) Elysian (Capitol Hill) Seattle Cider (Capitol Hill) Outer Planet (Capitol Hill) Ghostfish (Sodo; gluten-free) Big Time (UW) Hale's (Ballard) Black Raven* (Woodinville) Etc., etc., etc. BEACON HILL:  Baja Bistro  Bar del Corso*  The Oak Inay's  COLUMBIA CITY:  Geraldine's Counter  Full Tilt  La Teranga Tutta Bella  CAPITOL HILL:  Poppy*  Coastal Kitchen  Lark  Monsoon  Skillet Diner*  La Spiga*  Barrio UNIVERSITY OF ","A day or two before you arrive I will send you detailed location and entry instructions that will ensure your arrival goes smoothly. I do my best to accommodate your early check-in and late check-out requests to the extent it's possible given your schedule, my cleaner's availability, and our next guest's arrival time. Please let me know what time to expect you on arrival day, and what time you might leave on the day you depart so I can account for cleaning in a timeframe that suits all parties.   ","Public transit is easy from here! I am on two bus lines (36, 60) and less than .8 miles from the Beacon Hill Transit Station (light rail station that connects to the airport and other buses). Easy freeway access to both I-5 and I-90. You really don't need a car in our neighborhood, and most guests rely on public transit and their own two feet to get around Seattle. However, parking in our neighborhood is generally plentiful, though there are some weekday zoning restrictions that limit parking in some areas to two hours between 7AM-6PM Monday-Friday. We're happy to give you advice on where to park.",https://a2.muscache.com/ac/pictures/71410566/5f8aa0ab_original.jpg?interpolation=lanczos-none&size=small&output-format=jpg&output-quality=70,https://a2.muscache.com/im/pictures/71410566/5f8aa0ab_original.jpg?aki_policy=medium,https://a2.muscache.com/ac/pictures/71410566/5f8aa0ab_original.jpg?interpolation=lanczos-none&size=large_cover&output-format=jpg&output-quality=70,https://a2.muscache.com/ac/pictures/71410566/5f8aa0ab_original.jpg?interpolation=lanczos-none&size=x_large_cover&output-format=jpg&output-quality=70,29481973,https://www.airbnb.com/users/show/29481973,Chris,2015-03-17,"Seattle, Washington, United States","I work in tax law in Downtown Seattle. I am an avid biker, hiker, Crossfitter, traveler, cook, and bartender. When the weather's nice, you'll find me outside! I have stayed in Airbnbs all over the world, and, as a host, I am excited to replicate the best travel experiences I've had: meeting interesting locals, staying outside of the tourist zone, and helping travelers discover places they normally wouldn't have access to.  ",within an hour,100%,100%,t,"https://a0.muscache.com/ac/users/29481973/profile_pic/1426566072/original.jpg?interpolation=lanczos-none&crop=w:w;*,*&crop=h:h;*,*&resize=50:*&output-format=jpg&output-quality=70","https://a0.muscache.com/ac/users/29481973/profile_pic/1426566072/original.jpg?interpolation=lanczos-none&crop=w:w;*,*&crop=h:h;*,*&resize=225:*&output-format=jpg&output-quality=70",North Beacon Hill,1.0,1.0,"['email', 'phone', 'linkedin', 'reviews', 'kba']",t,t,"12th Avenue South, Seattle, WA 98144, United States",North Beacon Hill,North Beacon Hill,Beacon Hill,Seattle,WA,98144,Seattle,"Seattle, WA",US,United States,47.59177919297077,-122.31846221975636,t,Apartment,Private room,3,1.0,1.0,2.0,Real Bed,"{TV,""Cable TV"",Internet,""Wireless Internet"",Pool,Kitchen,""Free Parking on Premises"",""Pets live on this property"",Dog(s),""Elevator in Building"",""Hot Tub"",""Indoor Fireplace"",Heating,""Family/Kid Friendly"",Washer,Dryer,""Smoke Detector"",""Carbon Monoxide Detector"",""First Aid Kit"",""Safety Card"",""Fire Extinguisher"",Essentials,Shampoo,""Lock on Bedroom Door"",""24-Hour Check-in"",Hangers,""Hair Dryer"",Iron}",,$75.00,$665.00,,$100.00,$15.00,2,$20.00,1,10,4 days ago,t,8,23,41,41,2016-01-04,93,2015-03-24,2015-12-14,96.0,10.0,10.0,10.0,10.0,9.0,10.0,f,,WASHINGTON,t,moderate,f,f,1,9.72
8596938,https://www.airbnb.com/rooms/8596938,20160104002432,2016-01-04,"Quiet apt, near Stadium District","2 bedroom North Beacon Hill apartment. Minutes from Stadium District, Pioneer Square, International District, downtown, and freeways. Basement apartment in quiet neighborhood across from a lovely park. Easy access to I-90, I-5, buses, & bike trails.",,"2 bedroom North Beacon Hill apartment. Minutes from Stadium District, Pioneer Square, International District, downtown, and freeways. Basement apartment in quiet neighborhood across from a lovely park. Easy access to I-90, I-5, buses, & bike trails.",none,,,,https://a2.muscache.com/ac/pictures/109202973/397ef3f1_original.jpg?interpolation=lanczos-none&size=small&output-format=jpg&output-quality=70,https://a2.muscache.com/im/pictures/109202973/397ef3f1_original.jpg?aki_policy=medium,https://a2.muscache.com/ac/pictures/109202973/397ef3f1_original.jpg?interpolation=lanczos-none&size=large_cover&output-format=jpg&output-quality=70,https://a2.muscache.com/ac/pictures/109202973/397ef3f1_original.jpg?interpolation=lanczos-none&size=x_large_cover&output-format=jpg&output-quality=70,45242470,https://www.airbnb.com/users/show/45242470,Ryan And Sara,2015-09-27,"Seattle, Washington, United States",,,,,f,"https://a0.muscache.com/ac/users/45242470/profile_pic/1443410211/original.jpg?interpolation=lanczos-none&crop=w:w;*,*&crop=h:h;*,*&resize=50:*&output-format=jpg&output-quality=70","https://a0.muscache.com/ac/users/45242470/profile_pic/1443410211/original.jpg?interpolation=lanczos-none&crop=w:w;*,*&crop=h:h;*,*&resize=225:*&output-format=jpg&output-quality=70",North Beacon Hill,1.0,1.0,"['email', 'phone']",t,f,"Sturgus Avenue South, Seattle, WA 98144, United States",North Beacon Hill,North Beacon Hill,Beacon Hill,Seattle,WA,98144,Seattle,"Seattle, WA",US,United States,47.59155235892177,-122.31299628819905,t,Apartment,Entire home/apt,6,1.0,2.0,2.0,Real Bed,"{TV,Internet,""Wireless Internet"",Kitchen,""Free Parking on Premises"",""Pets Allowed"",""Pets live on this property"",Dog(s),Heating,""Family/Kid Friendly"",Washer,Dryer,""Smoke Detector"",""Carbon Monoxide Detector"",""First Aid Kit"",""Safety Card"",""Fire Extinguisher"",Essentials,Shampoo}",,$130.00,$750.00,"$2,700.00",,,1,$0.00,1,1125,3 months ago,t,0,0,0,72,2016-01-04,0,,,,,,,,,,f,,WASHINGTON,f,flexible,f,f,1,
5364119,https://www.airbnb.com/rooms/5364119,20160104002432,2016-01-04,Peaceful Basement Bungalow,"Stylish and cozy basement room with private entrance, lounging area, desk and comfortable full-sized bed. Walking distance from the Beacon Hill light rail, bus lines, Jefferson Park and restaurants. Shared kitchen and bathroom upstairs.      ","This room is adorable. You'll want to kick your feet up and read a book while looking at the glow of the faux fireplace. Then settle into the comfy bed nestled in the nook. The space is entered by walking along the side garden, through the back patio, and to the private entrance into the basement. To enter the upstairs to use the bathroom and kitchen from the basement, you must walk outside and upstairs to the back door of the house. Please note: The ceiling is 6 ft tall, so it is not recommended for tall people. ","Stylish and cozy basement room with private entrance, lounging area, desk and comfortable full-sized bed. Walking distance from the Beacon Hill light rail, bus lines, Jefferson Park and restaurants. Shared kitchen and bathroom upstairs.       This room is adorable. You'll want to kick your feet up and read a book while looking at the glow of the faux fireplace. Then settle into the comfy bed nestled in the nook. The space is entered by walking along the side garden, through the back patio, and to the private entrance into the basement. To enter the upstairs to use the bathroom and kitchen from the basement, you must walk outside and upstairs to the back door of the house. Please note: The ceiling is 6 ft tall, so it is not recommended for tall people.  Kitchen, cookware, coffee maker, refrigerator, dishwasher, washer, dryer, bathroom, shower, back patio I live here with my partner and our mellow bulldog Violet. You are welcome to cook and eat meals, store things in the fridge, and use ",none,"North Beacon Hill feels like you are in a neighborhood on a cloud overlooking the city. Jefferson Park is two blocks away, with killer views, walking paths, golf, b-ball, and tennis. Beacon Ave is one block away with neighborhood bars and restaurants such as Tippe & Drague, Victrola Coffee, The Oak, El Quetzal, Bar del Corso, and Baja Bistro. There are also a couple, local grocery stores and a great little yoga studio.",,"The entrance to I-5 north and south are a few blocks away so it is easy to jump on the highway quickly and get around. There is plenty of free street parking. The Beacon Hill light rail station is a short walk (7-10 minutes). The light rail gets you downtown within 20 mins, to Columbia City in 10 mins, and to the airport in 35 mins. The 36 bus has a stop one block away. ",https://a0.muscache.com/ac/pictures/68837752/96cae4d1_original.jpg?interpolation=lanczos-none&size=small&output-format=jpg&output-quality=70,https://a0.muscache.com/im/pictures/68837752/96cae4d1_original.jpg?aki_policy=medium,https://a0.muscache.com/ac/pictures/68837752/96cae4d1_original.jpg?interpolation=lanczos-none&size=large_cover&output-format=jpg&output-quality=70,https://a0.muscache.com/ac/pictures/68837752/96cae4d1_original.jpg?interpolation=lanczos-none&size=x_large_cover&output-format=jpg&output-quality=70,4448620,https://www.airbnb.com/users/show/4448620,Moon,2012-12-20,"Seattle, Washington, United States","I love to travel and I love my home and look forward to sharing it with others. I am an avid music lover, performer and composer. ",within an hour,100%,100%,t,"https://a2.muscache.com/ac/pictures/7c28a155-3eb8-438d-8f51-426b191ab795.jpg?interpolation=lanczos-none&crop=w:w;*,*&crop=h:h;*,*&resize=50:*&output-format=jpg&output-quality=70","https://a2.muscache.com/ac/pictures/7c28a155-3eb8-438d-8f51-426b191ab795.jpg?interpolation=lanczos-none&crop=w:w;*,*&crop=h:h;*,*&resize=225:*&output-format=jpg&output-quality=70",North Beacon Hill,1.0,1.0,"['email', 'phone', 'reviews', 'kba']",t,t,"18th Avenue South, Seattle, WA 98144, United States",North Beacon Hill,North Beacon Hill,Beacon Hill,Seattle,WA,98144,Seattle,"Seattle, WA",US,United States,47.572819977497126,-122.3074617936825,t,House,Private room,2,1.0,1.0,1.0,Real Bed,"{Internet,""Wireless Internet"",Kitchen,""Pets live on this property"",Dog(s),Heating,""Family/Kid Friendly"",Washer,Dryer,""First Aid Kit"",Essentials,Shampoo}",,$63.00,,,,,2,$20.00,2,1125,7 weeks ago,t,0,0,28,303,2016-01-04,23,2015-03-09,2015-10-10,100.0,10.0,10.0,10.0,10.0,10.0,10.0,f,,WASHINGTON,f,moderate,f,f,1,2.28
6211882,https://www.airbnb.com/rooms/6211882,20160104002432,2016-01-04,Queen bed with private bathroom,A bedroom with private full bathroom on the ground floor of a three floor modern townhouse.  Bed is now changed to queen sized one.  One minute walk to bus stop that goes to downtown in 15minutes.  12 minute walk to light rail station where you can take train to airport in 20 minutes.,"The location of this house is very convenient. Bus stop is only 1 minute walk on the same block. The bus can take you to downtown Seattle in 15 minutes.  You can also walk to downtown in about 35 to 40 minutes.  The house is 12 minutes walk to LINK station, where airport is a 20 minutes train ride away. Next to the train station is a supermarket and public library. Pacific Medical Center is only 5 minutes walk away from the house. About the townhouse:  It's a three story townhouse built in 2010.  One bedroom on the first floor (this on), two bedrooms on the third floor. It has hardwood floors on 2nd floor, tiled bathrooms, matching granite counters throughout, deep soaking tub. Each of the three bedrooms has attached full bath, with additional 3/4 bath on 2nd floor in the laundry room. Kitchen on the second floor comes with a granite island in Kitchen, stainless steel appliances.","A bedroom with private full bathroom on the ground floor of a three floor modern townhouse.  Bed is now changed to queen sized one.  One minute walk to bus stop that goes to downtown in 15minutes.  12 minute walk to light rail station where you can take train to airport in 20 minutes. The location of this house is very convenient. Bus stop is only 1 minute walk on the same block. The bus can take you to downtown Seattle in 15 minutes.  You can also walk to downtown in about 35 to 40 minutes.  The house is 12 minutes walk to LINK station, where airport is a 20 minutes train ride away. Next to the train station is a supermarket and public library. Pacific Medical Center is only 5 minutes walk away from the house. About the townhouse:  It's a three story townhouse built in 2010.  One bedroom on the first floor (this on), two bedrooms on the third floor. It has hardwood floors on 2nd floor, tiled bathrooms, matching granite counters throughout, deep soaking tub. Each of the three bedrooms ",none,"Location is very convenient with walk score over 70.  We don't own a car.  North Beacon Hill is a great neighborhood to live in.  It's a residential area yet close to downtown. 12 minutes walk from the townhouse is the Beacon Hill light rail station, around that are supermarket, several restaurants, coffee shops, public library.",June and July dates are available only if you rent the whole two months.,"Yes, see description above about public transportation.  If you drive, there are off street parkings, it's a 5 minute drive to either I-5 or I-90.",https://a2.muscache.com/ac/pictures/11e301a2-dad8-4d0b-97ba-8e1dde2acbd7.jpg?interpolation=lanczos-none&size=small&output-format=jpg&output-quality=70,https://a2.muscache.com/im/pictures/11e301a2-dad8-4d0b-97ba-8e1dde2acbd7.jpg?aki_policy=medium,https://a2.muscache.com/ac/pictures/11e301a2-dad8-4d0b-97ba-8e1dde2acbd7.jpg?interpolation=lanczos-none&size=large_cover&output-format=jpg&output-quality=70,https://a2.muscache.com/ac/pictures/11e301a2-dad8-4d0b-97ba-8e1dde2acbd7.jpg?interpolation=lanczos-none&size=x_large_cover&output-format=jpg&output-quality=70,29952162,https://www.airbnb.com/users/show/29952162,Jeff,2015-03-24,"Seattle, Washington, United States","I like hiking, running. I enjoy traveling to remote locations. I have enjoyed staying with airbnb hosts and would like to share my space with fellow travelers.  ",within an hour,100%,100%,t,"https://a1.muscache.com/ac/users/29952162/profile_pic/1429904876/original.jpg?interpolation=lanczos-none&crop=w:w;*,*&crop=h:h;*,*&resize=50:*&output-format=jpg&output-quality=70","https://a1.muscache.com/ac/users/29952162/profile_pic/1429904876/original.jpg?interpolation=lanczos-none&crop=w:w;*,*&crop=h:h;*,*&resize=225:*&output-format=jpg&output-quality=70",North Beacon Hill,3.0,3.0,"['email', 'phone', 'linkedin', 'reviews', 'manual_offline', 'jumio']",t,t,"14th Avenue South Unit B, Seattle, WA 98144, United States",North Beacon Hill,North Beacon Hill,Beacon Hill,Seattle,WA,98144,Seattle,"Seattle, WA",US,United States,47.58646053320332,-122.3150497915222,t,Apartment,Private room,2,1.0,1.0,1.0,Real Bed,"{Internet,""Wireless Internet"",Kitchen,Heating,Washer,Dryer,""Smoke Detector"",Essentials,Shampoo,""Lock on Bedroom Door""}",,$60.00,$350.00,"$1,228.00",$300.00,$30.00,1,$20.00,1,200,yesterday,t,25,25,41,195,2016-01-04,13,2015-05-16,2015-11-21,97.0,10.0,10.0,10.0,10.0,10.0,9.0,f,,WASHINGTON,f,strict,f,f,2,1.67
4374326,https://www.airbnb.com/rooms/4374326,20160104002432,2016-01-04,N Beacon Hill Rec Room w/ Parking,Rest & relax in this large private carpeted rec room with queen bed in my house on N Beacon Hill.  Free Wi-Fi.  Affordable location 3 miles from downtown Seattle. Semi-private entrance. Free parking for one car.,"No cleaning fee or minimum night stay.  Please use the Amenities filter search to compare my listing with others, then read the details of my listing carefully as I charge a fee or limit access to various amenities.  Scroll all the way down to see all listing details.  My house has a filtered air furnace with central heating and air-conditioning so you'll stay warm in the winter and cool in the summer.Queen-size raised Aerobed with memory foam topper in  spacious downstairs rec room.   The room contains a color TV with remote (limited basic cable), a laptop-friendly desk, free Wi-Fi and an Xfinity ethernet cable connection.  This room was newly carpeted last year with a Persian rug over it.  There is a Total Gym and yoga ball stored in here you can use. Parking for 1 regular-sized vehicle in driveway or in front of my house included.  *Please note that a curtain divides the rec room from the hallway outside for privacy (see photos), not a lockable door.","Rest & relax in this large private carpeted rec room with queen bed in my house on N Beacon Hill.  Free Wi-Fi.  Affordable location 3 miles from downtown Seattle. Semi-private entrance. Free parking for one car. No cleaning fee or minimum night stay.  Please use the Amenities filter search to compare my listing with others, then read the details of my listing carefully as I charge a fee or limit access to various amenities.  Scroll all the way down to see all listing details.  My house has a filtered air furnace with central heating and air-conditioning so you'll stay warm in the winter and cool in the summer.Queen-size raised Aerobed with memory foam topper in  spacious downstairs rec room.   The room contains a color TV with remote (limited basic cable), a laptop-friendly desk, free Wi-Fi and an Xfinity ethernet cable connection.  This room was newly carpeted last year with a Persian rug over it.  There is a Total Gym and yoga ball stored in here you can use. Parking for 1 regular-si",none,"North Beacon Hill is a Seattle neighborhood on a hill south of downtown that has rapidly gentrified thanks to the light rail which was finished in 2005 and is getting quite safe and vibrant now (scroll down for map - my home is in the middle of the shaded circle).  Famous architectural landmarks of this neighborhood are the Art Deco Pacific Medical Center and the Jose P. Rizal steel arch bridge.   My home is down a short dead-end road on N Beacon Hill, a sort of oasis in the city with palm trees, bamboo and an oak gazebo in the backyard. You can walk to Jefferson Park and the local restaurants of Beacon Ave S or Rainier Ave S, where you'll find Italian, Mexican, Thai, Vietnamese, Lao, Filipino, Japanese, and American food. Numerous coffee shops a 10 minute walk away - Cafe Victrola,  Compadre Coffee, Fresh Flours Bakery, Baja Bistro, Borracchini's Bakery, etc.  There is a 24 hour supermarket, Jefferson Park, a Rite-Aid, a library, gas stations all within a 10 minute walk from my house.","No cleaning fee or minimum night stay required. You will not be charged for the security deposit unless I need to make a claim for something like a lost key, stained or damaged item.  Airbnb charges and retains occupancy and service fees, not me. This is a pet and child-free environment.  This room is for solo travelers only and you must book on your own account. _____________________________________________________________ TO BOOK HERE, please complete your profile with your full name, a clear identifiable photo and 3 verifications, (including passport or drivers' license or offline verifications) and contact me with 1) purpose of your visit to Seattle 2) your estimated check-in/check-out times   3) planned daily schedule  4) whether you'll bring a car and what type (no over-sized vehicles like campers or long-haul trucks)  5) how much luggage you'll have if you don't have a car 6) how much kitchen use you'll need  (please note no serious cooking permitted) 7)  acknowledge you've read","My place is easier to get around from if you have a car or if you are a fit and active person used to public transit. **If you can't carry your luggage by yourself for 8 blocks I recommend renting a car, using UberX or Lyft, or booking somewhere else more convenient. (UberX and Lyft require a smartphone and a credit card).  I don't mind giving people rides for a fee that undercuts these services when I have the time (just ask), but I don't drive at night or more than 10 miles away.  New users in town of Lyft or UberX often get a travel credit. Use RelayRides to rent a locals' car, or use Zipcar or car2go to drive yourself around.   Average Commute Time to Downtown Seattle: Car 5 min   Light Rail 10 mins   Bus 20 min     Bicycle 15 min    Walking 55 min  Walkscore 78  Transit Score 68   Bikeable 68 IF YOU HAVE A CAR: My home is just off the Columbian Way exit accessible from I-5.  It is also near to I-90 (the toll-free bridge) going East to Bellevue and the West Seattle Bridge going wes",https://a2.muscache.com/ac/pictures/bebe76c4-56a1-4e23-9473-364713db774f.jpg?interpolation=lanczos-none&size=small&output-format=jpg&output-quality=70,https://a2.muscache.com/im/pictures/bebe76c4-56a1-4e23-9473-364713db774f.jpg?aki_policy=medium,https://a2.muscache.com/ac/pictures/bebe76c4-56a1-4e23-9473-364713db774f.jpg?interpolation=lanczos-none&size=large_cover&output-format=jpg&output-quality=70,https://a2.muscache.com/ac/pictures/bebe76c4-56a1-4e23-9473-364713db774f.jpg?interpolation=lanczos-none&size=x_large_cover&output-format=jpg&output-quality=70,18422078,https://www.airbnb.com/users/show/18422078,Carol,2014-07-19,"Seattle, Washington, United States","I am a native Seattle-ite who grew up in West Seattle.  I lived on Capitol Hill in a condo until moving to this house on North Beacon Hill in 2002.  This neighborhood is RELATIVELY close to downtown (but not IN downtown) and convenient for AirBnB guests with vehicle who are looking for a compromise between hostel and motel or else don't mind riding public transit or using UberX and Lyft to visit all the major tourist sights.

I spend most of my time reading or on my computer in my office. I am a self-employed property manager who lives/works from home so talking to guests who visit is a refreshing break from a mostly solitary life.  I have a degree in English literature and traveled widely before settling down and ""getting married"" to my house.  I am happy to rent extra space in my home out as long as you are a clean, quiet, self-sufficient and low-maintenance guest.  Please note AirBnB does not do criminal background checks so when I get a request I WILL look your name up on the internet to see if you appear to have a ""safe"" profile.  Please make sure your booking request includes the information I request for best results. I started hosting people in July 2014.  As a host I need guests to make sure they understand what they are getting. I don't want a guest who doesn't bother to read my listing, then gives me less than 5 stars for things they should've expected before arriving (such as LOCATION - how does a host fix their Location? It's on the map!) or Value (did you not search other listings first? If you want Value join the homeless and go pitch a tent downtown! They have a better location, no house rules, and don't have to recycle!) If you don't understand the cost of owning real estate  in Seattle with its property taxes, sales taxes, cost of utilities and insurance rates, then don't review me on your assumptions of what you think the room price should be here without doing some comparison shopping first. We're not in Kansas anymore, Toto!  Bottom line: I offer cheap room rentals for short-stay travelers as long as they are well-behaved guests. If you are looking for hotel quality accommodations at this price on Airbnb - you're just NOT going to find it unless you pay hotel quality prices or stay in a place much further out from downtown.

If you are new to AirBnB please look up the internet article:
Read These Tips, or Nobody Will Ever Let You Be an Airbnb Guest Again.  

If you are considering becoming a host yourself, I recommend looking up AirBnB Horror Stories and AirbnB Rental Nightmares to understand the risk and liability involved in being one.

See listings available in my 4 bedroom, 1.75 bathroom house:
https://www.airbnb.com/rooms/4374326
https://www.airbnb.com/rooms/3953365
https://www.airbnb.com/rooms/3977450
https://www.airbnb.com/rooms/3646357

Room rates may change on a daily basis based on market supply and demand and are not locked in until a booking confirmation is made. My refund policy is set to Moderate.

You may be able to earn an AirBnB travel credit by following this link (make sure to read details of offer):
www.airbnb.com/c/cshih31?s=8
  
Life Motto:  Everything is Relative. ",within an hour,100%,100%,f,"https://a0.muscache.com/ac/users/18422078/profile_pic/1432299910/original.jpg?interpolation=lanczos-none&crop=w:w;*,*&crop=h:h;*,*&resize=50:*&output-format=jpg&output-quality=70","https://a0.muscache.com/ac/users/18422078/profile_pic/1432299910/original.jpg?interpolation=lanczos-none&crop=w:w;*,*&crop=h:h;*,*&resize=225:*&output-format=jpg&output-quality=70",North Beacon Hill,3.0,3.0,"['email', 'phone', 'linkedin', 'reviews', 'kba']",t,t,"South Stevens Street, Seattle, WA 98144, United States",North Beacon Hill,North Beacon Hill,Beacon Hill,Seattle,WA,98144,Seattle,"Seattle, WA",US,United States,47.57660540646618,-122.30193413525944,t,House,Private room,1,1.0,1.0,1.0,Airbed,"{TV,""Cable TV"",Internet,""Wireless Internet"",""Air Conditioning"",Kitchen,""Free Parking on Premises"",""Smoking Allowed"",Breakfast,""Indoor Fireplace"",Heating,Washer,Dryer,""Smoke Detector"",""Carbon Monoxide Detector"",""First Aid Kit"",""Safety Card"",""Fire Extinguisher"",Essentials,Shampoo,""24-Hour Check-in"",Hangers,""Hair Dryer"",Iron,""Laptop Friendly Workspace""}",,$37.00,,,$150.00,,1,$0.00,1,5,today,t,21,51,78,352,2016-01-04,46,2014-10-23,2015-12-31,95.0,10.0,9.0,10.0,10.0,9.0,9.0,f,,WASHINGTON,f,moderate,f,f,3,3.14
7887651,https://www.airbnb.com/rooms/7887651,20160104002432,2016-01-04,Private suite with a view rooftop,Master bedroom with private full bathroom on the top floor of a three floor modern townhouse.  one minute walk to bus stop that goes to downtown in 15minutes.  12 minute walk to light rail station where you can take train to airport in 20 minutes. The room also has stairs lead to a huge rooftop with 360 degree view.,"The location of this house is very convenient. Bus stop is only 1 minute walk on the same block. The bus can take you to downtown Seattle in 15 minutes.  You can also walk to downtown in about 35 to 40 minutes.  The house is 12 minutes walk to LINK station, where airport is a 20 minutes train ride away.   Next to the train station is a supermarket and public library. Pacific Medical Center is only 5 minutes walk away from the house. About the townhouse:  It's a three story townhouse built in 2010.  One bedroom on the first floor, two bedrooms on the third floor. It has hardwood floors on 2nd floor, tiled bathrooms, matching granite counters throughout, deep soaking tub. Each of the three bedrooms has attached full bath, with additional 3/4 bath on 2nd floor in the laundry room. Kitchen on the second floor comes with a granite island in Kitchen, stainless steel appliances.  There is a rooftop deck covering the full footprint of the home with views of the Puget Sound, Mt Rainier, the Oly","Master bedroom with private full bathroom on the top floor of a three floor modern townhouse.  one minute walk to bus stop that goes to downtown in 15minutes.  12 minute walk to light rail station where you can take train to airport in 20 minutes. The room also has stairs lead to a huge rooftop with 360 degree view. The location of this house is very convenient. Bus stop is only 1 minute walk on the same block. The bus can take you to downtown Seattle in 15 minutes.  You can also walk to downtown in about 35 to 40 minutes.  The house is 12 minutes walk to LINK station, where airport is a 20 minutes train ride away.   Next to the train station is a supermarket and public library. Pacific Medical Center is only 5 minutes walk away from the house. About the townhouse:  It's a three story townhouse built in 2010.  One bedroom on the first floor, two bedrooms on the third floor. It has hardwood floors on 2nd floor, tiled bathrooms, matching granite counters throughout, deep soaking tub. Eac",none,"Location is very convenient with walk score over 70.  I don't own a car.  North Beacon Hill is a great neighborhood to live in.  It's a residential area yet close to downtown. 12 minutes walk from the townhouse is the Beacon Hill light rail station, around that are supermarket, several restaurants, coffee shops, public library.","The room has a queen sized bed, which is good for a couple.  However, if you have a third person, e.g. a child that you want to put in the same room,  the child can sleep on the sofa that can convert into a twin sized bed. It is shown in the pictures.","Yes, see description above about public transportation.  If you drive, there are off street parkings, it's a 5 minute drive to either I-5 or I-90.",https://a2.muscache.com/ac/pictures/2a27a60a-92ca-457f-983b-48ec0daea755.jpg?interpolation=lanczos-none&size=small&output-format=jpg&output-quality=70,https://a2.muscache.com/im/pictures/2a27a60a-92ca-457f-983b-48ec0daea755.jpg?aki_policy=medium,https://a2.muscache.com/ac/pictures/2a27a60a-92ca-457f-983b-48ec0daea755.jpg?interpolation=lanczos-none&size=large_cover&output-format=jpg&output-quality=70,https://a2.muscache.com/ac/pictures/2a27a60a-92ca-457f-983b-48ec0daea755.jpg?interpolation=lanczos-none&size=x_large_cover&output-format=jpg&output-quality=70,29952162,https://www.airbnb.com/users/show/29952162,Jeff,2015-03-24,"Seattle, Washington, United States","I like hiking, running. I enjoy traveling to remote locations. I have enjoyed staying with airbnb hosts and would like to share my space with fellow travelers.  ",within an hour,100%,100%,t,"https://a1.muscache.com/ac/users/29952162/profile_pic/1429904876/original.jpg?interpolation=lanczos-none&crop=w:w;*,*&crop=h:h;*,*&resize=50:*&output-format=jpg&output-quality=70","https://a1.muscache.com/ac/users/29952162/profile_pic/1429904876/original.jpg?interpolation=lanczos-none&crop=w:w;*,*&crop=h:h;*,*&resize=225:*&output-format=jpg&output-quality=70",North Beacon Hill,3.0,3.0,"['email', 'phone', 'linkedin', 'reviews', 'manual_offline', 'jumio']",t,t,"14th Avenue South, Seattle, WA 98144, United States",North Beacon Hill,North Beacon Hill,Beacon Hill,Seattle,WA,98144,Seattle,"Seattle, WA",US,United States,47.587861437184586,-122.31397531810909,t,Townhouse,Private room,2,1.0,1.0,1.0,Real Bed,"{Internet,""Wireless Internet"",Kitchen,Heating,Washer,Dryer,""Smoke Detector"",Essentials,Shampoo,""Lock on Bedroom Door""}",,$85.00,$500.00,"$1,650.00",$300.00,$30.00,1,$20.00,1,200,a week ago,t,0,0,21,175,2016-01-04,3,2015-09-07,2015-12-10,100.0,9.0,10.0,10.0,10.0,9.0,9.0,f,,WASHINGTON,f,strict,f,f,2,0.75
9013441,https://www.airbnb.com/rooms/9013441,20160104002432,2016-01-04,Apartment w/full kitchen and bath,"Welcome to Beacon Hill! This brand new, architect-designed, professionally-built apartment features a full kitchen, tub and shower, hangout deck, and a private entrance. One block from light rail, it's convenient to the airport, downtown, and more.","The apartment was custom designed by a skilled architect to get the most out of the space. With two distinct rooms, it's a cross between a studio and a one bedroom. We've worked to make it a comfortable modern apartment with everything you need to feel at home, including pots and pans, dishes, and a vintage milkshake mixer. With a full kitchen, dining table/standing desk, and a bath complete with tub, it's both comfortable and efficient. All the appliances and cookware are brand new.  The combined bedroom/sitting area is a great place to relax at the end of the day, while the hangout deck lets you get above ground level while you enjoy Seattle's fabled weather.","Welcome to Beacon Hill! This brand new, architect-designed, professionally-built apartment features a full kitchen, tub and shower, hangout deck, and a private entrance. One block from light rail, it's convenient to the airport, downtown, and more. The apartment was custom designed by a skilled architect to get the most out of the space. With two distinct rooms, it's a cross between a studio and a one bedroom. We've worked to make it a comfortable modern apartment with everything you need to feel at home, including pots and pans, dishes, and a vintage milkshake mixer. With a full kitchen, dining table/standing desk, and a bath complete with tub, it's both comfortable and efficient. All the appliances and cookware are brand new.  The combined bedroom/sitting area is a great place to relax at the end of the day, while the hangout deck lets you get above ground level while you enjoy Seattle's fabled weather. Guests have complete access to the apartment and the hangout entry deck. The apar",none,"Beacon Hill is a historic and diverse neighborhood close in to downtown Seattle. Within easy walking distance of the apartment are a variety of restaurants, grocery stores, coffee shops, and a city library. Within a mile are the Jefferson Park playground and golf course. On one side of the hill is the Rainier Valley and Lake Washington, while on the other is the arty and industrial Georgetown neighborhood.",,"On the Walk Score website the apartment has a ""Very Walkable"" Walk Score of 80, due to the nearby concentration of services. An ""Excellent Transit"" score of 72 comes from being one block north of the Beacon Hill Light Rail Station and bus routes 36 and 60. Via transit, the apartment is convenient to Seattle-Tacoma Airport, downtown, Seattle's sports stadiums, the ferry terminals, and central neighborhoods like Capitol Hill and the International District. Beginning in early 2016 Light Rail will service the University District and Husky Stadium. Yes, we're on top of a hill, but the apartment rates a ""Very Bikeable"" score of 83. The apartment is one block on one side from designated bike routes and one block on the other from the Beacon Hill Bicycle Greenway. It is less than a mile ride to the Mountains to Sound Greenway, a network of paths for non-motorized use that stretches from Seattle's Elliot Bay across the Cascade Mountains and ends in Ellensburg, 100 miles to the east. Car2go is a",https://a2.muscache.com/ac/pictures/00d60e00-48a2-41ba-a3b5-91272d5d42e7.jpg?interpolation=lanczos-none&size=small&output-format=jpg&output-quality=70,https://a2.muscache.com/im/pictures/00d60e00-48a2-41ba-a3b5-91272d5d42e7.jpg?aki_policy=medium,https://a2.muscache.com/ac/pictures/00d60e00-48a2-41ba-a3b5-91272d5d42e7.jpg?interpolation=lanczos-none&size=large_cover&output-format=jpg&output-quality=70,https://a2.muscache.com/ac/pictures/00d60e00-48a2-41ba-a3b5-91272d5d42e7.jpg?interpolation=lanczos-none&size=x_large_cover&output-format=jpg&output-quality=70,47064683,https://www.airbnb.com/users/show/47064683,Brook And Cat,2015-10-20,"Seattle, Washington, United States","Hi, and welcome to our home. 

We have a teenaged son, a cat who thinks she's human, and eclectic tastes in art and music. We're longtime Seattle residents, but we first met in high school in a very different time and place. Our connections to the Beacon Hill neighborhood go back to 1992 when we first lived nearby, and we've owned a home on the hill since just before the beginning on the century. 

Brook works at the intersection of media, communication, and technology and Cat is in the health care industry. Both of us have worked in the non-profit sector, and we believe in helping make strong communities.

We love good food, road trips to remote places where the cell phones don't work, and making each other laugh. 

Our goal as hosts is to give you a space you can feel is yours, while making sure you have what you need to enjoy your visit to Seattle. We'd love to meet you and tell you what we love about this neighborhood, as well as the city we call home.",within an hour,100%,100%,f,"https://a2.muscache.com/ac/pictures/ac97037c-392f-4cb9-93b7-beb4b916a480.jpg?interpolation=lanczos-none&crop=w:w;*,*&crop=h:h;*,*&resize=50:*&output-format=jpg&output-quality=70","https://a2.muscache.com/ac/pictures/ac97037c-392f-4cb9-93b7-beb4b916a480.jpg?interpolation=lanczos-none&crop=w:w;*,*&crop=h:h;*,*&resize=225:*&output-format=jpg&output-quality=70",North Beacon Hill,1.0,1.0,"['email', 'phone', 'facebook', 'google', 'linkedin', 'reviews', 'jumio']",t,t,"South Bayview Street, Seattle, WA 98144, United States",North Beacon Hill,North Beacon Hill,Beacon Hill,Seattle,WA,98144,Seattle,"Seattle, WA",US,United States,47.58123044582929,-122.31045183422692,t,Apartment,Entire home/apt,2,1.0,1.0,1.0,Real Bed,"{TV,""Cable TV"",""Wireless Internet"",Kitchen,""Pets Allowed"",Heating,""Family/Kid Friendly"",""Smoke Detector"",""Fire Extinguisher"",Essentials,Hangers,""Hair Dryer"",""Laptop Friendly Workspace""}",,$85.00,$500.00,"$1,500.00",$95.00,,2,$20.00,2,1125,2 weeks ago,t,0,0,23,209,2016-01-04,3,2015-12-12,2015-12-21,100.0,10.0,10.0,10.0,10.0,10.0,10.0,f,,WASHINGTON,f,moderate,f,f,1,3.0
7362757,https://www.airbnb.com/rooms/7362757,20160104002432,2016-01-04,Via Calvi Due,"Separate entrance to this beautifully remodeled Mother-In-Law Apartment, in the lower level of a two-story home. 1 bedroom with walk-in-closet; 1 bathroom with walk-in-shower; a full kitchen with complimentary coffee, and the open living area with 2 full size futons.","The rental space is the daylight basement of our two story home. I live upstairs and always available when home. Guests will be able to park directly under the carport, with direct access to the entrance door. The unit is conveniently located in the South end of Columbia City/Seward Park neighborhood, a multi-ethnic,  trendy neighborhood with plenty of restaurants choices within a few blocks. Seward Park on Lake Washington is less than a 20 minutes walk. With a full kitchen and the new location of PCC Market close by you'll have the option to cook your own healthy meals. Enjoy free cable TV and Netflix movies with complimentary Keurig coffee, hot cocoa and tea.  A block from Metro bus lines and easy access to the  Othello and Columbia City Link Light Rail station.","Separate entrance to this beautifully remodeled Mother-In-Law Apartment, in the lower level of a two-story home. 1 bedroom with walk-in-closet; 1 bathroom with walk-in-shower; a full kitchen with complimentary coffee, and the open living area with 2 full size futons. The rental space is the daylight basement of our two story home. I live upstairs and always available when home. Guests will be able to park directly under the carport, with direct access to the entrance door. The unit is conveniently located in the South end of Columbia City/Seward Park neighborhood, a multi-ethnic,  trendy neighborhood with plenty of restaurants choices within a few blocks. Seward Park on Lake Washington is less than a 20 minutes walk. With a full kitchen and the new location of PCC Market close by you'll have the option to cook your own healthy meals. Enjoy free cable TV and Netflix movies with complimentary Keurig coffee, hot cocoa and tea.  A block from Metro bus lines and easy access to the  Othello ",none,"This area of Seattle with genuine ethnic and income diversity (its zip code, 98118, is one of the most diverse in America), is just 15 minutes walk to the heart of a number of restaurants, bakeries and coffee shops, assorted retail shops, a successful farmer's market on Wednesday evenings in the Summer/Fall, two art galleries, a book store, fitness facilities, a movie theater and a live music venue. The neighborhood hosts a bustling monthly ""Beat Walk,"" every first Sunday, May–October, and many of the local businesses participate with Jazz bands, open houses and art shows.",Cameras monitoring all entrances to the property.,1.5 blocks from Metro bus lines to downtown Seattle. 20 minutes walk to the Othello Lightrail Station which connects Seatac Airport to Downtown Seattle.  Free parking.,https://a1.muscache.com/ac/pictures/98191155/ec70d904_original.jpg?interpolation=lanczos-none&size=small&output-format=jpg&output-quality=70,https://a1.muscache.com/im/pictures/98191155/ec70d904_original.jpg?aki_policy=medium,https://a1.muscache.com/ac/pictures/98191155/ec70d904_original.jpg?interpolation=lanczos-none&size=large_cover&output-format=jpg&output-quality=70,https://a1.muscache.com/ac/pictures/98191155/ec70d904_original.jpg?interpolation=lanczos-none&size=x_large_cover&output-format=jpg&output-quality=70,8637044,https://www.airbnb.com/users/show/8637044,Elena,2013-09-04,"Seattle, Washington, United States","I was born and raised in Milan, Italy and made of Seattle my home over 15 years ago. I'm married, have two beautiful children and work full time as a registered nurse. Our family loves traveling internationally to Europe and Africa to visit family, we speak 4 different languages. ",within an hour,100%,100%,t,"https://a0.muscache.com/ac/users/8637044/profile_pic/1437553532/original.jpg?interpolation=lanczos-none&crop=w:w;*,*&crop=h:h;*,*&resize=50:*&output-format=jpg&output-quality=70","https://a0.muscache.com/ac/users/8637044/profile_pic/1437553532/original.jpg?interpolation=lanczos-none&crop=w:w;*,*&crop=h:h;*,*&resize=225:*&output-format=jpg&output-quality=70",,1.0,1.0,"['email', 'phone', 'facebook', 'reviews', 'kba']",t,t,"S Graham St, Seattle, WA 98118, United States",,Brighton,Rainier Valley,Seattle,WA,98118,Seattle,"Seattle, WA",US,United States,47.54553222502494,-122.27222801311774,f,House,Entire home/apt,4,1.0,1.0,3.0,Real Bed,"{TV,""Cable TV"",Internet,""Wireless Internet"",Kitchen,""Free Parking on Premises"",Heating,""Family/Kid Friendly"",""Smoke Detector"",Essentials,Shampoo}",,$84.00,$500.00,"$2,100.00",$150.00,$25.00,2,$10.00,1,1125,3 weeks ago,t,20,45,63,152,2016-01-04,52,2015-07-27,2015-12-30,97.0,10.0,10.0,10.0,10.0,9.0,10.0,f,,WASHINGTON,f,flexible,f,f,1,9.63
9609152,https://www.airbnb.com/rooms/9609152,20160104002432,2016-01-04,2BR Contemporary Columbia City Home,"This 2BR, 1BA home sits in a great location in Seattle's most diverse zip code, Columbia City. Sample a different world cuisine every night, then return to a comfy rental with contemporary style!","Enjoy the vibrancy and diversity of Seattle's Columbia City neighborhood at this great vacation rental. With room for 5 guests in 2 bedrooms (one with a queen and the other a twin-over-full bunk bed), the home has a gorgeous, open-plan feel and a friendly vibe.   A modern kitchen with free-standing island and comfortable seating in the dining and living areas create a welcoming space to come together at the end of a busy day. And busy you'll be, with a million things to do and see in the area! Diverse eateries are all around. Or pack a picnic and head to Seward Park, just two miles away.  The metro line, a block away, takes you straight into downtown Seattle. INSIDE THE HOUSE Enter through double French doors to the open-plan living space. Sink into the comfy seating for five people, and take advantage of the entertainment options—including a SmartTV with Netflix, cable, DVD/CD player and free WiFi.  The living area shares a large airy space with the dining and kitchen areas, so nobody","This 2BR, 1BA home sits in a great location in Seattle's most diverse zip code, Columbia City. Sample a different world cuisine every night, then return to a comfy rental with contemporary style! Enjoy the vibrancy and diversity of Seattle's Columbia City neighborhood at this great vacation rental. With room for 5 guests in 2 bedrooms (one with a queen and the other a twin-over-full bunk bed), the home has a gorgeous, open-plan feel and a friendly vibe.   A modern kitchen with free-standing island and comfortable seating in the dining and living areas create a welcoming space to come together at the end of a busy day. And busy you'll be, with a million things to do and see in the area! Diverse eateries are all around. Or pack a picnic and head to Seward Park, just two miles away.  The metro line, a block away, takes you straight into downtown Seattle. INSIDE THE HOUSE Enter through double French doors to the open-plan living space. Sink into the comfy seating for five people, and take ",none,"Located in Columbia City, the most diverse zip code in Seattle, you'll find yourself surrounded by ethnic eating options and specialist groceries. You're less than two miles from Seward Park, with its many walking trails and beautiful water views, and a block from the metro line running straight into downtown Seattle.  If you're a sports fan, head to CenturyLink Field, home of the Seattle Seahawks and Sounders—only six miles away. And the light rail station a mile from the property gives you even more opportunities to explore!",,,https://a2.muscache.com/ac/pictures/ca587811-0f6d-434e-bbd5-086e32a394aa.jpg?interpolation=lanczos-none&size=small&output-format=jpg&output-quality=70,https://a2.muscache.com/im/pictures/ca587811-0f6d-434e-bbd5-086e32a394aa.jpg?aki_policy=medium,https://a2.muscache.com/ac/pictures/ca587811-0f6d-434e-bbd5-086e32a394aa.jpg?interpolation=lanczos-none&size=large_cover&output-format=jpg&output-quality=70,https://a2.muscache.com/ac/pictures/ca587811-0f6d-434e-bbd5-086e32a394aa.jpg?interpolation=lanczos-none&size=x_large_cover&output-format=jpg&output-quality=70,31148752,https://www.airbnb.com/users/show/31148752,Bo,2015-04-13,US,,within a few hours,99%,100%,f,"https://a2.muscache.com/ac/users/31148752/profile_pic/1434475320/original.jpg?interpolation=lanczos-none&crop=w:w;*,*&crop=h:h;*,*&resize=50:*&output-format=jpg&output-quality=70","https://a2.muscache.com/ac/users/31148752/profile_pic/1434475320/original.jpg?interpolation=lanczos-none&crop=w:w;*,*&crop=h:h;*,*&resize=225:*&output-format=jpg&output-quality=70",Holly,354.0,354.0,"['email', 'phone', 'linkedin', 'reviews', 'jumio']",t,t,"48th Avenue South, Seattle, WA 98118, United States",Columbia City,Brighton,Rainier Valley,Seattle,WA,98118,Seattle,"Seattle, WA",US,United States,47.54396632280287,-122.27168915643624,t,Apartment,Entire home/apt,5,1.0,2.0,3.0,Real Bed,"{TV,""Cable TV"",Internet,""Wireless Internet"",Kitchen,""Free Parking on Premises"",Heating,""Family/Kid Friendly"",Washer,Dryer,""Smoke Detector"",""Fire Extinguisher"",Essentials,""24-Hour Check-in"",""Hair Dryer"",Iron,""Laptop Friendly Workspace""}",,$275.00,,,,$155.00,1,$0.00,2,1125,today,t,29,59,89,364,2016-01-04,0,,,,,,,,,,f,,WASHINGTON,f,strict,f,f,8,
4639040,https://www.airbnb.com/rooms/4639040,20160104002432,2016-01-04,Great Value!! The Bunny Room!!,"Please INSTANT BOOK ONLY IF you are a total NONSMOKER and like living with 1 large friendly loving dog.  Value packed house, Pine TWIN BED, with new sheets, shared bath, free snacks, in wonderful clean home! Check out the reviews!!","BEFORE YOU DO INSTANT BOOK, Please know The House of Light is SMOKE -FREE! NONSMOKERS ONLY!!  A Very Large Friendly Dog lives in the house.  She loves everyone. Please ONLY Book if YOU ARE COMFORTABLE AND ENJOY BEING AROUND LARGE LOVING DOGS. Please do not book if you smoke.  Love light and bright colors? Welcome to the Bunny Room and the House of Light! Tons of Light! High ceilings in foyer and family room! Tons of extras! New sheets! Perfect for 1 person! FREE DAILY BREAKFAST and FREE Snacks! Need space for 1-2 more people? Consider also renting the Serene Room, my other listing, and I will make you a good deal on both rooms! This light-filled home is located only 25 minutes by car from center Seattle, and 25-30 minutes by bus.  The bus stop is located 3 blocks away. Close by Seward Park is 1.50 miles away with its paved jogging/ biking trail, second growth forest, beach with lifeguard, and marvelous wooded trails, all nestled on beautiful Lake Washington. Visitors to the House of Li","Please INSTANT BOOK ONLY IF you are a total NONSMOKER and like living with 1 large friendly loving dog.  Value packed house, Pine TWIN BED, with new sheets, shared bath, free snacks, in wonderful clean home! Check out the reviews!! BEFORE YOU DO INSTANT BOOK, Please know The House of Light is SMOKE -FREE! NONSMOKERS ONLY!!  A Very Large Friendly Dog lives in the house.  She loves everyone. Please ONLY Book if YOU ARE COMFORTABLE AND ENJOY BEING AROUND LARGE LOVING DOGS. Please do not book if you smoke.  Love light and bright colors? Welcome to the Bunny Room and the House of Light! Tons of Light! High ceilings in foyer and family room! Tons of extras! New sheets! Perfect for 1 person! FREE DAILY BREAKFAST and FREE Snacks! Need space for 1-2 more people? Consider also renting the Serene Room, my other listing, and I will make you a good deal on both rooms! This light-filled home is located only 25 minutes by car from center Seattle, and 25-30 minutes by bus.  The bus stop is located 3 b",none,"A wonderful QUIET neighborhood. The #7  bus is 3 blocks away!  It is another reason why I bought the house. Gorgeous Seward Park is 1.5 miles away and consists of a 2.5 mile paved jogging/bike trail, second growth forests with cool wooded trails, a lifeguard  beach, all nestled in a cove right on Lake Washington.  Downtown Columbia City is within a mile, with all sorts of great eateries, the excellent Columbia City bakery, and some fine pubs with live music, a movie theater, a kids' shop, plus lots of other unique stores. You won't want to miss the glorious Columbia City Farmer's Market ( Wednesdays, 3-7pm, May-October) with lots of organic produce, gorgeous flowers, delectable samples, hot foods to go, and live music!  Great Neighbors!I am blessed with wonderfully kind helpful neighbors in this multicultural neighborhood!","NO SMOKING Anywhere, not even on the decks.  Non- Smokers ONLY.","Airport- 13 minutes by car or take Light Rail.  The Bus- 3 blocks away on Rainier and S. Graham. 25-30 minutes to downtown. $3.00 one way. Convention Center- 20 minutes Light Rail stops ( Columbia City and Othello) are each one quick 2 mile walk. From there you can board the sparkling clean train and, heading north, be in downtown Seattle in under 20 minutes, or heading south,arrive at Sea-Tac airport in under 20 minutes. Cost: $5.00 round trip or a day pass.  Light Rail tickets are sold from a machine at every light rail stop. ( Be forewarned and prepared- the check-in ticket area at Sea-Tac Airport is a good 20 minute walk from the light rail stop!) Stadiums- 18 minutes.  Recommend taking the bus or Light Rail. By Car, downtown is 25 minutes. I will send you the shortcuts used by locals! There's heavy traffic all over the city. Several close grocery stores ( Safeway, PCC which a great natural foods store, and QFC) are all within 2 miles of my home.",https://a2.muscache.com/ac/pictures/59222697/d52f06d6_original.jpg?interpolation=lanczos-none&size=small&output-format=jpg&output-quality=70,https://a2.muscache.com/im/pictures/59222697/d52f06d6_original.jpg?aki_policy=medium,https://a2.muscache.com/ac/pictures/59222697/d52f06d6_original.jpg?interpolation=lanczos-none&size=large_cover&output-format=jpg&output-quality=70,https://a2.muscache.com/ac/pictures/59222697/d52f06d6_original.jpg?interpolation=lanczos-none&size=x_large_cover&output-format=jpg&output-quality=70,73359,https://www.airbnb.com/users/show/73359,Mary,2010-01-25,"Seattle, Washington, United States","I am a bubbly laid back college professor with a passion for people, travel, teaching, and cooking. I enjoy helping people feel at home and I love showing guests around this city I made my home 25 years ago. I am a vegetarian but I am used to people who have other food preferences. To me, the world is a very small place! I can be chatty and helpful or provide guests with privacy and quiet. It's your choice!",within an hour,100%,100%,f,"https://a2.muscache.com/ac/users/73359/profile_pic/1403232345/original.jpg?interpolation=lanczos-none&crop=w:w;*,*&crop=h:h;*,*&resize=50:*&output-format=jpg&output-quality=70","https://a2.muscache.com/ac/users/73359/profile_pic/1403232345/original.jpg?interpolation=lanczos-none&crop=w:w;*,*&crop=h:h;*,*&resize=225:*&output-format=jpg&output-quality=70",Seward Park,2.0,2.0,"['email', 'phone', 'google', 'reviews', 'kba']",t,t,"South Graham Street, Seattle, WA 98118, United States",Seward Park,Brighton,Rainier Valley,Seattle,WA,98118,Seattle,"Seattle, WA",US,United States,47.54538739226149,-122.27302334700347,t,Bed & Breakfast,Private room,1,1.0,1.0,1.0,Real Bed,"{TV,""Cable TV"",Internet,""Wireless Internet"",""Air Conditioning"",Kitchen,""Free Parking on Premises"",Breakfast,""Pets live on this property"",Dog(s),""Indoor Fireplace"",Heating,""Smoke Detector"",""Carbon Monoxide Detector"",""First Aid Kit"",""Fire Extinguisher"",Essentials,Shampoo,""24-Hour Check-in"",Hangers,""Hair Dryer"",""Laptop Friendly Workspace""}",,$39.00,$250.00,$885.00,$200.00,$50.00,1,$0.00,3,1125,2 weeks ago,t,29,59,89,364,2016-01-04,12,2015-01-16,2015-11-29,98.0,10.0,9.0,10.0,10.0,10.0,10.0,f,,WASHINGTON,t,flexible,f,f,2,1.02
2586350,https://www.airbnb.com/rooms/2586350,20160104002432,2016-01-04,Seattle Home Close to Light Rail,"Private apartment is in the basement of our renovated 1908 home in a quiet neighborhood. Easy access to Light Rail for Seahawks and Mariners games, close to shops and restaurants in Columbia City and Beacon Hill, walking distance to Lake Washington.","Private mother-in-law basement apartment in a renovated 1908 Farmhouse style home that can accommodate 4 adults comfortably. We live right upstairs, in case you need anything. Bedroom - Queen size Tempurpedic bed - Queen size Serta Air Mattress that can be set up for additional guests Living Room - 7 foot sofa that can sleep one adult comfortably (does not pull out into a bed) - 46"" TV with basic cable and HBO, BluRay/DVD player - Free reliable high speed Wi-Fi - Work space area with desk and lamp Bathroom - Full bath with tub and toilet - Includes: basic linens (towels, sheets and blankets), shampoo and body soap Kitchen - Stocked with full set of cooking utensils, pots/pans, dishes, glasses, cutting boards, sharp knives, gas stove (4 burner and oven), full size refrigerator/freezer, microwave, toaster oven, coffee maker and water boiler - Complimentary tea and coffee Large back yard with a garden and a 400 sq ft deck for all to enjoy Laundry facility is available upon request for gue","Private apartment is in the basement of our renovated 1908 home in a quiet neighborhood. Easy access to Light Rail for Seahawks and Mariners games, close to shops and restaurants in Columbia City and Beacon Hill, walking distance to Lake Washington. Private mother-in-law basement apartment in a renovated 1908 Farmhouse style home that can accommodate 4 adults comfortably. We live right upstairs, in case you need anything. Bedroom - Queen size Tempurpedic bed - Queen size Serta Air Mattress that can be set up for additional guests Living Room - 7 foot sofa that can sleep one adult comfortably (does not pull out into a bed) - 46"" TV with basic cable and HBO, BluRay/DVD player - Free reliable high speed Wi-Fi - Work space area with desk and lamp Bathroom - Full bath with tub and toilet - Includes: basic linens (towels, sheets and blankets), shampoo and body soap Kitchen - Stocked with full set of cooking utensils, pots/pans, dishes, glasses, cutting boards, sharp knives, gas stove (4 burn",none,"Our neighborhood is great! We are located in ""the most diverse zip code in the USA, 98118"" according to news reports. We love all the different nationalities/ethnicities and diversity that make up our vibrant city and neighborhood.   We have excellent restaurants within walking distance or a very short car ride - from Vietnamese to Mexican, Chinese to Ethiopian, Italian to Soul Food and local micro-brew pubs. There are also several parks very close and Lake Washington/Seward Park is only a 2 minute drive.","There is an additional charge of $15 per person, per night for any guests after 2, and a cleaning fee of $35 per reservation.",We are a 5 minute walk to a Light Rail station and 2 minute walk to public buses. 15-20 minutes by car or Light Rail to downtown Seattle or SeaTac Airport.,https://a2.muscache.com/ac/pictures/39307066/9a425b47_original.jpg?interpolation=lanczos-none&size=small&output-format=jpg&output-quality=70,https://a2.muscache.com/im/pictures/39307066/9a425b47_original.jpg?aki_policy=medium,https://a2.muscache.com/ac/pictures/39307066/9a425b47_original.jpg?interpolation=lanczos-none&size=large_cover&output-format=jpg&output-quality=70,https://a2.muscache.com/ac/pictures/39307066/9a425b47_original.jpg?interpolation=lanczos-none&size=x_large_cover&output-format=jpg&output-quality=70,2536735,https://www.airbnb.com/users/show/2536735,Akiko And Matt,2012-06-03,"Seattle, Washington, United States","We are an adventurous couple who love to travel abroad at least once a year. 

Akiko was born in Japan, but was raised around the world (Jordan, Canada, Tennessee) and settled in Seattle after attending the University of Washington and falling in love with the city.

Matt has lived/worked around the world (Germany, Japan, Iowa, Oklahoma etc...) but loves being back in his native city of Seattle. He's a true expert of the city and the surrounding areas, where he uses his knowledge and expertise as a real estate broker and interior designer.

We love people, and hosting comes second nature to us. We bought our 1908 farm style house in 2007 and completely remodeled it, doing most of the work ourselves. We made our home truly ""ours"", and we love it. We hope that our guests will too!

When we are not hosting friends for dinner parties or  remodeling, we love to enjoy the outdoors - Snowboarding, camping, hiking and kayaking and trying new restaurants. ",within an hour,100%,100%,t,"https://a2.muscache.com/ac/users/2536735/profile_pic/1400716028/original.jpg?interpolation=lanczos-none&crop=w:w;*,*&crop=h:h;*,*&resize=50:*&output-format=jpg&output-quality=70","https://a2.muscache.com/ac/users/2536735/profile_pic/1400716028/original.jpg?interpolation=lanczos-none&crop=w:w;*,*&crop=h:h;*,*&resize=225:*&output-format=jpg&output-quality=70",Brighton,2.0,2.0,"['email', 'phone', 'reviews', 'kba']",t,t,"South Willow Street, Seattle, WA 98118, United States",Brighton,Brighton,Rainier Valley,Seattle,WA,98118,Seattle,"Seattle, WA",US,United States,47.53898624963268,-122.27799126505847,t,House,Entire home/apt,5,1.0,1.0,2.0,Real Bed,"{TV,Internet,""Wireless Internet"",Kitchen,""Free Parking on Premises"",Heating,""Family/Kid Friendly"",Washer,Dryer,""Smoke Detector"",""Carbon Monoxide Detector"",""Fire Extinguisher"",Essentials,Shampoo}",,$105.00,$700.00,"$2,500.00",$95.00,$40.00,2,$15.00,2,29,a week ago,t,27,57,87,362,2016-01-04,68,2014-06-12,2015-11-29,94.0,10.0,10.0,10.0,10.0,8.0,9.0,f,,WASHINGTON,t,moderate,f,f,2,3.57
6482409,https://www.airbnb.com/rooms/6482409,20160104002432,2016-01-04,Seattle Tiny House Near Light Rail,Have you ever wanted to see and stay in an actual Tiny House? This is your chance! Custom Tiny House with private landscaped yard and Asian influenced interior design. 7 minute walk to Light Rail for Seahawks/Mariners/Sounders games and downtown.,"Tiny House living is a unique experience - declutter, reduce, re-use and live simply. I custom designed the space to be efficient, modern and comfortable.  It is located in the back portion of our double lot property behind the house we live in. INTERIOR: There are two lofts - a queen size and a twin size loft for 3 people to sleep comfortably. The heated floors keep the place at the perfect temp day or night. Lots of natural light fills the space from the 5 clerestory windows. The kitchen is fully equipped with a 2 burner stove, mini fridge and freezer and everything you need to cook and eat in. The bathroom has a shower and state of the art composting toilet that separates liquids from solids and vents out all odor. Access to the lofts is by way of steep ladders. If you aren't comfortable with ladders or lofts with low ceiling height - this isn't the place for you. EXTERIOR: A hand laid recycled brick path leads up to the front porch and front door. You'll enjoy the fully landscaped ","Have you ever wanted to see and stay in an actual Tiny House? This is your chance! Custom Tiny House with private landscaped yard and Asian influenced interior design. 7 minute walk to Light Rail for Seahawks/Mariners/Sounders games and downtown. Tiny House living is a unique experience - declutter, reduce, re-use and live simply. I custom designed the space to be efficient, modern and comfortable.  It is located in the back portion of our double lot property behind the house we live in. INTERIOR: There are two lofts - a queen size and a twin size loft for 3 people to sleep comfortably. The heated floors keep the place at the perfect temp day or night. Lots of natural light fills the space from the 5 clerestory windows. The kitchen is fully equipped with a 2 burner stove, mini fridge and freezer and everything you need to cook and eat in. The bathroom has a shower and state of the art composting toilet that separates liquids from solids and vents out all odor. Access to the lofts is by",none,"Our neighborhood is great! We are located in ""the most diverse zip code in the USA, 98118"" according to news reports. We love all the different nationalities/ethnicities and diversity that make up our vibrant city and neighborhood.   We have excellent restaurants within walking distance or a very short car ride - from Vietnamese to Mexican, Chinese to Ethiopian, Italian to Soul Food and local micro-brew pubs. There are also several parks very close and Lake Washington/Seward Park is only a 2 minute drive.","Due to the nature of loft sleeping, steep stairs and low ceilings in the lofts we ask our guest to sign a waiver prior to or upon arrival.",We are a 5 minute walk to a Light Rail station and 2 minute walk to public buses. 15-20 minutes by car or Light Rail to downtown Seattle or SeaTac Airport.,https://a2.muscache.com/ac/pictures/83737547/e0175727_original.jpg?interpolation=lanczos-none&size=small&output-format=jpg&output-quality=70,https://a2.muscache.com/im/pictures/83737547/e0175727_original.jpg?aki_policy=medium,https://a2.muscache.com/ac/pictures/83737547/e0175727_original.jpg?interpolation=lanczos-none&size=large_cover&output-format=jpg&output-quality=70,https://a2.muscache.com/ac/pictures/83737547/e0175727_original.jpg?interpolation=lanczos-none&size=x_large_cover&output-format=jpg&output-quality=70,2536735,https://www.airbnb.com/users/show/2536735,Akiko And Matt,2012-06-03,"Seattle, Washington, United States","We are an adventurous couple who love to travel abroad at least once a year. 

Akiko was born in Japan, but was raised around the world (Jordan, Canada, Tennessee) and settled in Seattle after attending the University of Washington and falling in love with the city.

Matt has lived/worked around the world (Germany, Japan, Iowa, Oklahoma etc...) but loves being back in his native city of Seattle. He's a true expert of the city and the surrounding areas, where he uses his knowledge and expertise as a real estate broker and interior designer.

We love people, and hosting comes second nature to us. We bought our 1908 farm style house in 2007 and completely remodeled it, doing most of the work ourselves. We made our home truly ""ours"", and we love it. We hope that our guests will too!

When we are not hosting friends for dinner parties or  remodeling, we love to enjoy the outdoors - Snowboarding, camping, hiking and kayaking and trying new restaurants. ",within an hour,100%,100%,t,"https://a2.muscache.com/ac/users/2536735/profile_pic/1400716028/original.jpg?interpolation=lanczos-none&crop=w:w;*,*&crop=h:h;*,*&resize=50:*&output-format=jpg&output-quality=70","https://a2.muscache.com/ac/users/2536735/profile_pic/1400716028/original.jpg?interpolation=lanczos-none&crop=w:w;*,*&crop=h:h;*,*&resize=225:*&output-format=jpg&output-quality=70",Brighton,2.0,2.0,"['email', 'phone', 'reviews', 'kba']",t,t,"South Willow Street, Seattle, WA 98118, United States",Brighton,Brighton,Rainier Valley,Seattle,WA,98118,Seattle,"Seattle, WA",US,United States,47.54048514181432,-122.27529416245038,t,House,Entire home/apt,3,0.5,0.0,2.0,Real Bed,"{TV,Internet,""Wireless Internet"",Kitchen,""Free Parking on Premises"",Heating,""Family/Kid Friendly"",""Smoke Detector"",""Fire Extinguisher"",Essentials,Shampoo}",,$105.00,$695.00,"$2,500.00",$200.00,$40.00,2,$10.00,2,1125,5 weeks ago,t,30,60,90,365,2016-01-04,39,2015-06-07,2015-12-01,97.0,10.0,10.0,10.0,10.0,9.0,10.0,f,,WASHINGTON,f,moderate,f,f,2,5.52
8089214,https://www.airbnb.com/rooms/8089214,20160104002432,2016-01-04,Right off the Light Link Rail,"Our space is unique in the sense that you are not limited to just the space that you are staying. You can enjoy our patio, our rooftop deck that has hot tub and lounge chairs, access to a  24 hour community room that has a pool table,  a gym and the biggest perk is that it is right off of the light link rail! which is only 20 min ride  north from Sea Tac Airport, from the bus/train station it is 15 min south, and  a 35 min ride south to dt seattle!",,"Our space is unique in the sense that you are not limited to just the space that you are staying. You can enjoy our patio, our rooftop deck that has hot tub and lounge chairs, access to a  24 hour community room that has a pool table,  a gym and the biggest perk is that it is right off of the light link rail! which is only 20 min ride  north from Sea Tac Airport, from the bus/train station it is 15 min south, and  a 35 min ride south to dt seattle!",none,,,,https://a2.muscache.com/ac/pictures/103065111/074b7fd5_original.jpg?interpolation=lanczos-none&size=small&output-format=jpg&output-quality=70,https://a2.muscache.com/im/pictures/103065111/074b7fd5_original.jpg?aki_policy=medium,https://a2.muscache.com/ac/pictures/103065111/074b7fd5_original.jpg?interpolation=lanczos-none&size=large_cover&output-format=jpg&output-quality=70,https://a2.muscache.com/ac/pictures/103065111/074b7fd5_original.jpg?interpolation=lanczos-none&size=x_large_cover&output-format=jpg&output-quality=70,15576272,https://www.airbnb.com/users/show/15576272,Jennifer,2014-05-15,"Seattle, Washington, United States","Jennifer and Vijay  both like to socialize, meet new people and explore new cities - especially the non-tourist stuff.  Our life motto -""live free or die young."" ",,,100%,f,"https://a1.muscache.com/ac/users/15576272/profile_pic/1410310122/original.jpg?interpolation=lanczos-none&crop=w:w;*,*&crop=h:h;*,*&resize=50:*&output-format=jpg&output-quality=70","https://a1.muscache.com/ac/users/15576272/profile_pic/1410310122/original.jpg?interpolation=lanczos-none&crop=w:w;*,*&crop=h:h;*,*&resize=225:*&output-format=jpg&output-quality=70",Brighton,1.0,1.0,"['email', 'phone', 'facebook', 'reviews', 'kba']",t,t,"South Othello Street, Seattle, WA 98118, United States",Brighton,Brighton,Rainier Valley,Seattle,WA,98118,Seattle,"Seattle, WA",US,United States,47.53540733743967,-122.27983057017124,t,Apartment,Shared room,1,1.0,1.0,1.0,Futon,"{TV,""Cable TV"",Internet,""Wireless Internet"",Kitchen,Gym,""Elevator in Building"",""Hot Tub"",Washer,Essentials}",,$40.00,,"$1,000.00",,,1,$0.00,1,2,4 months ago,t,30,60,90,365,2016-01-04,0,,,,,,,,,,f,,WASHINGTON,f,flexible,f,f,1,
8409975,https://www.airbnb.com/rooms/8409975,20160104002432,2016-01-04,The Carousel Room w/Breakfast,"This clean, quiet & cozy queen bedroom shares a bathroom with just two other rooms in a large multi-airBNB bedroom home. The neighborhood is a quiet Jewish community just a 1.1mile walk to the Othello light rail station & a .8mile walk to Seward Park","Your room is on the lower floor, down the stairs upon entering the house. Take a right through the doorway and your room is the first bedroom on the right. It is furnished with a queen bed, small fan, personal floorboard heaters and closet space with hangers. The bathroom is located on the same hallway as the bedroom for which you have booked. It will be the first door on the left when walking from the living area. The towels are either stacked on shelving or in cabinets within the corresponding bathroom.","This clean, quiet & cozy queen bedroom shares a bathroom with just two other rooms in a large multi-airBNB bedroom home. The neighborhood is a quiet Jewish community just a 1.1mile walk to the Othello light rail station & a .8mile walk to Seward Park Your room is on the lower floor, down the stairs upon entering the house. Take a right through the doorway and your room is the first bedroom on the right. It is furnished with a queen bed, small fan, personal floorboard heaters and closet space with hangers. The bathroom is located on the same hallway as the bedroom for which you have booked. It will be the first door on the left when walking from the living area. The towels are either stacked on shelving or in cabinets within the corresponding bathroom. Guests have access to both levels in the home. Both kitchens, living and dining rooms, laundry, bathrooms, the backyard and upper deck. Basically the entire home. Please refrain from buying and storing multiple days groceries. There is ju",none,"This Seward Park neighborhood is a quiet Jewish community just a 1.1mile walk to the Othello light rail station which makes it easy to commute to and from the house.  Also, just a short .8mile walk to Seward Park on Bailey Peninsula in Lake Washington means one can enjoy the natural beauty of Washington from within the city.",Alessandro is the on site host at the house near Seward Park. He works closely with Dario on a daily basis to ensure the most comfortable stay for our guests. Any questions can be directed towards both Allessandro or Dario.,"There are a multitude of ways to travel to our location; easiest; drive, UBER or taxi  (parking is on the street) * FROM AIRPORT*  - rental car or taxi (no uber) - light rail to Othello Station     - walk a short distance 1.1 miles east to the house. travel time 20-30min. - travel time by car is 10-15min *DOWNTOWN* - light rail to Othello Station     - walk a short distance 1.1 miles east to the house. travel time 20-30min. - The #7 is the one bus that goes to and from downtown that stops just three blocks from the house.  - zero transfers and short walking distance - the ride time is 25-45min  - by car 20-30min (depending on traffic)",https://a2.muscache.com/ac/pictures/7051cc36-0ee9-4224-a1f1-9ca821764193.jpg?interpolation=lanczos-none&size=small&output-format=jpg&output-quality=70,https://a2.muscache.com/im/pictures/7051cc36-0ee9-4224-a1f1-9ca821764193.jpg?aki_policy=medium,https://a2.muscache.com/ac/pictures/7051cc36-0ee9-4224-a1f1-9ca821764193.jpg?interpolation=lanczos-none&size=large_cover&output-format=jpg&output-quality=70,https://a2.muscache.com/ac/pictures/7051cc36-0ee9-4224-a1f1-9ca821764193.jpg?interpolation=lanczos-none&size=x_large_cover&output-format=jpg&output-quality=70,26967583,https://www.airbnb.com/users/show/26967583,Dario,2015-01-30,"Seattle, Washington, United States","Welcome, my name is Dario.

I was born in Sicily and I moved to Seattle eight years ago. I am an Italian teacher and the director of Boys Tribe Project, an after school program to help boys develop emotional intelligence, learn how to play rough without hurting each other, and be creative with imaginative play and storytelling.

I love to cook Italian homemade food, traveling, personal growth, psychology, jazz and blues, foreign movies, interior design, modern dance, storytelling, art, and culture in general. I love hosting people, I used to host couch surfers and I also was traveling for a few years. The thing I like the most is to hear and to share stories from people all over the world.",within an hour,98%,100%,f,"https://a2.muscache.com/ac/users/26967583/profile_pic/1427823555/original.jpg?interpolation=lanczos-none&crop=w:w;*,*&crop=h:h;*,*&resize=50:*&output-format=jpg&output-quality=70","https://a2.muscache.com/ac/users/26967583/profile_pic/1427823555/original.jpg?interpolation=lanczos-none&crop=w:w;*,*&crop=h:h;*,*&resize=225:*&output-format=jpg&output-quality=70",University District,21.0,21.0,"['email', 'phone', 'facebook', 'reviews']",t,f,"Morgan St. South, Seattle, WA 98118, United States",Seward Park,Brighton,Rainier Valley,Seattle,WA,98118,Seattle,"Seattle, WA",US,United States,47.54515616248273,-122.26994043189568,t,House,Private room,2,1.0,1.0,1.0,Real Bed,"{Internet,""Wireless Internet"",Kitchen,""Free Parking on Premises"",Breakfast,""Indoor Fireplace"",Heating,""Family/Kid Friendly"",Washer,Dryer,""Smoke Detector"",""Carbon Monoxide Detector"",""Fire Extinguisher"",Essentials,Shampoo}",,$34.00,$214.00,$756.00,$500.00,$10.00,1,$10.00,1,1125,3 days ago,t,0,5,34,34,2016-01-04,11,2015-10-05,2015-12-16,93.0,9.0,9.0,9.0,9.0,9.0,10.0,f,,WASHINGTON,t,strict,f,f,21,3.59
8409926,https://www.airbnb.com/rooms/8409926,20160104002432,2016-01-04,The Family Room w/ Private Bathroom,"This clean, quiet & cozy queen master bedroom has its own private bathroom as well as a third bed perfect for families. The neighborhood is a quiet Jewish community just a 1.1mile walk to the Othello light rail station & a .8mile walk to Seward Park.","Your room is on the upper floor, up the stairs upon entering the house. Take a right through the doorway and your room is the second doorway on the left.  It is furnished with a queen bed + a twin loft bed perfect for children or a small adult under 125lbs, small fan, personal floorboard heaters, work desk w/lamps and closet space with hangers. This room has a private 4 piece bathroom for which normal house rules in regards to bathroom time limits do not apply. Even though you are not sharing, please keep clean as if you were! The communal use bathroom is located on the same hallway as the bedroom for which you have booked. It will be the first door on the left when walking from the living area. The towels are either stacked on shelving or in cabinets within the corresponding bathroom.","This clean, quiet & cozy queen master bedroom has its own private bathroom as well as a third bed perfect for families. The neighborhood is a quiet Jewish community just a 1.1mile walk to the Othello light rail station & a .8mile walk to Seward Park. Your room is on the upper floor, up the stairs upon entering the house. Take a right through the doorway and your room is the second doorway on the left.  It is furnished with a queen bed + a twin loft bed perfect for children or a small adult under 125lbs, small fan, personal floorboard heaters, work desk w/lamps and closet space with hangers. This room has a private 4 piece bathroom for which normal house rules in regards to bathroom time limits do not apply. Even though you are not sharing, please keep clean as if you were! The communal use bathroom is located on the same hallway as the bedroom for which you have booked. It will be the first door on the left when walking from the living area. The towels are either stacked on shelving or",none,"This Seward Park neighborhood is a quiet Jewish community just a 1.1mile walk to the Othello light rail station which makes it easy to commute to and from the house.  Also, just a short .8mile walk to Seward Park on Bailey Peninsula in Lake Washington means one can enjoy the natural beauty of Washington from within the city.",Allessandro is the on site host at the house near Seward Park. He works closely with Dario on a daily basis to ensure the most comfortable stay for our guests. Any questions can be directed towards both Allessandro or Dario.,"There are a multitude of ways to travel to our location; easiet; drive, UBER or taxi  (parking is on the street) * FROM AIRPORT*  - rental car or taxi (no uber) - light rail to Othello Station     - walk a short distance 1.1 miles east to the house. travel time 20-30min. - travel time by car is 10-15min *DOWNTOWN* - light rail to Othello Station     - walk a short distance 1.1 miles east to the house. travel time 20-30min. - The #7 is the one bus that goes to and from downtown that stops just three blocks from the house.  - zero transfers and short walking distance - the ride time is 25-45min  - by car 20-30min (depending on traffic)",https://a2.muscache.com/ac/pictures/967a72bb-f85c-4fb8-b0b0-f4cc44a5fd1c.jpg?interpolation=lanczos-none&size=small&output-format=jpg&output-quality=70,https://a2.muscache.com/im/pictures/967a72bb-f85c-4fb8-b0b0-f4cc44a5fd1c.jpg?aki_policy=medium,https://a2.muscache.com/ac/pictures/967a72bb-f85c-4fb8-b0b0-f4cc44a5fd1c.jpg?interpolation=lanczos-none&size=large_cover&output-format=jpg&output-quality=70,https://a2.muscache.com/ac/pictures/967a72bb-f85c-4fb8-b0b0-f4cc44a5fd1c.jpg?interpolation=lanczos-none&size=x_large_cover&output-format=jpg&output-quality=70,26967583,https://www.airbnb.com/users/show/26967583,Dario,2015-01-30,"Seattle, Washington, United States","Welcome, my name is Dario.

I was born in Sicily and I moved to Seattle eight years ago. I am an Italian teacher and the director of Boys Tribe Project, an after school program to help boys develop emotional intelligence, learn how to play rough without hurting each other, and be creative with imaginative play and storytelling.

I love to cook Italian homemade food, traveling, personal growth, psychology, jazz and blues, foreign movies, interior design, modern dance, storytelling, art, and culture in general. I love hosting people, I used to host couch surfers and I also was traveling for a few years. The thing I like the most is to hear and to share stories from people all over the world.",within an hour,98%,100%,f,"https://a2.muscache.com/ac/users/26967583/profile_pic/1427823555/original.jpg?interpolation=lanczos-none&crop=w:w;*,*&crop=h:h;*,*&resize=50:*&output-format=jpg&output-quality=70","https://a2.muscache.com/ac/users/26967583/profile_pic/1427823555/original.jpg?interpolation=lanczos-none&crop=w:w;*,*&crop=h:h;*,*&resize=225:*&output-format=jpg&output-quality=70",University District,21.0,21.0,"['email', 'phone', 'facebook', 'reviews']",t,f,"Morgan St. south, Seattle, WA 98118, United States",Seward Park,Brighton,Rainier Valley,Seattle,WA,98118,Seattle,"Seattle, WA",US,United States,47.54552039849873,-122.26988586166964,t,House,Private room,3,1.0,1.0,2.0,Real Bed,"{Internet,""Wireless Internet"",Kitchen,""Free Parking on Premises"",Breakfast,""Indoor Fireplace"",Heating,""Family/Kid Friendly"",Washer,Dryer,""Smoke Detector"",""Carbon Monoxide Detector"",""Fire Extinguisher"",Essentials,Shampoo}",,$35.00,$262.00,$924.00,$500.00,$15.00,1,$10.00,1,29,3 days ago,t,12,42,71,71,2016-01-04,15,2015-09-20,2015-12-08,92.0,10.0,9.0,9.0,8.0,9.0,10.0,f,,WASHINGTON,t,strict,f,f,21,4.21
6107518,https://www.airbnb.com/rooms/6107518,20160104002432,2016-01-04,Lightrail to airport/downtown,"The designer touches in this craftsman home are so inviting you won't want to leave.  No car needed as the light rail brings you from the airport here, downtown and the convention center.  Enjoy the gourmet kitchen, big deck and yard.","Relax in a bright, completely remodeled 100 year old craftsman style home.  You and I will share a 3 bedroom, 2,500 square foot house.  Lots of space for privacy Your bed can either be a single bed to give you more room or a king bed to spread out as it is a daybed with a pop up trundle.  A 2"" foam topper provides extra comfort.   Access to the back deck and fenced yard will help you relax at the end of the day.  Your bedroom and private bath is on a different floor than the owner (Stacie) for extra privacy and quiet at night.   The house has two black indoor/outdoor cats (Carter and Harley) so you have to be ok with that.  They are very friendly.  Harley is a bit shy but Carter will take any scratches behind the ears that you are willing to give. Bathroom has complimentary shampoo & conditioner, body wash with hand and body towels and hairdryer for your use while visiting.  There is an iron and ironing board in your bedroom closet. Your room has a flat panel TV, dresser, bed and alarm","The designer touches in this craftsman home are so inviting you won't want to leave.  No car needed as the light rail brings you from the airport here, downtown and the convention center.  Enjoy the gourmet kitchen, big deck and yard. Relax in a bright, completely remodeled 100 year old craftsman style home.  You and I will share a 3 bedroom, 2,500 square foot house.  Lots of space for privacy Your bed can either be a single bed to give you more room or a king bed to spread out as it is a daybed with a pop up trundle.  A 2"" foam topper provides extra comfort.   Access to the back deck and fenced yard will help you relax at the end of the day.  Your bedroom and private bath is on a different floor than the owner (Stacie) for extra privacy and quiet at night.   The house has two black indoor/outdoor cats (Carter and Harley) so you have to be ok with that.  They are very friendly.  Harley is a bit shy but Carter will take any scratches behind the ears that you are willing to give. Bathroo",none,"I am on the Brighton/Columbia City line which boasts that it is one of the most diverse zip codes in the nation.  The house is walking distance to buses (2 minutes) and the light rail (8 minutes).  1 mile to the water and the beautiful Seward Park.  1 mile to the trendy Columbia City  center with restaurants, sports bars and music.  One block to Starbucks and McDonald's.  The best Chinese restaurant in town is next door as well as a large Asian grocery store.  Great neighbors.  Lots of free off street parking.  It is a transitional neighborhood that is a hotbed of growth.","Private satellite TV in your bedroom with Netflix.   Enjoy the raised deck and fully fenced backyard.  Kitchen access for light cooking.  Washer and dryer for those staying more than 5 days. My cat door is a security door that only lets my pets in and out.  It makes a clicking sound when used.  No one has complained about it, but providing full disclosure.    One cat will hide from you initially (Harley).  One will gladly accept scratches behind the ears (Carter). The house is a complete remodel so everything is new including your towels, bed and bedding.  I will have light rail and bus schedules in your room as well as a welcome guide on where things are in the kitchen.  Wifi ID: stsherman; access code: Daner00.",No need for a ride from the airport as the light rail will take you right here.  Get off at the Othello stop and walk the same direction as the train 8 minutes.  My street is across from the large U-Haul sign. The airport is only a 12 minutes drive away.  The light rail and buses will take you to downtown Seattle.  Bus stop is a 2 minute walk and goes right downtown as well.,https://a1.muscache.com/ac/pictures/82148833/6a498eb0_original.jpg?interpolation=lanczos-none&size=small&output-format=jpg&output-quality=70,https://a1.muscache.com/im/pictures/82148833/6a498eb0_original.jpg?aki_policy=medium,https://a1.muscache.com/ac/pictures/82148833/6a498eb0_original.jpg?interpolation=lanczos-none&size=large_cover&output-format=jpg&output-quality=70,https://a1.muscache.com/ac/pictures/82148833/6a498eb0_original.jpg?interpolation=lanczos-none&size=x_large_cover&output-format=jpg&output-quality=70,30129923,https://www.airbnb.com/users/show/30129923,Stacie,2015-03-28,"Seattle, Washington, United States","Hi there!  I am well traveled having lived abroad in 3 different countries (Germany, Italy, Japan).  I love to meet new people and explore new places.  My last vacation was a 2 week trip to Turkey which was amazing.

I love my audio books.  I know it sounds cheesy but I can multi-task which you can't do when reading.  Lately I have been into fantasy, but I like mysteries and historical fiction too.

I love giving snacks and loves to my two kitties.  They are big munch mouths and big momma's boys.  They give me such love and a sense of home.

I love to garden and can't wait to turn my blank slate (new home for me) into an oasis.  Looking to incorporate any edible into my garden that I can.

Locally I love to explore new areas, try new restaurants and hang out with my best buds.  I am open minded and an open book.  If there is something you want to know, just ask.

I am pretty new to Air BnB so I don't have a host style yet.  I can tell you that I will give you as little or as much privacy as you would like.  We can share a meal or you can relax in your room.  What ever makes you comfortable is fine with me.",within an hour,100%,100%,f,"https://a2.muscache.com/ac/users/30129923/profile_pic/1429675502/original.jpg?interpolation=lanczos-none&crop=w:w;*,*&crop=h:h;*,*&resize=50:*&output-format=jpg&output-quality=70","https://a2.muscache.com/ac/users/30129923/profile_pic/1429675502/original.jpg?interpolation=lanczos-none&crop=w:w;*,*&crop=h:h;*,*&resize=225:*&output-format=jpg&output-quality=70",Brighton,1.0,1.0,"['email', 'phone', 'facebook', 'reviews', 'kba']",t,t,"South Eddy Street, Seattle, WA 98118, United States",Brighton,Brighton,Rainier Valley,Seattle,WA,98118,Seattle,"Seattle, WA",US,United States,47.54438844370521,-122.28312373417482,t,House,Private room,2,1.0,1.0,1.0,Real Bed,"{TV,""Cable TV"",""Wireless Internet"",Kitchen,""Free Parking on Premises"",""Pets live on this property"",Cat(s),""Indoor Fireplace"",Heating,Washer,Dryer,""Smoke Detector"",""Carbon Monoxide Detector"",Essentials,Shampoo,""24-Hour Check-in"",Hangers,""Hair Dryer"",""Laptop Friendly Workspace""}",,$65.00,$350.00,"$1,300.00",,$25.00,1,$0.00,1,30,today,t,17,47,77,166,2016-01-04,31,2015-05-17,2015-12-14,97.0,10.0,10.0,10.0,10.0,9.0,10.0,f,,WASHINGTON,f,moderate,f,f,1,3.99
9797000,https://www.airbnb.com/rooms/9797000,20160104002432,2016-01-04,"Lightrail, ethnic eateries, parks!","Lovely downstairs studio unit in the most diverse zip code in the United States! 5 minute walk to lightrail station gives easy access to downtown and airport. Continental breakfast, candlelit fireplace, deep-soak tub, Ben & Jerry's in the freezer.","Charming studio apartment with natural lighting, recessed bookshelves, and plenty of space. Private entrance. Real bed + futon = space for 4 to sleep well. Kitchenette has brand new convection oven, microwave, and dual hotplate. Please be aware that there is a flight of stairs at the entrance.","Lovely downstairs studio unit in the most diverse zip code in the United States! 5 minute walk to lightrail station gives easy access to downtown and airport. Continental breakfast, candlelit fireplace, deep-soak tub, Ben & Jerry's in the freezer. Charming studio apartment with natural lighting, recessed bookshelves, and plenty of space. Private entrance. Real bed + futon = space for 4 to sleep well. Kitchenette has brand new convection oven, microwave, and dual hotplate. Please be aware that there is a flight of stairs at the entrance. We'll be in the upstairs unit and are more than happy to offer advice for things to do, places to see, restaurants you shouldn't miss. Our location is amazing- quiet, but centrally located. There are numerous delectable ethnic restaurants within walking distance, and a great community atmosphere. We are across the street from a park/playground (with a very impressive slide!) and we're a few blocks from the grocery store and tennis courts. Columbia City ",none,"Our location is amazing- quiet, but centrally located. There are numerous delectable ethnic restaurants within walking distance, and a great community atmosphere. We are across the street from a park/playground (with a very impressive slide!) and we're a few blocks from the grocery store and tennis courts. Columbia City is hoppin' and just over a mile north. Seward Park/Lake Washington, with its incredible views and various watercraft rentals, is 1.5 miles northeast.","We provide fixings for coffee, tea, and continental breakfast. Also, ice cream!  Though we do have a TV, please note that it is not hooked up to cable or antenna. It is available so that guests may connect their own laptops to stream shows (HDMI cable provided).","Othello Station is just a five minute walk! Providing easy lightrail access to downtown and Columbia City, SeaTac and Southcenter mall.  If you're in a car, you are within 15 minutes' drive to all of these things.  Off-street parking available.",https://a2.muscache.com/ac/pictures/6c0e71a1-6581-4407-a517-6d82d5e464dc.jpg?interpolation=lanczos-none&size=small&output-format=jpg&output-quality=70,https://a2.muscache.com/im/pictures/6c0e71a1-6581-4407-a517-6d82d5e464dc.jpg?aki_policy=medium,https://a2.muscache.com/ac/pictures/6c0e71a1-6581-4407-a517-6d82d5e464dc.jpg?interpolation=lanczos-none&size=large_cover&output-format=jpg&output-quality=70,https://a2.muscache.com/ac/pictures/6c0e71a1-6581-4407-a517-6d82d5e464dc.jpg?interpolation=lanczos-none&size=x_large_cover&output-format=jpg&output-quality=70,50487726,https://www.airbnb.com/users/show/50487726,Abigail & Justin,2015-12-03,US,,within an hour,100%,100%,f,"https://a2.muscache.com/ac/pictures/85dee33e-5c29-4c59-8a82-7afb434a97fe.jpg?interpolation=lanczos-none&crop=w:w;*,*&crop=h:h;*,*&resize=50:*&output-format=jpg&output-quality=70","https://a2.muscache.com/ac/pictures/85dee33e-5c29-4c59-8a82-7afb434a97fe.jpg?interpolation=lanczos-none&crop=w:w;*,*&crop=h:h;*,*&resize=225:*&output-format=jpg&output-quality=70",Brighton,1.0,1.0,"['email', 'phone', 'reviews']",t,f,"South Othello Street, Seattle, WA 98118, United States",Brighton,Brighton,Rainier Valley,Seattle,WA,98118,Seattle,"Seattle, WA",US,United States,47.53649713277183,-122.2746604356086,t,Apartment,Entire home/apt,4,1.0,1.0,2.0,Real Bed,"{TV,Internet,""Wireless Internet"",Kitchen,""Free Parking on Premises"",Breakfast,""Pets live on this property"",Dog(s),Heating,""Family/Kid Friendly"",""Smoke Detector"",""Carbon Monoxide Detector"",""Fire Extinguisher"",Essentials,Shampoo,""24-Hour Check-in"",Hangers,""Laptop Friendly Workspace""}",,$75.00,,,$250.00,$20.00,2,$10.00,1,1125,today,t,30,60,89,89,2016-01-04,2,2015-12-12,2016-01-01,90.0,10.0,10.0,10.0,10.0,10.0,10.0,f,,WASHINGTON,f,flexible,f,f,1,2.0
5242148,https://www.airbnb.com/rooms/5242148,20160104002432,2016-01-04,Modern Rustic Home,"We keep a clutter free modern rustic home. Our vaulted ceilings, large open kitchen and spacious bedroom layout are perfect for any group get away. It's a walk from the Light Rail and Lk. Washington for variety in scenery.",Brand new home beautifully decorated in a rustic modern and minimalist vibe.  The ground level has vaulted ceilings that make an already large open space feel even bigger.  There are four bedrooms (two queen beds/ one king & one full size deluxe air bed) and three full bathrooms to give everyone a little space during their stay.  We also have two extra lux air beds in twin size with bedding for the larger guest counts.,"We keep a clutter free modern rustic home. Our vaulted ceilings, large open kitchen and spacious bedroom layout are perfect for any group get away. It's a walk from the Light Rail and Lk. Washington for variety in scenery. Brand new home beautifully decorated in a rustic modern and minimalist vibe.  The ground level has vaulted ceilings that make an already large open space feel even bigger.  There are four bedrooms (two queen beds/ one king & one full size deluxe air bed) and three full bathrooms to give everyone a little space during their stay.  We also have two extra lux air beds in twin size with bedding for the larger guest counts. In home laundry (soaps/softeners/stain removers included) Built in home stereo with AUX cable for easy listening to any of your favorite music  AppleTv 3D Television and library of blue-rays  Outdoor Bbq Grill Large outdoor patios with lounge seats Stand-up Indoor Tanning bed Large balcony off master bedroom with lounge seating I try to respond as quic",none,"We are located south of Seward Park, a couple blocks walk to Martha Park, and beautiful Lake Washington.  There is a wonderful ""hole in the wall"" mexican restaurant a few doors down the street that serves up authentic mexican food and fresh margaritas (Los Tinos).",,"The house is about a half mile walk from the Othello light rail station.  The light rail can take you as far as the airport if you go south, and the stadiums and downtown (pike market) areas if you head north all in a matter of 18mins or less!",https://a0.muscache.com/ac/pictures/67689551/b345bc3c_original.jpg?interpolation=lanczos-none&size=small&output-format=jpg&output-quality=70,https://a0.muscache.com/im/pictures/67689551/b345bc3c_original.jpg?aki_policy=medium,https://a0.muscache.com/ac/pictures/67689551/b345bc3c_original.jpg?interpolation=lanczos-none&size=large_cover&output-format=jpg&output-quality=70,https://a0.muscache.com/ac/pictures/67689551/b345bc3c_original.jpg?interpolation=lanczos-none&size=x_large_cover&output-format=jpg&output-quality=70,27129222,https://www.airbnb.com/users/show/27129222,Raijina,2015-02-02,"Seattle, Washington, United States","I have always loved hosting, dinner parties, houseguests, and back yard barbecues, so listing our home is an extension of that.  I love to travel with my family and friends and venture out into lands unknown to me. ",within an hour,90%,100%,f,"https://a0.muscache.com/ac/users/27129222/profile_pic/1431623328/original.jpg?interpolation=lanczos-none&crop=w:w;*,*&crop=h:h;*,*&resize=50:*&output-format=jpg&output-quality=70","https://a0.muscache.com/ac/users/27129222/profile_pic/1431623328/original.jpg?interpolation=lanczos-none&crop=w:w;*,*&crop=h:h;*,*&resize=225:*&output-format=jpg&output-quality=70",,1.0,1.0,"['email', 'phone', 'reviews', 'jumio']",t,t,"S Othello St, Seattle, WA 98118, United States",,Brighton,Rainier Valley,Seattle,WA,98118,Seattle,"Seattle, WA",US,United States,47.53678301138112,-122.26829463081414,f,House,Entire home/apt,12,3.0,4.0,6.0,Real Bed,"{TV,Internet,""Wireless Internet"",Kitchen,""Indoor Fireplace"",Heating,""Family/Kid Friendly"",""Suitable for Events"",Washer,Dryer,""Smoke Detector"",""Carbon Monoxide Detector"",""First Aid Kit"",""Fire Extinguisher"",Essentials}",,$199.00,,,$199.00,$189.00,8,$15.00,2,1125,5 weeks ago,t,25,48,78,351,2016-01-04,36,2015-03-22,2016-01-01,98.0,10.0,10.0,10.0,10.0,9.0,10.0,f,,WASHINGTON,f,strict,f,f,1,3.74
3372535,https://www.airbnb.com/rooms/3372535,20160104002432,2016-01-04,Amazing  Value! The Serene Room!!,"STOP! Please INSTANT BOOK ONLY if you're a NONSMOKER and enjoy living with 1 large friendly loving dog! WOW!!! The Serene Room, queen bed, New sheets, FREE BREAKFAST,  Kitchen, Free E-Z street parking, + more!! 25 minutes via bus to Center Seattle!","Love light and bright colors?  Welcome to the Serene Room and the House of Light!  Tons of Light! High ceilings in foyer and family room! Working wood stove, plus tons of extras! New sheets! Perfect for 1-2 people. I live in the house and have my own bedroom and bath. I offer 2 possible bedrooms to rent in my home, each one priced separately, with 1 bathroom shared by both bedrooms. FREE DAILY BREAKFAST of yogurt, fresh fruit, plus coffee/tea.FREE SNACKS.  Full kitchen access to COOK! Need space for 1 more person? Consider also renting the Bunny Room, my other listing,  and I will make you a good deal on both rooms! NON- SMOKING SPACE ONLY. NON -SMOKERS ONLY. 1 VERY LARGE FRIENDLY DOG LIVES IN THE HOUSE WHO LOVES EVERYONE. YOU MUST BE COMPLETELY COMFORTABLE WITH LARGE DOGS IN ORDER TO RENT FROM ME.   This light-filled home, full of love and joy, is only 22 minutes by car from center Seattle in a quiet neighborhood, located 1.50 miles to Seward Park in SE Seattle with its paved jogging/","STOP! Please INSTANT BOOK ONLY if you're a NONSMOKER and enjoy living with 1 large friendly loving dog! WOW!!! The Serene Room, queen bed, New sheets, FREE BREAKFAST,  Kitchen, Free E-Z street parking, + more!! 25 minutes via bus to Center Seattle! Love light and bright colors?  Welcome to the Serene Room and the House of Light!  Tons of Light! High ceilings in foyer and family room! Working wood stove, plus tons of extras! New sheets! Perfect for 1-2 people. I live in the house and have my own bedroom and bath. I offer 2 possible bedrooms to rent in my home, each one priced separately, with 1 bathroom shared by both bedrooms. FREE DAILY BREAKFAST of yogurt, fresh fruit, plus coffee/tea.FREE SNACKS.  Full kitchen access to COOK! Need space for 1 more person? Consider also renting the Bunny Room, my other listing,  and I will make you a good deal on both rooms! NON- SMOKING SPACE ONLY. NON -SMOKERS ONLY. 1 VERY LARGE FRIENDLY DOG LIVES IN THE HOUSE WHO LOVES EVERYONE. YOU MUST BE COMPLE",none,"This neighborhood is wonderful.  It is another reason why I bought the house.  Seward Park is 1.50 miles away and consists of a 2.5 mile paved jogging/bike trail, second growth forests with cool wooded trails, a lifeguard -protected beach, all nestled in a cove on Lake Washington.  Downtown Columbia City is within a mile, with all sorts of great eateries, the excellent Columbia City bakery, and some fine pubs with live music, a movie theatre, plus 2 great kids' shops, plus lots of other unique stores. You won't want to miss the glorious Columbia City Farmer's Market ( Wednesdays, 3-7, May-October) with lots of organic produce, gorgeous flowers, delectable samples, hot foods to go, and live music! ","HOUSE FURNISHING FOR YOU microwave, hot water kettle, coffee maker, blender, unlimited tea and coffee, shared oven and 'fridge, 42"" flat screen t.v, free wifi, ez street parking or possible space in the driveway depending on your size vehicle, hair dryer, piano, dvd player, wonderful water pressure! There are 2 bedrooms I rent out.  Both bedrooms share the SAME BATH.  The Serene Room, the larger of the 2 bedrooms, is for 2 people, and has a queen pillowtop bed. The Bunny Room, the smaller bedroom, has a new Ikea pine twin bed. NEIGHBORS I am blessed with wonderfully kind helpful neighbors in this multicultural neighborhood!","Airport: 13 minutes by car.   The Bus: The # 7 bus, 25 minutes to downtown. Located 3 blocks away.  25 minutes to downtown. Convention Center: 20 minutes via bus or Light Rail. Light Rail: The nearest light rail stops (Columbia City and Othello) are each one quick 2 mile walk. From there you can board the sparkling clean train and, heading north, be in downtown Seattle in under 25 minutes, or heading south,arrive at Sea-Tac airport in under 20 minutes. Cost: under $4. Light Rail tickets are sold from a machine at every light rail stop.  By Car, downtown is 25 minutes. I will send you shortcuts the locals use!! There's traffic all over the city. Several grocery stores ( Safeway, PCC which a great natural foods store, and QFC) are all within 2 miles of my home. If you have a car, the East side (towards Bellevue and Redmond) is easily accessible via I-90. 20-25 minutes to Bellevue. An outlet mall is 35 minutes from the house.  South Center Mall with Nordstrom's, Barnes and Noble, etc. is ",https://a2.muscache.com/ac/pictures/45552954/147ed111_original.jpg?interpolation=lanczos-none&size=small&output-format=jpg&output-quality=70,https://a2.muscache.com/im/pictures/45552954/147ed111_original.jpg?aki_policy=medium,https://a2.muscache.com/ac/pictures/45552954/147ed111_original.jpg?interpolation=lanczos-none&size=large_cover&output-format=jpg&output-quality=70,https://a2.muscache.com/ac/pictures/45552954/147ed111_original.jpg?interpolation=lanczos-none&size=x_large_cover&output-format=jpg&output-quality=70,73359,https://www.airbnb.com/users/show/73359,Mary,2010-01-25,"Seattle, Washington, United States","I am a bubbly laid back college professor with a passion for people, travel, teaching, and cooking. I enjoy helping people feel at home and I love showing guests around this city I made my home 25 years ago. I am a vegetarian but I am used to people who have other food preferences. To me, the world is a very small place! I can be chatty and helpful or provide guests with privacy and quiet. It's your choice!",within an hour,100%,100%,f,"https://a2.muscache.com/ac/users/73359/profile_pic/1403232345/original.jpg?interpolation=lanczos-none&crop=w:w;*,*&crop=h:h;*,*&resize=50:*&output-format=jpg&output-quality=70","https://a2.muscache.com/ac/users/73359/profile_pic/1403232345/original.jpg?interpolation=lanczos-none&crop=w:w;*,*&crop=h:h;*,*&resize=225:*&output-format=jpg&output-quality=70",Seward Park,2.0,2.0,"['email', 'phone', 'google', 'reviews', 'kba']",t,t,"South Graham Street, Seattle, WA 98118, United States",Seward Park,Brighton,Rainier Valley,Seattle,WA,98118,Seattle,"Seattle, WA",US,United States,47.54561306038226,-122.27257340203307,t,Bed & Breakfast,Private room,2,1.0,1.0,1.0,Real Bed,"{TV,""Cable TV"",Internet,""Wireless Internet"",""Air Conditioning"",Kitchen,""Free Parking on Premises"",Breakfast,""Pets live on this property"",Dog(s),""Indoor Fireplace"",Heating,""Smoke Detector"",""Carbon Monoxide Detector"",""First Aid Kit"",""Safety Card"",""Fire Extinguisher"",Essentials,Shampoo,""Lock on Bedroom Door"",""24-Hour Check-in"",Hangers,""Hair Dryer"",""Laptop Friendly Workspace""}",,$45.00,$270.00,$975.00,$200.00,$50.00,2,$0.00,3,90,2 weeks ago,t,0,0,15,290,2016-01-04,25,2014-07-16,2015-12-24,96.0,9.0,9.0,10.0,10.0,9.0,9.0,f,,WASHINGTON,t,flexible,f,f,2,1.39
995443,https://www.airbnb.com/rooms/995443,20160104002432,2016-01-04,Columbia City Studio Apartment,"This is a comfy basement studio apartment with a kitchen, dining area, and washer and drier in a friendly and quiet neighborhood.  It has a separate entrance and is not connected to the rest of the house.  Tom and Marina live upstairs with pets.  ","Studio apartment with kitchenette, 1 full-size bed, bath with walk-in shower, washer/drier, fully furnished.  Close to bus line, 5 miles south of downtown Seattle in Columbia City area.  Well-lit basement apartment, separate entrance, free street parking.  Close to markets, galleries, restaurants and parks.  This apartment is part of a family home, but has its own separate entrance with no connection to the rest of the house.  It has great natural lighting.  Small pets OK, but must be responsible for damage caused by pets.  No smoking in this home. The number 7 bus line goes directly into the heart of downtown, and there are stops just one and a half blocks from the apartment. It is an easy walk to Lake Washington and Seward Park, which has spectacular old-growth forest and lots of running, biking and walking trails. Close to airport -- easy 20 minute drive.  Downtown only 15 minutes away.","This is a comfy basement studio apartment with a kitchen, dining area, and washer and drier in a friendly and quiet neighborhood.  It has a separate entrance and is not connected to the rest of the house.  Tom and Marina live upstairs with pets.   Studio apartment with kitchenette, 1 full-size bed, bath with walk-in shower, washer/drier, fully furnished.  Close to bus line, 5 miles south of downtown Seattle in Columbia City area.  Well-lit basement apartment, separate entrance, free street parking.  Close to markets, galleries, restaurants and parks.  This apartment is part of a family home, but has its own separate entrance with no connection to the rest of the house.  It has great natural lighting.  Small pets OK, but must be responsible for damage caused by pets.  No smoking in this home. The number 7 bus line goes directly into the heart of downtown, and there are stops just one and a half blocks from the apartment. It is an easy walk to Lake Washington and Seward Park, which has s",none,,,"The number 7 bus is two blocks from our house, and goes north to downtown Seattle -- about a 20 minute ride, depending on time of day.  A short bike ride away is a light rail station that takes you to the airport or downtown Seattle",https://a1.muscache.com/ac/pictures/15941653/410432d7_original.jpg?interpolation=lanczos-none&size=small&output-format=jpg&output-quality=70,https://a1.muscache.com/im/pictures/15941653/410432d7_original.jpg?aki_policy=medium,https://a1.muscache.com/ac/pictures/15941653/410432d7_original.jpg?interpolation=lanczos-none&size=large_cover&output-format=jpg&output-quality=70,https://a1.muscache.com/ac/pictures/15941653/410432d7_original.jpg?interpolation=lanczos-none&size=x_large_cover&output-format=jpg&output-quality=70,5468524,https://www.airbnb.com/users/show/5468524,Tom,2013-03-14,"Seattle, Washington, United States","Tom Carpenter and Marina King live on a quiet street in south Seattle.  We both work downtown Seattle, and have a labrador and two cats (no access to the apartment).",within a few hours,100%,100%,f,"https://a1.muscache.com/ac/users/5468524/profile_pic/1363318370/original.jpg?interpolation=lanczos-none&crop=w:w;*,*&crop=h:h;*,*&resize=50:*&output-format=jpg&output-quality=70","https://a1.muscache.com/ac/users/5468524/profile_pic/1363318370/original.jpg?interpolation=lanczos-none&crop=w:w;*,*&crop=h:h;*,*&resize=225:*&output-format=jpg&output-quality=70",Columbia City,1.0,1.0,"['email', 'phone', 'facebook', 'reviews', 'kba']",t,t,"South Morgan Street, Seattle, WA 98118, United States",Columbia City,Brighton,Rainier Valley,Seattle,WA,98118,Seattle,"Seattle, WA",US,United States,47.54517278894307,-122.27013557453864,t,Apartment,Entire home/apt,2,1.0,1.0,1.0,Real Bed,"{TV,""Cable TV"",""Wireless Internet"",Kitchen,""Pets Allowed"",""Pets live on this property"",Dog(s),Cat(s),Heating,""Family/Kid Friendly"",Washer,Dryer,""Smoke Detector"",""Carbon Monoxide Detector"",""First Aid Kit"",""Safety Card"",""Fire Extinguisher""}",,$85.00,$500.00,"$1,500.00",$100.00,,2,$0.00,2,90,4 days ago,t,0,0,3,278,2016-01-04,17,2013-06-10,2015-11-01,96.0,10.0,9.0,10.0,10.0,9.0,9.0,f,,WASHINGTON,f,moderate,f,f,1,0.54
3279728,https://www.airbnb.com/rooms/3279728,20160104002432,2016-01-04,Stylish West Seattle 3BD  ,"Recently remodeled mid century home is squarely located in the heart of southern West Seattle, just a few minutes walk from shopping and a major West Seattle bus hub. Roomy and bright, it will very comfortably sleep five people. More pix coming soon!","This is a clean, comfortable, safe and secure, and recently remodeled home. Living room with huge bay windows and skylight make for an exceptionally bright space! On the main level there are two bedrooms, each with full bathroom. There is also a study. The basement also has a bedroom with its own 1/2 bathroom. There is LOADS of space in the basement for storage. Kitchen is spacious with awesome gas range and HUGE fridge. Outdoor charcoal grill available upon request. ","Recently remodeled mid century home is squarely located in the heart of southern West Seattle, just a few minutes walk from shopping and a major West Seattle bus hub. Roomy and bright, it will very comfortably sleep five people. More pix coming soon! This is a clean, comfortable, safe and secure, and recently remodeled home. Living room with huge bay windows and skylight make for an exceptionally bright space! On the main level there are two bedrooms, each with full bathroom. There is also a study. The basement also has a bedroom with its own 1/2 bathroom. There is LOADS of space in the basement for storage. Kitchen is spacious with awesome gas range and HUGE fridge. Outdoor charcoal grill available upon request.  Guests will have access to the full house. There is one driveway parking space available (sorry, garage is off limits) and virtually unlimited street parking. My plan is to be traveling extensively during the listed dates. Unless there is some unforeseen overlap with travel d",none,"The house is located on the border of the up and coming White Center (which, incidentally, has some of the best Mexican and Vietnamese food in the city!) and the quietly residential Westwood neighborhoods. The house is a five minute walk from the Westwood shopping plaza, which has a QFC grocery store, Barnes and Noble, Target, and numerous other retailers and restaurants. The gorgeous Lincoln Park and speedy Vashon Island ferry are just a few minutes drive away; the Alaska/California/35th/Fauntleroy ""Junction"", the major retail area of California Ave., and Alki Beach  just a little further. Seatac Airport is only 20 minutes away ( a cheap cab ride!).","In terms of comfort, convenience, and cost, this deal cannot be beat. I am more concerned with having reliable, trustworthy guests in my home while I am not using it than I am with making serious cash.",The house is a 3 MINUTE WALK away from one of West Seattle's major bus hubs. There are many buses heading downtown that can be caught almost every few minutes and which can get passengers to the heart of downtown in a little over 20 minutes. A direct bus to Seatac runs on weekdays.,https://a0.muscache.com/ac/pictures/41703753/7254daa5_original.jpg?interpolation=lanczos-none&size=small&output-format=jpg&output-quality=70,https://a0.muscache.com/im/pictures/41703753/7254daa5_original.jpg?aki_policy=medium,https://a0.muscache.com/ac/pictures/41703753/7254daa5_original.jpg?interpolation=lanczos-none&size=large_cover&output-format=jpg&output-quality=70,https://a0.muscache.com/ac/pictures/41703753/7254daa5_original.jpg?interpolation=lanczos-none&size=x_large_cover&output-format=jpg&output-quality=70,16577139,https://www.airbnb.com/users/show/16577139,Richard,2014-06-09,"Seattle, Washington, United States","Hi there! I'm Richard. Although I'm originally from the east coast, I've lived in Seattle since 1996.  Since I'm currently unattached and have a job that blesses me with long vacations (I'm a community college instructor), I travel a lot. I have owned my house for almost two years now and love it, but I don't like leaving it empty for too long; that's why I'm up here!",within a few hours,100%,,f,"https://a0.muscache.com/ac/users/16577139/profile_pic/1402343347/original.jpg?interpolation=lanczos-none&crop=w:w;*,*&crop=h:h;*,*&resize=50:*&output-format=jpg&output-quality=70","https://a0.muscache.com/ac/users/16577139/profile_pic/1402343347/original.jpg?interpolation=lanczos-none&crop=w:w;*,*&crop=h:h;*,*&resize=225:*&output-format=jpg&output-quality=70",South Delridge,2.0,2.0,"['email', 'phone', 'facebook', 'reviews', 'manual_offline', 'jumio']",t,t,"25th Avenue Southwest, Seattle, WA 98106, United States",South Delridge,South Delridge,Delridge,Seattle,WA,98106,Seattle,"Seattle, WA",US,United States,47.51750416148741,-122.36468355577983,t,House,Entire home/apt,5,2.5,3.0,3.0,Real Bed,"{""Cable TV"",""Wireless Internet"",""Wheelchair Accessible"",Kitchen,""Free Parking on Premises"",Heating,""Family/Kid Friendly"",Washer,Dryer,""Smoke Detector"",""Carbon Monoxide Detector"",""Fire Extinguisher"",Essentials}",,$150.00,"$1,200.00","$3,500.00",,$200.00,1,$0.00,3,30,4 weeks ago,t,0,26,56,331,2016-01-04,9,2014-08-07,2015-09-06,89.0,10.0,9.0,10.0,10.0,9.0,9.0,f,,WASHINGTON,f,moderate,f,f,2,0.52
8446766,https://www.airbnb.com/rooms/8446766,20160104002432,2016-01-04,Beautiful West Seattle Getaway,"Clean comfortable room, queen size memory foam bed, blackout shades, plus access to the rest of the house.  Well appointed bath with skylights, fully fenced and private back yard. Located in West Seattle, under 10 minutes to downtown or the airport. Walking distance to stores, restaurants, trails. Wifi. Pets welcome","You can bring your pets, under 10 minutes to downtown by car. Express bus service downtown and to/from airport every half hour. Plenty of restaurants and stores, 5 minutes to the beach and Vashon Ferry, Nightlife, Green Day's 'American Idiot' stage production showing daily, many miles of hiking trails in walking distance","Clean comfortable room, queen size memory foam bed, blackout shades, plus access to the rest of the house.  Well appointed bath with skylights, fully fenced and private back yard. Located in West Seattle, under 10 minutes to downtown or the airport. Walking distance to stores, restaurants, trails. Wifi. Pets welcome You can bring your pets, under 10 minutes to downtown by car. Express bus service downtown and to/from airport every half hour. Plenty of restaurants and stores, 5 minutes to the beach and Vashon Ferry, Nightlife, Green Day's 'American Idiot' stage production showing daily, many miles of hiking trails in walking distance Large gourmet kitchen, comfortable living room, huge backyard with propane heater and bbq. Plenty of free parking. Not there very much Plenty of restaurants and stores, 5 minutes to the beach and Vashon Ferry, Nightlife, Green Day's 'American Idiot' stage production showing daily, many miles of hiking trails in walking distance Just a few steps to metro bus",none,"Plenty of restaurants and stores, 5 minutes to the beach and Vashon Ferry, Nightlife, Green Day's 'American Idiot' stage production showing daily, many miles of hiking trails in walking distance",,Just a few steps to metro bus lines,https://a2.muscache.com/ac/pictures/107426596/a00e9964_original.jpg?interpolation=lanczos-none&size=small&output-format=jpg&output-quality=70,https://a2.muscache.com/im/pictures/107426596/a00e9964_original.jpg?aki_policy=medium,https://a2.muscache.com/ac/pictures/107426596/a00e9964_original.jpg?interpolation=lanczos-none&size=large_cover&output-format=jpg&output-quality=70,https://a2.muscache.com/ac/pictures/107426596/a00e9964_original.jpg?interpolation=lanczos-none&size=x_large_cover&output-format=jpg&output-quality=70,28830264,https://www.airbnb.com/users/show/28830264,Tad,2015-03-05,"Seattle, Washington, United States","I'm 41 years old and worked in the mortgage industry until the crash of '08, which forced me into semi-retirement. My wife Melia have been married for 12 years and we have a ten year old son (Frank) and a year old dog (Pinky).",within an hour,100%,100%,f,"https://a2.muscache.com/ac/users/28830264/profile_pic/1426870034/original.jpg?interpolation=lanczos-none&crop=w:w;*,*&crop=h:h;*,*&resize=50:*&output-format=jpg&output-quality=70","https://a2.muscache.com/ac/users/28830264/profile_pic/1426870034/original.jpg?interpolation=lanczos-none&crop=w:w;*,*&crop=h:h;*,*&resize=225:*&output-format=jpg&output-quality=70",,2.0,2.0,"['email', 'phone', 'reviews']",t,f,"21st Avenue Southwest, Seattle, WA 98106, United States",,South Delridge,Delridge,Seattle,WA,98106,Seattle,"Seattle, WA",US,United States,47.519769301064834,-122.3597623377686,f,House,Private room,3,1.0,1.0,1.0,Real Bed,"{TV,""Wireless Internet"",Kitchen,""Free Parking on Premises"",""Smoking Allowed"",""Pets Allowed"",""Pets live on this property"",Heating,""Family/Kid Friendly"",""Suitable for Events"",Washer,Dryer,""Smoke Detector"",Essentials}",,$41.00,,,,,1,$0.00,1,1125,3 months ago,t,29,59,89,364,2016-01-04,3,2015-09-25,2015-11-16,100.0,10.0,10.0,10.0,10.0,10.0,10.0,f,,WASHINGTON,f,flexible,f,f,2,0.88
9733841,https://www.airbnb.com/rooms/9733841,20160104002432,2016-01-04,"Private, Cozy, Convenient W Seattle","Private bed and bath! Room features wonderful amenities: refrigerator, microwave, electric-kettle, WiFi, and television including 175 channels.  Enjoy easy access to Westwood Village and West Seattle's Alaska Junction (home of Easy Street Records). Just 15-30 minutes from downtown Seattle via car/bus and 15 minutes from SeaTac Airport.","This space was designed to give you maximum comfort by supplying you with everything you might need or want when away from your own home.  We hope you'll feel as comfortable here as you do in your own home! Room Features: WiFi Mini Fridge Microwave Electric Water Kettle Hair Dryer Iron XBox with hundred of movies to choose from  Roku with access to Netflix 32"" flat screen Satellite TV +175 channels","Private bed and bath! Room features wonderful amenities: refrigerator, microwave, electric-kettle, WiFi, and television including 175 channels.  Enjoy easy access to Westwood Village and West Seattle's Alaska Junction (home of Easy Street Records). Just 15-30 minutes from downtown Seattle via car/bus and 15 minutes from SeaTac Airport. This space was designed to give you maximum comfort by supplying you with everything you might need or want when away from your own home.  We hope you'll feel as comfortable here as you do in your own home! Room Features: WiFi Mini Fridge Microwave Electric Water Kettle Hair Dryer Iron XBox with hundred of movies to choose from  Roku with access to Netflix 32"" flat screen Satellite TV +175 channels You will have access to the main entry, your own bedroom, walk-in closet, and private bathroom. When we are home and available, we are happy to help our guests with anything they might need. We are LGBTQ friendly! Our neighborhood offers many amenities includi",none,"Our neighborhood offers many amenities including:   -Westwood shopping center with Target, Starbucks, Bed Bath and Beyond, Marshalls, Big 5, Payless Shoes, Staples, grocery and liquor stores and restaurants. Within leisurely-walking distance. -SW Community Center with tennis courts, green space, indoor/outdoor basketball courts, heated swimming pool/hot tub/sauna, a track, and football/soccer fields. Shared by the high school. Three blocks from home -White Center with Proletariat Pizza, Award-Winning Zippy's Burgers, Full-Tilt ice cream (where you can get a beer and play arcade games), and more. Also within leisurely-walking distance.",There are dogs in the home. They will be contained in our main living area. This room has brand new paint/carpet and is an animal-free space. We are LGBTQ friendly!,"We are located on the 120 bus line.  Homeowner is proficient with Seattle Public Transportation use and can provide information, as needed.  Other bus lines within walking distance are:  - To Downtown: (PHONE NUMBER HIDDEN), C (15-30 minute travel depending on time of day) -To West Seattle: 128",https://a2.muscache.com/ac/pictures/29d74926-20a9-40a5-9b60-d66edb59b667.jpg?interpolation=lanczos-none&size=small&output-format=jpg&output-quality=70,https://a2.muscache.com/im/pictures/29d74926-20a9-40a5-9b60-d66edb59b667.jpg?aki_policy=medium,https://a2.muscache.com/ac/pictures/29d74926-20a9-40a5-9b60-d66edb59b667.jpg?interpolation=lanczos-none&size=large_cover&output-format=jpg&output-quality=70,https://a2.muscache.com/ac/pictures/29d74926-20a9-40a5-9b60-d66edb59b667.jpg?interpolation=lanczos-none&size=x_large_cover&output-format=jpg&output-quality=70,50224557,https://www.airbnb.com/users/show/50224557,Rebecca,2015-11-30,"Seattle, Washington, United States","I grew up overseas and love to travel. I enjoy meeting and getting to know new people. I love Seattle and have moved several of my friends here. 

While I may be new to AirBnB, I am no stranger to hosting people in my home. I have hosted couch surfers, friends of friends, and my own family/friends. I take hosting very seriously and always strive to provide my guests with the most comfortable accommodations possible.

There are two hosts in this home. One person is a professional who keeps regular working hours and the other has a less structured schedule. 

I speak English proficiently. 

I speak German with an American-accent and grammatical errors but understand most conversational German. ",within an hour,100%,100%,f,"https://a2.muscache.com/ac/pictures/b66eddfd-614f-4c6e-9f6f-a2d88c5ef43e.jpg?interpolation=lanczos-none&crop=w:w;*,*&crop=h:h;*,*&resize=50:*&output-format=jpg&output-quality=70","https://a2.muscache.com/ac/pictures/b66eddfd-614f-4c6e-9f6f-a2d88c5ef43e.jpg?interpolation=lanczos-none&crop=w:w;*,*&crop=h:h;*,*&resize=225:*&output-format=jpg&output-quality=70",,1.0,1.0,"['email', 'phone', 'google', 'linkedin', 'jumio']",t,t,"Delridge Way Southwest, Seattle, WA 98106, United States",,South Delridge,Delridge,Seattle,WA,98106,Seattle,"Seattle, WA",US,United States,47.526647483560495,-122.36113787103372,f,Bed & Breakfast,Private room,2,1.0,1.0,1.0,Real Bed,"{TV,""Wireless Internet"",Breakfast,""Pets live on this property"",Heating,""Smoke Detector"",""Carbon Monoxide Detector"",""First Aid Kit"",""Fire Extinguisher"",Essentials,Shampoo,""24-Hour Check-in"",Hangers,""Hair Dryer"",Iron}",,$45.00,,,,,1,$0.00,1,1125,2 days ago,t,28,30,51,324,2016-01-04,0,,,,,,,,,,f,,WASHINGTON,f,moderate,f,f,1,
5852034,https://www.airbnb.com/rooms/5852034,20160104002432,2016-01-04, Maiden Mansion - Tiny House ,I designed and built this tiny house to be a cozy place to call home. I am renting it out as a bed and breakfast so that people who are interested in tiny living can experience it first hand. #deaffriendly Se habla español Je parle français,"I designed and built this tiny house on wheels. Inside I have a loft bedroom with a full size bed and a skylight, closet and side tables, a laundry shoot, downstairs (yes I have actual stairs, they also light up for night time bathroom jaunts) I have a full size guest bed, dining table with two skylights above it, couch space for four to six people, a washer and dryer, a fireplace, a desk, a kitchen with seven feet of counter space, pantry space, a convection oven and microwave, two burners, a hammered copper sink, a full size refrigerator, a full bathroom, more storage than I can fill and well over a hundred books! ******IMPORTANT MESSAGE FOR TINY HOUSERS****** Please do NOT send me reservation requests to get info about tiny houses. I cannot share any contact info through that. I am HAPPY to talk to you about tiny houses. Find my company Pocket Mansions, please message me through there. Thanks and I look forward to talking to you!","I designed and built this tiny house to be a cozy place to call home. I am renting it out as a bed and breakfast so that people who are interested in tiny living can experience it first hand. #deaffriendly Se habla español Je parle français I designed and built this tiny house on wheels. Inside I have a loft bedroom with a full size bed and a skylight, closet and side tables, a laundry shoot, downstairs (yes I have actual stairs, they also light up for night time bathroom jaunts) I have a full size guest bed, dining table with two skylights above it, couch space for four to six people, a washer and dryer, a fireplace, a desk, a kitchen with seven feet of counter space, pantry space, a convection oven and microwave, two burners, a hammered copper sink, a full size refrigerator, a full bathroom, more storage than I can fill and well over a hundred books! ******IMPORTANT MESSAGE FOR TINY HOUSERS****** Please do NOT send me reservation requests to get info about tiny houses. I cannot share",none,"Staying here you are just a few blocks away from Westwood shopping center. There is a Target, Barnes and Nobles, Bank of America, 24 hour QFC (grocery store), three Starbucks and lots more. Here is the directory; (URL HIDDEN)","So as far as breakfast goes! I generally have yogurts in the fridge, instant oatmeal, coffee, tea, and sometimes other various foods from Costco.  Children under the age of 2 needn't be counted as guests while booking your reservation.  If there are more than two people booked for a night I will automatically set up the second bed. If there are only two people booked please let me know if you intend to use the second bed so I can set it up for you prior to your arrival.","You are just two blocks away from the 125 bus and the 120 bus which will take you straight downtown, about a 20 minute bus ride. They drop you off within a few blocks of the Convention Center. ",https://a1.muscache.com/ac/pictures/72899179/4caae8e7_original.jpg?interpolation=lanczos-none&size=small&output-format=jpg&output-quality=70,https://a1.muscache.com/im/pictures/72899179/4caae8e7_original.jpg?aki_policy=medium,https://a1.muscache.com/ac/pictures/72899179/4caae8e7_original.jpg?interpolation=lanczos-none&size=large_cover&output-format=jpg&output-quality=70,https://a1.muscache.com/ac/pictures/72899179/4caae8e7_original.jpg?interpolation=lanczos-none&size=x_large_cover&output-format=jpg&output-quality=70,5934694,https://www.airbnb.com/users/show/5934694,Hannah,2013-04-15,"Seattle, Washington, United States","I design, build and talk endlessly about tiny houses!",within an hour,100%,100%,f,"https://a0.muscache.com/ac/users/5934694/profile_pic/1427870118/original.jpg?interpolation=lanczos-none&crop=w:w;*,*&crop=h:h;*,*&resize=50:*&output-format=jpg&output-quality=70","https://a0.muscache.com/ac/users/5934694/profile_pic/1427870118/original.jpg?interpolation=lanczos-none&crop=w:w;*,*&crop=h:h;*,*&resize=225:*&output-format=jpg&output-quality=70",South Delridge,1.0,1.0,"['email', 'phone', 'facebook', 'reviews', 'jumio']",t,t,"18th Avenue Southwest, Seattle, WA 98106, United States",South Delridge,South Delridge,Delridge,Seattle,WA,98106,Seattle,"Seattle, WA",US,United States,47.52553001428419,-122.3577343324363,t,Bed & Breakfast,Entire home/apt,4,1.0,1.0,2.0,Real Bed,"{Internet,""Wireless Internet"",Kitchen,""Free Parking on Premises"",Breakfast,""Indoor Fireplace"",Heating,Washer,Dryer,""Smoke Detector"",""Carbon Monoxide Detector"",""First Aid Kit"",""Safety Card"",""Fire Extinguisher"",Essentials,Shampoo,""24-Hour Check-in"",Hangers,""Hair Dryer"",""Laptop Friendly Workspace""}",,$99.00,,,$95.00,$25.00,2,$10.00,2,1125,today,t,7,37,65,217,2016-01-04,54,2015-05-19,2015-12-23,97.0,10.0,10.0,10.0,10.0,9.0,10.0,f,,WASHINGTON,f,moderate,f,f,1,7.01
1851837,https://www.airbnb.com/rooms/1851837,20160104002432,2016-01-04,Awesome cozy One Bedroom Apartment,"Enjoy the-lower level of our home a great living space with flat screen, beautiful walk in shower, full washer dryer, kitchen-ette and a comfy queen bed. We are on bus-line to downtown and a quick walk to Westwood for Starbucks, restaurants and shopping. You'll feel at home!","Enjoy the-lower level of our home a great living space with flat screen, beautiful walk in shower, full washer dryer, kitchen-ette and a comfy queen bed. We are on bus-line to downtown and a quick walk to Westwood for Starbucks, restaurants and shopping. You'll feel at home! We are located right on the 22 bus-line going to the West Seattle junction and downtown.  Two blocks away is Southwest Athletic complex with running track and tennis courts.   During your stay you are welcome to use the big 4 person spa on the lower level patio and you'll love the beautiful shower and bathroom.  Stretch out on the comfy sofa and watch TV or one of the many dvds.   Hello we are happy to have you stay with us!  We are also home to 3 happy friendly dogs!","Enjoy the-lower level of our home a great living space with flat screen, beautiful walk in shower, full washer dryer, kitchen-ette and a comfy queen bed. We are on bus-line to downtown and a quick walk to Westwood for Starbucks, restaurants and shopping. You'll feel at home! Enjoy the-lower level of our home a great living space with flat screen, beautiful walk in shower, full washer dryer, kitchen-ette and a comfy queen bed. We are on bus-line to downtown and a quick walk to Westwood for Starbucks, restaurants and shopping. You'll feel at home! We are located right on the 22 bus-line going to the West Seattle junction and downtown.  Two blocks away is Southwest Athletic complex with running track and tennis courts.   During your stay you are welcome to use the big 4 person spa on the lower level patio and you'll love the beautiful shower and bathroom.  Stretch out on the comfy sofa and watch TV or one of the many dvds.   Hello we are happy to have you stay with us!  We are also home t",none,There is perfect parking right in front of the house.,This is a city neighborhood home with neighbors on all side. It is a family and animal loving neighborhood. So barking dogs do occur. The normal sights and sounds of the city. But we love it!!!,,https://a2.muscache.com/ac/pictures/25897050/418b6d3c_original.jpg?interpolation=lanczos-none&size=small&output-format=jpg&output-quality=70,https://a2.muscache.com/im/pictures/25897050/418b6d3c_original.jpg?aki_policy=medium,https://a2.muscache.com/ac/pictures/25897050/418b6d3c_original.jpg?interpolation=lanczos-none&size=large_cover&output-format=jpg&output-quality=70,https://a2.muscache.com/ac/pictures/25897050/418b6d3c_original.jpg?interpolation=lanczos-none&size=x_large_cover&output-format=jpg&output-quality=70,9671018,https://www.airbnb.com/users/show/9671018,Georg,2013-10-27,US,,within a few hours,100%,,f,"https://a2.muscache.com/ac/users/9671018/profile_pic/1382932988/original.jpg?interpolation=lanczos-none&crop=w:w;*,*&crop=h:h;*,*&resize=50:*&output-format=jpg&output-quality=70","https://a2.muscache.com/ac/users/9671018/profile_pic/1382932988/original.jpg?interpolation=lanczos-none&crop=w:w;*,*&crop=h:h;*,*&resize=225:*&output-format=jpg&output-quality=70",South Delridge,1.0,1.0,"['email', 'phone', 'facebook', 'reviews', 'kba']",t,t,"24th Avenue Southwest, Seattle, WA 98106, United States",South Delridge,South Delridge,Delridge,Seattle,WA,98106,Seattle,"Seattle, WA",US,United States,47.52793652313042,-122.36367436749131,t,House,Entire home/apt,3,1.0,1.0,1.0,Real Bed,"{TV,""Cable TV"",""Wireless Internet"",Kitchen,""Hot Tub"",""Indoor Fireplace"",Heating,""Family/Kid Friendly"",Washer,Dryer}",,$95.00,$550.00,"$2,455.00",$100.00,$50.00,1,$25.00,1,21,2 weeks ago,t,0,0,0,156,2016-01-04,9,2013-12-30,2015-05-19,96.0,9.0,10.0,9.0,10.0,9.0,9.0,f,,WASHINGTON,f,moderate,f,f,1,0.37
7324041,https://www.airbnb.com/rooms/7324041,20160104002432,2016-01-04,Stylish studio in West Seattle,"This uncluttered 800 sqft studio has a private entrance, full bathroom and full kitchen. Comfortably accommodates two with a queen bed, two more on the pull-out sofa. Great proximity to stores, bars/restaurants, bus lines, and Vashon Island ferry.","This fun, spacious, and private studio has views of the Olympic Mountains, access to a shared patio, and full kitchen/laundry facilities.","This uncluttered 800 sqft studio has a private entrance, full bathroom and full kitchen. Comfortably accommodates two with a queen bed, two more on the pull-out sofa. Great proximity to stores, bars/restaurants, bus lines, and Vashon Island ferry. This fun, spacious, and private studio has views of the Olympic Mountains, access to a shared patio, and full kitchen/laundry facilities. Please enter the studio by walking around the north side of the house and proceeding down the path to your private entrance at the back door. Please note that there is a slight slope to the path down to the private entrance, which may be difficult for elderly or disabled guests to access. The hosts live upstairs and may be available in the evenings to help you during your stay. You may run into them in the garden/patio area as they continue to improve the garden and water the plants! The Westwood Village neighborhood of West Seattle is 1.5 miles from the shores of the Puget Sound. A full-sized grocery store",none,"The Westwood Village neighborhood of West Seattle is 1.5 miles from the shores of the Puget Sound. A full-sized grocery store, Starbucks, and all the amenities of the Westwood Village shopping center are within 2 blocks. Lots of neighborhood restaurants/bars are also within easy walking distance. Driving time to downtown (non-rush hour) is 17 minutes.","This area of West Seattle is only 13 minutes to the airport and the drive has very little traffic, even during rush hour! If you are planning a day trip to Vashon Island, we are located an easy 8 minute drive to the ferry dock. Nearby Lincoln Park, 1.5 miles away, features beach access, a saltwater swimming pool, picnic areas, and numerous running trails.","There is ample street parking outside the house, and there are multiple bus routes to all parts of the city a block away! If you are arriving via public transportation, a 30 minute trip from Sea-Tac Airport on the 560 to Westwood Village will take you within 1.5 blocks of the house. From the house, the Rapid Ride C-line bus will take you to dowtown Seattle via West Seattle's popular California Junction. The 125 bus drops you off at the Pike Place Market, while the 120 and 21 will also take you to downtown Seattle.",https://a2.muscache.com/ac/pictures/93246693/45ac91db_original.jpg?interpolation=lanczos-none&size=small&output-format=jpg&output-quality=70,https://a2.muscache.com/im/pictures/93246693/45ac91db_original.jpg?aki_policy=medium,https://a2.muscache.com/ac/pictures/93246693/45ac91db_original.jpg?interpolation=lanczos-none&size=large_cover&output-format=jpg&output-quality=70,https://a2.muscache.com/ac/pictures/93246693/45ac91db_original.jpg?interpolation=lanczos-none&size=x_large_cover&output-format=jpg&output-quality=70,4716190,https://www.airbnb.com/users/show/4716190,Timothy,2013-01-15,"Seattle, Washington, United States",,within an hour,100%,100%,t,"https://a1.muscache.com/ac/users/4716190/profile_pic/1436899235/original.jpg?interpolation=lanczos-none&crop=w:w;*,*&crop=h:h;*,*&resize=50:*&output-format=jpg&output-quality=70","https://a1.muscache.com/ac/users/4716190/profile_pic/1436899235/original.jpg?interpolation=lanczos-none&crop=w:w;*,*&crop=h:h;*,*&resize=225:*&output-format=jpg&output-quality=70",South Delridge,1.0,1.0,"['email', 'phone', 'google', 'linkedin', 'reviews', 'kba']",t,t,"24th Avenue Southwest, Seattle, WA 98106, United States",South Delridge,South Delridge,Delridge,Seattle,WA,98106,Seattle,"Seattle, WA",US,United States,47.519448857903214,-122.3624993879849,t,House,Entire home/apt,4,1.0,0.0,1.0,Real Bed,"{TV,Internet,""Wireless Internet"",""Air Conditioning"",Kitchen,""Free Parking on Premises"",Heating,Washer,Dryer,""Smoke Detector"",""Carbon Monoxide Detector"",""First Aid Kit"",""Fire Extinguisher"",Essentials,Shampoo}",,$79.00,$475.00,"$1,900.00",,$38.00,2,$18.00,1,30,3 days ago,t,24,54,84,171,2016-01-04,24,2015-07-18,2015-12-30,98.0,10.0,10.0,10.0,10.0,9.0,10.0,f,,WASHINGTON,t,flexible,f,f,1,4.21
4105081,https://www.airbnb.com/rooms/4105081,20160104002432,2016-01-04,Private Bedroom in W. Seattle Home,"Comfy bedroom with queen sized bed in stylish West Seattle home. Close to shopping, public transit, and lots more! Room also has private full bathroom. Full access to kitchen, laundry, etc. included. ","Comfy, spacious bedroom in clean, safe West Seattle home with own private bathroom.","Comfy bedroom with queen sized bed in stylish West Seattle home. Close to shopping, public transit, and lots more! Room also has private full bathroom. Full access to kitchen, laundry, etc. included.  Comfy, spacious bedroom in clean, safe West Seattle home with own private bathroom. Kitchen, laundry, street parking. I will be in the house during rental period. Your bedroom is down the hall from mine. Privacy and comfort are of great importance for me and my guests, so these things will be given utmost consideration and respect. The house is located on the border of the up and coming White Center (which, incidentally, has some of the best Mexican and Vietnamese food in the city!) and the quietly residential Westwood neighborhoods. The house is a five minute walk from the Westwood shopping plaza, which has a QFC grocery store, Barnes and Noble, Target, and numerous other retailers and restaurants. The gorgeous Lincoln Park and speedy Vashon Island ferry are just a few minutes drive away",none,"The house is located on the border of the up and coming White Center (which, incidentally, has some of the best Mexican and Vietnamese food in the city!) and the quietly residential Westwood neighborhoods. The house is a five minute walk from the Westwood shopping plaza, which has a QFC grocery store, Barnes and Noble, Target, and numerous other retailers and restaurants. The gorgeous Lincoln Park and speedy Vashon Island ferry are just a few minutes drive away; the Alaska/California/35th/Fauntleroy ""Junction"", the major retail area of California Ave., and Alki Beach just a little further. Seatac Airport is only 20 minutes away ( a cheap cab ride!).","After a successful summer renting my house out while I was away, I am giving renting a bedroom a shot. The bedroom will only be available when I am around. Otherwise I will be renting out the whole house. See my other listing if this interests you.",The house is a 3 MINUTE WALK away from one of West Seattle's major bus hubs. There are many buses heading downtown that can be caught almost every few minutes and which can get passengers to the heart of downtown in a little over 20 minutes. A direct bus to Seatac runs on weekdays.,https://a2.muscache.com/ac/pictures/51604695/c103e62f_original.jpg?interpolation=lanczos-none&size=small&output-format=jpg&output-quality=70,https://a2.muscache.com/im/pictures/51604695/c103e62f_original.jpg?aki_policy=medium,https://a2.muscache.com/ac/pictures/51604695/c103e62f_original.jpg?interpolation=lanczos-none&size=large_cover&output-format=jpg&output-quality=70,https://a2.muscache.com/ac/pictures/51604695/c103e62f_original.jpg?interpolation=lanczos-none&size=x_large_cover&output-format=jpg&output-quality=70,16577139,https://www.airbnb.com/users/show/16577139,Richard,2014-06-09,"Seattle, Washington, United States","Hi there! I'm Richard. Although I'm originally from the east coast, I've lived in Seattle since 1996.  Since I'm currently unattached and have a job that blesses me with long vacations (I'm a community college instructor), I travel a lot. I have owned my house for almost two years now and love it, but I don't like leaving it empty for too long; that's why I'm up here!",within a few hours,100%,,f,"https://a0.muscache.com/ac/users/16577139/profile_pic/1402343347/original.jpg?interpolation=lanczos-none&crop=w:w;*,*&crop=h:h;*,*&resize=50:*&output-format=jpg&output-quality=70","https://a0.muscache.com/ac/users/16577139/profile_pic/1402343347/original.jpg?interpolation=lanczos-none&crop=w:w;*,*&crop=h:h;*,*&resize=225:*&output-format=jpg&output-quality=70",South Delridge,2.0,2.0,"['email', 'phone', 'facebook', 'reviews', 'manual_offline', 'jumio']",t,t,"25th Avenue Southwest, Seattle, WA 98106, United States",South Delridge,South Delridge,Delridge,Seattle,WA,98106,Seattle,"Seattle, WA",US,United States,47.51769741829905,-122.36529944659635,t,House,Private room,2,1.0,1.0,1.0,Real Bed,"{""Cable TV"",""Wireless Internet"",Kitchen,Heating,Washer,""Smoke Detector"",""Carbon Monoxide Detector"",""Fire Extinguisher"",Essentials}",,$70.00,,,,,1,$0.00,2,7,7 months ago,t,30,60,90,365,2016-01-04,2,2014-10-18,2015-06-27,90.0,9.0,9.0,10.0,10.0,8.0,9.0,f,,WASHINGTON,f,flexible,f,f,2,0.14
8474605,https://www.airbnb.com/rooms/8474605,20160104002432,2016-01-04,"Cute, Clean West Seattle Bungalo","Cute little private room in my unique west Seattle house. Very comfortable queen size memory foam bed. Full use of the whole house which includes, large bathroom with tub, living room, well appointed kitchen, and huge fenced, private back yard. Well behaved pets welcome.","Very cool house in a quiet neighborhood. Plenty of space with a big , private backyard perfect for hanging out even on cold nights. Outdoor propane heater, fireplace, and gas grill.","Cute little private room in my unique west Seattle house. Very comfortable queen size memory foam bed. Full use of the whole house which includes, large bathroom with tub, living room, well appointed kitchen, and huge fenced, private back yard. Well behaved pets welcome. Very cool house in a quiet neighborhood. Plenty of space with a big , private backyard perfect for hanging out even on cold nights. Outdoor propane heater, fireplace, and gas grill. Bath, kitchen, living room, backyard, barbeque I have a small apartment apart from the house in the rear, so I'll be around and the guests can have any level of interaction they choose. The people are friendly and I never have to search for a parking place Express bus service from sea-tac airport and to downtown. Bus service is every half hour from the airport until 10 pm and takes about 35 minutes. Bus service to downtown goes every 15 minutes. Bus stop is only one small block from the house.",none,The people are friendly and I never have to search for a parking place,,Express bus service from sea-tac airport and to downtown. Bus service is every half hour from the airport until 10 pm and takes about 35 minutes. Bus service to downtown goes every 15 minutes. Bus stop is only one small block from the house.,https://a1.muscache.com/ac/pictures/107754366/a6ede127_original.jpg?interpolation=lanczos-none&size=small&output-format=jpg&output-quality=70,https://a1.muscache.com/im/pictures/107754366/a6ede127_original.jpg?aki_policy=medium,https://a1.muscache.com/ac/pictures/107754366/a6ede127_original.jpg?interpolation=lanczos-none&size=large_cover&output-format=jpg&output-quality=70,https://a1.muscache.com/ac/pictures/107754366/a6ede127_original.jpg?interpolation=lanczos-none&size=x_large_cover&output-format=jpg&output-quality=70,28830264,https://www.airbnb.com/users/show/28830264,Tad,2015-03-05,"Seattle, Washington, United States","I'm 41 years old and worked in the mortgage industry until the crash of '08, which forced me into semi-retirement. My wife Melia have been married for 12 years and we have a ten year old son (Frank) and a year old dog (Pinky).",within an hour,100%,100%,f,"https://a2.muscache.com/ac/users/28830264/profile_pic/1426870034/original.jpg?interpolation=lanczos-none&crop=w:w;*,*&crop=h:h;*,*&resize=50:*&output-format=jpg&output-quality=70","https://a2.muscache.com/ac/users/28830264/profile_pic/1426870034/original.jpg?interpolation=lanczos-none&crop=w:w;*,*&crop=h:h;*,*&resize=225:*&output-format=jpg&output-quality=70",,2.0,2.0,"['email', 'phone', 'reviews']",t,f,"21st Avenue Southwest, Seattle, WA 98106, United States",,South Delridge,Delridge,Seattle,WA,98106,Seattle,"Seattle, WA",US,United States,47.51913837079121,-122.35937156087576,f,House,Private room,2,1.0,1.0,1.0,Real Bed,{},,$50.00,,,,,1,$0.00,1,13,never,t,30,60,90,365,2016-01-04,0,,,,,,,,,,f,,WASHINGTON,f,flexible,f,f,2,
5682,https://www.airbnb.com/rooms/5682,20160104002432,2016-01-04,"Cozy Studio, min. to downtown -WiFi","The Cozy Studio is a perfect launchpad for your city getaway. Enjoy amenities such as WiFi, Queen sized bed, a mini-fridge, microwave, coffee maker, iron, hair dryer, and more. Close to bus lines that go into downtown and the airport. For more information, see below.","Hello fellow travelers, Save some money and have a great time in Seattle! Rent this comfortable studio (private suite), furnished room with a queen bed, a 3/4 bathroom with large shower, a very basic kitchenette and a private entrance. This studio is on the first floor of my townhouse. The room faces east towards the street. The studio gets plenty of natural light and is furnished with noise reducing curtains and blinds that help reduce outside noise. The studio is also equipped with a noise machine. Free WiFi is available. Please feel free to ask questions, I look forward to hearing from you. Kind Regards, Maddy Note: The Viaduct has a few closures a year, but it should not effect your trip into Downtown or to other parts of Seattle from my place. And it will certainly not take you much longer than the main route. Closure notifications can be made by the City of Seattle a week prior. If you happen to be here during a closure, please talk to me and I will let you know which alternative","The Cozy Studio is a perfect launchpad for your city getaway. Enjoy amenities such as WiFi, Queen sized bed, a mini-fridge, microwave, coffee maker, iron, hair dryer, and more. Close to bus lines that go into downtown and the airport. For more information, see below. Hello fellow travelers, Save some money and have a great time in Seattle! Rent this comfortable studio (private suite), furnished room with a queen bed, a 3/4 bathroom with large shower, a very basic kitchenette and a private entrance. This studio is on the first floor of my townhouse. The room faces east towards the street. The studio gets plenty of natural light and is furnished with noise reducing curtains and blinds that help reduce outside noise. The studio is also equipped with a noise machine. Free WiFi is available. Please feel free to ask questions, I look forward to hearing from you. Kind Regards, Maddy Note: The Viaduct has a few closures a year, but it should not effect your trip into Downtown or to other parts",none,,"My personal favorite places to dine are:  • Marination Station - Alki (beautiful view, plus delicious Hawaiian /Korean style food, for example kimchi fried rice and pork sliders) • Wild Ginger - Downtown - Asian infusion. • Westward - Wallingford - Pricey but the food is great and the view and bonfire pits are spectacular... for those non raining days...lol. • The Pink Door - Belltown/Downtown - Pricey Italian - ariel performances some nights and great food, considered a romantic spot... reservations are most likely needed. • Lunchbox - South Lake Union - Burgers and such. • Proletariat - White Center - Near my place! Great pizza! Some pizzas are %50 at happy hour. • Giannoni's Pizza - West Seattle - 4 blocks from my place. Great pizza by the slice or whole, plus salads, and some great hot sandwiches. The Spinach Rustica is my fave! VENUES:  • Nectar - Fremont - great shows every weekend, pay at door. • The Moore - downtown - usually ticket holders to concerts/comedy and such. • Paramo","Bus 120 is right outside and goes into downtown in approx. 20 minutes.  DISTANCE FROM MY PLACE TO: • Pikes Place Market/DOWNTOWN = 7.4 miles (approx. 15 min. by car) • Pioneer Square = 6.4 miles • SEATAC Airport = 9.3 miles (16 min.) MY PLACE TO OTHER AREAS IN MY NEIGHBORHOOD • Westwood Village = 0.4 miles (Nearby Shopping Center) • West Seattle Triangle = 4.3 miles  (California St., is where you will find nightlife/bars,  restaurants, antique stores, and much more). • ALKI Beach = 6.2 miles  (Alki has breathtaking views of the city) • Lincoln Park/Vashon Island Ferry Terminal = 2.5 miles The direct bus route from my place to/from Downtown takes only *20 minutes (*Travel time may fluctuate depending on what time of day). One of the first stops in town is near Pikes Place Market (within a block or two). Driving there takes approx *15 minutes (*add 15 to 20 minutes during rush hour).  ••••••••••••••••••••••••••••••••••••••••••••••••••••••••••••••••••••••••••••••• Westwood Village - ONLY ",https://a1.muscache.com/ac/pictures/548904/1367b970_original.jpg?interpolation=lanczos-none&size=small&output-format=jpg&output-quality=70,https://a1.muscache.com/im/pictures/548904/1367b970_original.jpg?aki_policy=medium,https://a1.muscache.com/ac/pictures/548904/1367b970_original.jpg?interpolation=lanczos-none&size=large_cover&output-format=jpg&output-quality=70,https://a1.muscache.com/ac/pictures/548904/1367b970_original.jpg?interpolation=lanczos-none&size=x_large_cover&output-format=jpg&output-quality=70,8993,https://www.airbnb.com/users/show/8993,Maddy,2009-03-03,"Seattle, Washington, United States","Hello my name is Maddy. I enjoy meeting and hosting people from all over the world. I live in the Northwest because it's beautiful and there are plenty of sites to see. I enjoy the arts, the outdoors, exploring, and kind people.

",within an hour,100%,100%,f,"https://a2.muscache.com/ac/users/8993/profile_pic/1259099918/original.jpg?interpolation=lanczos-none&crop=w:w;*,*&crop=h:h;*,*&resize=50:*&output-format=jpg&output-quality=70","https://a2.muscache.com/ac/users/8993/profile_pic/1259099918/original.jpg?interpolation=lanczos-none&crop=w:w;*,*&crop=h:h;*,*&resize=225:*&output-format=jpg&output-quality=70",South Delridge,1.0,1.0,"['email', 'phone', 'reviews', 'kba']",t,t,"Delridge Way Sw, Seattle, WA 98106, United States",South Delridge,South Delridge,Delridge,Seattle,WA,98106,Seattle,"Seattle, WA",US,United States,47.52397950434662,-122.35989059909596,t,Apartment,Entire home/apt,2,1.0,1.0,1.0,Real Bed,"{TV,Internet,""Wireless Internet"",Kitchen,Heating,""Smoke Detector"",""Carbon Monoxide Detector"",""First Aid Kit"",Essentials,Shampoo,""24-Hour Check-in"",Hangers,""Hair Dryer"",Iron,""Laptop Friendly Workspace""}",,$48.00,$375.00,"$1,250.00",,$25.00,1,$5.00,3,28,2 weeks ago,t,12,33,46,309,2016-01-04,297,2010-03-21,2015-12-14,96.0,10.0,10.0,10.0,10.0,9.0,10.0,f,,WASHINGTON,t,strict,f,t,1,4.21
2737012,https://www.airbnb.com/rooms/2737012,20160104002432,2016-01-04,"Cozy, Garden Studio in West Seattle","Our cozy one bedroom studio offers a private garden/deck and parking in beautiful, residential West Seattle. Full bath (tub/shower), and basic kitchenette (microwave, small refrigerator) with complementary coffee and tea. Catch an easy bus to downtown.","Our cozy one bedroom studio offers a private garden/deck and parking in beautiful West Seattle. Full, spacious bath, and basic kitchen with complementary coffee and tea. Catch a bus to downtown or stroll to White Center for dinner or a drink. This attached studio has its own private entrance only 30' from the dedicated parking spot (no stairs).  The unit is completely self-contained and quiet.   ","Our cozy one bedroom studio offers a private garden/deck and parking in beautiful, residential West Seattle. Full bath (tub/shower), and basic kitchenette (microwave, small refrigerator) with complementary coffee and tea. Catch an easy bus to downtown. Our cozy one bedroom studio offers a private garden/deck and parking in beautiful West Seattle. Full, spacious bath, and basic kitchen with complementary coffee and tea. Catch a bus to downtown or stroll to White Center for dinner or a drink. This attached studio has its own private entrance only 30' from the dedicated parking spot (no stairs).  The unit is completely self-contained and quiet.   Deck furniture, queen-sized bed, small eating table with chairs, reading chair, Wi-Fi, Kitchenette with just microwave, refrigerator, coffee maker, hot water maker, complimentary coffee and tea.  Full, spacious bathroom (hair dryer, iron and board, soap, shampoo) Large closet with shelving and dresser. We are available by email or text for anythi",none,I love that we can see mountains as we walk around our quiet and peaceful neighborhood.  We are less than 15 minutes from the airport and about 6 miles to downtown Seattle.  Your private back deck gets amazing sun in the afternoon and is perfect for relaxing.,"Dedicated parking spot 30' from entrance (no stairs, flat approach).  FYI:  cat and (quiet) dog live in the non-rented section of the house. ","There is a main bus line 3 blocks away to downtown Seattle.  You can also walk to the eclectic neighborhood White Center, just 1.5 miles.  It offers many restaurants, a brewery, yoga studio, coffee shop and more!  Feel free to use our 2 bikes (available upon request).",https://a1.muscache.com/ac/pictures/43529828/c5fbde68_original.jpg?interpolation=lanczos-none&size=small&output-format=jpg&output-quality=70,https://a1.muscache.com/im/pictures/43529828/c5fbde68_original.jpg?aki_policy=medium,https://a1.muscache.com/ac/pictures/43529828/c5fbde68_original.jpg?interpolation=lanczos-none&size=large_cover&output-format=jpg&output-quality=70,https://a1.muscache.com/ac/pictures/43529828/c5fbde68_original.jpg?interpolation=lanczos-none&size=x_large_cover&output-format=jpg&output-quality=70,14004230,https://www.airbnb.com/users/show/14004230,Corey & Bethanie,2014-04-07,"Seattle, Washington, United States",Corey & Bethanie have lived in West Seattle for six years.  They like to hike in the mountains and surf in the waves of beautiful Washington state.  They have travelled the world but love their home in the Northwest. ,within a few hours,100%,100%,t,"https://a0.muscache.com/ac/users/14004230/profile_pic/1399866485/original.jpg?interpolation=lanczos-none&crop=w:w;*,*&crop=h:h;*,*&resize=50:*&output-format=jpg&output-quality=70","https://a0.muscache.com/ac/users/14004230/profile_pic/1399866485/original.jpg?interpolation=lanczos-none&crop=w:w;*,*&crop=h:h;*,*&resize=225:*&output-format=jpg&output-quality=70",Highland Park,1.0,1.0,"['email', 'phone', 'google', 'linkedin', 'reviews', 'jumio']",t,t,"13th Avenue Southwest, Seattle, WA 98106, United States",Highland Park,South Delridge,Delridge,Seattle,WA,98106,Seattle,"Seattle, WA",US,United States,47.530784950591055,-122.35545802391246,t,House,Entire home/apt,2,1.0,1.0,1.0,Real Bed,"{Internet,""Wireless Internet"",Kitchen,""Free Parking on Premises"",Heating,""Family/Kid Friendly"",""Smoke Detector"",""Carbon Monoxide Detector"",""Fire Extinguisher"",Essentials,Shampoo}",,$65.00,,,,,1,$0.00,2,10,5 weeks ago,t,0,0,0,91,2016-01-04,106,2014-06-08,2015-12-08,96.0,10.0,10.0,10.0,10.0,9.0,10.0,f,,WASHINGTON,f,moderate,f,f,1,5.52
8743202,https://www.airbnb.com/rooms/8743202,20160104002432,2016-01-04,Urban Retreat in West Seattle,"A comfortable, quiet, airy spot for those in Seattle for business, vacation, family trip, or respite. Easy and accessible to city life and urban nature!","Our home is a 4 story townhouse, with many stairs to keep you in shape!  The guest room is the Master Suite, on the top floor, vaulted ceiling, with a full bathroom and walk-in closet. On it's own private designated floor, the large bedroom windows face West and the setting sun. The mattress and bedding are very high quality, ensuring a comfortable nights sleep. The bathroom includes environmentally friendly shampoo/conditioner, body/hand soap, cotton swabs, and towels. The large walk-in closet includes plenty of space to unpack suitcases for a comfortable, extended stay. From the home's entry-way, you walk up the first flight of stairs into the main living space. Here you will find a comfortable room to sit and enjoy a movie, read a book by the sunny window, cook and eat a meal, or enjoy a cup of tea in the outdoor garden space.","A comfortable, quiet, airy spot for those in Seattle for business, vacation, family trip, or respite. Easy and accessible to city life and urban nature! Our home is a 4 story townhouse, with many stairs to keep you in shape!  The guest room is the Master Suite, on the top floor, vaulted ceiling, with a full bathroom and walk-in closet. On it's own private designated floor, the large bedroom windows face West and the setting sun. The mattress and bedding are very high quality, ensuring a comfortable nights sleep. The bathroom includes environmentally friendly shampoo/conditioner, body/hand soap, cotton swabs, and towels. The large walk-in closet includes plenty of space to unpack suitcases for a comfortable, extended stay. From the home's entry-way, you walk up the first flight of stairs into the main living space. Here you will find a comfortable room to sit and enjoy a movie, read a book by the sunny window, cook and eat a meal, or enjoy a cup of tea in the outdoor garden space. Guest",none,"A quiet, West Seattle neighborhood makes for a fantastic home base. The neighborhood is residential, with a local park/playground two blocks away, and safe streets for walking and jogging. Some beautiful hidden gems of parks are nearby - Lincoln Park, Camp Long, Alki Beach. A shopping center and plenty of local coffee shops and restaurants abound.  West Seattle is a short jump away from Downtown Seattle. Hop on a bus, water taxi, or Uber and you are in the heart of downtown in under 20 minutes. Not far from SeaTac Airport, it's a convenient location for layovers, accessible by bus or taxi.","Our home also includes one friendly cat named Cheese. She has a sunny disposition and is a very talented lounger. She typically does not go up to the Master Suite as she prefers hanging out with the familia downstairs. Guests are free to keep the bedroom door closed to restrict feline access as much or little as desired. There is one designated off-street parking space available for use, however it can only accommodate a mid to small size car. A larger sized vehicle will need to park on the street, where parking is free and plentiful.","Two blocks from Bus #120, which takes you straight into downtown Seattle. Water taxi from West Seattle to downtown Seattle. Vashon Island ferry boat a short ride away by car/taxi.",https://a2.muscache.com/ac/pictures/320f3a63-4069-463d-87ae-f0d67c692f83.jpg?interpolation=lanczos-none&size=small&output-format=jpg&output-quality=70,https://a2.muscache.com/im/pictures/320f3a63-4069-463d-87ae-f0d67c692f83.jpg?aki_policy=medium,https://a2.muscache.com/ac/pictures/320f3a63-4069-463d-87ae-f0d67c692f83.jpg?interpolation=lanczos-none&size=large_cover&output-format=jpg&output-quality=70,https://a2.muscache.com/ac/pictures/320f3a63-4069-463d-87ae-f0d67c692f83.jpg?interpolation=lanczos-none&size=x_large_cover&output-format=jpg&output-quality=70,5435488,https://www.airbnb.com/users/show/5435488,Valerie,2013-03-12,"Seattle, Washington, United States","Single mom of two beautiful, bright, kind children. We are nature lovers and world travelers - enjoying the beach, the mountains, starry night skies, and hot springs. We embrace community, diversity, and beauty in all its forms. Our last adventure took us to the Kingdom of Cambodia - one of our favorite lodgings was sleeping in hammocks on the bank of the Mekong River!",within an hour,100%,100%,f,"https://a0.muscache.com/ac/users/5435488/profile_pic/1444283887/original.jpg?interpolation=lanczos-none&crop=w:w;*,*&crop=h:h;*,*&resize=50:*&output-format=jpg&output-quality=70","https://a0.muscache.com/ac/users/5435488/profile_pic/1444283887/original.jpg?interpolation=lanczos-none&crop=w:w;*,*&crop=h:h;*,*&resize=225:*&output-format=jpg&output-quality=70",High Point,1.0,1.0,"['email', 'phone', 'reviews', 'jumio']",t,t,"Southwest Holden Street, Seattle, WA 98106, United States",High Point,South Delridge,Delridge,Seattle,WA,98106,Seattle,"Seattle, WA",US,United States,47.5331485546507,-122.36550602948142,t,Townhouse,Private room,2,1.0,1.0,1.0,Real Bed,"{TV,Internet,""Wireless Internet"",Kitchen,""Free Parking on Premises"",""Pets live on this property"",Cat(s),""Indoor Fireplace"",Heating,""Family/Kid Friendly"",Washer,Dryer,""Smoke Detector"",""Carbon Monoxide Detector"",Essentials,Shampoo}",,$55.00,$475.00,"$1,600.00",,$15.00,1,$10.00,1,1125,5 weeks ago,t,26,56,85,85,2016-01-04,4,2015-10-22,2015-12-09,100.0,10.0,10.0,10.0,10.0,10.0,10.0,f,,WASHINGTON,f,strict,f,f,1,1.6
1003890,https://www.airbnb.com/rooms/1003890,20160104002432,2016-01-04,PRIVATE 3 BEDROOM HOME,,"This  is a 3 bed room 1 bath fully furnished one level home.  Home has laminate wood floors throughout and new tile in kitchen and bathroom.  Kitchen is furnished with glass table that seats 4. Has frigde, stove, dishwasher and basic kitchen items to be functional.  Full bathroom with tub/shower, supplied with all paper products, towels and minimal bathroom supplies for your stay. Washer and dryer off kitchen to back door/mud room area. Two of the bedrooms have one queen bed each with closets and one has a full bed with closet and are complete with linens/pillows/blankets. (can accommodate 6 people if beds are shared) Living room has light color leather couch, coffee table and matching side chair with ottoman .   Extra large fully fenced yard to relax or for sports activities.   Plenty of parking in long driveway leading directly up to back door of home. Close to Westwood Village shopping area which includes, QFC, Barnes & Noble, Starbucks, Target, Bank of America, 24 Hour Fitness, Big","This  is a 3 bed room 1 bath fully furnished one level home.  Home has laminate wood floors throughout and new tile in kitchen and bathroom.  Kitchen is furnished with glass table that seats 4. Has frigde, stove, dishwasher and basic kitchen items to be functional.  Full bathroom with tub/shower, supplied with all paper products, towels and minimal bathroom supplies for your stay. Washer and dryer off kitchen to back door/mud room area. Two of the bedrooms have one queen bed each with closets and one has a full bed with closet and are complete with linens/pillows/blankets. (can accommodate 6 people if beds are shared) Living room has light color leather couch, coffee table and matching side chair with ottoman .   Extra large fully fenced yard to relax or for sports activities.   Plenty of parking in long driveway leading directly up to back door of home. Close to Westwood Village shopping area which includes, QFC, Barnes & Noble, Starbucks, Target, Bank of America, 24 Hour Fitness, Big",none,,,,https://a0.muscache.com/ac/pictures/17050657/bf9f7ecd_original.jpg?interpolation=lanczos-none&size=small&output-format=jpg&output-quality=70,https://a0.muscache.com/im/pictures/17050657/bf9f7ecd_original.jpg?aki_policy=medium,https://a0.muscache.com/ac/pictures/17050657/bf9f7ecd_original.jpg?interpolation=lanczos-none&size=large_cover&output-format=jpg&output-quality=70,https://a0.muscache.com/ac/pictures/17050657/bf9f7ecd_original.jpg?interpolation=lanczos-none&size=x_large_cover&output-format=jpg&output-quality=70,5507055,https://www.airbnb.com/users/show/5507055,Lori & Rob,2013-03-17,"Seattle, Washington, United States","Hello , we enjoy hosting people from around the world as well as our locals.  We live in Seattle and love sharing our ideas of a great time and help facilitate your needs while our guests are here for a short time or long business trip or vacation.  ",within an hour,100%,100%,f,"https://a0.muscache.com/ac/users/5507055/profile_pic/1364186270/original.jpg?interpolation=lanczos-none&crop=w:w;*,*&crop=h:h;*,*&resize=50:*&output-format=jpg&output-quality=70","https://a0.muscache.com/ac/users/5507055/profile_pic/1364186270/original.jpg?interpolation=lanczos-none&crop=w:w;*,*&crop=h:h;*,*&resize=225:*&output-format=jpg&output-quality=70",South Delridge,2.0,2.0,"['email', 'phone', 'reviews', 'kba']",t,t,"Southwest Thistle Street, Seattle, WA 98106, United States",South Delridge,South Delridge,Delridge,Seattle,WA,98106,Seattle,"Seattle, WA",US,United States,47.529872525244976,-122.35982333721564,t,House,Entire home/apt,6,1.0,3.0,3.0,Real Bed,"{TV,Internet,""Wireless Internet"",Kitchen,""Free Parking on Premises"",Heating,""Family/Kid Friendly"",Washer,Dryer,""Smoke Detector"",""Carbon Monoxide Detector"",""First Aid Kit"",""Fire Extinguisher"",Essentials,""24-Hour Check-in"",Hangers,Iron}",,$99.00,,,$200.00,$109.00,3,$25.00,2,33,5 days ago,t,20,50,80,355,2016-01-04,72,2013-04-29,2015-11-29,93.0,10.0,10.0,10.0,10.0,9.0,9.0,f,,WASHINGTON,f,strict,t,t,2,2.2
8446120,https://www.airbnb.com/rooms/8446120,20160104002432,2016-01-04,Inverness1,"This is a private room that has a scenic view of Lake Washington near the Burke Gilman Trail. Room as WiFi, Cable and private seating area and half kitchen.",,"This is a private room that has a scenic view of Lake Washington near the Burke Gilman Trail. Room as WiFi, Cable and private seating area and half kitchen.",none,,,,https://a1.muscache.com/ac/pictures/107418713/7b24db48_original.jpg?interpolation=lanczos-none&size=small&output-format=jpg&output-quality=70,https://a1.muscache.com/im/pictures/107418713/7b24db48_original.jpg?aki_policy=medium,https://a1.muscache.com/ac/pictures/107418713/7b24db48_original.jpg?interpolation=lanczos-none&size=large_cover&output-format=jpg&output-quality=70,https://a1.muscache.com/ac/pictures/107418713/7b24db48_original.jpg?interpolation=lanczos-none&size=x_large_cover&output-format=jpg&output-quality=70,44468692,https://www.airbnb.com/users/show/44468692,Maneesh,2015-09-17,US,,,,,f,"https://a0.muscache.com/ac/users/44468692/profile_pic/1442546726/original.jpg?interpolation=lanczos-none&crop=w:w;*,*&crop=h:h;*,*&resize=50:*&output-format=jpg&output-quality=70","https://a0.muscache.com/ac/users/44468692/profile_pic/1442546726/original.jpg?interpolation=lanczos-none&crop=w:w;*,*&crop=h:h;*,*&resize=225:*&output-format=jpg&output-quality=70",View Ridge,1.0,1.0,['phone'],t,f,"Northeast 87th Street, Seattle, WA 98115, United States",View Ridge,View Ridge,Other neighborhoods,Seattle,WA,98115,Seattle,"Seattle, WA",US,United States,47.69076470657127,-122.27469388041918,t,House,Private room,1,1.0,1.0,1.0,Real Bed,"{""Cable TV"",Internet,""Wireless Internet"",Kitchen,Breakfast,""Hot Tub"",Heating,""Family/Kid Friendly"",""Suitable for Events"",Washer,""Smoke Detector"",""Carbon Monoxide Detector""}",,$150.00,,,,,1,$0.00,1,1125,4 months ago,t,30,60,90,365,2016-01-04,0,,,,,,,,,,f,,WASHINGTON,f,flexible,f,f,1,
8153673,https://www.airbnb.com/rooms/8153673,20160104002432,2016-01-04,NE of UW mother in law apartment,"This lower-level  Mother in law apartment is one bedroom unit with separate entrance where comfortably sleeps 3 - 4 and is located in the Hawthorn hills neighborhood. Very quiet and residential neighborhood with access to some parks like Green Lake Park, Magnuson Park, Wedgwood playground and Bryant park. Easy access to major roadways makes touring the city very convenient,•PCC and Metropolitan market are located a few blocks from the apartment. Bus#71 express to downtown will take you in 30 min",Cozy and simple with calming colors apartment for a comfortable stay away from home.,"This lower-level  Mother in law apartment is one bedroom unit with separate entrance where comfortably sleeps 3 - 4 and is located in the Hawthorn hills neighborhood. Very quiet and residential neighborhood with access to some parks like Green Lake Park, Magnuson Park, Wedgwood playground and Bryant park. Easy access to major roadways makes touring the city very convenient,•PCC and Metropolitan market are located a few blocks from the apartment. Bus#71 express to downtown will take you in 30 min Cozy and simple with calming colors apartment for a comfortable stay away from home. We will be glad to help you finding any information you need. The apartment is located in a very quaint, quite neighborhood close to the UW, U Village, U district and several parks, lakes and Burke Gilman trail. Several markets for groceries.  A short ride in the bus will take you downtown for all your shopping. There is parking available on the street. The apartment is located a few blocks from Seattle Childre",none,"The apartment is located in a very quaint, quite neighborhood close to the UW, U Village, U district and several parks, lakes and Burke Gilman trail. Several markets for groceries.  A short ride in the bus will take you downtown for all your shopping.",The apartment is located a few blocks from Seattle Children's Hospital and UW hospital.,There is parking available on the street.,https://a1.muscache.com/ac/pictures/103873253/484543fe_original.jpg?interpolation=lanczos-none&size=small&output-format=jpg&output-quality=70,https://a1.muscache.com/im/pictures/103873253/484543fe_original.jpg?aki_policy=medium,https://a1.muscache.com/ac/pictures/103873253/484543fe_original.jpg?interpolation=lanczos-none&size=large_cover&output-format=jpg&output-quality=70,https://a1.muscache.com/ac/pictures/103873253/484543fe_original.jpg?interpolation=lanczos-none&size=x_large_cover&output-format=jpg&output-quality=70,35408303,https://www.airbnb.com/users/show/35408303,Fabio,2015-06-09,"Seattle, Washington, United States","I live in beautiful Seattle, I spend lots of time in the backyard when is sunny and the weather is pleasant or fly fishing in the many rivers of the NW. I keep active playing racket ball and watching movies.
I live with my wife Esperanza and our cat Oliver. ",within a few hours,100%,100%,f,"https://a0.muscache.com/ac/users/35408303/profile_pic/1433880157/original.jpg?interpolation=lanczos-none&crop=w:w;*,*&crop=h:h;*,*&resize=50:*&output-format=jpg&output-quality=70","https://a0.muscache.com/ac/users/35408303/profile_pic/1433880157/original.jpg?interpolation=lanczos-none&crop=w:w;*,*&crop=h:h;*,*&resize=225:*&output-format=jpg&output-quality=70",Windermere,1.0,1.0,"['email', 'phone', 'linkedin', 'reviews', 'kba']",t,t,"Wellesley Way Northeast, Seattle, WA 98115, United States",Windermere,View Ridge,Other neighborhoods,Seattle,WA,98115,Seattle,"Seattle, WA",US,United States,47.676065757795584,-122.27688351126804,t,Apartment,Entire home/apt,3,1.0,1.0,1.0,Real Bed,"{TV,""Cable TV"",Internet,""Wireless Internet"",Kitchen,""Indoor Fireplace"",Heating,Washer,Dryer,""Smoke Detector"",""First Aid Kit"",""Fire Extinguisher"",Essentials}",,$110.00,$700.00,"$2,700.00",$350.00,$50.00,1,$0.00,3,30,4 weeks ago,t,24,54,84,359,2016-01-04,3,2015-09-12,2015-11-08,100.0,10.0,10.0,10.0,10.0,10.0,10.0,f,,WASHINGTON,t,flexible,f,f,1,0.78
7936712,https://www.airbnb.com/rooms/7936712,20160104002432,2016-01-04,Stunning Magnuson Park Condo,"Top Floor unit with soaring ceilings and huge living room windows overlooking Magnuson Park. 5 min from Children's Hospital and University of Washington Mefical Center campus. Beautifully furnished, decorated and equipped! Pool, park, bike and hiking trails to lake",Amazing Location ! 15 min to Downtown Seattle.,"Top Floor unit with soaring ceilings and huge living room windows overlooking Magnuson Park. 5 min from Children's Hospital and University of Washington Mefical Center campus. Beautifully furnished, decorated and equipped! Pool, park, bike and hiking trails to lake Amazing Location ! 15 min to Downtown Seattle. Private. Next to a pool I have Big Bad boy V8 Hummy 2 with all the bells and whistles! Seats 7 adults. Want to be impressive by clubs or friends? Make an offer  I'll drive you and your friends as long as you want if offer is reasonable. for outdoor lovers! Bus stop and everything possible is with in minutes",none,for outdoor lovers!,,Bus stop and everything possible is with in minutes,https://a0.muscache.com/ac/pictures/101122692/69e67274_original.jpg?interpolation=lanczos-none&size=small&output-format=jpg&output-quality=70,https://a0.muscache.com/im/pictures/101122692/69e67274_original.jpg?aki_policy=medium,https://a0.muscache.com/ac/pictures/101122692/69e67274_original.jpg?interpolation=lanczos-none&size=large_cover&output-format=jpg&output-quality=70,https://a0.muscache.com/ac/pictures/101122692/69e67274_original.jpg?interpolation=lanczos-none&size=x_large_cover&output-format=jpg&output-quality=70,36652734,https://www.airbnb.com/users/show/36652734,Jolanta,2015-06-24,"Issaquah, Washington, United States","I was born and raised in Europe. I am an American with my heart and sole!
I love my surrounding environment to be clean, beautiful and in a perfect order. I'm very social, but at the same time I can read other people when they send me a message through a body language wishing to be left alone and enjoy privacy. 
If interested I can help you with Your Real Estate needs and share my rich experience in this complicated business and beyond... ",within an hour,100%,100%,t,"https://a2.muscache.com/ac/pictures/a63359cf-015b-4a39-b648-af74c5c6cc65.jpg?interpolation=lanczos-none&crop=w:w;*,*&crop=h:h;*,*&resize=50:*&output-format=jpg&output-quality=70","https://a2.muscache.com/ac/pictures/a63359cf-015b-4a39-b648-af74c5c6cc65.jpg?interpolation=lanczos-none&crop=w:w;*,*&crop=h:h;*,*&resize=225:*&output-format=jpg&output-quality=70",View Ridge,2.0,2.0,"['email', 'phone', 'reviews', 'jumio']",t,t,"Northeast 75th Street, Seattle, WA 98115, United States",View Ridge,View Ridge,Other neighborhoods,Seattle,WA,98115,Seattle,"Seattle, WA",US,United States,47.68417280898952,-122.26551010669228,t,Apartment,Entire home/apt,4,2.0,2.0,2.0,Real Bed,"{TV,""Cable TV"",Internet,""Wireless Internet"",Pool,Kitchen,""Free Parking on Premises"",Heating,Washer,Dryer,""Smoke Detector"",""Carbon Monoxide Detector"",""Fire Extinguisher"",Essentials}",,$120.00,$770.00,"$3,000.00",,,2,$15.00,2,1125,today,t,21,47,73,344,2016-01-04,11,2015-08-25,2015-12-22,95.0,10.0,9.0,9.0,10.0,9.0,9.0,f,,WASHINGTON,f,moderate,f,f,1,2.48
2642359,https://www.airbnb.com/rooms/2642359,20160104002432,2016-01-04,"Lg private bed/BA, parking, near UW",Enjoy a relaxing private bedroom and bathroom in a fun and interesting neighborhood.  I have temporarily lowered the rate for the room due to the renovation being done around the unit.  I look forward to having you!,Our over-sized cozy loft bedroom comes with an ultra comfortable queen size bed and plenty of closet space. It is located across the street from the beautiful and historic Magnuson Park on Lake Washington.,"Enjoy a relaxing private bedroom and bathroom in a fun and interesting neighborhood.  I have temporarily lowered the rate for the room due to the renovation being done around the unit.  I look forward to having you! Our over-sized cozy loft bedroom comes with an ultra comfortable queen size bed and plenty of closet space. It is located across the street from the beautiful and historic Magnuson Park on Lake Washington. Cable TV and Wi-Fi Internet, shared kitchen, and private bathroom. Easy access to bus line and 24 hour convenient store next door. I am usually in my room working or studying. I'm also a pretty good tour guide if you need some help finding fun things to do in Seattle : ) The neighborhood is safe and welcoming with beautiful views of Lake Washington and right along the Burke Gilman bike trail. We are located just a few steps from the bus line on Sandpoint way. Also, make sure you give me a all when you arrive. The unit can be tricky to find the first time. You can park in ",none,The neighborhood is safe and welcoming with beautiful views of Lake Washington and right along the Burke Gilman bike trail.,"Also, make sure you give me a all when you arrive. The unit can be tricky to find the first time. You can park in space 107.",We are located just a few steps from the bus line on Sandpoint way.,https://a0.muscache.com/ac/pictures/89073416/9c1dbaa3_original.jpg?interpolation=lanczos-none&size=small&output-format=jpg&output-quality=70,https://a0.muscache.com/im/pictures/89073416/9c1dbaa3_original.jpg?aki_policy=medium,https://a0.muscache.com/ac/pictures/89073416/9c1dbaa3_original.jpg?interpolation=lanczos-none&size=large_cover&output-format=jpg&output-quality=70,https://a0.muscache.com/ac/pictures/89073416/9c1dbaa3_original.jpg?interpolation=lanczos-none&size=x_large_cover&output-format=jpg&output-quality=70,13266307,https://www.airbnb.com/users/show/13266307,David,2014-03-18,"Seattle, Washington, United States","Web designer, screenwriter, dog lover, and avid YouTube watcher. ",within a few hours,88%,100%,f,"https://a2.muscache.com/ac/pictures/8897dc06-838c-4518-9ac6-0f86c28c81f5.jpg?interpolation=lanczos-none&crop=w:w;*,*&crop=h:h;*,*&resize=50:*&output-format=jpg&output-quality=70","https://a2.muscache.com/ac/pictures/8897dc06-838c-4518-9ac6-0f86c28c81f5.jpg?interpolation=lanczos-none&crop=w:w;*,*&crop=h:h;*,*&resize=225:*&output-format=jpg&output-quality=70",View Ridge,1.0,1.0,"['email', 'phone', 'facebook', 'reviews']",t,f,"Northeast 75th Street, Seattle, WA 98115, United States",View Ridge,View Ridge,Other neighborhoods,Seattle,WA,98115,Seattle,"Seattle, WA",US,United States,47.685087372072985,-122.26709930059818,t,Loft,Private room,2,1.0,1.0,1.0,Real Bed,"{TV,""Cable TV"",Internet,""Wireless Internet"",Kitchen,""Free Parking on Premises"",""Pets Allowed"",Gym,Dog(s),""Indoor Fireplace"",Heating,Washer,Dryer,""Smoke Detector"",Essentials,Shampoo}",,$49.00,,,,,1,$7.00,1,1125,6 weeks ago,t,26,56,86,359,2016-01-04,59,2014-07-11,2015-12-30,86.0,9.0,9.0,9.0,9.0,9.0,9.0,f,,WASHINGTON,f,flexible,f,f,1,3.26
6528342,https://www.airbnb.com/rooms/6528342,20160104002432,2016-01-04,Group / family home for Christmas,"Hello! This is a spacious 4 bed / 2 bath home and with lots of space, perfect for groups visiting over the Christmas holiday.  We're a five minute drive from UW / Children's Hospital.  Wireless, washer, dyer, and free parking.",,"Hello! This is a spacious 4 bed / 2 bath home and with lots of space, perfect for groups visiting over the Christmas holiday.  We're a five minute drive from UW / Children's Hospital.  Wireless, washer, dyer, and free parking.",none,,,,,,https://a0.muscache.com/ac/pictures/97165135/23fd4abd_original.jpg?interpolation=lanczos-none&size=large_cover&output-format=jpg&output-quality=70,,13208087,https://www.airbnb.com/users/show/13208087,Bryce,2014-03-17,"Seattle, Washington, United States","My favorite places:
1.  Seattle
2.  Hong Kong
3.  Glacier Bay National Park
4.  17 Mile Drive
5.  Seoul
",,,,f,"https://a1.muscache.com/ac/users/13208087/profile_pic/1438389301/original.jpg?interpolation=lanczos-none&crop=w:w;*,*&crop=h:h;*,*&resize=50:*&output-format=jpg&output-quality=70","https://a1.muscache.com/ac/users/13208087/profile_pic/1438389301/original.jpg?interpolation=lanczos-none&crop=w:w;*,*&crop=h:h;*,*&resize=225:*&output-format=jpg&output-quality=70",View Ridge,1.0,1.0,"['email', 'phone', 'google', 'reviews', 'kba']",t,t,"54th Avenue Northeast, Seattle, WA 98115, United States",View Ridge,View Ridge,Other neighborhoods,Seattle,WA,98115,Seattle,"Seattle, WA",US,United States,47.677869134644965,-122.27183023272067,t,House,Entire home/apt,6,2.0,4.0,4.0,Real Bed,"{TV,""Cable TV"",Internet,""Wireless Internet"",Kitchen,""Free Parking on Premises"",""Hot Tub"",Heating,""Family/Kid Friendly"",Washer,Dryer,""Smoke Detector"",""Carbon Monoxide Detector"",""Fire Extinguisher"",Essentials,Shampoo}",,$244.00,,,,,1,$0.00,3,4,2 weeks ago,t,0,0,0,131,2016-01-04,1,2015-08-11,2015-08-11,100.0,10.0,10.0,10.0,10.0,10.0,10.0,f,,WASHINGTON,f,moderate,f,f,1,0.2
9820818,https://www.airbnb.com/rooms/9820818,20160104002432,2016-01-04,View Ridge Cottage on Burke-Gilman,"Nestled in a quiet neighborhood of upscale homes, this newly furnished apartment is on the Burke-Gilman trail, one block from Magnuson Park on Lake Washington, near UW, Children's Hospital.  Gorgeously furnished and outfitted to enjoy the outdoors.","This home is very comfortably furnished indoors, and outfitted to take advantage of the scenic Seattle landscape outdoors.  Four adirondack chairs, a fire pit, and marshmallow roasting sticks are available for use.  Firewood is provided seasonally when burning is permitted. Two cruiser bikes and Bell helmets in sizes S-M-L are also available for use.","Nestled in a quiet neighborhood of upscale homes, this newly furnished apartment is on the Burke-Gilman trail, one block from Magnuson Park on Lake Washington, near UW, Children's Hospital.  Gorgeously furnished and outfitted to enjoy the outdoors. This home is very comfortably furnished indoors, and outfitted to take advantage of the scenic Seattle landscape outdoors.  Four adirondack chairs, a fire pit, and marshmallow roasting sticks are available for use.  Firewood is provided seasonally when burning is permitted. Two cruiser bikes and Bell helmets in sizes S-M-L are also available for use. The apartment is set up for you to come and go as you please - you will receive a keycode for the front door prior to arrival. But if you need anything, I'm happy to help. You are welcome to enjoy full access to the apartment and the backyard area behind the apartment. I'm at your service, please let me know if you have any questions, or if I can make your stay more comfortable. View Ridge is a ",none,"View Ridge is a residential neighborhood 7 miles from Downtown Seattle.  The property is located directly on the Burke-Gilman Trail. This relatively flat pedestrian trail is dedicated for biking, running, walking, skating, and spans from Shilshole Bay to Bothell following the shoreline of Lake Union and Lake Washington. Magnuson Park, the second-largest park in Seattle, is one block from the apartment.  The park offers a boat launch, trails, swimming beach, picnicking, a kids play area, off leash dog parks, sports fields, and other activities. The property is also two miles from the University of Washington (UW) and one mile from Children's Hospital.","The apartment is located on a two-lane neighborhood arterial street, so there is some car noise during the morning and evening rush hours especially, in the living areas of the apartment. The bedrooms are quieter, but please take into consideration if you are sensitive to noise. Disclosure: Owner is a licensed broker in the state of Washington.","The apartment offers free off-street parking, and there are several bus stops within a 1-2 block walk, with bus service to UW, Children's Hospital, Downtown Seattle (where you can connect with the light rail to the airport) and more.",https://a2.muscache.com/ac/pictures/1dda3aa1-e160-4cb8-a619-e4e3670d9237.jpg?interpolation=lanczos-none&size=small&output-format=jpg&output-quality=70,https://a2.muscache.com/im/pictures/1dda3aa1-e160-4cb8-a619-e4e3670d9237.jpg?aki_policy=medium,https://a2.muscache.com/ac/pictures/1dda3aa1-e160-4cb8-a619-e4e3670d9237.jpg?interpolation=lanczos-none&size=large_cover&output-format=jpg&output-quality=70,https://a2.muscache.com/ac/pictures/1dda3aa1-e160-4cb8-a619-e4e3670d9237.jpg?interpolation=lanczos-none&size=x_large_cover&output-format=jpg&output-quality=70,50586425,https://www.airbnb.com/users/show/50586425,Melissa,2015-12-05,"Seattle, Washington, United States","Hi! I live in the neighborhood and balance rental property management as a licensed broker with raising a family.  We love everything the city has to offer, and enjoy the outdoors when the weather isn't too wet.  My husband and I have aspirations to travel broadly in retirement.  Until then, our travels are limited to napping poolside in dry, sunny places.  

As a host, I want you to do your thing and not feel obliged to interact, unless you want to.  The cottage is set up for you to come and go as you please. But if you need anything, I'm happy to help. There are great restaurants and things to do in every neighborhood of Seattle, and a few of my favorites in this neighborhood are listed in the guidebook. 

I hope you enjoy your visit!   ",within an hour,100%,100%,f,"https://a2.muscache.com/ac/pictures/b51c319c-1c73-4cee-880e-a18f8085d5d0.jpg?interpolation=lanczos-none&crop=w:w;*,*&crop=h:h;*,*&resize=50:*&output-format=jpg&output-quality=70","https://a2.muscache.com/ac/pictures/b51c319c-1c73-4cee-880e-a18f8085d5d0.jpg?interpolation=lanczos-none&crop=w:w;*,*&crop=h:h;*,*&resize=225:*&output-format=jpg&output-quality=70",View Ridge,1.0,1.0,"['email', 'phone', 'google', 'reviews', 'kba']",t,t,"58th Avenue Northeast, Seattle, WA 98115, United States",View Ridge,View Ridge,Other neighborhoods,Seattle,WA,98115,Seattle,"Seattle, WA",US,United States,47.6764701385461,-122.26818273750985,t,Apartment,Entire home/apt,5,1.0,2.0,3.0,Real Bed,"{TV,""Cable TV"",""Wireless Internet"",Kitchen,""Free Parking on Premises"",""Pets Allowed"",Heating,""Family/Kid Friendly"",Washer,Dryer,""Smoke Detector"",""Carbon Monoxide Detector"",""First Aid Kit"",""Safety Card"",""Fire Extinguisher"",Essentials,""24-Hour Check-in"",Hangers,Iron,""Laptop Friendly Workspace""}",,$125.00,,,$250.00,$50.00,1,$0.00,2,31,2 weeks ago,t,14,44,73,73,2016-01-04,1,2015-12-20,2015-12-20,100.0,10.0,10.0,10.0,10.0,10.0,10.0,f,,WASHINGTON,t,flexible,f,f,1,1.0
8754180,https://www.airbnb.com/rooms/8754180,20160104002432,2016-01-04,Viewridge Home,"A 3 BD, 2 BA house in an excellent location in the View Ridge neighborhood, a rare dead-end street.  1 king, 2 queens, 1 double.  Open floor plan, a gracious kitchen is set up, with great lighting, convenient to UW & Children's hospitals.","We took great pride remodeling out house to create an open and welcoming home with lots of natural and designed lighting.  We have great windows, french doors, with an open floor plan, but easy to retreat to bedrooms or the basement living area for privacy.  The basement is accessed via a spiral staircase. Family meals and hosting friends are important to us so, you will find a well stocked and designed kitchen with great appliances and an easy space to use.  All of our linens are organic cotton or bamboo, and we only use non-toxic cleaners.  Health is hugely important to us.","A 3 BD, 2 BA house in an excellent location in the View Ridge neighborhood, a rare dead-end street.  1 king, 2 queens, 1 double.  Open floor plan, a gracious kitchen is set up, with great lighting, convenient to UW & Children's hospitals. We took great pride remodeling out house to create an open and welcoming home with lots of natural and designed lighting.  We have great windows, french doors, with an open floor plan, but easy to retreat to bedrooms or the basement living area for privacy.  The basement is accessed via a spiral staircase. Family meals and hosting friends are important to us so, you will find a well stocked and designed kitchen with great appliances and an easy space to use.  All of our linens are organic cotton or bamboo, and we only use non-toxic cleaners.  Health is hugely important to us. The entire home.  We keep one basement shop area and the garage as our personal storage area. We have wonderful neighbors, one who will manage our home while we are away.  We hav",none,"Wedgwood is north of downtown and located near Lake Washington.  Wedged sort of encompasses an area near other villages like Bryant, Ravenna, Meadowbrook, Maple Leaf, Matthews Beach, View Ridge and LaVilla.  It's about 15-30 minutes to downtown and close to interstate. The location is great if you love the outdoors, want to be near the city and university but don't want to deal with college kids or downtown noise.  There are a lot of small families, professional couples and a few older couples.  The area is really starting to cater to the younger professional crowd.   Shopping wise, there are a few restaurants, coffee shops, a variety of grocery stores, and a few unique places.  Top Pot, Grateful Bread, The Van Gogh Cafe and Cafe Javasti are some of the well known places. Outdoor lovers of all levels will enjoy this place.  This is one of the last areas of Seattle that has old evergreen trees.  It really gives a a unique feel to the neighborhood and a break from all the condos.  The Bu","The house is equipped with several ""baby gates"" and high chairs, pack-n-plays, bumbos, and toys are available for your use. The basement bedroom is designed to be cooler as many people enjoy sleeping in cool temperates. There is a space heater in that room should you desire it a little warmer.  Feel free to adjust the temperature as needed.","Our house is a short walk to great playgrounds and parks for children, a mile from the library, grocery stores, coffee shops, and 1/2 block from the bus line that can get you anywhere including to downtown or to the UW & Children's hospitals easily.",,,https://a2.muscache.com/ac/pictures/7acc7d96-ef63-4141-a3e5-98442e8cbf1c.jpg?interpolation=lanczos-none&size=large_cover&output-format=jpg&output-quality=70,,3526468,https://www.airbnb.com/users/show/3526468,Ammen & Stephanie,2012-09-10,"Seattle, Washington, United States","We are a family of 4.  We've lived in the Seattle area for the last 12 years, but grew up in Louisiana and Arkansas.  We have 2 active young daughters (Ella, 4, and Audrey, 1) who love travel and adventure.  We are taking advantage of their age and pre-school years and taking them to see as much of this beautiful earth as we can.  While we go, we are happy to share our home with you.  

We bought the house from the original owner, did all the renovation ourselves.  Ammen was the director of a consortium of residential energy efficiency contractors at the time so the house has the best of the best in terms of heating/cooling systems, lighting, windows and insulation.  You will find the house is very comfortable.

When we aren't traveling to visit our family in Louisiana and Arkansas, we spend time with our family in Seattle, go on lots of bike rides, bird watch, and get out to the amazing mountains in the surrounding area.  We love to garden and cook and hope you keep our kitchen warm while we are gone.  

We are grateful to live on a street with fantastic neighbors.  On any given night there's a BBQ at the end of the street or a gathering of kids at the playground.  Be sure to say ""hello"" for us.  ",within a day,80%,100%,f,"https://a1.muscache.com/ac/users/3526468/profile_pic/1347305077/original.jpg?interpolation=lanczos-none&crop=w:w;*,*&crop=h:h;*,*&resize=50:*&output-format=jpg&output-quality=70","https://a1.muscache.com/ac/users/3526468/profile_pic/1347305077/original.jpg?interpolation=lanczos-none&crop=w:w;*,*&crop=h:h;*,*&resize=225:*&output-format=jpg&output-quality=70",View Ridge,1.0,1.0,"['email', 'phone', 'facebook', 'linkedin', 'reviews']",t,f,"48th Avenue Northeast, Seattle, WA 98115, United States",View Ridge,View Ridge,Other neighborhoods,Seattle,WA,98115,Seattle,"Seattle, WA",US,United States,47.68171495424424,-122.2760225278756,t,House,Entire home/apt,8,2.0,3.0,4.0,Real Bed,"{TV,Internet,""Wireless Internet"",""Air Conditioning"",Kitchen,""Free Parking on Premises"",Heating,""Family/Kid Friendly"",Washer,Dryer,""Smoke Detector"",""First Aid Kit"",""Safety Card"",""Fire Extinguisher"",Essentials,""24-Hour Check-in""}",,$175.00,"$1,000.00","$3,500.00",$500.00,$100.00,6,$50.00,3,1125,today,t,27,57,74,76,2016-01-04,2,2015-12-24,2015-12-29,60.0,7.0,6.0,10.0,10.0,10.0,7.0,f,,WASHINGTON,f,moderate,f,f,1,2.0
8904766,https://www.airbnb.com/rooms/8904766,20160104002432,2016-01-04,"""Sprocket"" room close to Downtown","A comfortable room decorated with an appreciation for sprockets and the mechanical. Situated in a fun, quirky house in Seattle, this room is close the light rail and just minutes from downtown.  Access to TV, laundry and full kitchen.","We have a great space filled with quirky decor, theatrical props, and curious items we've been collecting. Our location is great too. It's about 15 minutes from downtown by car but we are also only two blocks from the light rail station which means getting to the city on public transportation takes almost the same amount of time. Plus that makes it easy to get to and from the airport.","A comfortable room decorated with an appreciation for sprockets and the mechanical. Situated in a fun, quirky house in Seattle, this room is close the light rail and just minutes from downtown.  Access to TV, laundry and full kitchen. We have a great space filled with quirky decor, theatrical props, and curious items we've been collecting. Our location is great too. It's about 15 minutes from downtown by car but we are also only two blocks from the light rail station which means getting to the city on public transportation takes almost the same amount of time. Plus that makes it easy to get to and from the airport. This is a two story building and you have the run of the entire upstairs, which includes a spacious living room, full kitchen, full bath, and laundry. You can also use the back yard if you have a dog and want to play fetch or something (Just clean up after the dog please). You will have your own key so you can come and go, with a separate key for your room in so you can keep",none,"This is a diverse and vibrant neighborhood in the city.  Since the addition of the light-rail to the area, the older houses are being replaced with new construction and remodels.  Lots of friendly people in this neighborhood but it is more city than suburb...  so if you don't like being so close to that kind of hustle and bustle, or are put off being in a diverse neighborhood...then we'd not be a good match for you.",We have all the basics and well-appointed kitchen for cooking.  We books on a WIDE range of topics which you're welcome to enjoy during your stay.  We have an HDMI Cable on the TV for hooking up your laptop.,"While it's easy to get anywhere from here in a car, the light rail service from here is amazing. You can get right into the heart of the city very easily... and without having to pay for parking when you get there!   Also SUPER easy to get to the airport.  No airport shuttle needed.",https://a2.muscache.com/ac/pictures/89df1711-5a03-4446-80f4-766a7f8d68d8.jpg?interpolation=lanczos-none&size=small&output-format=jpg&output-quality=70,https://a2.muscache.com/im/pictures/89df1711-5a03-4446-80f4-766a7f8d68d8.jpg?aki_policy=medium,https://a2.muscache.com/ac/pictures/89df1711-5a03-4446-80f4-766a7f8d68d8.jpg?interpolation=lanczos-none&size=large_cover&output-format=jpg&output-quality=70,https://a2.muscache.com/ac/pictures/89df1711-5a03-4446-80f4-766a7f8d68d8.jpg?interpolation=lanczos-none&size=x_large_cover&output-format=jpg&output-quality=70,33923879,https://www.airbnb.com/users/show/33923879,Dane & Alanna,2015-05-21,"Seattle, Washington, United States","We are a fun couple, (late 30's) with a friendly dog.    
He's a performer and Sex Educator.  She works in Development.
Open minded couple... love all kinds of people.  

  ",within an hour,100%,100%,f,"https://a2.muscache.com/ac/users/33923879/profile_pic/1435353834/original.jpg?interpolation=lanczos-none&crop=w:w;*,*&crop=h:h;*,*&resize=50:*&output-format=jpg&output-quality=70","https://a2.muscache.com/ac/users/33923879/profile_pic/1435353834/original.jpg?interpolation=lanczos-none&crop=w:w;*,*&crop=h:h;*,*&resize=225:*&output-format=jpg&output-quality=70",Dunlap,4.0,4.0,"['email', 'phone', 'reviews', 'jumio']",t,t,"44th Avenue South, Seattle, WA 98118, United States",Dunlap,Dunlap,Rainier Valley,Seattle,WA,98118,Seattle,"Seattle, WA",US,United States,47.52543166211981,-122.27823367574916,t,House,Private room,2,1.0,1.0,1.0,Real Bed,"{TV,Internet,""Wireless Internet"",Kitchen,""Free Parking on Premises"",Heating,Washer,Dryer,""Smoke Detector"",""First Aid Kit"",Essentials,Shampoo,""Lock on Bedroom Door""}",,$38.00,,,,$9.00,1,$0.00,2,1125,4 weeks ago,t,0,0,0,56,2016-01-04,1,2015-12-11,2015-12-11,100.0,10.0,10.0,8.0,8.0,10.0,10.0,f,,WASHINGTON,f,moderate,f,f,4,1.0
3186785,https://www.airbnb.com/rooms/3186785,20160104002432,2016-01-04,Bedouin paradise w/ full kitchen,"Spacious guest unit perfect for groups (6+ see upstairs room too). Private bath & kitchen; shared living-room (TV, CPU, Xbox/PS3), drum set & fireplace. Late arrivals ok. Lightrail to SeaTac (12 min), downtown (20 min) 5am - 12:30am. Hosts onsite.","After renting long-term for many years, we've turned our guest floor into a bedouin sitting lounge and bedroom.  A comfortable double bed is at floor level, and endless cushions, rugs and blankets make the space accessible for a familiar group up to 6. (We have hosted documentary movie crews, bands, and other similar groups with great experiences).","Spacious guest unit perfect for groups (6+ see upstairs room too). Private bath & kitchen; shared living-room (TV, CPU, Xbox/PS3), drum set & fireplace. Late arrivals ok. Lightrail to SeaTac (12 min), downtown (20 min) 5am - 12:30am. Hosts onsite. After renting long-term for many years, we've turned our guest floor into a bedouin sitting lounge and bedroom.  A comfortable double bed is at floor level, and endless cushions, rugs and blankets make the space accessible for a familiar group up to 6. (We have hosted documentary movie crews, bands, and other similar groups with great experiences). Guests will have their own separate kitchen (refrigerator/freezer, electric range stove and sink), bathroom (bathtub and shower), and access to our electronic drumset, guitars, media center (large screen TV, huge media library, PS3, Xbox, Netflix) and wood-burning fireplace. Guests may use laundry facilities and linens will be provided, as will pots, pans and needed dishes for making your own meals",none,"We are around the corner from multiple grocery stores, a community center with pool, the lovely Kubota Gardens, Seward Park walking/hiking/nature trail, and endless delicious ethnic cuisine (Ethiopian, Thai, assorted West African, Vietnamese, Mexican, Cajun, and more!). We're a short hop from the restaurants, coffee shops and bars of both the Columbia City and Georgetown neighborhoods. We're always happy to provide neighborhood or Seattle-wide recommendations for food, nightlife, culture, sightseeing and other adventures.","We love hosting and trading stories with our guests, cooking meals together or swapping music collections. We have extensive hosting experience and are happy to provide recommendations if requested. We take pride in ensuring our guests are comfortable, happy, and enjoy Seattle as much as we do!",Our home is a 5 minute walk from the Henderson/Rainier Beach light rail station that reaches from the airport to downtown Seattle. Buses can get you to other locations easily and we're happy to help you navigate public transit. Car2go covers our neighborhood and Uber is familiar with the area as well. We have space to park a car outside the house as well. We are just a few minutes from the I-5 and I-90 freeways so it is very easy to come and go.,https://a2.muscache.com/ac/pictures/82528791/70aeefed_original.jpg?interpolation=lanczos-none&size=small&output-format=jpg&output-quality=70,https://a2.muscache.com/im/pictures/82528791/70aeefed_original.jpg?aki_policy=medium,https://a2.muscache.com/ac/pictures/82528791/70aeefed_original.jpg?interpolation=lanczos-none&size=large_cover&output-format=jpg&output-quality=70,https://a2.muscache.com/ac/pictures/82528791/70aeefed_original.jpg?interpolation=lanczos-none&size=x_large_cover&output-format=jpg&output-quality=70,16155674,https://www.airbnb.com/users/show/16155674,Shannon & Ben,2014-05-29,"Seattle, Washington, United States","CURRENT MISSION: To see the world and meet the wonderful people in it!

Married pair of travel enthusiasts now somewhat settled in Seattle and enjoying hosting as a way to meet people from all over the world. Shannon is a former teacher who coaches junior roller derby, has worked professionally as a singer and once drove a pontoon boat. Ben found great work traveling the world and making it better, is excellent at fixing up bikes, has picked up playing the drums and is kind enough to finish food that is too spicy for Shannon. 

We got both motorcycle and scuba certified while living in Korea for two years and have lots of interesting stories about those times. We truly love hosting and have been honored to host a film crew, a few bands and a film festival in the last few years. We have the ability to bust out impromptu karaoke and dance games on our media system and enjoy doing so with company. 

Countries We've Visited: Afghanistan, Austria, Cambodia, Canada, China, Costa Rica, France, Germany, Guam, Japan, Malaysia, Netherlands, Philippines, Spain, Sweden, Switzerland, United Kingdom",within a day,100%,100%,t,"https://a2.muscache.com/ac/users/16155674/profile_pic/1434238127/original.jpg?interpolation=lanczos-none&crop=w:w;*,*&crop=h:h;*,*&resize=50:*&output-format=jpg&output-quality=70","https://a2.muscache.com/ac/users/16155674/profile_pic/1434238127/original.jpg?interpolation=lanczos-none&crop=w:w;*,*&crop=h:h;*,*&resize=225:*&output-format=jpg&output-quality=70",Rainier Beach,3.0,3.0,"['email', 'phone', 'facebook', 'google', 'reviews', 'jumio']",t,t,"Renton Avenue South, Seattle, WA 98118, United States",Rainier Beach,Dunlap,Rainier Valley,Seattle,WA,98118,Seattle,"Seattle, WA",US,United States,47.52129351472614,-122.27318225358844,t,House,Private room,6,1.0,1.0,1.0,Real Bed,"{TV,Internet,""Wireless Internet"",Kitchen,""Free Parking on Premises"",""Pets live on this property"",Cat(s),""Indoor Fireplace"",Heating,""Family/Kid Friendly"",Washer,Dryer,""Smoke Detector"",""Carbon Monoxide Detector"",""First Aid Kit"",""Safety Card"",""Fire Extinguisher"",Essentials,Shampoo}",,$70.00,$350.00,"$1,200.00",$300.00,$30.00,3,$20.00,1,1125,4 weeks ago,t,0,26,56,145,2016-01-04,22,2015-06-08,2015-10-19,98.0,10.0,10.0,10.0,10.0,9.0,10.0,f,,WASHINGTON,f,moderate,f,f,3,3.13
1885801,https://www.airbnb.com/rooms/1885801,20160104002432,2016-01-04,Feel nature and city convenience,"2 bedroom home in a residential location.  Remodeled kitchen, living room with a fireplace, hardwood floors, full sized bath, and nice yard and full circle greenery. Basement has great space for hobby work and laundry. Many household amenities. :) ","2 bedroom home in a residential location.  Remodeled kitchen, living room with a fireplace, hardwood floors, full sized bath, and nice yard and full circle greenery. Basement has great space for hobby work and laundry. Many household amenities. :) Build a fire in or outdoors. Across street from  • tennis courts, soccer field, baseball field and elementary school  • Newly opened community center w/pool: (URL HIDDEN) Less than 5 minute walk to  • major bus lines • A Safeway w/ gas station, Saars, Rite Aid, etc. • Library • various middle eastern. Ethiopian & Mexican restaurants 10 minute walk to • light rail • Pritchard beach on Lake Washington  (URL HIDDEN)  • awesome bike trail 2 miles to Columbia City: (URL HIDDEN) 7 miles to downtown Seattle Continental breakfast provided.","2 bedroom home in a residential location.  Remodeled kitchen, living room with a fireplace, hardwood floors, full sized bath, and nice yard and full circle greenery. Basement has great space for hobby work and laundry. Many household amenities. :)  2 bedroom home in a residential location.  Remodeled kitchen, living room with a fireplace, hardwood floors, full sized bath, and nice yard and full circle greenery. Basement has great space for hobby work and laundry. Many household amenities. :) Build a fire in or outdoors. Across street from  • tennis courts, soccer field, baseball field and elementary school  • Newly opened community center w/pool: (URL HIDDEN) Less than 5 minute walk to  • major bus lines • A Safeway w/ gas station, Saars, Rite Aid, etc. • Library • various middle eastern. Ethiopian & Mexican restaurants 10 minute walk to • light rail • Pritchard beach on Lake Washington  (URL HIDDEN)  • awesome bike trail 2 miles to Columbia City: (URL HIDDEN) 7 miles to downtown Seatt",none,,,The light rail is .4 miles away making it a quick easy trip to and from the airport and to downtown Seattle. There are many bus routes as well to take you everywhere you need to go when without a car. :),https://a2.muscache.com/ac/pictures/26255969/027a7cd9_original.jpg?interpolation=lanczos-none&size=small&output-format=jpg&output-quality=70,https://a2.muscache.com/im/pictures/26255969/027a7cd9_original.jpg?aki_policy=medium,https://a2.muscache.com/ac/pictures/26255969/027a7cd9_original.jpg?interpolation=lanczos-none&size=large_cover&output-format=jpg&output-quality=70,https://a2.muscache.com/ac/pictures/26255969/027a7cd9_original.jpg?interpolation=lanczos-none&size=x_large_cover&output-format=jpg&output-quality=70,3302799,https://www.airbnb.com/users/show/3302799,Janette,2012-08-18,"Seattle, Washington, United States","I like people, travel, learning new languages, cooking, dancing, sharing great stories i.e. living! I am like my mother, I love to create a wonderful space for people to enjoy my home, yet, like her, I don't have the husband and 5 children to share it with, so let me have you as my guest. :) I have traveled now 5 times using airbnb and have been very pleased so now with my kitchen remodel, I am ready to give it a go!",,,,f,"https://a1.muscache.com/ac/users/3302799/profile_pic/1345347838/original.jpg?interpolation=lanczos-none&crop=w:w;*,*&crop=h:h;*,*&resize=50:*&output-format=jpg&output-quality=70","https://a1.muscache.com/ac/users/3302799/profile_pic/1345347838/original.jpg?interpolation=lanczos-none&crop=w:w;*,*&crop=h:h;*,*&resize=225:*&output-format=jpg&output-quality=70",Dunlap,1.0,1.0,"['email', 'phone', 'facebook']",t,f,"South Cloverdale Street, Seattle, WA 98118, United States",Dunlap,Dunlap,Rainier Valley,Seattle,WA,98118,Seattle,"Seattle, WA",US,United States,47.52673959714216,-122.2747998752735,t,House,Private room,4,1.0,1.0,1.0,Real Bed,"{Internet,""Wireless Internet"",Kitchen,""Free Parking on Premises"",Gym,Breakfast,""Indoor Fireplace"",Heating,""Family/Kid Friendly"",Washer,Dryer,""Smoke Detector"",""Carbon Monoxide Detector"",""First Aid Kit"",""Fire Extinguisher"",Essentials,Shampoo}",,$150.00,$825.00,"$2,950.00",$250.00,$50.00,4,$20.00,2,180,today,t,30,60,90,364,2016-01-04,0,,,,,,,,,,f,,WASHINGTON,f,flexible,f,f,1,
8006745,https://www.airbnb.com/rooms/8006745,20160104002432,2016-01-04,South Seattle Urban Farmhouse-,"Beautifully restored, open-concept home, located less than a block from Lake Washington.  A longer term rental for people wanting to truly feel ""at home"" in the city, with a large backyard, garden, tree swing, and even chickens, so you can start your morning with farm fresh eggs.  Features fully stocked kitchen, large office, and two full baths. While currently set to accommodate two adults and a young child, convertible to an ""adult household"" as needed, with one queen and one full size bed.","We are renting our house while working abroad for a few months. So, our family (who lives in the neighborhood) will be chipping in to make sure you feel at home and have everything you need during your stay. We look forward to sharing our home with you!","Beautifully restored, open-concept home, located less than a block from Lake Washington.  A longer term rental for people wanting to truly feel ""at home"" in the city, with a large backyard, garden, tree swing, and even chickens, so you can start your morning with farm fresh eggs.  Features fully stocked kitchen, large office, and two full baths. While currently set to accommodate two adults and a young child, convertible to an ""adult household"" as needed, with one queen and one full size bed. We are renting our house while working abroad for a few months. So, our family (who lives in the neighborhood) will be chipping in to make sure you feel at home and have everything you need during your stay. We look forward to sharing our home with you! This is a fantastic, and pretty darn quiet, neighborhood with great beach access! Great access to Columbia City, or even more locally, a coffee shop and bar, within walking distance. The #7 bus is walking distance from the house, while the Othello ",none,"This is a fantastic, and pretty darn quiet, neighborhood with great beach access! Great access to Columbia City, or even more locally, a coffee shop and bar, within walking distance.","Please note that while the house is currently set up as a ""kid friendly home"", we can remove most of the kid items to make it more adult friendly. Just let us know what your needs are, and we can accommodate accordingly.","The #7 bus is walking distance from the house, while the Othello Light Rail stop has easy street parking, allowing for quick access to downtown.",https://a0.muscache.com/ac/pictures/102049961/bddd5a2b_original.jpg?interpolation=lanczos-none&size=small&output-format=jpg&output-quality=70,https://a0.muscache.com/im/pictures/102049961/bddd5a2b_original.jpg?aki_policy=medium,https://a0.muscache.com/ac/pictures/102049961/bddd5a2b_original.jpg?interpolation=lanczos-none&size=large_cover&output-format=jpg&output-quality=70,https://a0.muscache.com/ac/pictures/102049961/bddd5a2b_original.jpg?interpolation=lanczos-none&size=x_large_cover&output-format=jpg&output-quality=70,42273230,https://www.airbnb.com/users/show/42273230,Madeleine,2015-08-23,"Seattle, Washington, United States",,within a day,100%,100%,f,"https://a0.muscache.com/ac/users/42273230/profile_pic/1440338526/original.jpg?interpolation=lanczos-none&crop=w:w;*,*&crop=h:h;*,*&resize=50:*&output-format=jpg&output-quality=70","https://a0.muscache.com/ac/users/42273230/profile_pic/1440338526/original.jpg?interpolation=lanczos-none&crop=w:w;*,*&crop=h:h;*,*&resize=225:*&output-format=jpg&output-quality=70",Seward Park,1.0,1.0,"['email', 'phone', 'facebook', 'reviews', 'kba']",t,t,"South Grattan Street, Seattle, WA 98118, United States",Seward Park,Dunlap,Rainier Valley,Seattle,WA,98118,Seattle,"Seattle, WA",US,United States,47.52765189488406,-122.26596615370003,t,House,Entire home/apt,4,2.0,3.0,2.0,Real Bed,"{""Wireless Internet"",Kitchen,""Free Parking on Premises"",""Pets Allowed"",Heating,""Family/Kid Friendly"",Washer,Dryer,""Smoke Detector"",""Fire Extinguisher"",Essentials,Shampoo}",,$65.00,$450.00,"$1,800.00",,$45.00,1,$0.00,7,60,3 months ago,t,1,1,1,3,2016-01-04,3,2015-12-01,2015-12-26,100.0,10.0,10.0,10.0,10.0,10.0,10.0,f,,WASHINGTON,f,moderate,f,f,1,2.57
7013085,https://www.airbnb.com/rooms/7013085,20160104002432,2016-01-04,Uncommon Abode close to downtown,"2 comfy bedrooms in a house that's out of the ordinary but not out of the way.  Adorned with theatrical props, art and oddities, our space is a fun place to  stay.  15 min from downtown Seattle by car or light rail.  Mobile office space & full bath.","We have a great space filled with quirky decor, theatrical props, a few artistic nudes, museum pieces, Rochester the Badger, and other various and sundry curious items we've been collecting.   Our location is great too.   It's about 15 minutes from downtown by car but we are also only two blocks from the light rail station which means getting to the city on public transportation takes almost the same amount of time.  Plus that makes it easy to get to and from the airport.","2 comfy bedrooms in a house that's out of the ordinary but not out of the way.  Adorned with theatrical props, art and oddities, our space is a fun place to  stay.  15 min from downtown Seattle by car or light rail.  Mobile office space & full bath. We have a great space filled with quirky decor, theatrical props, a few artistic nudes, museum pieces, Rochester the Badger, and other various and sundry curious items we've been collecting.   Our location is great too.   It's about 15 minutes from downtown by car but we are also only two blocks from the light rail station which means getting to the city on public transportation takes almost the same amount of time.  Plus that makes it easy to get to and from the airport. This is a two story building and you have the run of the entire upstairs, which includes a spacious living room, full kitchen, full bath, and laundry.  You can also use the back yard if you have a dog and want to play fetch or something (Just clean up after the dog please)",none,,,"While it's easy to get anywhere from here in a car, the light rail service from here is amazing.  You can get right into the heart of the city very easily... and without having to pay for parking when you get there!",https://a2.muscache.com/ac/pictures/c97009c1-56bf-4920-9e2f-d77d272b11dc.jpg?interpolation=lanczos-none&size=small&output-format=jpg&output-quality=70,https://a2.muscache.com/im/pictures/c97009c1-56bf-4920-9e2f-d77d272b11dc.jpg?aki_policy=medium,https://a2.muscache.com/ac/pictures/c97009c1-56bf-4920-9e2f-d77d272b11dc.jpg?interpolation=lanczos-none&size=large_cover&output-format=jpg&output-quality=70,https://a2.muscache.com/ac/pictures/c97009c1-56bf-4920-9e2f-d77d272b11dc.jpg?interpolation=lanczos-none&size=x_large_cover&output-format=jpg&output-quality=70,33923879,https://www.airbnb.com/users/show/33923879,Dane & Alanna,2015-05-21,"Seattle, Washington, United States","We are a fun couple, (late 30's) with a friendly dog.    
He's a performer and Sex Educator.  She works in Development.
Open minded couple... love all kinds of people.  

  ",within an hour,100%,100%,f,"https://a2.muscache.com/ac/users/33923879/profile_pic/1435353834/original.jpg?interpolation=lanczos-none&crop=w:w;*,*&crop=h:h;*,*&resize=50:*&output-format=jpg&output-quality=70","https://a2.muscache.com/ac/users/33923879/profile_pic/1435353834/original.jpg?interpolation=lanczos-none&crop=w:w;*,*&crop=h:h;*,*&resize=225:*&output-format=jpg&output-quality=70",Dunlap,4.0,4.0,"['email', 'phone', 'reviews', 'jumio']",t,t,"44th Avenue South, Seattle, WA 98118, United States",Dunlap,Dunlap,Rainier Valley,Seattle,WA,98118,Seattle,"Seattle, WA",US,United States,47.52764508845274,-122.27740239464651,t,House,Entire home/apt,4,1.0,2.0,2.0,Real Bed,"{TV,Internet,""Wireless Internet"",Kitchen,""Free Parking on Premises"",Heating,Washer,Dryer,""Smoke Detector"",""Carbon Monoxide Detector"",Essentials,Shampoo}",,$99.00,$512.00,"$1,806.00",,$17.00,4,$25.00,1,1125,today,t,7,37,67,342,2016-01-04,47,2015-07-01,2016-01-03,90.0,10.0,10.0,10.0,10.0,8.0,9.0,f,,WASHINGTON,f,moderate,f,f,4,7.5
6546748,https://www.airbnb.com/rooms/6546748,20160104002432,2016-01-04,Lake Washington Waterfront Home,"The Hammer Manor is a beautiful Lake Washington waterfront home. The perfect destination for a private get away. Located on historic Pritchard Island, this is a perfect place to relax and have fun on the waters edge,  A warm cozy year round get away.",Luxury three bedroom three bath home with spectacular views of Lake Washington. Entire house excluding the basement and one small office space that is locked off.,"The Hammer Manor is a beautiful Lake Washington waterfront home. The perfect destination for a private get away. Located on historic Pritchard Island, this is a perfect place to relax and have fun on the waters edge,  A warm cozy year round get away. Luxury three bedroom three bath home with spectacular views of Lake Washington. Entire house excluding the basement and one small office space that is locked off. Main house (not including basement), backyard, front yard, lake, hot tub  and dock access. Smaller cottage down by the lake not included. Owners of the property may be staying in the basement apartment  or the Guest Cottage.  The yards are shared spaces. The Hammer Manor is located the center of Pritchard Island Community, a private and quiet neighborhood in South Seattle. Only 20 minutes away from downtown Seattle. Close to the Light Rail, a street car that goes directly downtown. Both 405 and 5 freeways are close by as well.",none,"The Hammer Manor is located the center of Pritchard Island Community, a private and quiet neighborhood in South Seattle.",,"Only 20 minutes away from downtown Seattle. Close to the Light Rail, a street car that goes directly downtown. Both 405 and 5 freeways are close by as well.",https://a1.muscache.com/ac/pictures/82393750/f58c8775_original.jpg?interpolation=lanczos-none&size=small&output-format=jpg&output-quality=70,https://a1.muscache.com/im/pictures/82393750/f58c8775_original.jpg?aki_policy=medium,https://a1.muscache.com/ac/pictures/82393750/f58c8775_original.jpg?interpolation=lanczos-none&size=large_cover&output-format=jpg&output-quality=70,https://a1.muscache.com/ac/pictures/82393750/f58c8775_original.jpg?interpolation=lanczos-none&size=x_large_cover&output-format=jpg&output-quality=70,29934463,https://www.airbnb.com/users/show/29934463,Roger W,2015-03-24,"Seattle, Washington, United States","I was born in Hollywood and grew up in Southern California. I graduated from the University of Washington in 1970 and went into the US Navy where  I flew during the Vietnam war and thru-out South East Asia until 1976.    I have been an  airline pilot for Hawaiian Airlines for the past 30 yrs and retired a year ago. My wife Margie and I spend a lot of time in LaPaz Mexico these days. I have had a lot of just dumb luck in my life and have always thought that if you are not having fun in life, it is probably your own damn fault.",within a day,100%,100%,f,"https://a1.muscache.com/ac/users/29934463/profile_pic/1432626905/original.jpg?interpolation=lanczos-none&crop=w:w;*,*&crop=h:h;*,*&resize=50:*&output-format=jpg&output-quality=70","https://a1.muscache.com/ac/users/29934463/profile_pic/1432626905/original.jpg?interpolation=lanczos-none&crop=w:w;*,*&crop=h:h;*,*&resize=225:*&output-format=jpg&output-quality=70",,2.0,2.0,"['email', 'phone', 'facebook', 'google', 'reviews']",t,f,"Island Drive South, Seattle, WA 98118, United States",,Dunlap,Rainier Valley,Seattle,WA,98118,Seattle,"Seattle, WA",US,United States,47.52456532560882,-122.26091882202796,t,House,Entire home/apt,6,3.0,3.0,3.0,Real Bed,"{TV,""Cable TV"",Internet,""Wireless Internet"",""Air Conditioning"",""Wheelchair Accessible"",Kitchen,""Free Parking on Premises"",""Hot Tub"",""Indoor Fireplace"",""Buzzer/Wireless Intercom"",Heating,""Family/Kid Friendly"",""Suitable for Events"",Washer,Dryer,""Smoke Detector"",""Carbon Monoxide Detector"",""First Aid Kit"",""Fire Extinguisher"",Essentials,Shampoo}",,$295.00,"$2,500.00","$9,000.00",,$250.00,6,$50.00,2,1125,today,t,13,43,73,345,2016-01-04,7,2015-06-07,2015-12-01,100.0,9.0,9.0,10.0,9.0,9.0,10.0,f,,WASHINGTON,f,moderate,f,f,1,0.99
4526737,https://www.airbnb.com/rooms/4526737,20160104002432,2016-01-04,Quiet retreat by waterfront park,"Clean, quiet, fully equipped, 700 square foot one bedroom apartment in Seward Park/Rainier Beach/Renton neighborhood of Seattle. Self-contained apartment, separate entrance, washer/dryer and outdoor patio.  Modern and clean, next to waterfront park.","The apartment is quiet and private with one bedroom and bathroom, queen size bed, leather couch and plenty of on-street parking.  Great outside space, large table and chairs for entertaining guests on an outdoor patio.","Clean, quiet, fully equipped, 700 square foot one bedroom apartment in Seward Park/Rainier Beach/Renton neighborhood of Seattle. Self-contained apartment, separate entrance, washer/dryer and outdoor patio.  Modern and clean, next to waterfront park. The apartment is quiet and private with one bedroom and bathroom, queen size bed, leather couch and plenty of on-street parking.  Great outside space, large table and chairs for entertaining guests on an outdoor patio. This is a fully furnished apartment with private entrance.  Washer, Dryer, large TV and wi-fi, and cable along with a fully equipped kitchen are all readily accessible to our guests.   We live in the house so look forward to welcoming you to Seattle and getting you situated for a short or long stay.   We live at the end of dead end street that abuts a City park called ""Pritchard Beach Park.""  You can walk out your front door and be at the waterfront in two minutes!  Your apartment is quiet with an outdoor space all your own. ",none,"We live at the end of dead end street that abuts a City park called ""Pritchard Beach Park.""  You can walk out your front door and be at the waterfront in two minutes!  Your apartment is quiet with an outdoor space all your own.  Columbia City with its hip restaurants, Farmers Market and evening jazz clubs is 10 minutes down the road. Pike Place market and the University of Washington are 20 minutes away.   The Boeing plan in Renton and the Museum of Flight is only 15 minutes away and the Landing in Renton is a great place to shop and eat anytime of the day.","Our him is next door to another house on AirB&B - also with an Island Drive address.  The other home is very large and available for weddings, retreats and events.  If you want to join the event but want your own quiet place to come home to...come to our place!",The Rainier Beach Sound Transit link light rail is a 20 minute walk from your apartment to the station.  You can get downtown or to Sea Tac airport in 20 minutes by car.  ,https://a1.muscache.com/ac/pictures/70093816/188b5430_original.jpg?interpolation=lanczos-none&size=small&output-format=jpg&output-quality=70,https://a1.muscache.com/im/pictures/70093816/188b5430_original.jpg?aki_policy=medium,https://a1.muscache.com/ac/pictures/70093816/188b5430_original.jpg?interpolation=lanczos-none&size=large_cover&output-format=jpg&output-quality=70,https://a1.muscache.com/ac/pictures/70093816/188b5430_original.jpg?interpolation=lanczos-none&size=x_large_cover&output-format=jpg&output-quality=70,23315402,https://www.airbnb.com/users/show/23315402,Theresa And Joe,2014-11-03,"Seattle, Washington, United States","Joe is retired and works full time around our beautiful new house while Theresa continues to enjoy her work at the University of Washington.  We have two grown sons and one cute little Corgi. We enjoy great food and wine, dinner and drinks with friends, traveling in Europe, skiing, biking and hiking in the gorgeous Pacific Northwest.  We love meeting new people and look forward to meeting you!  ",within an hour,100%,100%,t,"https://a2.muscache.com/ac/users/23315402/profile_pic/1415413839/original.jpg?interpolation=lanczos-none&crop=w:w;*,*&crop=h:h;*,*&resize=50:*&output-format=jpg&output-quality=70","https://a2.muscache.com/ac/users/23315402/profile_pic/1415413839/original.jpg?interpolation=lanczos-none&crop=w:w;*,*&crop=h:h;*,*&resize=225:*&output-format=jpg&output-quality=70",Dunlap,1.0,1.0,"['email', 'phone', 'google', 'reviews', 'kba']",t,t,"Island Drive South, Seattle, WA 98118, United States",Dunlap,Dunlap,Rainier Valley,Seattle,WA,98118,Seattle,"Seattle, WA",US,United States,47.52749353583138,-122.26095748026836,t,Apartment,Entire home/apt,2,1.0,1.0,1.0,Real Bed,"{TV,""Cable TV"",Internet,""Wireless Internet"",Kitchen,""Free Parking on Premises"",""Pets live on this property"",Dog(s),Heating,Washer,Dryer,""Smoke Detector"",""Carbon Monoxide Detector"",Essentials,Shampoo}",,$95.00,$650.00,"$2,300.00",$250.00,$50.00,1,$0.00,2,1125,yesterday,t,4,34,62,186,2016-01-04,15,2015-05-31,2015-12-07,100.0,10.0,10.0,10.0,10.0,10.0,10.0,f,,WASHINGTON,f,strict,f,f,1,2.05
3335,https://www.airbnb.com/rooms/3335,20160104002432,2016-01-04,Sweet Seattle Urban Homestead 2 Bdr,Welcome! If you stay here you will be living in a light filled two bedroom upper and ground level apartment (in a two apartment home). During your stay you will be welcome to share in our fresh eggs from the chickens and garden produce in season!,"Welcome!  Come enjoy your time in Seattle at a lovely urban farmstead.  There are two bedrooms each with a queen bed, full bath, living room and kitchen with wood floors throughout.  During your stay you will be welcome to eat fresh eggs from the chickens and possibly fruit/veggies from the garden if you are in luck!   We are family friendly and have a down to earth atmosphere.  There is a large covered back porch and grill for hanging out especially in summer and a treehouse for up in the trees hammock time! Walking distance to Othello Light Rail Station for easy access to downtown.  Also nearby is the fantastic Seward Park and the Kubota Gardens for outdoorsy loveliness.  New last year is out beautiful Rainier Beach indoor swimming pool complete with corkscrew slide, lazy river, jacuzzi, and sauna!","Welcome! If you stay here you will be living in a light filled two bedroom upper and ground level apartment (in a two apartment home). During your stay you will be welcome to share in our fresh eggs from the chickens and garden produce in season! Welcome!  Come enjoy your time in Seattle at a lovely urban farmstead.  There are two bedrooms each with a queen bed, full bath, living room and kitchen with wood floors throughout.  During your stay you will be welcome to eat fresh eggs from the chickens and possibly fruit/veggies from the garden if you are in luck!   We are family friendly and have a down to earth atmosphere.  There is a large covered back porch and grill for hanging out especially in summer and a treehouse for up in the trees hammock time! Walking distance to Othello Light Rail Station for easy access to downtown.  Also nearby is the fantastic Seward Park and the Kubota Gardens for outdoorsy loveliness.  New last year is out beautiful Rainier Beach indoor swimming pool comp",none,This is a very diverse neighborhood with a variety of ethnic food options and near several wonderful parks.  The Rainier Beach Community Center's new pool is awesome and we are easy access to the hip Columbia City retail core.,We are an urban farmy oasis and invite you to participate in both the fruits and the labors especially if you have joined us for a longterm stay.,"Light rail is walking distance, bus lines are a couple blocks away, and you are welcome to borrow a bike as well.  Easy access to Seatac Airport on light rail too.",https://a1.muscache.com/ac/pictures/76027692/e0fbd0fd_original.jpg?interpolation=lanczos-none&size=small&output-format=jpg&output-quality=70,https://a1.muscache.com/im/pictures/76027692/e0fbd0fd_original.jpg?aki_policy=medium,https://a1.muscache.com/ac/pictures/76027692/e0fbd0fd_original.jpg?interpolation=lanczos-none&size=large_cover&output-format=jpg&output-quality=70,https://a1.muscache.com/ac/pictures/76027692/e0fbd0fd_original.jpg?interpolation=lanczos-none&size=x_large_cover&output-format=jpg&output-quality=70,4193,https://www.airbnb.com/users/show/4193,Jessica,2008-11-10,"Seattle, Washington, United States","Hello!  I am an avid gardener, community organizer, bike tourer, kayaker, and small business owner.  I am curious about the world and I love to share my beautiful urban homestead in the diverse southend of Seattle with fellow travelers.",within a few hours,88%,100%,f,"https://a2.muscache.com/ac/users/4193/profile_pic/1259096088/original.jpg?interpolation=lanczos-none&crop=w:w;*,*&crop=h:h;*,*&resize=50:*&output-format=jpg&output-quality=70","https://a2.muscache.com/ac/users/4193/profile_pic/1259096088/original.jpg?interpolation=lanczos-none&crop=w:w;*,*&crop=h:h;*,*&resize=225:*&output-format=jpg&output-quality=70",Dunlap,4.0,4.0,"['email', 'phone', 'facebook', 'reviews', 'kba']",t,t,"44th Place South, Seattle, WA 98118, United States",Dunlap,Dunlap,Rainier Valley,Seattle,WA,98118,Seattle,"Seattle, WA",US,United States,47.52984647440817,-122.275839521958,t,,Entire home/apt,4,1.0,2.0,2.0,Real Bed,"{""Wireless Internet"",Kitchen,""Free Parking on Premises"",""Pets live on this property"",Dog(s),""Other pet(s)"",""Indoor Fireplace"",Heating,""Family/Kid Friendly"",Washer,Dryer,""Smoke Detector"",""First Aid Kit""}",,$120.00,$550.00,"$1,600.00",$200.00,$75.00,2,$10.00,2,730,3 months ago,t,0,4,34,309,2016-01-04,0,,,,,,,,,,f,,WASHINGTON,f,strict,f,f,4,
4735761,https://www.airbnb.com/rooms/4735761,20160104002432,2016-01-04,Comfy bunkbed 2 close to lightrail!,Welcome! Our house is a 2 bedroom 1 bathroom apartment in Rainier Beach one block from the light rail station 30 mins from downtown Seattle. My girlfriend and I are super chill and friendly and excited for your visit to Seattle. We are 420 friendly only thanks!,"Our spare bedroom is cozy and comfortable and retrofitted with a walk in closet and a recliner for any of you readers to relax in and enjoy during your visit. While we search for the best and most comfortable bunk beds to furnish the room with we are offering a brand new blow up mattress for our guests. We have fresh sheets and all of your toiletry needs for your stay with us! I am self employed so I am usually at home working on my tablet and can answer any and all questions about the city. My favorite spots usually include places with a good view and great happy hour prices that will knock your socks off! Speaking of socks, please feel free to make yourself at home and enjoy any of our shared living areas at your convenience. We just got a new tv, Nintendo 64 and have an Xbox 360 and Xbox one so feel free to bring your games and controllers and game on! Our home is located only 1 block from the light rail station and 3 blocks to Lake Washington so if you like nature like we do make s","Welcome! Our house is a 2 bedroom 1 bathroom apartment in Rainier Beach one block from the light rail station 30 mins from downtown Seattle. My girlfriend and I are super chill and friendly and excited for your visit to Seattle. We are 420 friendly only thanks! Our spare bedroom is cozy and comfortable and retrofitted with a walk in closet and a recliner for any of you readers to relax in and enjoy during your visit. While we search for the best and most comfortable bunk beds to furnish the room with we are offering a brand new blow up mattress for our guests. We have fresh sheets and all of your toiletry needs for your stay with us! I am self employed so I am usually at home working on my tablet and can answer any and all questions about the city. My favorite spots usually include places with a good view and great happy hour prices that will knock your socks off! Speaking of socks, please feel free to make yourself at home and enjoy any of our shared living areas at your convenience. ",none,We live about 3 blocks from Lake Washington so any visitors in the summer are in for quite a treat. Right now we have leaves changing colors with the seasons and they're just breathe taking. The light rail is only 1.5 blocks away from our house which is a direct line to the airport and downtown Seattle.,"Take the light rail until you get to Rainier Beach station, we are only 2 stops from Sea-Tac as well.",Seattle Sound Transit Light Rail or the Metro bus number 7 or 8 to get downtown. The light rail is the most concise and quickest to downtown. For only $2.75 it's quite the frugal expense for transportation.,https://a2.muscache.com/ac/pictures/105351620/966377cc_original.jpg?interpolation=lanczos-none&size=small&output-format=jpg&output-quality=70,https://a2.muscache.com/im/pictures/105351620/966377cc_original.jpg?aki_policy=medium,https://a2.muscache.com/ac/pictures/105351620/966377cc_original.jpg?interpolation=lanczos-none&size=large_cover&output-format=jpg&output-quality=70,https://a2.muscache.com/ac/pictures/105351620/966377cc_original.jpg?interpolation=lanczos-none&size=x_large_cover&output-format=jpg&output-quality=70,14316158,https://www.airbnb.com/users/show/14316158,Skyler,2014-04-15,"Seattle, Washington, United States","Aloha! I'm Skyler, I am an entrepreneur and inventor. I love writing poetry on the beach with my typewriter out at Alki Beach whenever the weather permits. I have a clothing company called BE THE CHANGE. My mantra is whether you buy any of my products or not, I want you to BE THE CHANGE you want to see in the world. We donate 20% of our profits to education and are overall a movement of inspiration and proactive change. 

I love AirBnB because it allows me the opportunity to meet new people and support local as well. Not to mention the beautiful accommodations that are provided. 

I love to travel and dance, I once taught a dance class in Hawaii, it was a blues fushion class that was awesome! 



",within an hour,100%,100%,f,"https://a2.muscache.com/ac/users/14316158/profile_pic/1438802875/original.jpg?interpolation=lanczos-none&crop=w:w;*,*&crop=h:h;*,*&resize=50:*&output-format=jpg&output-quality=70","https://a2.muscache.com/ac/users/14316158/profile_pic/1438802875/original.jpg?interpolation=lanczos-none&crop=w:w;*,*&crop=h:h;*,*&resize=225:*&output-format=jpg&output-quality=70",Dunlap,2.0,2.0,"['email', 'phone', 'facebook', 'reviews', 'kba']",t,t,"South Henderson Street, Seattle, WA 98118, United States",Dunlap,Dunlap,Rainier Valley,Seattle,WA,98118,Seattle,"Seattle, WA",US,United States,47.52413532538486,-122.27597636170242,t,Apartment,Shared room,4,1.0,1.0,1.0,Couch,"{TV,Internet,""Wireless Internet"",""Air Conditioning"",""Wheelchair Accessible"",Kitchen,""Free Parking on Premises"",Breakfast,Heating,Washer,Dryer,""Smoke Detector"",""Carbon Monoxide Detector"",""First Aid Kit"",Essentials,Shampoo}",,$45.00,$300.00,,,,1,$25.00,1,1,3 months ago,t,30,60,90,365,2016-01-04,7,2015-04-19,2015-09-27,94.0,9.0,8.0,10.0,9.0,9.0,9.0,f,,WASHINGTON,f,flexible,f,f,2,0.8
1672979,https://www.airbnb.com/rooms/1672979,20160104002432,2016-01-04,Comfy Home Near Seward Park Seattle,"Our nice, comfortable, quiet, recently remodeled, and very well located. Very close to airport (12 min drive), 7 miles to downtown Seattle and stadiums, 8 miles to the famous Capitol Hill & Seattle University. Easy access to light rail (4 blocks)","Please read the space description carefully: you are renting one private bedroom with one private full bathroom; we allow our guests to use the kitchen and living room area as well. Me (Heather) and Jorge will be at the house at the same time, but we always try to give our guests as much privacy and space as we can, to make your stay even more enjoyable. There are several marathons and triathlons at Seward Park, 1.5 miles from our house, also it is perfect for a run, swim, cycling, and short hike around the island. Heather is a licensed massage therapist and she offers massages if you would like one during your stay. Please let us know if you are interested in booking an appointment in advance. Heather offers relaxation, deep tissue, and sports massage.","Our nice, comfortable, quiet, recently remodeled, and very well located. Very close to airport (12 min drive), 7 miles to downtown Seattle and stadiums, 8 miles to the famous Capitol Hill & Seattle University. Easy access to light rail (4 blocks) Please read the space description carefully: you are renting one private bedroom with one private full bathroom; we allow our guests to use the kitchen and living room area as well. Me (Heather) and Jorge will be at the house at the same time, but we always try to give our guests as much privacy and space as we can, to make your stay even more enjoyable. There are several marathons and triathlons at Seward Park, 1.5 miles from our house, also it is perfect for a run, swim, cycling, and short hike around the island. Heather is a licensed massage therapist and she offers massages if you would like one during your stay. Please let us know if you are interested in booking an appointment in advance. Heather offers relaxation, deep tissue, and sport",none,5 minute walk to Lake Washington and  parks.  5 minute walk to brand new community center with pool and gym Cute Columbia City neighborhood 3 miles away- shops and yummy restaurants & bakery,"Jorge and I have had wonderful experiences traveling and using airbnb, we are excited to have guests and make your stay in Seattle enjoyable and relaxing in a home environment. ","Bus # 7,9,106 & 8 - go to capitol hill and downtown, 4 blocks away to light rail (0.75 mile). Quick access to I-90 and I-5",https://a1.muscache.com/ac/pictures/53977210/f9f9443f_original.jpg?interpolation=lanczos-none&size=small&output-format=jpg&output-quality=70,https://a1.muscache.com/im/pictures/53977210/f9f9443f_original.jpg?aki_policy=medium,https://a1.muscache.com/ac/pictures/53977210/f9f9443f_original.jpg?interpolation=lanczos-none&size=large_cover&output-format=jpg&output-quality=70,https://a1.muscache.com/ac/pictures/53977210/f9f9443f_original.jpg?interpolation=lanczos-none&size=x_large_cover&output-format=jpg&output-quality=70,2537803,https://www.airbnb.com/users/show/2537803,Heather,2012-06-03,"Seattle, Washington, United States"," Hello! My name is Heather and I am originally from Helena, Montana. I attended nursing school at Seattle U and have lived in Seattle on and off for 15 years. I lived abroad In Italy and Spain. I work as a RN and Massage therapist. 
  In my free time, I enjoy training for triathlons, cooking and spending time with friends and family. I am currently studying Spanish and hoping to have a big garden next summer. Jorge and I have had wonderful experiences staying with airbnb on our travels for marathons and triathlons. We are looking forward to being hosts and making your time in Seattle a relaxing and memorable one.
 I have a massage studio at home if interested in a massage during your stay let me know.
 Look forward to hearing from you =-)  Have a wonderful day! reachable by phone and email",,,,f,"https://a2.muscache.com/ac/users/2537803/profile_pic/1434676236/original.jpg?interpolation=lanczos-none&crop=w:w;*,*&crop=h:h;*,*&resize=50:*&output-format=jpg&output-quality=70","https://a2.muscache.com/ac/users/2537803/profile_pic/1434676236/original.jpg?interpolation=lanczos-none&crop=w:w;*,*&crop=h:h;*,*&resize=225:*&output-format=jpg&output-quality=70",Dunlap,1.0,1.0,"['email', 'phone', 'facebook', 'reviews', 'kba']",t,t,"Wolcott Avenue South, Seattle, WA 98118, United States",Dunlap,Dunlap,Rainier Valley,Seattle,WA,98118,Seattle,"Seattle, WA",US,United States,47.527510638387646,-122.26662779892445,t,House,Private room,2,2.0,1.0,1.0,Real Bed,"{TV,""Cable TV"",Internet,""Wireless Internet"",""Air Conditioning"",Kitchen,""Free Parking on Premises"",Breakfast,""Pets live on this property"",Cat(s),""Indoor Fireplace"",Heating,""Family/Kid Friendly"",""Smoke Detector"",""Carbon Monoxide Detector"",""First Aid Kit"",""Fire Extinguisher"",Essentials,Shampoo}",,$68.00,$450.00,,,$30.00,2,$0.00,2,30,3 months ago,t,30,60,90,365,2016-01-04,18,2013-12-10,2015-08-17,96.0,9.0,9.0,10.0,10.0,8.0,10.0,f,,WASHINGTON,f,flexible,f,f,1,0.71
7388899,https://www.airbnb.com/rooms/7388899,20160104002432,2016-01-04,Warm Urban Charmer--Double Bed Room,"This room is perfect for friends or colleagues traveling together.  It features two (2) twin beds, closet,  a dresser and a comfortable sofa chair with ottoman.   Settle in, catch the bus just steps from your door and explore Seattle!",,"This room is perfect for friends or colleagues traveling together.  It features two (2) twin beds, closet,  a dresser and a comfortable sofa chair with ottoman.   Settle in, catch the bus just steps from your door and explore Seattle!",none,,,,https://a0.muscache.com/ac/pictures/93748926/c34a0e01_original.jpg?interpolation=lanczos-none&size=small&output-format=jpg&output-quality=70,https://a0.muscache.com/im/pictures/93748926/c34a0e01_original.jpg?aki_policy=medium,https://a0.muscache.com/ac/pictures/93748926/c34a0e01_original.jpg?interpolation=lanczos-none&size=large_cover&output-format=jpg&output-quality=70,https://a0.muscache.com/ac/pictures/93748926/c34a0e01_original.jpg?interpolation=lanczos-none&size=x_large_cover&output-format=jpg&output-quality=70,24302543,https://www.airbnb.com/users/show/24302543,Catherine,2014-11-29,US,"I am a professional caterer and hostess by nature.  My family roots lie in Louisiana where ""southern hospitality"" rules.  Over the years I have learned the customs and foods from my parents and grandparents. My favorites foods are Louisiana Creole Gumbo and my beloved Grandmother's Macaroni & Cheese and Lemon Sour Cream Poundcake. 

My goal is to provide a comfortable stay for those seeking accommodations in the Seattle and Tacoma areas.  ",within an hour,100%,100%,f,"https://a0.muscache.com/ac/users/24302543/profile_pic/1417316028/original.jpg?interpolation=lanczos-none&crop=w:w;*,*&crop=h:h;*,*&resize=50:*&output-format=jpg&output-quality=70","https://a0.muscache.com/ac/users/24302543/profile_pic/1417316028/original.jpg?interpolation=lanczos-none&crop=w:w;*,*&crop=h:h;*,*&resize=225:*&output-format=jpg&output-quality=70",Rainier Beach,5.0,5.0,"['email', 'phone', 'reviews']",t,f,"51st Avenue South, Seattle, WA 98118, United States",Rainier Beach,Dunlap,Rainier Valley,Seattle,WA,98118,Seattle,"Seattle, WA",US,United States,47.51905405124624,-122.27041778578705,t,House,Private room,2,1.0,1.0,2.0,Real Bed,"{TV,""Wireless Internet"",Kitchen,""Free Parking on Premises"",Heating,""Smoke Detector"",""Carbon Monoxide Detector"",""Fire Extinguisher"",Essentials}",,$55.00,,,,,1,$0.00,1,1125,2 months ago,t,0,26,56,331,2016-01-04,14,2015-08-03,2015-10-19,93.0,9.0,9.0,9.0,9.0,8.0,9.0,f,,WASHINGTON,f,moderate,f,f,2,2.71
8052307,https://www.airbnb.com/rooms/8052307,20160104002432,2016-01-04,420 Cozy couch close to lightrail!,"Welcome to Seattle! We recently legalized recreational marijuana and that being said we offer a place where it's ok to enjoy your medicine while being conveniently located only 1 block from the light rail and 3 blocks to  Lake Washington, another good smoke spot with a view! It's a loveseat.","Seattle is the friendliest and richest city in the country! I love where we live, it's super close to the light rail which makes it extremely easy to navigate to downtown or the airport in under 20 minutes. We live in the very southwest corner of of Lake Washington so we have lots of parks within walking distance including Kubota Gardens and waterfront park. Seattle is very liberal and artsy so if you like a city built on community and working togetherness you'll love our community and city! The couch is comfy and accommodating however if it's not big enough for you we also have a blowup mattress we can setup for you and your stay. Thanks for choosing us for your accommodation needs!  Side note: The couch isn't a full couch it's a love-seat and is very small, if it is too small we have a blow up mattress available as well.","Welcome to Seattle! We recently legalized recreational marijuana and that being said we offer a place where it's ok to enjoy your medicine while being conveniently located only 1 block from the light rail and 3 blocks to  Lake Washington, another good smoke spot with a view! It's a loveseat. Seattle is the friendliest and richest city in the country! I love where we live, it's super close to the light rail which makes it extremely easy to navigate to downtown or the airport in under 20 minutes. We live in the very southwest corner of of Lake Washington so we have lots of parks within walking distance including Kubota Gardens and waterfront park. Seattle is very liberal and artsy so if you like a city built on community and working togetherness you'll love our community and city! The couch is comfy and accommodating however if it's not big enough for you we also have a blowup mattress we can setup for you and your stay. Thanks for choosing us for your accommodation needs!  Side note: Th",none,"Our community is quaint, kind and considerate! We have a lot of local businesses and grocery stores less than 1 or 2 blocks away from our home. You are sure to enjoy the sights and people you meet from our neighborhood!",Please call me when you arrive (phone number hidden),"From the airport take the Sound Transit light rail going Northbound 2 stops to Rainier Beach and from downtown Seattle take the light rail, bus 7, 8 or 106 to Rainier Beach going Southbound. We are walking distance to numerous bus stops and the light rail, probably the most convenient AirBnB location in the best area for the cheapest price.",https://a2.muscache.com/ac/pictures/105352473/e991b50c_original.jpg?interpolation=lanczos-none&size=small&output-format=jpg&output-quality=70,https://a2.muscache.com/im/pictures/105352473/e991b50c_original.jpg?aki_policy=medium,https://a2.muscache.com/ac/pictures/105352473/e991b50c_original.jpg?interpolation=lanczos-none&size=large_cover&output-format=jpg&output-quality=70,https://a2.muscache.com/ac/pictures/105352473/e991b50c_original.jpg?interpolation=lanczos-none&size=x_large_cover&output-format=jpg&output-quality=70,14316158,https://www.airbnb.com/users/show/14316158,Skyler,2014-04-15,"Seattle, Washington, United States","Aloha! I'm Skyler, I am an entrepreneur and inventor. I love writing poetry on the beach with my typewriter out at Alki Beach whenever the weather permits. I have a clothing company called BE THE CHANGE. My mantra is whether you buy any of my products or not, I want you to BE THE CHANGE you want to see in the world. We donate 20% of our profits to education and are overall a movement of inspiration and proactive change. 

I love AirBnB because it allows me the opportunity to meet new people and support local as well. Not to mention the beautiful accommodations that are provided. 

I love to travel and dance, I once taught a dance class in Hawaii, it was a blues fushion class that was awesome! 



",within an hour,100%,100%,f,"https://a2.muscache.com/ac/users/14316158/profile_pic/1438802875/original.jpg?interpolation=lanczos-none&crop=w:w;*,*&crop=h:h;*,*&resize=50:*&output-format=jpg&output-quality=70","https://a2.muscache.com/ac/users/14316158/profile_pic/1438802875/original.jpg?interpolation=lanczos-none&crop=w:w;*,*&crop=h:h;*,*&resize=225:*&output-format=jpg&output-quality=70",Dunlap,2.0,2.0,"['email', 'phone', 'facebook', 'reviews', 'kba']",t,t,"S Henderson St, Seattle, WA 98118, United States",,Dunlap,Rainier Valley,Seattle,WA,98118,Seattle,"Seattle, WA",US,United States,47.52283446089736,-122.27399223936912,f,Apartment,Shared room,2,1.0,1.0,1.0,Real Bed,"{TV,Internet,""Wireless Internet"",""Wheelchair Accessible"",Kitchen,""Free Parking on Premises"",Breakfast,Heating,Washer,Dryer,""Smoke Detector"",""Carbon Monoxide Detector"",""First Aid Kit"",""Safety Card"",Essentials,Shampoo}",,$40.00,,,,$5.00,1,$30.00,1,1125,3 months ago,t,30,60,90,365,2016-01-04,6,2015-08-28,2015-12-07,93.0,9.0,9.0,10.0,10.0,9.0,9.0,f,,WASHINGTON,f,flexible,f,f,2,1.38
9068366,https://www.airbnb.com/rooms/9068366,20160104002432,2016-01-04,Guest Room,Cozy guest room.  Near to light rail.  Tiki Cave Adjacent.,,Cozy guest room.  Near to light rail.  Tiki Cave Adjacent.,none,,,,https://a2.muscache.com/ac/pictures/0f6c9f11-6d37-4c71-92db-114ea1e23b04.jpg?interpolation=lanczos-none&size=small&output-format=jpg&output-quality=70,https://a2.muscache.com/im/pictures/0f6c9f11-6d37-4c71-92db-114ea1e23b04.jpg?aki_policy=medium,https://a2.muscache.com/ac/pictures/0f6c9f11-6d37-4c71-92db-114ea1e23b04.jpg?interpolation=lanczos-none&size=large_cover&output-format=jpg&output-quality=70,https://a2.muscache.com/ac/pictures/0f6c9f11-6d37-4c71-92db-114ea1e23b04.jpg?interpolation=lanczos-none&size=x_large_cover&output-format=jpg&output-quality=70,33923879,https://www.airbnb.com/users/show/33923879,Dane & Alanna,2015-05-21,"Seattle, Washington, United States","We are a fun couple, (late 30's) with a friendly dog.    
He's a performer and Sex Educator.  She works in Development.
Open minded couple... love all kinds of people.  

  ",within an hour,100%,100%,f,"https://a2.muscache.com/ac/users/33923879/profile_pic/1435353834/original.jpg?interpolation=lanczos-none&crop=w:w;*,*&crop=h:h;*,*&resize=50:*&output-format=jpg&output-quality=70","https://a2.muscache.com/ac/users/33923879/profile_pic/1435353834/original.jpg?interpolation=lanczos-none&crop=w:w;*,*&crop=h:h;*,*&resize=225:*&output-format=jpg&output-quality=70",Dunlap,4.0,4.0,"['email', 'phone', 'reviews', 'jumio']",t,t,"44th Avenue South, Seattle, WA 98118, United States",Dunlap,Dunlap,Rainier Valley,Seattle,WA,98118,Seattle,"Seattle, WA",US,United States,47.52731806106886,-122.27790909517137,t,House,Private room,2,1.0,1.0,1.0,Real Bed,"{TV,Internet,""Wireless Internet"",Kitchen,""Free Parking on Premises"",""Pets Allowed"",""Pets live on this property"",Dog(s),Heating,Washer,Dryer,""Fire Extinguisher"",Essentials,Shampoo}",,$36.00,,,,,1,$0.00,1,1125,2 months ago,t,0,0,0,46,2016-01-04,0,,,,,,,,,,f,,WASHINGTON,f,flexible,f,f,4,
6117473,https://www.airbnb.com/rooms/6117473,20160104002432,2016-01-04,Urban TREEHOUSE & Homestead,"This is an open air 20 x 10 treehouse platform with a queen size bed (with mosquito net).  You will share the main living spaces in the main house with the host and have access to all the fruits, veggies, and fresh chicken eggs grown on the property.","Welcome!  Come enjoy your time in Seattle at a lovely urban farmstead.    This is a hidden from view open air treehouse platform on the back of a homestead property in an urban neighborhood of south seattle.  You will not have 4 walls here, though it is quite hidden in the trees, so please be adventurous (and able to safely climb up and down a ship's ladder).  The bed is lovely, fits two and there is a mosquito net as needed.  There is an outdoor living room set up and rain canopy in the treehouse as well.  In Fall/Winter of 201 5 we will be adding a cabin for extended season use so come back again if open air is not your thing (right now we will be closing after September).  You also will have full access to the living spaces of the main house: full bath, living room and kitchen.  During your stay you will be welcome to eat fresh eggs from the chickens and possibly fruit/veggies from the garden if you are staying in season!  Your host tends to enjoy cooking breakfast for guests especi","This is an open air 20 x 10 treehouse platform with a queen size bed (with mosquito net).  You will share the main living spaces in the main house with the host and have access to all the fruits, veggies, and fresh chicken eggs grown on the property. Welcome!  Come enjoy your time in Seattle at a lovely urban farmstead.    This is a hidden from view open air treehouse platform on the back of a homestead property in an urban neighborhood of south seattle.  You will not have 4 walls here, though it is quite hidden in the trees, so please be adventurous (and able to safely climb up and down a ship's ladder).  The bed is lovely, fits two and there is a mosquito net as needed.  There is an outdoor living room set up and rain canopy in the treehouse as well.  In Fall/Winter of 201 5 we will be adding a cabin for extended season use so come back again if open air is not your thing (right now we will be closing after September).  You also will have full access to the living spaces of the main ",none,We have a very diverse and friendly neighborhood.  We are close to Kubota and Seward Parks - two amazing outdoor spots in the city.,If you are here for an extended stay we would love it if you would like to participate in the garden and chicken caretaking in some way.  Please ask! Also IMPORTANT: please give us a heads up on your arrival time so we can plan our day and be sure to be available to give you a quick tour and low down on things here when you arrive.,Easy walking distance to light rail and buses.  Light rail goes to the airport and to downtown.  Get off at Othello Light Rail Station and walk 8 blocks to our place.,https://a1.muscache.com/ac/pictures/88387479/e24cc443_original.jpg?interpolation=lanczos-none&size=small&output-format=jpg&output-quality=70,https://a1.muscache.com/im/pictures/88387479/e24cc443_original.jpg?aki_policy=medium,https://a1.muscache.com/ac/pictures/88387479/e24cc443_original.jpg?interpolation=lanczos-none&size=large_cover&output-format=jpg&output-quality=70,https://a1.muscache.com/ac/pictures/88387479/e24cc443_original.jpg?interpolation=lanczos-none&size=x_large_cover&output-format=jpg&output-quality=70,4193,https://www.airbnb.com/users/show/4193,Jessica,2008-11-10,"Seattle, Washington, United States","Hello!  I am an avid gardener, community organizer, bike tourer, kayaker, and small business owner.  I am curious about the world and I love to share my beautiful urban homestead in the diverse southend of Seattle with fellow travelers.",within a few hours,88%,100%,f,"https://a2.muscache.com/ac/users/4193/profile_pic/1259096088/original.jpg?interpolation=lanczos-none&crop=w:w;*,*&crop=h:h;*,*&resize=50:*&output-format=jpg&output-quality=70","https://a2.muscache.com/ac/users/4193/profile_pic/1259096088/original.jpg?interpolation=lanczos-none&crop=w:w;*,*&crop=h:h;*,*&resize=225:*&output-format=jpg&output-quality=70",Dunlap,4.0,4.0,"['email', 'phone', 'facebook', 'reviews', 'kba']",t,t,"44th Place South, Seattle, WA 98118, United States",Dunlap,Dunlap,Rainier Valley,Seattle,WA,98118,Seattle,"Seattle, WA",US,United States,47.5297563485341,-122.2756999076422,t,Treehouse,Private room,2,1.0,1.0,1.0,Real Bed,"{""Wireless Internet"",Kitchen,""Free Parking on Premises"",Breakfast,""Pets live on this property"",Dog(s),""Other pet(s)"",""Indoor Fireplace"",Heating,""Family/Kid Friendly"",Washer,Dryer,""Smoke Detector"",""First Aid Kit"",Essentials}",,$48.00,$350.00,,$100.00,,1,$15.00,2,1125,3 months ago,t,30,60,90,365,2016-01-04,20,2015-06-08,2015-09-28,92.0,9.0,10.0,10.0,10.0,9.0,9.0,f,,WASHINGTON,f,strict,f,f,4,2.84
8541389,https://www.airbnb.com/rooms/8541389,20160104002432,2016-01-04,Funky home in Rainier  Beach,"This is a fun funky home has a large outdoor space and is just 2 blocks from the light rail to the many cute neighborhoods around Seattle. Also, located in one of the most diverse neighborhood in the states gives you access to amazing cuisine.",,"This is a fun funky home has a large outdoor space and is just 2 blocks from the light rail to the many cute neighborhoods around Seattle. Also, located in one of the most diverse neighborhood in the states gives you access to amazing cuisine.",none,,,,https://a2.muscache.com/ac/pictures/109005281/19e856e7_original.jpg?interpolation=lanczos-none&size=small&output-format=jpg&output-quality=70,https://a2.muscache.com/im/pictures/109005281/19e856e7_original.jpg?aki_policy=medium,https://a2.muscache.com/ac/pictures/109005281/19e856e7_original.jpg?interpolation=lanczos-none&size=large_cover&output-format=jpg&output-quality=70,https://a2.muscache.com/ac/pictures/109005281/19e856e7_original.jpg?interpolation=lanczos-none&size=x_large_cover&output-format=jpg&output-quality=70,43022479,https://www.airbnb.com/users/show/43022479,Leith,2015-08-31,"Seattle, Washington, United States","I am a bat biologist earning my doctorate degree at the University of Washington. I am originally from California and love the outdoors. 

I enjoy trying new foods and new cultural experiences and Seattle is a great place for that! ",,,,f,"https://a2.muscache.com/ac/users/43022479/profile_pic/1443065065/original.jpg?interpolation=lanczos-none&crop=w:w;*,*&crop=h:h;*,*&resize=50:*&output-format=jpg&output-quality=70","https://a2.muscache.com/ac/users/43022479/profile_pic/1443065065/original.jpg?interpolation=lanczos-none&crop=w:w;*,*&crop=h:h;*,*&resize=225:*&output-format=jpg&output-quality=70",Dunlap,1.0,1.0,"['email', 'phone']",t,f,"South Trenton Street, Seattle, WA 98118, United States",Dunlap,Dunlap,Rainier Valley,Seattle,WA,98118,Seattle,"Seattle, WA",US,United States,47.523437287109424,-122.27575475600884,t,House,Shared room,2,1.0,1.0,1.0,Real Bed,"{TV,""Cable TV"",""Wireless Internet"",Kitchen,""Free Parking on Premises"",""Pets Allowed"",Heating,""Family/Kid Friendly"",Washer,Dryer,""Smoke Detector"",""First Aid Kit"",""Fire Extinguisher"",Essentials}",,$90.00,,,,,1,$0.00,1,1125,3 months ago,t,30,60,90,365,2016-01-04,0,,,,,,,,,,f,,WASHINGTON,f,flexible,f,f,1,
7745016,https://www.airbnb.com/rooms/7745016,20160104002432,2016-01-04,Single Bdr @Seattle Urban Homestead,Join us for a spell at our comfortable and welcoming 'Southside Smallholding'.  You can look us up on the face for more pics and posts. Fresh eggs and garden produce in season available for breakfast.  Huge covered back porch to hang out on.  Convenient to light rail and buses to downtown and airport.  Please see our 'Urban Treehouse & Homestead' listing for more details!,,Join us for a spell at our comfortable and welcoming 'Southside Smallholding'.  You can look us up on the face for more pics and posts. Fresh eggs and garden produce in season available for breakfast.  Huge covered back porch to hang out on.  Convenient to light rail and buses to downtown and airport.  Please see our 'Urban Treehouse & Homestead' listing for more details!,none,,,,https://a2.muscache.com/ac/pictures/98464349/6263c252_original.jpg?interpolation=lanczos-none&size=small&output-format=jpg&output-quality=70,https://a2.muscache.com/im/pictures/98464349/6263c252_original.jpg?aki_policy=medium,https://a2.muscache.com/ac/pictures/98464349/6263c252_original.jpg?interpolation=lanczos-none&size=large_cover&output-format=jpg&output-quality=70,https://a2.muscache.com/ac/pictures/98464349/6263c252_original.jpg?interpolation=lanczos-none&size=x_large_cover&output-format=jpg&output-quality=70,4193,https://www.airbnb.com/users/show/4193,Jessica,2008-11-10,"Seattle, Washington, United States","Hello!  I am an avid gardener, community organizer, bike tourer, kayaker, and small business owner.  I am curious about the world and I love to share my beautiful urban homestead in the diverse southend of Seattle with fellow travelers.",within a few hours,88%,100%,f,"https://a2.muscache.com/ac/users/4193/profile_pic/1259096088/original.jpg?interpolation=lanczos-none&crop=w:w;*,*&crop=h:h;*,*&resize=50:*&output-format=jpg&output-quality=70","https://a2.muscache.com/ac/users/4193/profile_pic/1259096088/original.jpg?interpolation=lanczos-none&crop=w:w;*,*&crop=h:h;*,*&resize=225:*&output-format=jpg&output-quality=70",Dunlap,4.0,4.0,"['email', 'phone', 'facebook', 'reviews', 'kba']",t,t,"44th Place South, Seattle, WA 98118, United States",Dunlap,Dunlap,Rainier Valley,Seattle,WA,98118,Seattle,"Seattle, WA",US,United States,47.5306667261626,-122.27540901110808,t,House,Private room,2,1.0,1.0,1.0,Real Bed,"{""Wireless Internet"",Kitchen,""Free Parking on Premises"",Breakfast,""Indoor Fireplace"",Heating,""Family/Kid Friendly"",Washer,Dryer,""Smoke Detector"",""First Aid Kit"",Essentials,Shampoo}",,$50.00,$300.00,,$100.00,,1,$15.00,2,30,7 weeks ago,t,0,0,0,125,2016-01-04,2,2015-08-16,2015-09-30,100.0,10.0,10.0,10.0,10.0,9.0,10.0,f,,WASHINGTON,f,strict,f,f,4,0.42
6557297,https://www.airbnb.com/rooms/6557297,20160104002432,2016-01-04,"Cozy, convenient btw airport & city","Guest room w/ private bath. Late arrivals ok. Lightrail to SeaTac (12 min), downtown (20 min) 5am - 12:30am. Free use of house / balcony. Perfect for couples. Groups, see also downstairs unit (listing ""Bedouin Paradise with Kitchen""). Hosts onsite.","Cozy guest room with queen bed, mirror, closet and desk perfect for overnight layovers. In about 30 minutes after getting off a plane you can be in our home, so the proximity to the airport has been a key feature for many of our guests.","Guest room w/ private bath. Late arrivals ok. Lightrail to SeaTac (12 min), downtown (20 min) 5am - 12:30am. Free use of house / balcony. Perfect for couples. Groups, see also downstairs unit (listing ""Bedouin Paradise with Kitchen""). Hosts onsite. Cozy guest room with queen bed, mirror, closet and desk perfect for overnight layovers. In about 30 minutes after getting off a plane you can be in our home, so the proximity to the airport has been a key feature for many of our guests. Guests will have the private bedroom and bathroom, linens and basics (shampoo etc). The bathroom has double sinks, a full bathtub and shower and we provide a hair dryer as well. We are long time veterans of Couchsurfing (ShannonAndBen), and are happy to interact with guests as much or little as you prefer. We are not always home, but when we are, it's our pleasure to share a meal, tea, stories and/or city recommendations with guests or to leave you to your own devices as you wish. We are around the corner fro",none,"We are around the corner from multiple grocery stores, a community center with pool, the lovely Kubota Gardens, Seward Park walking/hiking/nature trail, and endless delicious ethnic cuisine (Ethiopian, Thai, assorted West African, Vietnamese, Mexican, Cajun, and more!). We're a short hop from the restaurants, coffee shops and bars of both the Columbia City and Georgetown neighborhoods. We're always happy to provide neighborhood or Seattle-wide recommendations for food, nightlife, culture, sightseeing and other adventures.","We love hosting and trading stories with our guests, cooking meals together or swapping music collections. We have extensive hosting experience and are happy to provide recommendations if requested. We take pride in ensuring our guests are comfortable, happy, and enjoy Seattle as much as we do!",Our home is a 5 minute walk from the Henderson/Rainier Beach light rail station that reaches from the airport to downtown Seattle. Buses can get you to other locations easily and we're happy to help you navigate public transit. Car2go covers our neighborhood and Uber is familiar with the area as well. We have space to park a car outside the house as well. We are just a few minutes from the I-5 and I-90 freeways so it is very easy to come and go.,https://a2.muscache.com/ac/pictures/82529700/d00ed6ad_original.jpg?interpolation=lanczos-none&size=small&output-format=jpg&output-quality=70,https://a2.muscache.com/im/pictures/82529700/d00ed6ad_original.jpg?aki_policy=medium,https://a2.muscache.com/ac/pictures/82529700/d00ed6ad_original.jpg?interpolation=lanczos-none&size=large_cover&output-format=jpg&output-quality=70,https://a2.muscache.com/ac/pictures/82529700/d00ed6ad_original.jpg?interpolation=lanczos-none&size=x_large_cover&output-format=jpg&output-quality=70,16155674,https://www.airbnb.com/users/show/16155674,Shannon & Ben,2014-05-29,"Seattle, Washington, United States","CURRENT MISSION: To see the world and meet the wonderful people in it!

Married pair of travel enthusiasts now somewhat settled in Seattle and enjoying hosting as a way to meet people from all over the world. Shannon is a former teacher who coaches junior roller derby, has worked professionally as a singer and once drove a pontoon boat. Ben found great work traveling the world and making it better, is excellent at fixing up bikes, has picked up playing the drums and is kind enough to finish food that is too spicy for Shannon. 

We got both motorcycle and scuba certified while living in Korea for two years and have lots of interesting stories about those times. We truly love hosting and have been honored to host a film crew, a few bands and a film festival in the last few years. We have the ability to bust out impromptu karaoke and dance games on our media system and enjoy doing so with company. 

Countries We've Visited: Afghanistan, Austria, Cambodia, Canada, China, Costa Rica, France, Germany, Guam, Japan, Malaysia, Netherlands, Philippines, Spain, Sweden, Switzerland, United Kingdom",within a day,100%,100%,t,"https://a2.muscache.com/ac/users/16155674/profile_pic/1434238127/original.jpg?interpolation=lanczos-none&crop=w:w;*,*&crop=h:h;*,*&resize=50:*&output-format=jpg&output-quality=70","https://a2.muscache.com/ac/users/16155674/profile_pic/1434238127/original.jpg?interpolation=lanczos-none&crop=w:w;*,*&crop=h:h;*,*&resize=225:*&output-format=jpg&output-quality=70",Rainier Beach,3.0,3.0,"['email', 'phone', 'facebook', 'google', 'reviews', 'jumio']",t,t,"Renton Avenue South, Seattle, WA 98118, United States",Rainier Beach,Dunlap,Rainier Valley,Seattle,WA,98118,Seattle,"Seattle, WA",US,United States,47.51988612460399,-122.27405536132936,t,House,Private room,2,1.0,1.0,1.0,Real Bed,"{TV,""Cable TV"",Internet,""Wireless Internet"",Kitchen,""Free Parking on Premises"",""Pets live on this property"",Cat(s),""Indoor Fireplace"",Heating,Washer,Dryer,""Smoke Detector"",""Carbon Monoxide Detector"",""First Aid Kit"",""Safety Card"",""Fire Extinguisher"",Essentials,Shampoo}",,$60.00,$350.00,"$1,365.00",$300.00,$15.00,1,$0.00,1,1125,4 weeks ago,t,0,26,56,145,2016-01-04,21,2015-05-29,2015-10-04,94.0,10.0,9.0,10.0,9.0,9.0,10.0,f,,WASHINGTON,f,moderate,f,f,3,2.85
1263470,https://www.airbnb.com/rooms/1263470,20160104002432,2016-01-04,Sweet Seattle Urban Homestead 1 Bdr,"Welcome! If you stay here you will be living in a newly remodeled (May 1, 2015) apartment.  During your stay you will be welcome to eat fresh eggs from the chickens!","Welcome! If you stay here you will be living in a newly remodeled daylight basement apartment (fully soundproofed).  The space has a separate entrance that opens directly into the back yard and outdoor living space.  There is a rather large bedroom with a queen bed, full bath and kitchen.  During your stay you will be welcome to eat fresh eggs from the chickens and possibly fruit/veggies from the garden if you are in luck!   We are family friendly and have a down to earth atmosphere.  There is a large covered back porch (pictured in photos but it is a now covered!).  Also in the works is a treehouse build happening in 2015 (the platform and deck have already been completed!). Walking distance to Othello Light Rail Station.  Also nearby is the fantastic Seward Park and the Kubota Gardens for outdoorsy loveliness.  New last year is out beautiful Rainier Beach indoor swimming pool complete with corkscrew slide, lazy river, jacuzzi, and sauna! ","Welcome! If you stay here you will be living in a newly remodeled (May 1, 2015) apartment.  During your stay you will be welcome to eat fresh eggs from the chickens! Welcome! If you stay here you will be living in a newly remodeled daylight basement apartment (fully soundproofed).  The space has a separate entrance that opens directly into the back yard and outdoor living space.  There is a rather large bedroom with a queen bed, full bath and kitchen.  During your stay you will be welcome to eat fresh eggs from the chickens and possibly fruit/veggies from the garden if you are in luck!   We are family friendly and have a down to earth atmosphere.  There is a large covered back porch (pictured in photos but it is a now covered!).  Also in the works is a treehouse build happening in 2015 (the platform and deck have already been completed!). Walking distance to Othello Light Rail Station.  Also nearby is the fantastic Seward Park and the Kubota Gardens for outdoorsy loveliness.  New last ",none,This is a very diverse neighborhood with a variety of ethnic food options and near several wonderful parks.,,Light rail in walking distance to airport and downtown.  Also right near buslines as well.,https://a0.muscache.com/ac/pictures/19040366/9ffcc704_original.jpg?interpolation=lanczos-none&size=small&output-format=jpg&output-quality=70,https://a0.muscache.com/im/pictures/19040366/9ffcc704_original.jpg?aki_policy=medium,https://a0.muscache.com/ac/pictures/19040366/9ffcc704_original.jpg?interpolation=lanczos-none&size=large_cover&output-format=jpg&output-quality=70,https://a0.muscache.com/ac/pictures/19040366/9ffcc704_original.jpg?interpolation=lanczos-none&size=x_large_cover&output-format=jpg&output-quality=70,4193,https://www.airbnb.com/users/show/4193,Jessica,2008-11-10,"Seattle, Washington, United States","Hello!  I am an avid gardener, community organizer, bike tourer, kayaker, and small business owner.  I am curious about the world and I love to share my beautiful urban homestead in the diverse southend of Seattle with fellow travelers.",within a few hours,88%,100%,f,"https://a2.muscache.com/ac/users/4193/profile_pic/1259096088/original.jpg?interpolation=lanczos-none&crop=w:w;*,*&crop=h:h;*,*&resize=50:*&output-format=jpg&output-quality=70","https://a2.muscache.com/ac/users/4193/profile_pic/1259096088/original.jpg?interpolation=lanczos-none&crop=w:w;*,*&crop=h:h;*,*&resize=225:*&output-format=jpg&output-quality=70",Dunlap,4.0,4.0,"['email', 'phone', 'facebook', 'reviews', 'kba']",t,t,"44th Place South, Seattle, WA 98118, United States",Dunlap,Dunlap,Rainier Valley,Seattle,WA,98118,Seattle,"Seattle, WA",US,United States,47.530897521850704,-122.27711602192696,t,House,Entire home/apt,2,1.0,1.0,1.0,Real Bed,"{Internet,""Wireless Internet"",Kitchen,""Free Parking on Premises"",""Pets live on this property"",Dog(s),""Other pet(s)"",Heating,""Family/Kid Friendly"",Washer,Dryer,""Smoke Detector"",Essentials,Shampoo}",,$100.00,$450.00,"$1,480.00",$200.00,$50.00,2,$15.00,2,1125,3 weeks ago,t,0,0,0,187,2016-01-04,6,2015-08-16,2015-12-02,77.0,8.0,8.0,9.0,8.0,7.0,8.0,f,,WASHINGTON,f,strict,f,f,4,1.27
7415378,https://www.airbnb.com/rooms/7415378,20160104002432,2016-01-04,Spacious House btw Airport and City,"Perfect for groups. 2 bedrooms, full bathrooms, and living rooms with fireplaces. Kitchen, balcony and patio. Lots of natural light, green area, and a friendly cat. Lightrail to SeaTac (12 min), Downtown (20 min). Late arrivals ok. Hosts onsite.","Private home in the Rainier Beach neighborhood convenient to light rail (15 minutes to Sea-Tac airport, 20 minutes to Seattle sports stadiums, 30 minutes to downtown).","Perfect for groups. 2 bedrooms, full bathrooms, and living rooms with fireplaces. Kitchen, balcony and patio. Lots of natural light, green area, and a friendly cat. Lightrail to SeaTac (12 min), Downtown (20 min). Late arrivals ok. Hosts onsite. Private home in the Rainier Beach neighborhood convenient to light rail (15 minutes to Sea-Tac airport, 20 minutes to Seattle sports stadiums, 30 minutes to downtown). Guests will have private access to downstairs ""mother-in-law"" unit with bedroom, full bathroom, living room and kitchen, as well as upstairs guest room and full bathroom.  Free access to upstairs kitchen and living room area as well, but shared with hosts. Hosts are on site in a third bedroom and are happy to chat and swap stories or let you enjoy your own space in the house. Safeway grocery store within walking distance.  Kubota Japanese Garden and parks with beach also walk-able. Community center with pool and summer concerts. Five minutes walk to lightrail and bus stops. Uber ",none,Safeway grocery store within walking distance.  Kubota Japanese Garden and parks with beach also walk-able. Community center with pool and summer concerts.,Hosts are on site in a third bedroom and are happy to chat and swap stories or let you,Five minutes walk to lightrail and bus stops. Uber and Car2Go available.,https://a0.muscache.com/ac/pictures/94091961/5bb8d7ee_original.jpg?interpolation=lanczos-none&size=small&output-format=jpg&output-quality=70,https://a0.muscache.com/im/pictures/94091961/5bb8d7ee_original.jpg?aki_policy=medium,https://a0.muscache.com/ac/pictures/94091961/5bb8d7ee_original.jpg?interpolation=lanczos-none&size=large_cover&output-format=jpg&output-quality=70,https://a0.muscache.com/ac/pictures/94091961/5bb8d7ee_original.jpg?interpolation=lanczos-none&size=x_large_cover&output-format=jpg&output-quality=70,16155674,https://www.airbnb.com/users/show/16155674,Shannon & Ben,2014-05-29,"Seattle, Washington, United States","CURRENT MISSION: To see the world and meet the wonderful people in it!

Married pair of travel enthusiasts now somewhat settled in Seattle and enjoying hosting as a way to meet people from all over the world. Shannon is a former teacher who coaches junior roller derby, has worked professionally as a singer and once drove a pontoon boat. Ben found great work traveling the world and making it better, is excellent at fixing up bikes, has picked up playing the drums and is kind enough to finish food that is too spicy for Shannon. 

We got both motorcycle and scuba certified while living in Korea for two years and have lots of interesting stories about those times. We truly love hosting and have been honored to host a film crew, a few bands and a film festival in the last few years. We have the ability to bust out impromptu karaoke and dance games on our media system and enjoy doing so with company. 

Countries We've Visited: Afghanistan, Austria, Cambodia, Canada, China, Costa Rica, France, Germany, Guam, Japan, Malaysia, Netherlands, Philippines, Spain, Sweden, Switzerland, United Kingdom",within a day,100%,100%,t,"https://a2.muscache.com/ac/users/16155674/profile_pic/1434238127/original.jpg?interpolation=lanczos-none&crop=w:w;*,*&crop=h:h;*,*&resize=50:*&output-format=jpg&output-quality=70","https://a2.muscache.com/ac/users/16155674/profile_pic/1434238127/original.jpg?interpolation=lanczos-none&crop=w:w;*,*&crop=h:h;*,*&resize=225:*&output-format=jpg&output-quality=70",Rainier Beach,3.0,3.0,"['email', 'phone', 'facebook', 'google', 'reviews', 'jumio']",t,t,"Renton Avenue South, Seattle, WA 98118, United States",Rainier Beach,Dunlap,Rainier Valley,Seattle,WA,98118,Seattle,"Seattle, WA",US,United States,47.519816641595256,-122.27476362225283,t,House,Entire home/apt,14,2.0,2.0,3.0,Real Bed,"{TV,Internet,""Wireless Internet"",Kitchen,""Free Parking on Premises"",""Pets live on this property"",Cat(s),""Indoor Fireplace"",Heating,""Family/Kid Friendly"",""Suitable for Events"",Washer,Dryer,""Smoke Detector"",""Carbon Monoxide Detector"",""First Aid Kit"",""Safety Card"",""Fire Extinguisher"",Essentials,Shampoo}",,$200.00,"$1,200.00","$4,000.00",$300.00,$40.00,3,$20.00,1,1125,2 months ago,t,16,46,76,165,2016-01-04,1,2015-08-25,2015-08-25,100.0,10.0,10.0,10.0,10.0,6.0,10.0,f,,WASHINGTON,f,moderate,f,f,3,0.23
8849596,https://www.airbnb.com/rooms/8849596,20160104002432,2016-01-04,"""La Femme"" room close to Downtown","A comfortable room decorated with an appreciation of the feminine.  Situated in a fun, quirky house in Seattle, this air conditioned room is close to the light rail and just minutes from downtown.  Access to TV, laundry and full kitchen.","We have a great space filled with quirky decor, theatrical props, and curious items we've been collecting. Our location is great too. It's about 15 minutes from downtown by car but we are also only two blocks from the light rail station which means getting to the city on public transportation takes almost the same amount of time. Plus that makes it easy to get to and from the airport.","A comfortable room decorated with an appreciation of the feminine.  Situated in a fun, quirky house in Seattle, this air conditioned room is close to the light rail and just minutes from downtown.  Access to TV, laundry and full kitchen. We have a great space filled with quirky decor, theatrical props, and curious items we've been collecting. Our location is great too. It's about 15 minutes from downtown by car but we are also only two blocks from the light rail station which means getting to the city on public transportation takes almost the same amount of time. Plus that makes it easy to get to and from the airport. This is a two story building and you have the run of the entire upstairs, which includes a spacious living room, full kitchen, full bath, and laundry. You can also use the back yard if you have a dog and want to play fetch or something (Just clean up after the dog please). You will have your own key so you can come and go, with a separate key for your room in so you can k",none,"This is a diverse and vibrant neighborhood in the city.  Since the addition of the light-rail to the area, the older houses are being replaced with new construction and remodels.  Our neighborhood is full of friendly people, but it is more city than suburb...  so if you don't like being so close to that kind of hustle and bustle, or are put off being in a diverse neighborhood...then we'd not be a good match for you.",We have all the basics and well-appointed kitchen for cooking.  We books on a WIDE range of topics which you're welcome to enjoy during your stay.  We an HDMI Cable on the TV for hooking up your laptop.,"While it's easy to get anywhere from here in a car, the light rail service from here is amazing. You can get right into the heart of the city very easily... and without having to pay for parking when you get there!   Also SUPER easy to get to the airport.  No airport shuttle needed.",https://a2.muscache.com/ac/pictures/3310ef75-5a49-433b-b8b7-5d5007d32e87.jpg?interpolation=lanczos-none&size=small&output-format=jpg&output-quality=70,https://a2.muscache.com/im/pictures/3310ef75-5a49-433b-b8b7-5d5007d32e87.jpg?aki_policy=medium,https://a2.muscache.com/ac/pictures/3310ef75-5a49-433b-b8b7-5d5007d32e87.jpg?interpolation=lanczos-none&size=large_cover&output-format=jpg&output-quality=70,https://a2.muscache.com/ac/pictures/3310ef75-5a49-433b-b8b7-5d5007d32e87.jpg?interpolation=lanczos-none&size=x_large_cover&output-format=jpg&output-quality=70,33923879,https://www.airbnb.com/users/show/33923879,Dane & Alanna,2015-05-21,"Seattle, Washington, United States","We are a fun couple, (late 30's) with a friendly dog.    
He's a performer and Sex Educator.  She works in Development.
Open minded couple... love all kinds of people.  

  ",within an hour,100%,100%,f,"https://a2.muscache.com/ac/users/33923879/profile_pic/1435353834/original.jpg?interpolation=lanczos-none&crop=w:w;*,*&crop=h:h;*,*&resize=50:*&output-format=jpg&output-quality=70","https://a2.muscache.com/ac/users/33923879/profile_pic/1435353834/original.jpg?interpolation=lanczos-none&crop=w:w;*,*&crop=h:h;*,*&resize=225:*&output-format=jpg&output-quality=70",Dunlap,4.0,4.0,"['email', 'phone', 'reviews', 'jumio']",t,t,"44th Avenue South, Seattle, WA 98118, United States",Dunlap,Dunlap,Rainier Valley,Seattle,WA,98118,Seattle,"Seattle, WA",US,United States,47.52773406613845,-122.27890285194748,t,House,Private room,2,1.0,1.0,1.0,Real Bed,"{TV,Internet,""Wireless Internet"",""Air Conditioning"",Kitchen,""Free Parking on Premises"",Heating,Washer,Dryer,""Smoke Detector"",Essentials,Shampoo,""Lock on Bedroom Door""}",,$42.00,,,,$9.00,1,$0.00,2,1125,4 weeks ago,t,0,0,0,58,2016-01-04,0,,,,,,,,,,f,,WASHINGTON,f,moderate,f,f,4,
7902382,https://www.airbnb.com/rooms/7902382,20160104002432,2016-01-04,The Pink Room by the Lake,"This clean, quiet and comfy full bedroom with an included breakfast is just 3 minutes walking distance to the south end of Lake Washington. Also, super convenient to the airport as well as one easy bus trip into the city center.","Your room is up the stairs, 1st door on the left. It is furnished with a full bed, small fan and closet space with hangers. The bathroom is located on the main floor, at the end of the hallway adjacent to the kitchen. The towels are either in the closet to the left of the bathroom door or within the drawers in the bathroom itself.  There are 4 BNB rooms plus myself that share the bathroom. Please keep that in mind. Make sure that everyone gets a chance to use the restroom in the morning before you shower if possible. Also, turn on the window fan during and or after your shower to cut down on moisture buildup.","This clean, quiet and comfy full bedroom with an included breakfast is just 3 minutes walking distance to the south end of Lake Washington. Also, super convenient to the airport as well as one easy bus trip into the city center. Your room is up the stairs, 1st door on the left. It is furnished with a full bed, small fan and closet space with hangers. The bathroom is located on the main floor, at the end of the hallway adjacent to the kitchen. The towels are either in the closet to the left of the bathroom door or within the drawers in the bathroom itself.  There are 4 BNB rooms plus myself that share the bathroom. Please keep that in mind. Make sure that everyone gets a chance to use the restroom in the morning before you shower if possible. Also, turn on the window fan during and or after your shower to cut down on moisture buildup. Guests have access to kitchen, living and dining rooms, laundry, bathrooms, etc. Basically the entire home. Please refrain from buying and storing multipl",none,"We are located just minutes north of Renton and within walking distance of the south end of Lake Washington. There is Beer Shiva Park, Atlantic City boat ramp, and multiple marinas within walking distance. As well as Nate's Wings & Waffles, Red Wing Coffee, South Beach Espresso, Safeway, KFC and others. The Stone House Restaurant and Pizzeria Pulcinella are also just a short drive down the road.",Amanda is the on site host at the house near in Rainer Beach. She works closely with Dario on a daily basis to ensure the most comfortable stay for our guests. Any questions can be directed towards both Amanda or Dario.,"There are a multitude of ways to travel to our location; easiet; drive, UBER or taxi  (parking is on the street) * FROM AIRPORT*  - rental car or taxi (no uber) - light rail to Rainer Beach Station     - walk a short distance to bus stop - transfer to 106 or 107 (depending on day & time) - depart bus within just a few blocks of our location for which you walk .5 miles. - travel time by bus is 35-45min - travel time by car is 10-15min *DOWNTOWN* - The #7 is the one bus that goes to and from downtown that stops just one block from the house.  - zero transfers and short walking distance - the ride time is 45-55min  - by car 20-30min (depending on traffic)",https://a1.muscache.com/ac/pictures/103238050/b41773f1_original.jpg?interpolation=lanczos-none&size=small&output-format=jpg&output-quality=70,https://a1.muscache.com/im/pictures/103238050/b41773f1_original.jpg?aki_policy=medium,https://a1.muscache.com/ac/pictures/103238050/b41773f1_original.jpg?interpolation=lanczos-none&size=large_cover&output-format=jpg&output-quality=70,https://a1.muscache.com/ac/pictures/103238050/b41773f1_original.jpg?interpolation=lanczos-none&size=x_large_cover&output-format=jpg&output-quality=70,26967583,https://www.airbnb.com/users/show/26967583,Dario,2015-01-30,"Seattle, Washington, United States","Welcome, my name is Dario.

I was born in Sicily and I moved to Seattle eight years ago. I am an Italian teacher and the director of Boys Tribe Project, an after school program to help boys develop emotional intelligence, learn how to play rough without hurting each other, and be creative with imaginative play and storytelling.

I love to cook Italian homemade food, traveling, personal growth, psychology, jazz and blues, foreign movies, interior design, modern dance, storytelling, art, and culture in general. I love hosting people, I used to host couch surfers and I also was traveling for a few years. The thing I like the most is to hear and to share stories from people all over the world.",within an hour,98%,100%,f,"https://a2.muscache.com/ac/users/26967583/profile_pic/1427823555/original.jpg?interpolation=lanczos-none&crop=w:w;*,*&crop=h:h;*,*&resize=50:*&output-format=jpg&output-quality=70","https://a2.muscache.com/ac/users/26967583/profile_pic/1427823555/original.jpg?interpolation=lanczos-none&crop=w:w;*,*&crop=h:h;*,*&resize=225:*&output-format=jpg&output-quality=70",University District,21.0,21.0,"['email', 'phone', 'facebook', 'reviews']",t,f,"57th Ave S, Seattle, WA 98118, United States",,Rainier Beach,Rainier Valley,Seattle,WA,98118,Seattle,"Seattle, WA",US,United States,47.51734067752756,-122.26137062343484,f,House,Private room,2,1.0,1.0,1.0,Real Bed,"{Internet,""Wireless Internet"",Kitchen,""Free Parking on Premises"",Breakfast,Heating,Washer,Dryer,""Smoke Detector"",""Carbon Monoxide Detector"",""Fire Extinguisher"",Essentials,Shampoo,""24-Hour Check-in"",""Hair Dryer"",""Laptop Friendly Workspace""}",,$35.00,$220.00,$777.00,$500.00,$10.00,1,$10.00,1,1125,today,t,22,52,81,111,2016-01-04,16,2015-08-21,2015-12-22,95.0,10.0,10.0,10.0,10.0,9.0,10.0,f,,WASHINGTON,t,strict,f,f,21,3.5
4772997,https://www.airbnb.com/rooms/4772997,20160104002432,2016-01-04,Private lower level of new home,"Our spacious and modern home is located just off I-5 between the airport and downtown Seattle. We are blocks from Lake Washington, Seward Park and Kubota Japanese Gardens.  Public transportation is very accessible from our home.","A stay with us will provide you with your own level of the house, however we may need access to the garage on the lower level. There is a main floor between our sleeping space and yours, giving you optimal privacy. You will enjoy a  spacious room equipped with a comfortable king size bed, coffee  pot, ironing board and iron, microwave and mini fridge/freezer. There is ample closet space and hangers are provided for suits, jackets or anything else.  Around the corner you'll find your own four piece bathroom stocked with shampoo, conditioner, body wash and bar soap.  You'll also be able to enjoy a large living area that includes a table for eating or working at and a large sectional couch.","Our spacious and modern home is located just off I-5 between the airport and downtown Seattle. We are blocks from Lake Washington, Seward Park and Kubota Japanese Gardens.  Public transportation is very accessible from our home. A stay with us will provide you with your own level of the house, however we may need access to the garage on the lower level. There is a main floor between our sleeping space and yours, giving you optimal privacy. You will enjoy a  spacious room equipped with a comfortable king size bed, coffee  pot, ironing board and iron, microwave and mini fridge/freezer. There is ample closet space and hangers are provided for suits, jackets or anything else.  Around the corner you'll find your own four piece bathroom stocked with shampoo, conditioner, body wash and bar soap.  You'll also be able to enjoy a large living area that includes a table for eating or working at and a large sectional couch. You will enter the home on the main floor and may enjoy our sitting area d",none,Living in one of the most diverse zip codes in the nation we regularly enjoy delicious ethnic cuisine from many nearby restaurants. Nightlife is prominent in the near by neighborhoods of Columbia City and Georgetown.,,Getting around will be easy as we live minutes from the light rail and are steps away from the bus route.  Travel to and from the airport will be quick since we are only 10 minutes away!,https://a0.muscache.com/ac/pictures/80779992/9c3ffc51_original.jpg?interpolation=lanczos-none&size=small&output-format=jpg&output-quality=70,https://a0.muscache.com/im/pictures/80779992/9c3ffc51_original.jpg?aki_policy=medium,https://a0.muscache.com/ac/pictures/80779992/9c3ffc51_original.jpg?interpolation=lanczos-none&size=large_cover&output-format=jpg&output-quality=70,https://a0.muscache.com/ac/pictures/80779992/9c3ffc51_original.jpg?interpolation=lanczos-none&size=x_large_cover&output-format=jpg&output-quality=70,21191577,https://www.airbnb.com/users/show/21191577,Alisha,2014-09-10,"Seattle, Washington, United States","Hello, welcome to our profile!  We are an upbeat house of 4 and are the best of friends. We enjoy music, dancing and beer along with the great outdoors, photography and cooking.  

",within an hour,100%,,t,"https://a2.muscache.com/ac/users/21191577/profile_pic/1430776599/original.jpg?interpolation=lanczos-none&crop=w:w;*,*&crop=h:h;*,*&resize=50:*&output-format=jpg&output-quality=70","https://a2.muscache.com/ac/users/21191577/profile_pic/1430776599/original.jpg?interpolation=lanczos-none&crop=w:w;*,*&crop=h:h;*,*&resize=225:*&output-format=jpg&output-quality=70",Rainier Beach,1.0,1.0,"['email', 'phone', 'facebook', 'reviews', 'jumio']",t,t,"South Ryan Street, Seattle, WA 98178, United States",Rainier Beach,Rainier Beach,Rainier Valley,Seattle,WA,98178,Seattle,"Seattle, WA",US,United States,47.508502581844525,-122.26098035117252,t,House,Private room,2,1.0,1.0,1.0,Real Bed,"{""Wireless Internet"",""Free Parking on Premises"",Heating,""Family/Kid Friendly"",""Smoke Detector"",""Carbon Monoxide Detector"",""Fire Extinguisher"",Essentials,Shampoo}",,$67.00,$400.00,,,$25.00,2,$15.00,1,1125,2 months ago,t,30,60,90,365,2016-01-04,16,2015-05-26,2015-10-26,99.0,10.0,10.0,10.0,10.0,10.0,10.0,f,,WASHINGTON,f,flexible,f,f,1,2.14
4708075,https://www.airbnb.com/rooms/4708075,20160104002432,2016-01-04,Warm Urban Charmer,Welcome to our humble abode!  Beautifully appointed room and bathroom. Approximately 10 minutes from the airport and on busline to downtown and the Light Rail.  Located near Lake Washington & Seward Park. Ask about our gourmet oven-to-table meals.,"We offer warm hospitality that stems from our Southern roots of Louisiana.  We offer gourmet meals to order from Creole Louisiana Gumbo to Fried Catfish with Red Beans & Rice.  We are very helpful in familiarizing you with our beautiful ""Emerald City""  and it's many tourist attractions.","Welcome to our humble abode!  Beautifully appointed room and bathroom. Approximately 10 minutes from the airport and on busline to downtown and the Light Rail.  Located near Lake Washington & Seward Park. Ask about our gourmet oven-to-table meals. We offer warm hospitality that stems from our Southern roots of Louisiana.  We offer gourmet meals to order from Creole Louisiana Gumbo to Fried Catfish with Red Beans & Rice.  We are very helpful in familiarizing you with our beautiful ""Emerald City""  and it's many tourist attractions. Guest have access to kitchen, bathroom, living room, dining room and landscaped grounds/ patio.   While guest have their own private room, we will always be available for questions.  We often dine with visitors when they are available. The neighborhood has a lot to offer--to the east is the stunning Lake Washington (boat launch available), on a clear day you can see the snow capped Mount Rainier and then the lovely legendary Kubota Gardens is only a couple blo",none,"The neighborhood has a lot to offer--to the east is the stunning Lake Washington (boat launch available), on a clear day you can see the snow capped Mount Rainier and then the lovely legendary Kubota Gardens is only a couple blocks away.  We are part of a very vibrant community village.  Within a block is a newly-built community center with an olympic-sized pool, a library, a shopping center and even a walk-in clinic if you are not feeling well.  We are about 10-15 minutes from the Renton site where the our famous World Champion Seahawks, practice.  The community is very engaged with organizations like SeattleTilth sharing and teaching gardens skills and other activities.",During the Christmas season you can enjoy the Christmas Ships donning their lights and a host of choirs from around the Greater Seattle Area.,This is a super good area for public transit.  There is a bus stop literally steps from the front door and it hooks into the new Light Rail which can be caught from the Seatac Airport and travels all the way to Downtown Seattle.  We have plenty of street parking.,https://a1.muscache.com/ac/pictures/59115204/f4fcdccd_original.jpg?interpolation=lanczos-none&size=small&output-format=jpg&output-quality=70,https://a1.muscache.com/im/pictures/59115204/f4fcdccd_original.jpg?aki_policy=medium,https://a1.muscache.com/ac/pictures/59115204/f4fcdccd_original.jpg?interpolation=lanczos-none&size=large_cover&output-format=jpg&output-quality=70,https://a1.muscache.com/ac/pictures/59115204/f4fcdccd_original.jpg?interpolation=lanczos-none&size=x_large_cover&output-format=jpg&output-quality=70,24302543,https://www.airbnb.com/users/show/24302543,Catherine,2014-11-29,US,"I am a professional caterer and hostess by nature.  My family roots lie in Louisiana where ""southern hospitality"" rules.  Over the years I have learned the customs and foods from my parents and grandparents. My favorites foods are Louisiana Creole Gumbo and my beloved Grandmother's Macaroni & Cheese and Lemon Sour Cream Poundcake. 

My goal is to provide a comfortable stay for those seeking accommodations in the Seattle and Tacoma areas.  ",within an hour,100%,100%,f,"https://a0.muscache.com/ac/users/24302543/profile_pic/1417316028/original.jpg?interpolation=lanczos-none&crop=w:w;*,*&crop=h:h;*,*&resize=50:*&output-format=jpg&output-quality=70","https://a0.muscache.com/ac/users/24302543/profile_pic/1417316028/original.jpg?interpolation=lanczos-none&crop=w:w;*,*&crop=h:h;*,*&resize=225:*&output-format=jpg&output-quality=70",Rainier Beach,5.0,5.0,"['email', 'phone', 'reviews']",t,f,"51st Avenue South, Seattle, WA 98118, United States",Rainier Beach,Rainier Beach,Rainier Valley,Seattle,WA,98118,Seattle,"Seattle, WA",US,United States,47.51855437022772,-122.27077496614696,t,House,Private room,2,1.0,1.0,1.0,Real Bed,"{""Wireless Internet"",Kitchen,""Free Parking on Premises"",""Smoke Detector"",""Carbon Monoxide Detector"",""Fire Extinguisher"",Essentials}",,$55.00,,,,,1,$0.00,1,1125,5 months ago,t,30,60,90,365,2016-01-04,13,2015-05-25,2015-10-12,92.0,9.0,10.0,9.0,9.0,8.0,10.0,f,,WASHINGTON,f,moderate,f,f,2,1.73
