id,listing_url,scrape_id,last_scraped,name,summary,space,description,experiences_offered,neighborhood_overview,notes,transit,thumbnail_url,medium_url,picture_url,xl_picture_url,host_id,host_url,host_name,host_since,host_location,host_about,host_response_time,host_response_rate,host_acceptance_rate,host_is_superhost,host_thumbnail_url,host_picture_url,host_neighbourhood,host_listings_count,host_total_listings_count,host_verifications,host_has_profile_pic,host_identity_verified,street,neighbourhood,neighbourhood_cleansed,neighbourhood_group_cleansed,city,state,zipcode,market,smart_location,country_code,country,latitude,longitude,is_location_exact,property_type,room_type,accommodates,bathrooms,bedrooms,beds,bed_type,amenities,square_feet,price,weekly_price,monthly_price,security_deposit,cleaning_fee,guests_included,extra_people,minimum_nights,maximum_nights,calendar_updated,has_availability,availability_30,availability_60,availability_90,availability_365,calendar_last_scraped,number_of_reviews,first_review,last_review,review_scores_rating,review_scores_accuracy,review_scores_cleanliness,review_scores_checkin,review_scores_communication,review_scores_location,review_scores_value,requires_license,license,jurisdiction_names,instant_bookable,cancellation_policy,require_guest_profile_picture,require_guest_phone_verification,calculated_host_listings_count,reviews_per_month
6717555,https://www.airbnb.com/rooms/6717555,20160104002432,2016-01-04,1 Bedroom by UW for Summer Rental,"Private, furnished room in a 3-bdr apartment in U district with full kitchen. Walking distance to UW, the ave (restaurants, etc.) and grocery stores. I am willing to give discounted price. Female preferred upon roommates' request.",,"Private, furnished room in a 3-bdr apartment in U district with full kitchen. Walking distance to UW, the ave (restaurants, etc.) and grocery stores. I am willing to give discounted price. Female preferred upon roommates' request.",none,,,,https://a1.muscache.com/ac/pictures/84795771/596c61d9_original.jpg?interpolation=lanczos-none&size=small&output-format=jpg&output-quality=70,https://a1.muscache.com/im/pictures/84795771/596c61d9_original.jpg?aki_policy=medium,https://a1.muscache.com/ac/pictures/84795771/596c61d9_original.jpg?interpolation=lanczos-none&size=large_cover&output-format=jpg&output-quality=70,https://a1.muscache.com/ac/pictures/84795771/596c61d9_original.jpg?interpolation=lanczos-none&size=x_large_cover&output-format=jpg&output-quality=70,34472831,https://www.airbnb.com/users/show/34472831,Clara,2015-05-28,US,,,,,f,"https://a0.muscache.com/ac/users/34472831/profile_pic/1433654510/original.jpg?interpolation=lanczos-none&crop=w:w;*,*&crop=h:h;*,*&resize=50:*&output-format=jpg&output-quality=70","https://a0.muscache.com/ac/users/34472831/profile_pic/1433654510/original.jpg?interpolation=lanczos-none&crop=w:w;*,*&crop=h:h;*,*&resize=225:*&output-format=jpg&output-quality=70",University District,1.0,1.0,"['email', 'phone', 'reviews']",t,f,"Apex Apartments, 4233 7th Avenue Northeast, Seattle, WA 98105, United States",University District,University District,University District,Seattle,WA,98105,Seattle,"Seattle, WA",US,United States,47.65900535033008,-122.3217559290628,t,Apartment,Private room,1,1.0,1.0,1.0,Real Bed,"{Internet,""Wireless Internet"",Kitchen,""Elevator in Building"",Heating,""Family/Kid Friendly"",""Smoke Detector"",""Carbon Monoxide Detector""}",,$35.00,$250.00,$500.00,,,1,$0.00,2,1125,4 months ago,t,0,0,0,185,2016-01-04,1,2015-08-30,2015-08-30,80.0,6.0,6.0,10.0,10.0,10.0,8.0,f,,WASHINGTON,f,strict,f,f,1,0.23
8939433,https://www.airbnb.com/rooms/8939433,20160104002432,2016-01-04,The Southwestern Room w/ Breakfast,"This room is spacious, clean and comfortable only two blocks away from the University & 10 minutes on the bus to Downtown. Some of the best coffee shops, movie theaters, bookshops and ethnic restaurants are in the University District.","Your room is up the stairs, 1st door on the left once you reach the top. The Bathroom light is on the wall to the left, outside the door. It is furnished with a queen bed, small fan, reading lamps and closet space with hangers.  The bedrooms don't have individual locks on the doors. Out of 500+ guests we have hosted in our 4 houses we have never had a single issue with security. There are 4 airbnb rooms that share the upstairs bathroom, please keep that in mind. Also, please open the window during and or after your shower to cut down moisture buildup.","This room is spacious, clean and comfortable only two blocks away from the University & 10 minutes on the bus to Downtown. Some of the best coffee shops, movie theaters, bookshops and ethnic restaurants are in the University District. Your room is up the stairs, 1st door on the left once you reach the top. The Bathroom light is on the wall to the left, outside the door. It is furnished with a queen bed, small fan, reading lamps and closet space with hangers.  The bedrooms don't have individual locks on the doors. Out of 500+ guests we have hosted in our 4 houses we have never had a single issue with security. There are 4 airbnb rooms that share the upstairs bathroom, please keep that in mind. Also, please open the window during and or after your shower to cut down moisture buildup. Guests have access to the kitchen, living and dining rooms, bathrooms, etc. Basically the entire home.  Please refrain from buying and storing large amounts of groceries. There is space for smaller items and",none,The University district neighborhood is amazing. Alive with different types of people throughout the year.  A multitude of restaurants and shops plus amazing proximity to downtown Seattle and other popular local neighborhoods.  The North entrance to the University of Washington is just 2 blocks south & University Way is also just 2 blocks west of our location. Super easy public transportation in and out of the area makes the UD a prime location.,Ethan is the on site host at Darios' house in the U-DISTRICT near the UW. He works closely with Dario on a daily basis to ensure the most comfortable stay for our guests. Any questions can be directed towards both Ethan or Dario.,"There are a multitude of ways to travel to our location; easiet; drive, UBER or taxi  (parking is through the alley behind the house.) * FROM AIRPORT* - rental car or taxi (no uber) - light rail to downtow(URL HIDDEN)(convention center stop within tunnel) - transfer to bus:(#72, #72x, or other) (depending on day & time) - depart bus within just a few blocks of our location no matter which bus you take. All busses to downtown take only 10-15min depending on traffic. The trip by car from the airport can take 30-60min depending on traffic if you drive. The light rail takes about 30min to reach downtown from the airport.",https://a2.muscache.com/ac/pictures/02e86cea-fed6-4f4c-8465-fb6126816ac6.jpg?interpolation=lanczos-none&size=small&output-format=jpg&output-quality=70,https://a2.muscache.com/im/pictures/02e86cea-fed6-4f4c-8465-fb6126816ac6.jpg?aki_policy=medium,https://a2.muscache.com/ac/pictures/02e86cea-fed6-4f4c-8465-fb6126816ac6.jpg?interpolation=lanczos-none&size=large_cover&output-format=jpg&output-quality=70,https://a2.muscache.com/ac/pictures/02e86cea-fed6-4f4c-8465-fb6126816ac6.jpg?interpolation=lanczos-none&size=x_large_cover&output-format=jpg&output-quality=70,26967583,https://www.airbnb.com/users/show/26967583,Dario,2015-01-30,"Seattle, Washington, United States","Welcome, my name is Dario.

I was born in Sicily and I moved to Seattle eight years ago. I am an Italian teacher and the director of Boys Tribe Project, an after school program to help boys develop emotional intelligence, learn how to play rough without hurting each other, and be creative with imaginative play and storytelling.

I love to cook Italian homemade food, traveling, personal growth, psychology, jazz and blues, foreign movies, interior design, modern dance, storytelling, art, and culture in general. I love hosting people, I used to host couch surfers and I also was traveling for a few years. The thing I like the most is to hear and to share stories from people all over the world.",within an hour,98%,100%,f,"https://a2.muscache.com/ac/users/26967583/profile_pic/1427823555/original.jpg?interpolation=lanczos-none&crop=w:w;*,*&crop=h:h;*,*&resize=50:*&output-format=jpg&output-quality=70","https://a2.muscache.com/ac/users/26967583/profile_pic/1427823555/original.jpg?interpolation=lanczos-none&crop=w:w;*,*&crop=h:h;*,*&resize=225:*&output-format=jpg&output-quality=70",University District,21.0,21.0,"['email', 'phone', 'facebook', 'reviews']",t,f,"16th Ave NE, Seattle, WA 98105, United States",,University District,University District,Seattle,WA,98105,Seattle,"Seattle, WA",US,United States,47.66491324794354,-122.30976375393608,f,House,Private room,2,1.0,1.0,1.0,Real Bed,"{Internet,""Wireless Internet"",Kitchen,""Free Parking on Premises"",Breakfast,Heating,""Smoke Detector"",""Carbon Monoxide Detector"",""Fire Extinguisher"",Essentials,Shampoo}",,$43.00,,,$500.00,$10.00,1,$15.00,1,1125,3 days ago,t,10,29,59,334,2016-01-04,12,2015-10-26,2015-12-21,87.0,10.0,9.0,9.0,10.0,9.0,10.0,f,,WASHINGTON,t,strict,f,f,21,5.07
8939503,https://www.airbnb.com/rooms/8939503,20160104002432,2016-01-04,The British Room w/ Breakfast,"This room is spacious, clean and comfortable only two blocks away from the University & 10 minutes on the bus to Downtown. Some of the best coffee shops, movie theaters, bookshops and ethnic restaurants are in the University District.","Your room is up the stairs, 2nd door on the right once you reach the top. The Bathroom light is on the wall to the left, outside the door. It is furnished with a queen bed, small fan, reading lamps and closet space with hangers.  The bedrooms don't have individual locks on the doors. Out of 500+ guests we have hosted in our 4 houses we have never had a single issue with security. There are 4 airbnb rooms that share the upstairs bathroom, please keep that in mind. Also, please open the window during and or after your shower to cut down moisture buildup.","This room is spacious, clean and comfortable only two blocks away from the University & 10 minutes on the bus to Downtown. Some of the best coffee shops, movie theaters, bookshops and ethnic restaurants are in the University District. Your room is up the stairs, 2nd door on the right once you reach the top. The Bathroom light is on the wall to the left, outside the door. It is furnished with a queen bed, small fan, reading lamps and closet space with hangers.  The bedrooms don't have individual locks on the doors. Out of 500+ guests we have hosted in our 4 houses we have never had a single issue with security. There are 4 airbnb rooms that share the upstairs bathroom, please keep that in mind. Also, please open the window during and or after your shower to cut down moisture buildup. Guests have access to the kitchen, living and dining rooms, bathrooms, etc. Basically the entire home.  Please refrain from buying and storing large amounts of groceries. There is space for smaller items an",none,The University district neighborhood is amazing. Alive with different types of people throughout the year.  A multitude of restaurants and shops plus amazing proximity to downtown Seattle and other popular local neighborhoods.  The North entrance to the University of Washington is just 2 blocks south & University Way is also just 2 blocks west of our location. Super easy public transportation in and out of the area makes the UD a prime location.,Ethan is the on site host at Darios' house in the U-DISTRICT near the UW. He works closely with Dario on a daily basis to ensure the most comfortable stay for our guests. Any questions can be directed towards both Ethan or Dario.,"There are a multitude of ways to travel to our location; easiet; drive, UBER or taxi  (parking is through the alley behind the house.) * FROM AIRPORT* - rental car or taxi (no uber) - light rail to downtow(URL HIDDEN)(convention center stop within tunnel) - transfer to bus:(#72, #72x, or other) (depending on day & time) - depart bus within just a few blocks of our location no matter which bus you take. All busses to downtown take only 10-15min depending on traffic. The trip by car from the airport can take 30-60min depending on traffic if you drive. The light rail takes about 30min to reach downtown from the airport.",https://a2.muscache.com/ac/pictures/0f5e4ad6-235d-4b5d-89da-dcadc2e8d1ae.jpg?interpolation=lanczos-none&size=small&output-format=jpg&output-quality=70,https://a2.muscache.com/im/pictures/0f5e4ad6-235d-4b5d-89da-dcadc2e8d1ae.jpg?aki_policy=medium,https://a2.muscache.com/ac/pictures/0f5e4ad6-235d-4b5d-89da-dcadc2e8d1ae.jpg?interpolation=lanczos-none&size=large_cover&output-format=jpg&output-quality=70,https://a2.muscache.com/ac/pictures/0f5e4ad6-235d-4b5d-89da-dcadc2e8d1ae.jpg?interpolation=lanczos-none&size=x_large_cover&output-format=jpg&output-quality=70,26967583,https://www.airbnb.com/users/show/26967583,Dario,2015-01-30,"Seattle, Washington, United States","Welcome, my name is Dario.

I was born in Sicily and I moved to Seattle eight years ago. I am an Italian teacher and the director of Boys Tribe Project, an after school program to help boys develop emotional intelligence, learn how to play rough without hurting each other, and be creative with imaginative play and storytelling.

I love to cook Italian homemade food, traveling, personal growth, psychology, jazz and blues, foreign movies, interior design, modern dance, storytelling, art, and culture in general. I love hosting people, I used to host couch surfers and I also was traveling for a few years. The thing I like the most is to hear and to share stories from people all over the world.",within an hour,98%,100%,f,"https://a2.muscache.com/ac/users/26967583/profile_pic/1427823555/original.jpg?interpolation=lanczos-none&crop=w:w;*,*&crop=h:h;*,*&resize=50:*&output-format=jpg&output-quality=70","https://a2.muscache.com/ac/users/26967583/profile_pic/1427823555/original.jpg?interpolation=lanczos-none&crop=w:w;*,*&crop=h:h;*,*&resize=225:*&output-format=jpg&output-quality=70",University District,21.0,21.0,"['email', 'phone', 'facebook', 'reviews']",t,f,"16th Ave NE, Seattle, WA 98105, United States",,University District,University District,Seattle,WA,98105,Seattle,"Seattle, WA",US,United States,47.6633935245974,-122.31149608670376,f,House,Private room,2,1.0,1.0,1.0,Real Bed,"{Internet,""Wireless Internet"",Kitchen,""Free Parking on Premises"",Breakfast,Heating,""Smoke Detector"",""Carbon Monoxide Detector"",""Fire Extinguisher"",Essentials,Shampoo}",,$44.00,,,$500.00,$10.00,1,$15.00,1,1125,3 days ago,t,13,37,56,331,2016-01-04,14,2015-10-19,2015-12-13,96.0,10.0,10.0,10.0,10.0,10.0,10.0,f,,WASHINGTON,t,strict,f,f,21,5.38
8742753,https://www.airbnb.com/rooms/8742753,20160104002432,2016-01-04,Private room 1 min from UW,"The apartment is located on the edge of University of Washington campus. It's a 1 minute walk to UW, 3 minute walk to nearest bus station. Perfect for travelers visiting UW & Seattle.",The location of the space is ideal for travelers visiting UW & Seattle.,"The apartment is located on the edge of University of Washington campus. It's a 1 minute walk to UW, 3 minute walk to nearest bus station. Perfect for travelers visiting UW & Seattle. The location of the space is ideal for travelers visiting UW & Seattle. The apartment is a three bedroom with two bathrooms. Guests will have the whole bedroom to themselves. Kitchen and living areas are also open to guests to use.",none,,,,https://a1.muscache.com/ac/pictures/110819668/a95a4c25_original.jpg?interpolation=lanczos-none&size=small&output-format=jpg&output-quality=70,https://a1.muscache.com/im/pictures/110819668/a95a4c25_original.jpg?aki_policy=medium,https://a1.muscache.com/ac/pictures/110819668/a95a4c25_original.jpg?interpolation=lanczos-none&size=large_cover&output-format=jpg&output-quality=70,https://a1.muscache.com/ac/pictures/110819668/a95a4c25_original.jpg?interpolation=lanczos-none&size=x_large_cover&output-format=jpg&output-quality=70,19381151,https://www.airbnb.com/users/show/19381151,Yifan,2014-08-03,"Seattle, Washington, United States",Hi! I'm Yifan. I'm a student at University of Washington! ,within a few hours,100%,,f,"https://a0.muscache.com/ac/users/19381151/profile_pic/1407077094/original.jpg?interpolation=lanczos-none&crop=w:w;*,*&crop=h:h;*,*&resize=50:*&output-format=jpg&output-quality=70","https://a0.muscache.com/ac/users/19381151/profile_pic/1407077094/original.jpg?interpolation=lanczos-none&crop=w:w;*,*&crop=h:h;*,*&resize=225:*&output-format=jpg&output-quality=70",,2.0,2.0,"['email', 'phone', 'facebook', 'google', 'linkedin', 'reviews', 'jumio']",t,t,"16th Avenue Northeast, Seattle, WA 98105, United States",,University District,University District,Seattle,WA,98105,Seattle,"Seattle, WA",US,United States,47.66130990161428,-122.3100722222472,f,Apartment,Private room,2,1.0,1.0,1.0,Real Bed,"{TV,""Cable TV"",Internet,""Wireless Internet"",Kitchen,Heating,""Smoke Detector"",""First Aid Kit"",Essentials,Shampoo}",,$99.00,$549.00,"$2,199.00",,,1,$10.00,1,1125,3 months ago,t,30,60,90,365,2016-01-04,0,,,,,,,,,,f,,WASHINGTON,t,moderate,f,f,2,
8939687,https://www.airbnb.com/rooms/8939687,20160104002432,2016-01-04,The Seattle Room w/Breakfast,"This room is cozy, clean and comfortable only two blocks away from the University & 10 minutes on the bus to Downtown. Some of the best coffee shops, movie theaters, bookshops and ethnic restaurants are in the University District.","Your room is on the main floor of the house. Upon entry it will be directly to the left of the main stairs, with your bedroom being the door on the right.  It is furnished with a full/XL sized bed, small fan, reading lamps, private access to the front porch and hanging space for clothing. The bedrooms don't have individual locks on the doors. Out of 500+ guests we have hosted in our 4 houses we have never had a single issue with security. Your bathroom is actually located in the basement. Please use the hallway to the right of the main staircase. Take a left away from the kitchen and head down the stairs with the bathroom being at the base of that staircase.  The light switch is on the outside of the door on the left-hand side.","This room is cozy, clean and comfortable only two blocks away from the University & 10 minutes on the bus to Downtown. Some of the best coffee shops, movie theaters, bookshops and ethnic restaurants are in the University District. Your room is on the main floor of the house. Upon entry it will be directly to the left of the main stairs, with your bedroom being the door on the right.  It is furnished with a full/XL sized bed, small fan, reading lamps, private access to the front porch and hanging space for clothing. The bedrooms don't have individual locks on the doors. Out of 500+ guests we have hosted in our 4 houses we have never had a single issue with security. Your bathroom is actually located in the basement. Please use the hallway to the right of the main staircase. Take a left away from the kitchen and head down the stairs with the bathroom being at the base of that staircase.  The light switch is on the outside of the door on the left-hand side. Guests have access to the kitch",none,The University district neighborhood is amazing. Alive with different types of people throughout the year.  A multitude of restaurants and shops plus amazing proximity to downtown Seattle and other popular local neighborhoods.  The North entrance to the University of Washington is just 2 blocks south & University Way is also just 2 blocks west of our location. Super easy public transportation in and out of the area makes the UD a prime location.,Ethan is the on site host at Darios' house in the U-DISTRICT near the UW. He works closely with Dario on a daily basis to ensure the most comfortable stay for our guests. Any questions can be directed towards both Ethan or Dario.,"There are a multitude of ways to travel to our location; easiet; drive, UBER or taxi  (parking is through the alley behind the house.) * FROM AIRPORT* - rental car or taxi (no uber) - light rail to downtow(URL HIDDEN)(convention center stop within tunnel) - transfer to bus:(#72, #72x, or other) (depending on day & time) - depart bus within just a few blocks of our location no matter which bus you take. All busses to downtown take only 10-15min depending on traffic. The trip by car from the airport can take 30-60min depending on traffic if you drive. The light rail takes about 30min to reach downtown from the airport.",https://a2.muscache.com/ac/pictures/6ae0f23e-abc6-4c92-8c2f-f5babff02e1a.jpg?interpolation=lanczos-none&size=small&output-format=jpg&output-quality=70,https://a2.muscache.com/im/pictures/6ae0f23e-abc6-4c92-8c2f-f5babff02e1a.jpg?aki_policy=medium,https://a2.muscache.com/ac/pictures/6ae0f23e-abc6-4c92-8c2f-f5babff02e1a.jpg?interpolation=lanczos-none&size=large_cover&output-format=jpg&output-quality=70,https://a2.muscache.com/ac/pictures/6ae0f23e-abc6-4c92-8c2f-f5babff02e1a.jpg?interpolation=lanczos-none&size=x_large_cover&output-format=jpg&output-quality=70,26967583,https://www.airbnb.com/users/show/26967583,Dario,2015-01-30,"Seattle, Washington, United States","Welcome, my name is Dario.

I was born in Sicily and I moved to Seattle eight years ago. I am an Italian teacher and the director of Boys Tribe Project, an after school program to help boys develop emotional intelligence, learn how to play rough without hurting each other, and be creative with imaginative play and storytelling.

I love to cook Italian homemade food, traveling, personal growth, psychology, jazz and blues, foreign movies, interior design, modern dance, storytelling, art, and culture in general. I love hosting people, I used to host couch surfers and I also was traveling for a few years. The thing I like the most is to hear and to share stories from people all over the world.",within an hour,98%,100%,f,"https://a2.muscache.com/ac/users/26967583/profile_pic/1427823555/original.jpg?interpolation=lanczos-none&crop=w:w;*,*&crop=h:h;*,*&resize=50:*&output-format=jpg&output-quality=70","https://a2.muscache.com/ac/users/26967583/profile_pic/1427823555/original.jpg?interpolation=lanczos-none&crop=w:w;*,*&crop=h:h;*,*&resize=225:*&output-format=jpg&output-quality=70",University District,21.0,21.0,"['email', 'phone', 'facebook', 'reviews']",t,f,"16th Ave NE, Seattle, WA 98105, United States",,University District,University District,Seattle,WA,98105,Seattle,"Seattle, WA",US,United States,47.66452089958867,-122.3095983235564,f,House,Private room,2,1.0,1.0,1.0,Real Bed,"{Internet,""Wireless Internet"",Kitchen,""Free Parking on Premises"",Breakfast,Heating,""Smoke Detector"",""Carbon Monoxide Detector"",""Fire Extinguisher"",Essentials,Shampoo}",,$45.00,,,$500.00,$10.00,1,$15.00,1,1125,3 days ago,t,15,35,63,338,2016-01-04,8,2015-11-04,2015-12-09,83.0,9.0,9.0,10.0,10.0,9.0,9.0,f,,WASHINGTON,t,strict,f,f,21,3.87
3793406,https://www.airbnb.com/rooms/3793406,20160104002432,2016-01-04,Roosevelt / Ravenna Retreat Apt.,"Private entry mother-in-law apartment in well lit basement of grand Ravenna / Roosevelt home. 2bd+1 small bath, kitchen, perfect  retreat after exploring Green Lake or U District, both nearby. Conveniently located near shops and restaurants.","Location is awesome, near Roosevelt shops and restaurants, equidistant from Green Lake and U District. Block and a half from Cowen Park / Ravenna Park. Although it is a basement apartment, it is well lit and has lots of windows.","Private entry mother-in-law apartment in well lit basement of grand Ravenna / Roosevelt home. 2bd+1 small bath, kitchen, perfect  retreat after exploring Green Lake or U District, both nearby. Conveniently located near shops and restaurants. Location is awesome, near Roosevelt shops and restaurants, equidistant from Green Lake and U District. Block and a half from Cowen Park / Ravenna Park. Although it is a basement apartment, it is well lit and has lots of windows. Private, separate keyed entry. Washer/Dryer, full kitchen, two bedrooms. Key drop off, tour and key pick-up will be guided by host Aaron or his wife Kate. Both are available by text, phone or email for follow-up questions. Restaurants, shops, proximity to parks. Express bus picks up a few blocks away for downtown Seattle. Other buses run nearby for quick access elsewhere. Small bathroom! Basement apartment means you may hear footsteps overhead!",none,"Restaurants, shops, proximity to parks.",Small bathroom! Basement apartment means you may hear footsteps overhead!,Express bus picks up a few blocks away for downtown Seattle. Other buses run nearby for quick access elsewhere.,https://a2.muscache.com/ac/pictures/47730737/26b48dc7_original.jpg?interpolation=lanczos-none&size=small&output-format=jpg&output-quality=70,https://a2.muscache.com/im/pictures/47730737/26b48dc7_original.jpg?aki_policy=medium,https://a2.muscache.com/ac/pictures/47730737/26b48dc7_original.jpg?interpolation=lanczos-none&size=large_cover&output-format=jpg&output-quality=70,https://a2.muscache.com/ac/pictures/47730737/26b48dc7_original.jpg?interpolation=lanczos-none&size=x_large_cover&output-format=jpg&output-quality=70,881457,https://www.airbnb.com/users/show/881457,Aaron,2011-07-27,"Seattle, Washington, United States","Project Manager from Seattle, WA. Married, wife and lovely daughter. Love soccer, travel and food!",,,,t,"https://a0.muscache.com/ac/users/881457/profile_pic/1312823502/original.jpg?interpolation=lanczos-none&crop=w:w;*,*&crop=h:h;*,*&resize=50:*&output-format=jpg&output-quality=70","https://a0.muscache.com/ac/users/881457/profile_pic/1312823502/original.jpg?interpolation=lanczos-none&crop=w:w;*,*&crop=h:h;*,*&resize=225:*&output-format=jpg&output-quality=70",Roosevelt,1.0,1.0,"['email', 'phone', 'reviews', 'kba']",t,t,"Northeast 61st Street, Seattle, WA 98115, United States",Roosevelt,University District,University District,Seattle,WA,98115,Seattle,"Seattle, WA",US,United States,47.67205628405604,-122.3177188511541,t,Apartment,Entire home/apt,2,1.0,2.0,2.0,Real Bed,"{""Wireless Internet"",Kitchen,Heating,""Family/Kid Friendly"",Washer,Dryer,""Smoke Detector"",""Carbon Monoxide Detector"",""Fire Extinguisher"",Essentials}",,$98.00,,,,$50.00,1,$0.00,3,1125,5 months ago,t,0,0,0,0,2016-01-04,9,2014-08-18,2015-09-13,100.0,9.0,10.0,10.0,10.0,10.0,10.0,f,,WASHINGTON,f,flexible,f,f,1,0.53
9134196,https://www.airbnb.com/rooms/9134196,20160104002432,2016-01-04,"Studio Apt with patio, #105","Identity is located in the U District. Each studio apt includes a full bathroom, kitchenette, washer/dryer, Murphy Bed, and Patio. Plus, all guests get access to the amazing rooftop deck, which includes an outdoor TV, grill, & fire pit.","All of our studios are smartly designed to make the space feel larger than expected and everything about the studios are sleek and modern. Every unit includes a full, designer bathroom, washer & dryer, kitchenette with cooking hot plate, sleek Murphy Bed with sofa, 42"" TV with DirecTV service, and high-speed internet.","Identity is located in the U District. Each studio apt includes a full bathroom, kitchenette, washer/dryer, Murphy Bed, and Patio. Plus, all guests get access to the amazing rooftop deck, which includes an outdoor TV, grill, & fire pit. All of our studios are smartly designed to make the space feel larger than expected and everything about the studios are sleek and modern. Every unit includes a full, designer bathroom, washer & dryer, kitchenette with cooking hot plate, sleek Murphy Bed with sofa, 42"" TV with DirecTV service, and high-speed internet. Every guest gets access to the building's amenities, which includes an expansive rooftop deck with an outdoor TV, grill, fire pit, and tons of seating. Access is provided via an electronic key fob. Identity Seattle is professionally managed. Our leasing and management office is located just 8 blocks from Identity, so we're here to help. We also are available 24/7/365 for emergencies. The U District of Seattle is the University of Washingto",none,"The U District of Seattle is the University of Washington hot-spot. The UW culture permeates the entire U District, but the particular area that Identity is located in is the quiet, residential area of West Campus.","Parking is not available at Identity, however, street parking can be found throughout the U District. Note that some areas are time limited and metered, while other streets are not.",Bus service is extensive in Seattle. Identity is located just a block away from a major bus stop to downtown and other neighborhoods. This stop is located at 12th Ave NE & Campus Parkway.,https://a2.muscache.com/ac/pictures/e05e5a8b-74e8-4427-bca3-6bc37ab76420.jpg?interpolation=lanczos-none&size=small&output-format=jpg&output-quality=70,https://a2.muscache.com/im/pictures/e05e5a8b-74e8-4427-bca3-6bc37ab76420.jpg?aki_policy=medium,https://a2.muscache.com/ac/pictures/e05e5a8b-74e8-4427-bca3-6bc37ab76420.jpg?interpolation=lanczos-none&size=large_cover&output-format=jpg&output-quality=70,https://a2.muscache.com/ac/pictures/e05e5a8b-74e8-4427-bca3-6bc37ab76420.jpg?interpolation=lanczos-none&size=x_large_cover&output-format=jpg&output-quality=70,23502285,https://www.airbnb.com/users/show/23502285,Matt,2014-11-08,"Seattle, Washington, United States",Matt is a Regional with the property management company that runs Identity and is excited to become an airBNB host! ,within an hour,90%,100%,f,"https://a2.muscache.com/ac/pictures/a872f002-04af-4f84-ac22-4bd51aa5f8a7.jpg?interpolation=lanczos-none&crop=w:w;*,*&crop=h:h;*,*&resize=50:*&output-format=jpg&output-quality=70","https://a2.muscache.com/ac/pictures/a872f002-04af-4f84-ac22-4bd51aa5f8a7.jpg?interpolation=lanczos-none&crop=w:w;*,*&crop=h:h;*,*&resize=225:*&output-format=jpg&output-quality=70",University District,2.0,2.0,"['email', 'phone', 'linkedin', 'reviews', 'jumio']",t,t,"12th Avenue Northeast, Seattle, WA 98105, United States",University District,University District,University District,Seattle,WA,98105,Seattle,"Seattle, WA",US,United States,47.65737283946541,-122.31460629193302,t,Apartment,Entire home/apt,2,1.0,0.0,1.0,Real Bed,"{TV,""Cable TV"",Internet,""Wireless Internet"",""Wheelchair Accessible"",""Elevator in Building"",Heating,Washer,Dryer,""Smoke Detector"",""Carbon Monoxide Detector"",""Safety Card"",Essentials,Shampoo,Hangers,""Hair Dryer"",Iron,""Laptop Friendly Workspace""}",,$109.00,$650.00,"$2,500.00",,$49.00,1,$0.00,1,1125,4 weeks ago,t,22,44,74,163,2016-01-04,1,2015-11-29,2015-11-29,80.0,6.0,8.0,6.0,4.0,8.0,6.0,f,,WASHINGTON,f,flexible,f,f,2,0.81
6007267,https://www.airbnb.com/rooms/6007267,20160104002432,2016-01-04,1BD Apt. in University District,"One bed apartment (550 sq ft) with Queen bed and couch in the University District. Walking distance to the University and ""the Ave"" with lots of food and shopping, very close to the I-5, and only ~15 minutes to Downtown/Fremont/Ballard driving.","I will be taking trips throughout the summer, and my whole place will be available when I go. I have a one bedroom apartment in the University District (550 sq ft), walking distance to the University and ""the Ave"" with lots of food and shopping, very close to the I-5, and only ~15 minutes driving to Downtown/Fremont/Ballard. My living room also has a couch and there is room for an air mattress if more people need to be accommodated.  I also have a cat, so for travelers estranged from their pets this could be perfect (purrfect?) for you! I have knocked down the price for guests who don't mind sharing the space with her (Norrie). Someone will be coming in/out to take care of her. I would also be willing to lower the price further if guests are interesting in feeding/loving her rather than having someone come in. This is my first time listing on Airbnb, so I do not have any recommendations yet. If you are interested in renting the space, I would be more than happy to (website hidden) with","One bed apartment (550 sq ft) with Queen bed and couch in the University District. Walking distance to the University and ""the Ave"" with lots of food and shopping, very close to the I-5, and only ~15 minutes to Downtown/Fremont/Ballard driving. I will be taking trips throughout the summer, and my whole place will be available when I go. I have a one bedroom apartment in the University District (550 sq ft), walking distance to the University and ""the Ave"" with lots of food and shopping, very close to the I-5, and only ~15 minutes driving to Downtown/Fremont/Ballard. My living room also has a couch and there is room for an air mattress if more people need to be accommodated.  I also have a cat, so for travelers estranged from their pets this could be perfect (purrfect?) for you! I have knocked down the price for guests who don't mind sharing the space with her (Norrie). Someone will be coming in/out to take care of her. I would also be willing to lower the price further if guests are int",none,,,"Walking distance to almost every bus line you could need. Can walk to the University/all around U-district for access to shops, restaurants, and bars (oldest coffee in Seattle is here!). Access to the I-5 is very easy.",https://a1.muscache.com/ac/pictures/74809061/bfbb20ea_original.jpg?interpolation=lanczos-none&size=small&output-format=jpg&output-quality=70,https://a1.muscache.com/im/pictures/74809061/bfbb20ea_original.jpg?aki_policy=medium,https://a1.muscache.com/ac/pictures/74809061/bfbb20ea_original.jpg?interpolation=lanczos-none&size=large_cover&output-format=jpg&output-quality=70,https://a1.muscache.com/ac/pictures/74809061/bfbb20ea_original.jpg?interpolation=lanczos-none&size=x_large_cover&output-format=jpg&output-quality=70,7178350,https://www.airbnb.com/users/show/7178350,Hannah,2013-06-29,"Seattle, Washington, United States","I just moved to Seattle to start a graduate program at the University of Washington. I moved from Austin, where I did my undergraduate at UT (Texas forever!) 

I have used Airbnb a lot when traveling, and I fell in love with it. 

I will be taking trips throughout the summer, and my place will be available when I go. I have a one bedroom apartment in the University District, super close to the University, ""the Ave"" with lots of food and shopping, very close to the I-5, and only ~15 minutes from Fremont/Ballard.

I also have a cat, so for travelers estranged from their pets this could be perfect (purrfect?) for you! I will knock down the price per night if guests don't mind taking (minimal) care of her while at the apartment. 

While I haven't been in Seattle for long, I love this place already and can give recommendations/help for any questions you have!",,,,f,"https://a2.muscache.com/ac/users/7178350/profile_pic/1372509271/original.jpg?interpolation=lanczos-none&crop=w:w;*,*&crop=h:h;*,*&resize=50:*&output-format=jpg&output-quality=70","https://a2.muscache.com/ac/users/7178350/profile_pic/1372509271/original.jpg?interpolation=lanczos-none&crop=w:w;*,*&crop=h:h;*,*&resize=225:*&output-format=jpg&output-quality=70",University District,1.0,1.0,"['email', 'phone', 'facebook', 'reviews', 'kba']",t,t,"11th Avenue Northeast, Seattle, WA 98105, United States",University District,University District,University District,Seattle,WA,98105,Seattle,"Seattle, WA",US,United States,47.66637833513893,-122.3168924537305,t,Apartment,Entire home/apt,3,1.0,1.0,1.0,Real Bed,"{TV,Internet,""Wireless Internet"",Kitchen,""Pets live on this property"",Cat(s),Heating,""Family/Kid Friendly"",Washer,Dryer,""Smoke Detector"",""Carbon Monoxide Detector"",Essentials}",,$75.00,$475.00,,,$20.00,3,$40.00,4,1125,8 months ago,t,0,0,0,2,2016-01-04,3,2015-06-10,2015-06-22,100.0,10.0,10.0,10.0,10.0,10.0,10.0,f,,WASHINGTON,f,moderate,f,f,1,0.43
3422894,https://www.airbnb.com/rooms/3422894,20160104002432,2016-01-04,Sunny rooftop U district studio!,"Bright, airy rooftop studio in heart of U District, 2 min from The Ave. Major Metro bus lines nearby. Sliding door opens to rooftop deck - plants, bird feeders. Please send me a note asking about availability before you try to book. 4F - no elevator!","Sunny airy rooftop studio 2 minutes from The Ave (cafes, restaurants, bookstores, pubs).  Small private space with kitchen and bathroom, ideal for 1 person.  Located in old building so it's not a modern unit by any means. Wear and tear, etc. Also, I live here when I am not doing airbnb so it has lived-in feel. Rooftop space shared with one other unit (though it's not heavily used).  Mini balcony right outside your patio door with plants & bird feeders.    Bed is a futon on the floor, no frame. Full size so can fit a couple.  Light and noise - it IS sunny and the curtains are not sun-blocking - you might need eye covers if you're not an early riser. And if you're a light sleeper, then you'll want to sleep with windows shut. Bathroom - water heater is too small to fill up bathtub adequately. Shower works well though. Building - other tenants are mostly students. NO elevator. Studio is on 4F. Bed - no frame, just a full-sized futon lying directly on floor. Clean sheets and towels of cours","Bright, airy rooftop studio in heart of U District, 2 min from The Ave. Major Metro bus lines nearby. Sliding door opens to rooftop deck - plants, bird feeders. Please send me a note asking about availability before you try to book. 4F - no elevator! Sunny airy rooftop studio 2 minutes from The Ave (cafes, restaurants, bookstores, pubs).  Small private space with kitchen and bathroom, ideal for 1 person.  Located in old building so it's not a modern unit by any means. Wear and tear, etc. Also, I live here when I am not doing airbnb so it has lived-in feel. Rooftop space shared with one other unit (though it's not heavily used).  Mini balcony right outside your patio door with plants & bird feeders.    Bed is a futon on the floor, no frame. Full size so can fit a couple.  Light and noise - it IS sunny and the curtains are not sun-blocking - you might need eye covers if you're not an early riser. And if you're a light sleeper, then you'll want to sleep with windows shut. Bathroom - water",none,Walk score of 100%  --  LOTS of cheap tasty eateries and cafes in the neighborhood... University Way (The Ave) - 2-minute walk Starbucks - 2-minute walk Cafe Allegro - 3-minute walk Trader Joes - 5-minute walk UW campus - 3-minute walk Safeway - 7-minute walk Saturday Farmer's Market - 7-minute walk Neptune - 2-minute walk YMCA - 10-minute walk ,"Lost key fee of $125 fee if you lose the main building key. Check-in and -out times - I'm flexible, we just need to discuss it beforehand.  Rooftop studio, so not suitable for small children. Not wheelchair accessible. 4F and no elevator.","Bus – 4-minute walk to Campus Parkway where major bus lines stop. It'a a 10-minute bus ride to downtown. Car – 3 minutes to I5 NE 45th Street Exit Bicycle - the Burke-Gilman trail is a 2-minute ride away from here - easy cycling to Fremont, Ballard, Ravenna and Green Lake. ",https://a1.muscache.com/ac/pictures/44717568/77747239_original.jpg?interpolation=lanczos-none&size=small&output-format=jpg&output-quality=70,https://a1.muscache.com/im/pictures/44717568/77747239_original.jpg?aki_policy=medium,https://a1.muscache.com/ac/pictures/44717568/77747239_original.jpg?interpolation=lanczos-none&size=large_cover&output-format=jpg&output-quality=70,https://a1.muscache.com/ac/pictures/44717568/77747239_original.jpg?interpolation=lanczos-none&size=x_large_cover&output-format=jpg&output-quality=70,1037114,https://www.airbnb.com/users/show/1037114,Amy,2011-08-30,"Seattle, Washington, United States","I'm laid back and friendly, quick to see humor in things. I'm an RN now. I lived over ten years in China, running a cafe and organizing trekking and jeep trips. My aim here is to provide an affordable, clean and welcoming place for you to stay while in Seattle. I'll meet you at the apartment when you arrive and get you situated, then leave you to it. Any questions or problems, I'll be a phone call away.",,,,f,"https://a1.muscache.com/ac/users/1037114/profile_pic/1403726027/original.jpg?interpolation=lanczos-none&crop=w:w;*,*&crop=h:h;*,*&resize=50:*&output-format=jpg&output-quality=70","https://a1.muscache.com/ac/users/1037114/profile_pic/1403726027/original.jpg?interpolation=lanczos-none&crop=w:w;*,*&crop=h:h;*,*&resize=225:*&output-format=jpg&output-quality=70",University District,1.0,1.0,"['email', 'phone', 'facebook', 'reviews', 'kba']",t,t,"12th Avenue Northeast, Seattle, WA 98105, United States",University District,University District,University District,Seattle,WA,98105,Seattle,"Seattle, WA",US,United States,47.65890869525999,-122.31479362436328,t,Apartment,Entire home/apt,2,1.0,0.0,1.0,Futon,"{Internet,""Wireless Internet"",Kitchen,""Free Parking on Premises"",Breakfast,""Buzzer/Wireless Intercom"",Washer,Dryer,""Smoke Detector"",""First Aid Kit"",""Fire Extinguisher"",Essentials,Shampoo}",,$88.00,,,$150.00,$20.00,1,$0.00,1,31,5 weeks ago,t,0,0,0,2,2016-01-04,18,2014-07-19,2014-08-30,93.0,10.0,10.0,10.0,10.0,9.0,9.0,f,,WASHINGTON,f,moderate,f,f,1,1.01
3630581,https://www.airbnb.com/rooms/3630581,20160104002432,2016-01-04,Center UW Comfy Quiet & View (302),"It has a Walk Score of 98 out of 100. This location is a Walker's Paradise so no car is required. Super comfortable, quiet and clean.This apt is on the top 3rd floor with intercom access. The window view of the  Brooklyn Ave is nice.","Large clean furnished  studio on the 3rd floor facing  Brooklyn Ave with a open view which is rare in U District.  It has a large  private kitchen and bathroom. *Equipped kitchen and dining room and full bath (both bath and showers available) with towels and mat.  *Furniture include a queen bed, 2 rocking sofa chairs, large desk, desk chair  dining table and chairs.  *Quiet, conveniently located in the heart of U District. *Free business level wifi! *New Maytag washers and dryers in the building * Controlled secure access.  * Easy access to I-5. 10 min to get to down town normally; 20+min in rush hour. Interesting! many tenants have asked me if the building is mostly empty for it is so quiet.  On the contrary, it is 95% fully occupied.  Due to the good insulation and solid structure, the sound proof is very good.  This lovely brick building, originally a classic hotel and a landmark, is in a great location at the heart of the U District but is very quiet due to good management, located","It has a Walk Score of 98 out of 100. This location is a Walker's Paradise so no car is required. Super comfortable, quiet and clean.This apt is on the top 3rd floor with intercom access. The window view of the  Brooklyn Ave is nice. Large clean furnished  studio on the 3rd floor facing  Brooklyn Ave with a open view which is rare in U District.  It has a large  private kitchen and bathroom. *Equipped kitchen and dining room and full bath (both bath and showers available) with towels and mat.  *Furniture include a queen bed, 2 rocking sofa chairs, large desk, desk chair  dining table and chairs.  *Quiet, conveniently located in the heart of U District. *Free business level wifi! *New Maytag washers and dryers in the building * Controlled secure access.  * Easy access to I-5. 10 min to get to down town normally; 20+min in rush hour. Interesting! many tenants have asked me if the building is mostly empty for it is so quiet.  On the contrary, it is 95% fully occupied.  Due to the good ins",none,"It is located in the bustling and vibrant University district. A rare 98 out of 100 walk score. It is within five minutes' walking distance to the University of Washington. You will have access to a diverse array of restaurants, shops and activities. The apt is clean and comfortable.","This is on the very top floor -- the 3rd floor with no elevator, the law allows building with only 3 floors do without elevator.  The wide stairs with landings make the climbing easy.","Right at the corner of Brooklyn Ave and 45th st, there are many bus lines are just a few steps away and can take you anywhere in Seattle. There are 130 restaurants within a 15 minute walk including BBQ Chicken, Mongolian Grill, Thai Food, Japanese Noodle, Greek Gyro and Bubble tea house, etc.  Coming from the airport, you either take a taxi (around $60) or an airport shuttle and tell them to get off at ""Hotel Deca"" that will make your rate cheaper for the drivers drop passengers at that hotel often, our place is on the same street within 25 feet. Or you can take the link to downtown and bus to here near 45th st NE and NE Brooklyn Ave. ",https://a2.muscache.com/ac/pictures/60984009/fa25ed81_original.jpg?interpolation=lanczos-none&size=small&output-format=jpg&output-quality=70,https://a2.muscache.com/im/pictures/60984009/fa25ed81_original.jpg?aki_policy=medium,https://a2.muscache.com/ac/pictures/60984009/fa25ed81_original.jpg?interpolation=lanczos-none&size=large_cover&output-format=jpg&output-quality=70,https://a2.muscache.com/ac/pictures/60984009/fa25ed81_original.jpg?interpolation=lanczos-none&size=x_large_cover&output-format=jpg&output-quality=70,3074414,https://www.airbnb.com/users/show/3074414,Melissa,2012-07-27,"Seattle, Washington, United States","Used to be a professor (Ph.D. in Political Economy), then a homeschooling mom and  a religious non profit organization founder, now like to travel, read / review books and manage properties. The best cities I like are Seattle, Florence, Sanya and Taipei.  (Taipei is chosen as the #1 out of 26 Remarkable Places For Solo Travel by BuzzFeed!  (website hidden)) We have  a few nicely furnished studios and one bedrooms condo apt conveniently located near University of Washington in Seattle with your own private kitchen and bathroom.  You will enjoy the convenient locations and quietness of all these buildings. You will also be surprised how quickly we respond to your requests as long as I am in town.  My motto is Providing Quality Places at Fair Prices and my life motto is in Philippians 4:13. ",within a few hours,80%,100%,f,"https://a2.muscache.com/ac/users/3074414/profile_pic/1408093668/original.jpg?interpolation=lanczos-none&crop=w:w;*,*&crop=h:h;*,*&resize=50:*&output-format=jpg&output-quality=70","https://a2.muscache.com/ac/users/3074414/profile_pic/1408093668/original.jpg?interpolation=lanczos-none&crop=w:w;*,*&crop=h:h;*,*&resize=225:*&output-format=jpg&output-quality=70",Ravenna,34.0,34.0,"['email', 'phone', 'reviews', 'kba']",t,t,"Brooklyn Avenue NE, Seattle, WA 98105, United States",University District,University District,University District,Seattle,WA,98105,Seattle,"Seattle, WA",US,United States,47.66218140897996,-122.31339111651842,t,Apartment,Entire home/apt,2,1.0,0.0,1.0,Real Bed,"{Internet,""Wireless Internet"",Kitchen,Heating,Essentials}",,$98.00,$695.00,"$1,895.00",$100.00,$60.00,1,$15.00,2,1125,2 months ago,t,30,60,90,349,2016-01-04,9,2014-08-10,2015-09-08,78.0,8.0,9.0,9.0,10.0,8.0,8.0,f,,WASHINGTON,f,moderate,f,f,34,0.53
9394508,https://www.airbnb.com/rooms/9394508,20160104002432,2016-01-04,Steps to UW Wood Floor Remodeled 12,"It has a Walk Score of 94--Walker's Paradise. remodeled. The Ave, UW Tower, Hotel Deca just across the street. Very clean . 5-8 min drive to Children Hospital, downtown Seattle, Portage Bay, Lake Union and Eastlake","Newly furnished one bedroom apartments in a quiet building only a 5 minute walk away from the University of Washington. It is located near 42nd St NE and 11 Ave. University Way is just two blocks over. Trader Joes, Safeway, Movie Theater, and a variety of diverse restaurants are a five minute walk away. Easy access to I-5. 10 min to get to down town normally; 20+min in rush hour.  * Newly refinished hardwood floor  * Super comfortable 14"" thick queen memory foam mattress. *New Furniture includes a queen bed, queen sleeper sofa,  coffee table, dining table, floor lamps and lamp. * Linens, blanket, towels, shampoo are provided. *Good internet reception. * A full private bathroom and a fully equipped kitchen with a full-size fridge and a range. * New baseboard and paint * New floors in the bedroom, kitchen and bathroom in addition to the newly refinished hardwood floor. * New vanity with LED light faucet. * New Deck and new railing","It has a Walk Score of 94--Walker's Paradise. remodeled. The Ave, UW Tower, Hotel Deca just across the street. Very clean . 5-8 min drive to Children Hospital, downtown Seattle, Portage Bay, Lake Union and Eastlake Newly furnished one bedroom apartments in a quiet building only a 5 minute walk away from the University of Washington. It is located near 42nd St NE and 11 Ave. University Way is just two blocks over. Trader Joes, Safeway, Movie Theater, and a variety of diverse restaurants are a five minute walk away. Easy access to I-5. 10 min to get to down town normally; 20+min in rush hour.  * Newly refinished hardwood floor  * Super comfortable 14"" thick queen memory foam mattress. *New Furniture includes a queen bed, queen sleeper sofa,  coffee table, dining table, floor lamps and lamp. * Linens, blanket, towels, shampoo are provided. *Good internet reception. * A full private bathroom and a fully equipped kitchen with a full-size fridge and a range. * New baseboard and paint * New f",none,"It is located in the bustling and vibrant University district.  A high 94 walk score. You will have access to a diverse array of restaurants, shops and activities without the need for a car.","It is on the 2nd floor. No elevator. The bedroom window faces 42nd street, but it is not a busy street.  It does not bother most people due to the double pane windows. Please refer to the house manual located in your itinerary for the check in and out procedures as well as additional important information.  Parking in our lot is $8-12 per day, if you're interested in a monthly pass that is cheaper per day, please contact me.","Right at the corner of 42nd St and 11th ave NE and within five minutes' walking distance to the University of Washington. Many bus lines are just a few steps away and can take you anywhere in Seattle, Campus Parkway has a lot of buslines which is just 3 min walk to there. Also the University Way and NE 42nd street , Brooklyn Ave NE and NE 45th street all have a lot of busines to go to anywhere you want to go.  Downtown Seattle only takes you 10 min drive or 17 min bus ride. There are 130 restaurants within a 15 minute walk including BBQ Chicken, Mongolian Grill, Thai Food, Japanese Noodle, Greek Gyro and Bubble tea house, etc.  Note about Amazon: We always have Amazon employees here, it is only 9 min drive to  Amazon or 17 min bus ride.",https://a2.muscache.com/ac/pictures/614b540f-1a1d-4473-9296-8e2a34b214f1.jpg?interpolation=lanczos-none&size=small&output-format=jpg&output-quality=70,https://a2.muscache.com/im/pictures/614b540f-1a1d-4473-9296-8e2a34b214f1.jpg?aki_policy=medium,https://a2.muscache.com/ac/pictures/614b540f-1a1d-4473-9296-8e2a34b214f1.jpg?interpolation=lanczos-none&size=large_cover&output-format=jpg&output-quality=70,https://a2.muscache.com/ac/pictures/614b540f-1a1d-4473-9296-8e2a34b214f1.jpg?interpolation=lanczos-none&size=x_large_cover&output-format=jpg&output-quality=70,2911360,https://www.airbnb.com/users/show/2911360,Ren,2012-07-12,"Seattle, Washington, United States","I am a physicist and a Calvinist.  I like to cook and go hiking. I believe I cook pretty well for my children and my wife like the food I cook.  I also like to think and solve math problems that is probably why I got a doctorate from an Ivy League University in Physics.  I do not talk much but am very easy going. I keep updating to make sure they are safe, comfortable and updated.  My wife is probably the person who meets you most of time.  She has many positive reviews on airbnb and she is outgoing and detail oriented -- she pays more attention on cleanliness and weather you are comfortable or not. She wants me to take care of this property so this is my new experience on airbnb but she still does the final inspection to make sure the units are clean and satisfactory. I believe you will like it just like other satisfying guests.",within a few hours,100%,100%,f,"https://a2.muscache.com/ac/users/2911360/profile_pic/1394702750/original.jpg?interpolation=lanczos-none&crop=w:w;*,*&crop=h:h;*,*&resize=50:*&output-format=jpg&output-quality=70","https://a2.muscache.com/ac/users/2911360/profile_pic/1394702750/original.jpg?interpolation=lanczos-none&crop=w:w;*,*&crop=h:h;*,*&resize=225:*&output-format=jpg&output-quality=70",Ravenna,11.0,11.0,"['email', 'phone', 'reviews']",t,f,"11th Avenue Northeast, Seattle, WA 98105, United States",University District,University District,University District,Seattle,WA,98105,Seattle,"Seattle, WA",US,United States,47.65732954014212,-122.31780935531891,t,Apartment,Entire home/apt,4,1.0,1.0,2.0,Real Bed,"{TV,Internet,""Wireless Internet"",Kitchen,Heating,Washer,Dryer,""Smoke Detector"",""Carbon Monoxide Detector"",""Fire Extinguisher"",Essentials,Shampoo,""24-Hour Check-in"",Hangers,""Laptop Friendly Workspace""}",,$75.00,$490.00,"$1,495.00",$100.00,$60.00,1,$15.00,1,1125,3 weeks ago,t,17,47,77,352,2016-01-04,1,2015-11-21,2015-11-21,100.0,10.0,10.0,10.0,10.0,10.0,8.0,f,,WASHINGTON,f,moderate,f,f,11,0.67
7348578,https://www.airbnb.com/rooms/7348578,20160104002432,2016-01-04,Elegant Tangerine Room w/Breakfast,"This room is spacious, clean, peaceful and comfortable only a few blocks away from the University, 10 minutes on the bus to Downtown. Some of the best coffee shops, movie theaters, bookshops and ethnic restaurants are in the University District.","Your room is downstairs through the dinning room, 1st door on the left of the bathroom. The Bathroom light is on the wall to the right, outside the door. It is furnished with a queen bed, small fan, dresser and closet space with hangers. Also with an optional roll-away twin bed for 3rd parties. There are 2 rooms plus daily use that share the downstairs bathroom. Please keep that in mind. Please also turn on small fan during and or after shower to cut down moisture buildup.","This room is spacious, clean, peaceful and comfortable only a few blocks away from the University, 10 minutes on the bus to Downtown. Some of the best coffee shops, movie theaters, bookshops and ethnic restaurants are in the University District. Your room is downstairs through the dinning room, 1st door on the left of the bathroom. The Bathroom light is on the wall to the right, outside the door. It is furnished with a queen bed, small fan, dresser and closet space with hangers. Also with an optional roll-away twin bed for 3rd parties. There are 2 rooms plus daily use that share the downstairs bathroom. Please keep that in mind. Please also turn on small fan during and or after shower to cut down moisture buildup. Guests have access to kitchen, living and dining rooms, laundry, bathrooms, etc. Basically the entire home.  Please refrain from buying and storing multiple days groceries. There is just not enough fridge space to accommodate all house guests private food plus communal breakf",none,The University district neighborhood is amazing. Alive with different types of people throughout the year. A multitude of restaurants and shops plus amazing proximity to downtown Seattle and other popular local neighborhoods. Super easy public transportation in and out of the area makes the UD a prime location.,Ethan is the on site host at the house near UW. He works closely with Dario on a daily basis to ensure the most comfortable stay for our guests. Any questions can be directed towards both Ethan or Dario.,"There are a multitude of ways to travel to our location; easiet; drive, UBER or taxi  (parking is on the street) * FROM AIRPORT* - rental car or taxi (no uber) - light rail to downtow(URL HIDDEN)(convention center stop within tunnel) - transf(phone number hidden) (depending on day & time) - depart bus within just a few blocks of our location no which bus you take. All busses to downtown take only 10-15min depending on traffic. The trip by car from the airport can take 30-60min depending on traffic if you drive. The light rail takes about 30min to reach downtown from the airport.",https://a0.muscache.com/ac/pictures/98200381/9b956d62_original.jpg?interpolation=lanczos-none&size=small&output-format=jpg&output-quality=70,https://a0.muscache.com/im/pictures/98200381/9b956d62_original.jpg?aki_policy=medium,https://a0.muscache.com/ac/pictures/98200381/9b956d62_original.jpg?interpolation=lanczos-none&size=large_cover&output-format=jpg&output-quality=70,https://a0.muscache.com/ac/pictures/98200381/9b956d62_original.jpg?interpolation=lanczos-none&size=x_large_cover&output-format=jpg&output-quality=70,26967583,https://www.airbnb.com/users/show/26967583,Dario,2015-01-30,"Seattle, Washington, United States","Welcome, my name is Dario.

I was born in Sicily and I moved to Seattle eight years ago. I am an Italian teacher and the director of Boys Tribe Project, an after school program to help boys develop emotional intelligence, learn how to play rough without hurting each other, and be creative with imaginative play and storytelling.

I love to cook Italian homemade food, traveling, personal growth, psychology, jazz and blues, foreign movies, interior design, modern dance, storytelling, art, and culture in general. I love hosting people, I used to host couch surfers and I also was traveling for a few years. The thing I like the most is to hear and to share stories from people all over the world.",within an hour,98%,100%,f,"https://a2.muscache.com/ac/users/26967583/profile_pic/1427823555/original.jpg?interpolation=lanczos-none&crop=w:w;*,*&crop=h:h;*,*&resize=50:*&output-format=jpg&output-quality=70","https://a2.muscache.com/ac/users/26967583/profile_pic/1427823555/original.jpg?interpolation=lanczos-none&crop=w:w;*,*&crop=h:h;*,*&resize=225:*&output-format=jpg&output-quality=70",University District,21.0,21.0,"['email', 'phone', 'facebook', 'reviews']",t,f,"11th Avenue Northeast, Seattle, WA 98105, United States",University District,University District,University District,Seattle,WA,98105,Seattle,"Seattle, WA",US,United States,47.666955929106365,-122.3155975043497,t,House,Private room,3,2.0,1.0,1.0,Real Bed,"{Internet,""Wireless Internet"",Kitchen,Breakfast,Heating,""Family/Kid Friendly"",Washer,Dryer,""Smoke Detector"",""Carbon Monoxide Detector"",""Fire Extinguisher"",Essentials,Shampoo,""Lock on Bedroom Door"",""24-Hour Check-in"",Hangers,""Hair Dryer"",Iron,""Laptop Friendly Workspace""}",,$40.00,,,$500.00,$10.00,1,$15.00,1,1125,yesterday,t,23,53,82,82,2016-01-04,30,2015-07-18,2015-11-23,89.0,10.0,9.0,10.0,10.0,10.0,9.0,f,,WASHINGTON,t,strict,f,f,21,5.26
8869680,https://www.airbnb.com/rooms/8869680,20160104002432,2016-01-04,Great Location HEART of UW Studio,"Location, location, location.. Convenience outside your doorsteps. Welcome to Your Home in the Emerald City. We have a great and charming apartment in a 100 year old building in Seattle, WA. just 1 block away from the University of Washington.","A very comfortable Queen sized bed welcomes you to a good nights sleep. The apartment is the front of the building, facing the street and has a classic style.    Location, location, and location, this beautiful Studio is situated in one of the last beautiful brick buildings on the Ave.  The (600 sq ft) Apt is on the Second floor in a Vintage building with a charming traditional stair case. You will have the entire  apartment to yourselves. The studio. has 4 main areas: studio, walk in closet, bathroom and kitchen. The apartment is welcoming and warm. It has wifi, queen-size bed, Emily sectional couch that transform into a futon... comfortably fits 2, and a ikea salvo couch that transform into a futon. 1 heater, ALL NEW counter top and chairs, dishwasher, oven and fridge, large bath tub, linen and towels included. Wireless internet available!","Location, location, location.. Convenience outside your doorsteps. Welcome to Your Home in the Emerald City. We have a great and charming apartment in a 100 year old building in Seattle, WA. just 1 block away from the University of Washington. A very comfortable Queen sized bed welcomes you to a good nights sleep. The apartment is the front of the building, facing the street and has a classic style.    Location, location, and location, this beautiful Studio is situated in one of the last beautiful brick buildings on the Ave.  The (600 sq ft) Apt is on the Second floor in a Vintage building with a charming traditional stair case. You will have the entire  apartment to yourselves. The studio. has 4 main areas: studio, walk in closet, bathroom and kitchen. The apartment is welcoming and warm. It has wifi, queen-size bed, Emily sectional couch that transform into a futon... comfortably fits 2, and a ikea salvo couch that transform into a futon. 1 heater, ALL NEW counter top and chairs, dis",none,"Heart of university district, very near downtown and local stadiums. Huskies are a walk away. Seahawks and Mariners are just a bus ride away. Downtown is an express ride of 10 minutes. We are just a block away from the post office. Outside your door is international Cuisine great spots for beer, dinner and activities.","''PLEASE NOTE'' We like to know a little about the people who are going to stay in our home. and we like to have a completed profile, a story about yourself or a message . Finally, we always appreciate you telling us a bit about why you're visiting when making a request (either through the Airbnb bio or by sending us a message before trying to book) as this helps us to be on the lookout for things you might enjoy when you're here!  Feel free to ask questions, and enjoy your stay in this beautiful city.","The city is walkable to: 0.5 Mile to the University Washington Medical Hospital 1 Mile (Northwest)to the Famous Green lake Park! 1 Mile to the Seattle Children s Hospital 1 Mile to the Fred Hutchinson Cancer Reserach 1.5 Mile to the Convention Center 2 Mile (West) to the Space Needle 0.2 Mile to Farmers Market, Safeway, and Trader Joes 1 Mile to Wallingford Neighborhood 3 Miles to Pikes Place Market  To get from our place to the shopping district or Pike Place Market.  You can ,cab, bus, bike or enjoy a 60 minute walk along the water.  Take cabs or ride-share vehicles everywhere-typically $10 to downtown areas you want to go.  The drivers and vehicles with Lyft, Sidecar and UBERx can be reached on your smart phone.",https://a2.muscache.com/ac/pictures/bc3baf6e-7f97-4cb1-9c4a-62963a363958.jpg?interpolation=lanczos-none&size=small&output-format=jpg&output-quality=70,https://a2.muscache.com/im/pictures/bc3baf6e-7f97-4cb1-9c4a-62963a363958.jpg?aki_policy=medium,https://a2.muscache.com/ac/pictures/bc3baf6e-7f97-4cb1-9c4a-62963a363958.jpg?interpolation=lanczos-none&size=large_cover&output-format=jpg&output-quality=70,https://a2.muscache.com/ac/pictures/bc3baf6e-7f97-4cb1-9c4a-62963a363958.jpg?interpolation=lanczos-none&size=x_large_cover&output-format=jpg&output-quality=70,8026420,https://www.airbnb.com/users/show/8026420,Sheldon,2013-08-08,"Seattle, Washington, United States","Hi there! My name is Shel and I am in the beautiful Pacific Northwest I heard about Airbnb through many of my friends and all of there experiences have been positive, so I figured I would jump on the band wagon.

I will be travelling to different parts of the world (Italy, Ireland, New York City and Hawaii) with my job over the next year and our beautiful apartment, one block from UW in Seattle, will be empty. We felt like it was such a shame to see it empty and none of our friends and family were available to use our space, so we figured we would try Airbnb!

I absolutely love what Seattle has to offer. I love the hikes, consistent fresh air and unbelievable scenery.

I play softball, and do so competitively nationwide, I am very active and love exploring new places in the city and surroundings.

Personally, 5 things I can't live without... sunshine, friends, community, great food and sports. I actually hold activities for the #2 food group (Seattle True Foodies) in the nation. I am also the secretary of the Seahawks Tailgate Crew. Rent my place and you will be my guest at our party.  Help up save for a place of our own.  I absolutely love life!

Well, that's me! ",within an hour,100%,100%,f,"https://a1.muscache.com/ac/users/8026420/profile_pic/1381303715/original.jpg?interpolation=lanczos-none&crop=w:w;*,*&crop=h:h;*,*&resize=50:*&output-format=jpg&output-quality=70","https://a1.muscache.com/ac/users/8026420/profile_pic/1381303715/original.jpg?interpolation=lanczos-none&crop=w:w;*,*&crop=h:h;*,*&resize=225:*&output-format=jpg&output-quality=70",University District,2.0,2.0,"['email', 'phone', 'reviews', 'jumio']",t,t,"University Way Northeast, Seattle, WA 98105, United States",University District,University District,University District,Seattle,WA,98105,Seattle,"Seattle, WA",US,United States,47.65707081848165,-122.31426023387488,t,Apartment,Entire home/apt,4,1.0,0.0,1.0,Real Bed,"{""Wireless Internet"",Kitchen,Heating,""Family/Kid Friendly"",Washer,Dryer,""Smoke Detector"",""Safety Card"",""Fire Extinguisher"",Essentials,Shampoo}",,$85.00,$500.00,"$1,695.00",$100.00,$25.00,2,$25.00,1,1125,3 days ago,t,0,13,40,315,2016-01-04,7,2015-10-19,2015-12-18,91.0,10.0,9.0,9.0,9.0,10.0,10.0,f,,WASHINGTON,t,strict,f,t,2,2.69
7678429,https://www.airbnb.com/rooms/7678429,20160104002432,2016-01-04,650 sqft 1 bed 1 bath apt,"This is the most high quality and reasonable priced apartment in U- district.  I am renting this beautiful and clean apartment for half month starting on August 15th. The apartment will be furnished with beds, cable TV and internet.",The unit itself comes with parking(with no extra cost) and is clean because you will be the first one to live in it.  The bedroom is big and I am thinking to move in my king bed for you.,"This is the most high quality and reasonable priced apartment in U- district.  I am renting this beautiful and clean apartment for half month starting on August 15th. The apartment will be furnished with beds, cable TV and internet. The unit itself comes with parking(with no extra cost) and is clean because you will be the first one to live in it.  The bedroom is big and I am thinking to move in my king bed for you. You can use anything inside the apartment. Please do not smoke inside the unit. I will be in the UW area living in my friend's place. I can answer all your question and help you get around this beautiful city. The apartment  is under safe management with a lock front door and responsible managers. This apartment has walk score of 91. It is 5 min walk to UW and also 5min walk to the Ave where all kinds of restaurants and bus lines locate. You can easily hop on a bus to travel around downtown and Bellevue.",none,The apartment  is under safe management with a lock front door and responsible managers.,,This apartment has walk score of 91. It is 5 min walk to UW and also 5min walk to the Ave where all kinds of restaurants and bus lines locate. You can easily hop on a bus to travel around downtown and Bellevue.,https://a0.muscache.com/ac/pictures/98356366/79a011e3_original.jpg?interpolation=lanczos-none&size=small&output-format=jpg&output-quality=70,https://a0.muscache.com/im/pictures/98356366/79a011e3_original.jpg?aki_policy=medium,https://a0.muscache.com/ac/pictures/98356366/79a011e3_original.jpg?interpolation=lanczos-none&size=large_cover&output-format=jpg&output-quality=70,https://a0.muscache.com/ac/pictures/98356366/79a011e3_original.jpg?interpolation=lanczos-none&size=x_large_cover&output-format=jpg&output-quality=70,40321471,https://www.airbnb.com/users/show/40321471,Li,2015-08-02,US,,,,,f,"https://a2.muscache.com/ac/users/40321471/profile_pic/1438557163/original.jpg?interpolation=lanczos-none&crop=w:w;*,*&crop=h:h;*,*&resize=50:*&output-format=jpg&output-quality=70","https://a2.muscache.com/ac/users/40321471/profile_pic/1438557163/original.jpg?interpolation=lanczos-none&crop=w:w;*,*&crop=h:h;*,*&resize=225:*&output-format=jpg&output-quality=70",University District,1.0,1.0,['phone'],t,f,"9th Avenue Northeast, Seattle, WA 98105, United States",University District,University District,University District,Seattle,WA,98105,Seattle,"Seattle, WA",US,United States,47.65634216811144,-122.31883984397456,t,Apartment,Entire home/apt,2,1.0,1.0,1.0,Real Bed,"{TV,""Cable TV"",Internet,""Wireless Internet"",""Air Conditioning"",Kitchen,""Free Parking on Premises"",""Elevator in Building"",Heating,Washer,Dryer,""Smoke Detector"",""Carbon Monoxide Detector"",""Fire Extinguisher"",Essentials,Shampoo}",,$100.00,$600.00,,$200.00,$50.00,1,$10.00,1,1125,5 months ago,t,0,0,0,129,2016-01-04,0,,,,,,,,,,f,,WASHINGTON,f,moderate,f,f,1,
2979387,https://www.airbnb.com/rooms/2979387,20160104002432,2016-01-04,UNIVERSITY DISTRC CHARMER (Sleep10),"This elegant home SLEEPS 10 Guests. Centrally Located in Seattle's University District, this fully furnished 3 Bdrm/2-Bath, 2100 SF home and a kitchen that features a booth style eating area.Walk only 2 blocks to main drag of abudance restaurants etc","YOUR OWN HOME: 2100 SF HUGE HOME- UniversIty District world charm is OH SO CLOSE to UW CAMPUS(half mile)/Seattle(4mile). This home has remained beautiful in its 1911  Elegant natural look full of CHARACTER. It has newly varnished hardwood in LR & Dining room. Plush New carpets through out home. 3 total bedrooms. 2 full bathrooms. LARGE DINING. Great for large groups. Main Floor-  Bedroom #1 has one queen size bed and  a bunk bed.(sleep 4) Bedroom #2  has a queen bed. (Sleeps 2) UPPER FLOOR: Bedroom #3 is Private large master bedroom suite with own private bathroom.   with 1 full size bed and 2 twin size bed. (Sleeps  4)  **********Max Occupancy: 10**********  **********Pet Policy: No Pets***********  ********** Complimentary Starter - couple rolls of toilet paper,  napkins, laundry detergent, dish soap and shower amenities.  Please bring your own if needed ********** Thank you.... It's high ceilings, it's huge crown moldings, it's excellent bones, it's natural hardwood, and it's locati","This elegant home SLEEPS 10 Guests. Centrally Located in Seattle's University District, this fully furnished 3 Bdrm/2-Bath, 2100 SF home and a kitchen that features a booth style eating area.Walk only 2 blocks to main drag of abudance restaurants etc YOUR OWN HOME: 2100 SF HUGE HOME- UniversIty District world charm is OH SO CLOSE to UW CAMPUS(half mile)/Seattle(4mile). This home has remained beautiful in its 1911  Elegant natural look full of CHARACTER. It has newly varnished hardwood in LR & Dining room. Plush New carpets through out home. 3 total bedrooms. 2 full bathrooms. LARGE DINING. Great for large groups. Main Floor-  Bedroom #1 has one queen size bed and  a bunk bed.(sleep 4) Bedroom #2  has a queen bed. (Sleeps 2) UPPER FLOOR: Bedroom #3 is Private large master bedroom suite with own private bathroom.   with 1 full size bed and 2 twin size bed. (Sleeps  4)  **********Max Occupancy: 10**********  **********Pet Policy: No Pets***********  ********** Complimentary Starter - coup",none,"This Univeristy neighborhood has lots of homes that have been there for ages. seasoned home owners are proud to live here. It close to EVERYWEHRE. WALK TO STORE/SHOPS/ UNIVERSITY STRIP/MINI MART/WALGREEN/SAFEWAY. FREEWAYS IS 2 BLOCKS FROM HOME. SEATTLE IS 5 MILES TO DOWNTOWN SEATTLE SPACE NEEDLE, KEY ARENA, PIKES PLACE MARKET, WATER FRONT, LAKE UNION, GREEN LAKE, WALLINGFORD ZOO, BIKE EVERYWHERE ON CAMPUS.  TAKE A CANOE ON LAKE WASHINGTON  AT THE UNIVERSITY RENTAL. COFFEE SHOPS, BUBBLE TEA, PHO, THAI, CHICKEN WINGS, ICE CREAM ETC.. ITS ALL A WALK AWAY.","Tennis courts across the street, UW Park across the street, Saturday UW Farmer's Market, Green Lake Public Park (walking trail is 2.8 miles around lake) The Zoo, UW Observatory to rent paddle and canoe boats.","Public Bus across the street from house 7 miles to King Street Station in the International District Taxi, Urber or Lyft are good ways to get around the city if you don's have a rental car.  Within Walking distance from the home is University street (about 4 blocks) there you will find Grocery store, Restaurants, Pubs and Entertainment. On Saturdays: You can enjoy the UW Farmer's Market for great local produce and arts.",https://a2.muscache.com/ac/pictures/100944389/167e7533_original.jpg?interpolation=lanczos-none&size=small&output-format=jpg&output-quality=70,https://a2.muscache.com/im/pictures/100944389/167e7533_original.jpg?aki_policy=medium,https://a2.muscache.com/ac/pictures/100944389/167e7533_original.jpg?interpolation=lanczos-none&size=large_cover&output-format=jpg&output-quality=70,https://a2.muscache.com/ac/pictures/100944389/167e7533_original.jpg?interpolation=lanczos-none&size=x_large_cover&output-format=jpg&output-quality=70,14456173,https://www.airbnb.com/users/show/14456173,Kim,2014-04-19,"Bellevue, Washington, United States",Kim is  an active  licensed Real Estate Broker who manages properties in the Bellevue-Seattle area.  This location in Bellevue is the best. Kim manages and sells Real Estate as a full time agent. ,within an hour,100%,100%,f,"https://a2.muscache.com/ac/users/14456173/profile_pic/1399186624/original.jpg?interpolation=lanczos-none&crop=w:w;*,*&crop=h:h;*,*&resize=50:*&output-format=jpg&output-quality=70","https://a2.muscache.com/ac/users/14456173/profile_pic/1399186624/original.jpg?interpolation=lanczos-none&crop=w:w;*,*&crop=h:h;*,*&resize=225:*&output-format=jpg&output-quality=70",University District,6.0,6.0,"['email', 'phone', 'reviews', 'jumio', 'kba']",t,t,"8th Avenue Northeast, Seattle, WA 98105, United States",University District,University District,University District,Seattle,WA,98105,Seattle,"Seattle, WA",US,United States,47.66494949497077,-122.32113277173224,t,House,Entire home/apt,10,2.0,3.0,7.0,Real Bed,"{TV,""Cable TV"",Internet,""Wireless Internet"",Kitchen,""Free Parking on Premises"",Heating,""Family/Kid Friendly"",""Suitable for Events"",Washer,Dryer,""Smoke Detector"",""Carbon Monoxide Detector"",""First Aid Kit"",""Fire Extinguisher"",Essentials,Shampoo}",,$275.00,,"$4,900.00",$200.00,$225.00,7,$30.00,3,365,2 weeks ago,t,30,60,90,365,2016-01-04,17,2014-08-25,2015-12-29,88.0,9.0,9.0,10.0,10.0,9.0,9.0,f,,WASHINGTON,f,strict,f,f,2,1.02
1531458,https://www.airbnb.com/rooms/1531458,20160104002432,2016-01-04,Remodeled Walk to UW/View/Serene #F,A nice quiet apt with short walk to UW and the U Village shopping center. An awesome view of the mountain and lake from the 2nd floor shared deck. Ravenna Park and Burke-Gilman Trail and many bus stops just one or two blocks away.,"Quiet, cozy, private, scenic, and close to the University of Washington, the elegant, colonial-style Noble House Apts resides on a lush lot in a peaceful neighborhood in the U district. There are only 6 units in this professionally cleaned building. I do not live there.  The Noble House features neighborhood views and secluded courtyards, framed with lush trees. You can read or have barbecues on the balconies, which provide picturesque views of the city and the Lake. Nearby are parks and trails for walking or biking. You can walk to the University of Washington or the U Village within minutes. Easy access to I-5. 10 min to get to down town normally; 20+min in rush hour. There is a washer/dryer room on site. The apt available on the 2nd floor is  around 400 square feet and includes a bath, a living area, a newly remodeled kitchen, and a divided study area.  The deck on the 2nd floor has breathtaking  view of the Rainier Mountain and Lake Washington.  Living in the Noble House, you will ","A nice quiet apt with short walk to UW and the U Village shopping center. An awesome view of the mountain and lake from the 2nd floor shared deck. Ravenna Park and Burke-Gilman Trail and many bus stops just one or two blocks away. Quiet, cozy, private, scenic, and close to the University of Washington, the elegant, colonial-style Noble House Apts resides on a lush lot in a peaceful neighborhood in the U district. There are only 6 units in this professionally cleaned building. I do not live there.  The Noble House features neighborhood views and secluded courtyards, framed with lush trees. You can read or have barbecues on the balconies, which provide picturesque views of the city and the Lake. Nearby are parks and trails for walking or biking. You can walk to the University of Washington or the U Village within minutes. Easy access to I-5. 10 min to get to down town normally; 20+min in rush hour. There is a washer/dryer room on site. The apt available on the 2nd floor is  around 400 sq",none,It is a great & quiet neighborhood.  People watch for each other.  There is not many traffic for cars cannot come in from the 45th street to here 22nd ave NE.  Ravenna Park is just a few steps away.,"Parking:  I never have had any problem parking on the street during day time as long as the head of the car facing the street.  However, this is what I heard  that an annual  permit (less than $30 per year) may need for the street overnight parking north of 50th street, but no permit south of the 50the street. Please prepare your own consumable necessities if you stay over 28 days, in the mean time,  you enjoy the low monthly rate.","If you come from the airport, you may either take the cab or take the link (train) to downtown Seattle. Then take the bus 71,72,73 to U district. Our place is just a couple blocks from the 25th ave where the University Village Shopping Center is, there are many bus lines to literally take you to anywhere in Seattle.",https://a2.muscache.com/ac/pictures/32697935/166f710a_original.jpg?interpolation=lanczos-none&size=small&output-format=jpg&output-quality=70,https://a2.muscache.com/im/pictures/32697935/166f710a_original.jpg?aki_policy=medium,https://a2.muscache.com/ac/pictures/32697935/166f710a_original.jpg?interpolation=lanczos-none&size=large_cover&output-format=jpg&output-quality=70,https://a2.muscache.com/ac/pictures/32697935/166f710a_original.jpg?interpolation=lanczos-none&size=x_large_cover&output-format=jpg&output-quality=70,3074414,https://www.airbnb.com/users/show/3074414,Melissa,2012-07-27,"Seattle, Washington, United States","Used to be a professor (Ph.D. in Political Economy), then a homeschooling mom and  a religious non profit organization founder, now like to travel, read / review books and manage properties. The best cities I like are Seattle, Florence, Sanya and Taipei.  (Taipei is chosen as the #1 out of 26 Remarkable Places For Solo Travel by BuzzFeed!  (website hidden)) We have  a few nicely furnished studios and one bedrooms condo apt conveniently located near University of Washington in Seattle with your own private kitchen and bathroom.  You will enjoy the convenient locations and quietness of all these buildings. You will also be surprised how quickly we respond to your requests as long as I am in town.  My motto is Providing Quality Places at Fair Prices and my life motto is in Philippians 4:13. ",within a few hours,80%,100%,f,"https://a2.muscache.com/ac/users/3074414/profile_pic/1408093668/original.jpg?interpolation=lanczos-none&crop=w:w;*,*&crop=h:h;*,*&resize=50:*&output-format=jpg&output-quality=70","https://a2.muscache.com/ac/users/3074414/profile_pic/1408093668/original.jpg?interpolation=lanczos-none&crop=w:w;*,*&crop=h:h;*,*&resize=225:*&output-format=jpg&output-quality=70",Ravenna,34.0,34.0,"['email', 'phone', 'reviews', 'kba']",t,t,"22nd Avenue Northeast, Seattle, WA 98105, United States",University District,University District,University District,Seattle,WA,98105,Seattle,"Seattle, WA",US,United States,47.66701647686934,-122.30440085782202,t,Apartment,Entire home/apt,4,1.0,1.0,2.0,Real Bed,"{TV,""Cable TV"",Internet,""Wireless Internet"",Kitchen,""Buzzer/Wireless Intercom"",Heating,""Family/Kid Friendly"",""Suitable for Events"",Washer,Dryer,""Smoke Detector"",""Fire Extinguisher"",Essentials,Shampoo}",,$105.00,$700.00,"$1,895.00",$100.00,$60.00,1,$15.00,1,1125,2 weeks ago,t,18,48,78,353,2016-01-04,29,2013-09-01,2015-09-21,89.0,9.0,9.0,9.0,9.0,9.0,9.0,f,,WASHINGTON,f,strict,f,f,34,1.02
1549973,https://www.airbnb.com/rooms/1549973,20160104002432,2016-01-04,Spacious Fast Internet Walk to UW43,"100 rare walk score!  3 min walk to UW. Clean and quiet, hardwood floor unit. Supermarkets, Movie Theater, and a variety of diverse 130 restaurants are a only five-minute walk away. Private Internet wifi provide you fast speed broadband. ","Furnished one bedroom apartments in a quiet building only a 5 minute walk away from the University of Washington. It is located near 42nd St NE and 11 Ave. University Way is just two blocks over. Trader Joes, Safeway, Movie Theater, and a variety of diverse restaurants are a five minute walk away. Easy access to I-5. 10 min to get to down town normally; 20+min in rush hour.  *Professionally Cleaned *Hardwood floor *Fully equipped kitchen with a full-size fridge and a range and full bath with towels.  *Queen bed and a foldable twin mattress, washed area rugs around. *Sectional Sofa, dining table and 4 chairs. *coin-operated washing machines and dryers are on site. * Free internet access.","100 rare walk score!  3 min walk to UW. Clean and quiet, hardwood floor unit. Supermarkets, Movie Theater, and a variety of diverse 130 restaurants are a only five-minute walk away. Private Internet wifi provide you fast speed broadband. Furnished one bedroom apartments in a quiet building only a 5 minute walk away from the University of Washington. It is located near 42nd St NE and 11 Ave. University Way is just two blocks over. Trader Joes, Safeway, Movie Theater, and a variety of diverse restaurants are a five minute walk away. Easy access to I-5. 10 min to get to down town normally; 20+min in rush hour.  *Professionally Cleaned *Hardwood floor *Fully equipped kitchen with a full-size fridge and a range and full bath with towels.  *Queen bed and a foldable twin mattress, washed area rugs around. *Sectional Sofa, dining table and 4 chairs. *coin-operated washing machines and dryers are on site. * Free internet access. Laundry room, wifi, polite managers and all of the excitement and ",none,"It is located in the bustling and vibrant University district.  A rare 100 walk score. You will have access to a diverse array of restaurants, shops and activities without the need for a car.","  Please use hair trap when take showers.  Please straighten shower curtain after showers to let the curtain dry. This is a quiet building, all tenants are considerate and keep quiet most of time. However, we have no control of outdoor sound such as sound of cars or people's talking or nearby hotel operation.  Those are common in U district.  If you want absolute quietness, then you should not stay in U District. ","Right at the corner of 42nd St and 11th ave NE and within five minutes' walking distance to the University of Washington. Many bus lines are just a few steps away and can take you anywhere in Seattle. There are 130 restaurants within a 15 minute walk including BBQ Chicken, Mongolian Grill, Thai Food, Japanese Noodle, Greek Gyro and Bubble tea house, etc. ",https://a2.muscache.com/ac/pictures/60052253/981dcae2_original.jpg?interpolation=lanczos-none&size=small&output-format=jpg&output-quality=70,https://a2.muscache.com/im/pictures/60052253/981dcae2_original.jpg?aki_policy=medium,https://a2.muscache.com/ac/pictures/60052253/981dcae2_original.jpg?interpolation=lanczos-none&size=large_cover&output-format=jpg&output-quality=70,https://a2.muscache.com/ac/pictures/60052253/981dcae2_original.jpg?interpolation=lanczos-none&size=x_large_cover&output-format=jpg&output-quality=70,3074414,https://www.airbnb.com/users/show/3074414,Melissa,2012-07-27,"Seattle, Washington, United States","Used to be a professor (Ph.D. in Political Economy), then a homeschooling mom and  a religious non profit organization founder, now like to travel, read / review books and manage properties. The best cities I like are Seattle, Florence, Sanya and Taipei.  (Taipei is chosen as the #1 out of 26 Remarkable Places For Solo Travel by BuzzFeed!  (website hidden)) We have  a few nicely furnished studios and one bedrooms condo apt conveniently located near University of Washington in Seattle with your own private kitchen and bathroom.  You will enjoy the convenient locations and quietness of all these buildings. You will also be surprised how quickly we respond to your requests as long as I am in town.  My motto is Providing Quality Places at Fair Prices and my life motto is in Philippians 4:13. ",within a few hours,80%,100%,f,"https://a2.muscache.com/ac/users/3074414/profile_pic/1408093668/original.jpg?interpolation=lanczos-none&crop=w:w;*,*&crop=h:h;*,*&resize=50:*&output-format=jpg&output-quality=70","https://a2.muscache.com/ac/users/3074414/profile_pic/1408093668/original.jpg?interpolation=lanczos-none&crop=w:w;*,*&crop=h:h;*,*&resize=225:*&output-format=jpg&output-quality=70",Ravenna,34.0,34.0,"['email', 'phone', 'reviews', 'kba']",t,t,"11th Avenue NE, Seattle, WA 98105, United States",University District,University District,University District,Seattle,WA,98105,Seattle,"Seattle, WA",US,United States,47.6591700737371,-122.31653539871525,t,Apartment,Entire home/apt,3,1.0,1.0,1.0,Real Bed,"{TV,Internet,""Wireless Internet"",Kitchen,Heating,""Family/Kid Friendly"",Washer,Dryer,""Smoke Detector"",Essentials,Shampoo}",,$78.00,$525.00,"$1,795.00",$100.00,$60.00,1,$15.00,2,1125,yesterday,t,30,60,90,365,2016-01-04,7,2013-09-03,2014-11-09,66.0,6.0,8.0,8.0,8.0,7.0,6.0,f,,WASHINGTON,f,moderate,f,f,34,0.25
1123977,https://www.airbnb.com/rooms/1123977,20160104002432,2016-01-04,Lovely 1 bedroom apartment,"Instead of staying in a hotel, be our guests in our spacious daylight basement apartment.  Close to major bus lines and the University of Washington, Children's Hospital.  Our luscious backyard is an urban oasis!      ","Our home has a lovely daylight basement apartment with a nice bedroom, kitchenette, 3/4 bathroom, and separate entrance that opens onto an Italian-style piazza. There is a large living room with a sleeper sofa and comfy reading chair. Laundry room is shared.  Kitchenette has everything you'll need for cooking away from home.  If something's lacking, we're just upstairs and happy to share.  Trader Joe's and Safeway are within walking distance, and Whole Foods is 3/4 of a mile away.  Room includes: - Queen-sized bed with clean linens. - Living room couch has hide-a-bed - Twin-mattress also available for use. -Small cot also available.   - Refrigerator (Freezer has some items from family) - 3/4 size stove and oven - Microwave - Gas BBQ (shared) - Clean dishes - WiFi - Desk & chair - Large closet and dresser - Use of washer/dryer - Hair dryer   - High chair, portable crib, stroller, booster seat, baby monitor, even a swing set available! Minimum 7 day rental (for shorter stays contact host","Instead of staying in a hotel, be our guests in our spacious daylight basement apartment.  Close to major bus lines and the University of Washington, Children's Hospital.  Our luscious backyard is an urban oasis!       Our home has a lovely daylight basement apartment with a nice bedroom, kitchenette, 3/4 bathroom, and separate entrance that opens onto an Italian-style piazza. There is a large living room with a sleeper sofa and comfy reading chair. Laundry room is shared.  Kitchenette has everything you'll need for cooking away from home.  If something's lacking, we're just upstairs and happy to share.  Trader Joe's and Safeway are within walking distance, and Whole Foods is 3/4 of a mile away.  Room includes: - Queen-sized bed with clean linens. - Living room couch has hide-a-bed - Twin-mattress also available for use. -Small cot also available.   - Refrigerator (Freezer has some items from family) - 3/4 size stove and oven - Microwave - Gas BBQ (shared) - Clean dishes - WiFi - Desk ",none,"Located in a great Seattle neighborhood, this unique offering from a University of Washington professor and family is a great opportunity for visiting scholars or graduate students, folks visiting Seattle for a short-term stay. ","It should be noted that the this is a mother-in-law basement apartment under the main house that we no longer rent via Airbnb. Both spaces are completely separate, except for the laundry room. Both spaces can be locked separately from one another.","The home location is only 5 minute walk from the 45th entrance of U of W, 5 minute drive from Children's Hospital or University Village, 10 minute drive from downtown Seattle and near many major bus lines. You couldn't get a better location for access to all parts of Greater Seattle/King County.  - Thankfully we are very close to main bus routes.   - If you do have a car, we live in a parking permit zone 6 which allows cars to park for 2 hours between 8-8 w/o being ticketed M-F.  Excluding UW game days.",https://a1.muscache.com/ac/pictures/61832111/81e5ca26_original.jpg?interpolation=lanczos-none&size=small&output-format=jpg&output-quality=70,https://a1.muscache.com/im/pictures/61832111/81e5ca26_original.jpg?aki_policy=medium,https://a1.muscache.com/ac/pictures/61832111/81e5ca26_original.jpg?interpolation=lanczos-none&size=large_cover&output-format=jpg&output-quality=70,https://a1.muscache.com/ac/pictures/61832111/81e5ca26_original.jpg?interpolation=lanczos-none&size=x_large_cover&output-format=jpg&output-quality=70,2051621,https://www.airbnb.com/users/show/2051621,Kristi,2012-04-01,"Seattle, Washington, United States","Currently a stay-at-home mom to three young ones (10, 8, and 5).  By trade I'm a high school Spanish teacher.  My husband works jointly at the UW in the School of Public Health and at the Fred Hutchinson Cancer Research Center.  He does HIV/AIDS vaccine research as a Bio-Statistician.

We've done vacation rentals in the past through craigslist when we've gone on longer vacations/sabbaticals, so thought we'd give this new web site a try as a way to help us pay for piano and ballet lessons and still save something for their college education!  

My favorite destinations:
Buenos Aires!  
Sevilla, España

Books:  
To Kill a Mockingbird
Jane Eyre
Little Women
Count of Monte Cristo
Les Miserables
Blueberries for Sal
Bodas de Sangre by Lorca
Taming of the Shrew
The Catcher and the Rye
Of Mice and Men

Movies:  Currently going through a Bollywood craze.  3 Idiots, Lagaan, almost anything with Amir Khan or Shahrukh Khan
Cat on a Hot Tin Roof, Breakfast at Tiffany's, Cool Hand Luke, Street Car Named Desire, Gilda.
Princess Bride
Pedro Almodovar films

",within a day,75%,,f,"https://a0.muscache.com/ac/users/2051621/profile_pic/1402082209/original.jpg?interpolation=lanczos-none&crop=w:w;*,*&crop=h:h;*,*&resize=50:*&output-format=jpg&output-quality=70","https://a0.muscache.com/ac/users/2051621/profile_pic/1402082209/original.jpg?interpolation=lanczos-none&crop=w:w;*,*&crop=h:h;*,*&resize=225:*&output-format=jpg&output-quality=70",University District,1.0,1.0,"['email', 'phone', 'facebook', 'google', 'reviews', 'kba']",t,t,"18th Avenue Northeast, Seattle, WA 98105, United States",University District,University District,University District,Seattle,WA,98105,Seattle,"Seattle, WA",US,United States,47.66456190765464,-122.30839942990949,t,Apartment,Entire home/apt,4,1.0,1.0,2.0,Real Bed,"{TV,""Cable TV"",Internet,""Wireless Internet"",Kitchen,""Pets Allowed"",Heating,""Family/Kid Friendly"",Washer,Dryer,""Smoke Detector""}",,$150.00,"$1,000.00","$2,200.00",$250.00,$150.00,4,$25.00,7,1125,6 weeks ago,t,30,60,90,365,2016-01-04,8,2013-10-01,2015-10-19,98.0,10.0,10.0,10.0,10.0,10.0,9.0,f,,WASHINGTON,t,strict,f,f,1,0.29
5719631,https://www.airbnb.com/rooms/5719631,20160104002432,2016-01-04,Steps to UW spacious New carpet 33,"It has a Walk Score of 100--Walker's Paradise. Corner Unit. the Ave, UW Tower, Hotel Deca just across the street. Very clean . 5-8 min drive to Children Hospital, downtown Seattle,Portage Bay, Lake Union and Eastlake. Easy bus to Amazon or Microsoft.","Furnished one bedroom apartments in a quiet building only a 5 minute walk away from the University of Washington.  * Brand new carpet (installed on 2/1/2015) * A beautiful solid coffee table with Cabriole legs,  beautiful Colonial solid dining table and chairs as well as Art Deco style sofa  * A full private bathroom and a fully equipped kitchen with a full-size fridge and a range. *Furniture includes a queen bed, 2 sofas,  night stand, solid coffee table, dining table and chairs and and towels.  *good speed wifi provided *Flat screen TV with powerful antenna receiving 60 more channels more than basic cable.  *Fully equipped kitchen  *coin-operated washing machines and dryers are on site. *Only a few steps to this unit, NO long stairway to haul your luggage, it is easy for you to check in & out.","It has a Walk Score of 100--Walker's Paradise. Corner Unit. the Ave, UW Tower, Hotel Deca just across the street. Very clean . 5-8 min drive to Children Hospital, downtown Seattle,Portage Bay, Lake Union and Eastlake. Easy bus to Amazon or Microsoft. Furnished one bedroom apartments in a quiet building only a 5 minute walk away from the University of Washington.  * Brand new carpet (installed on 2/1/2015) * A beautiful solid coffee table with Cabriole legs,  beautiful Colonial solid dining table and chairs as well as Art Deco style sofa  * A full private bathroom and a fully equipped kitchen with a full-size fridge and a range. *Furniture includes a queen bed, 2 sofas,  night stand, solid coffee table, dining table and chairs and and towels.  *good speed wifi provided *Flat screen TV with powerful antenna receiving 60 more channels more than basic cable.  *Fully equipped kitchen  *coin-operated washing machines and dryers are on site. *Only a few steps to this unit, NO long stairway to",none,"* A rare 100% WalkScore * the year-round world-class University District Farmers Market, with the region's best organic produce, sustainable local meat and seafood, fresh cut flowers, and much more * multiple independent cinemas around the corner * a night in with a hard-to-find film from Scarecrow along with your choice of a vast array of take out or delivery options * a night out with the wide selection of cafes, pubs, and clubs in the area * a night of culture with music or dance at Meany Hall, the Neptune, or a play at a local playhouse * a rainy day stroll at the Burke Museum, the Henry Art Gallery, or, to mix it up, Seattle's Official Bad Art Museum of Art * a jog through the lush UW University of Washington campus * A delicious brunch or lunch at Portage Bay Restaurant right behind the apt. * grabbing some reading material at the close by Seattle Public Library Branch or Half Price Books * a workout at the YMCA * quick I-5 or 3 min walk to many public transits to get to downtown","1) Please wait 30 minutes between showers to allow time for the water to heat up in the water tank.  2)  the East side window (living room window), it is on the 2nd floor. The west side window  is on the first floor for the building is situated on a  slight slope. All of the west side windows have mirror films so outsiders cannot see thru it during daytime.  The west window is facing the University Inn's swimming pool, that has security cameras. There have never been any security problems with this unit. Please refer to the house manual located in your itinerary for the check in and out procedures as well as additional important information.  Parking in our lot is $8-12 per day, if you're interested in a monthly pass that is cheaper per day, please contact me.","Only a 3 minute walk away from the University of Washington. It is located near 42nd St NE and 11 Ave. University Way is just two blocks over. Trader Joes, Safeway, Movie Theaters, and a variety of diverse restaurants are a five minute walk away.  Many buslines take you to anywhere as well as Microsoft connector stop. Only one bus no transfer needed to go to Amazon. We have quite a few guests work at Amazon for interns. 10 min bike ride or bus ride to the beautiful Green Lake or Wallingford.   Easy access to I-5. 10 min to get to down town normally; 20+min in rush hour.",https://a1.muscache.com/ac/pictures/74633202/2cbae806_original.jpg?interpolation=lanczos-none&size=small&output-format=jpg&output-quality=70,https://a1.muscache.com/im/pictures/74633202/2cbae806_original.jpg?aki_policy=medium,https://a1.muscache.com/ac/pictures/74633202/2cbae806_original.jpg?interpolation=lanczos-none&size=large_cover&output-format=jpg&output-quality=70,https://a1.muscache.com/ac/pictures/74633202/2cbae806_original.jpg?interpolation=lanczos-none&size=x_large_cover&output-format=jpg&output-quality=70,3074414,https://www.airbnb.com/users/show/3074414,Melissa,2012-07-27,"Seattle, Washington, United States","Used to be a professor (Ph.D. in Political Economy), then a homeschooling mom and  a religious non profit organization founder, now like to travel, read / review books and manage properties. The best cities I like are Seattle, Florence, Sanya and Taipei.  (Taipei is chosen as the #1 out of 26 Remarkable Places For Solo Travel by BuzzFeed!  (website hidden)) We have  a few nicely furnished studios and one bedrooms condo apt conveniently located near University of Washington in Seattle with your own private kitchen and bathroom.  You will enjoy the convenient locations and quietness of all these buildings. You will also be surprised how quickly we respond to your requests as long as I am in town.  My motto is Providing Quality Places at Fair Prices and my life motto is in Philippians 4:13. ",within a few hours,80%,100%,f,"https://a2.muscache.com/ac/users/3074414/profile_pic/1408093668/original.jpg?interpolation=lanczos-none&crop=w:w;*,*&crop=h:h;*,*&resize=50:*&output-format=jpg&output-quality=70","https://a2.muscache.com/ac/users/3074414/profile_pic/1408093668/original.jpg?interpolation=lanczos-none&crop=w:w;*,*&crop=h:h;*,*&resize=225:*&output-format=jpg&output-quality=70",Ravenna,34.0,34.0,"['email', 'phone', 'reviews', 'kba']",t,t,"11th ave NE, Seattle, WA 98105, United States",University District,University District,University District,Seattle,WA,98105,Seattle,"Seattle, WA",US,United States,47.6589290542303,-122.31630780258703,t,Apartment,Entire home/apt,3,1.0,1.0,1.0,Real Bed,"{TV,""Cable TV"",Internet,""Wireless Internet"",Kitchen,Heating,""Family/Kid Friendly"",Washer,Dryer,Essentials,Shampoo}",,$95.00,$560.00,"$1,895.00",$150.00,$60.00,1,$15.00,1,1125,3 months ago,t,30,60,90,365,2016-01-04,3,2015-07-19,2015-08-04,73.0,10.0,9.0,10.0,10.0,10.0,9.0,f,,WASHINGTON,f,moderate,f,f,34,0.53
9580209,https://www.airbnb.com/rooms/9580209,20160104002432,2016-01-04,"2 Baths W/D,View walk UW (302)","Large 2 bdr 2 baths apt with many Luxuries on Quiet Street walk to UW, Ravenna park, University Village, Trail.  2 blocks to every bus line in Seattle,  4-8 min drive to Children Hospital, downtown Seattle,Portage Bay, Lake Union and the Eastlake.",,"Large 2 bdr 2 baths apt with many Luxuries on Quiet Street walk to UW, Ravenna park, University Village, Trail.  2 blocks to every bus line in Seattle,  4-8 min drive to Children Hospital, downtown Seattle,Portage Bay, Lake Union and the Eastlake.",none,,,,https://a2.muscache.com/ac/pictures/0311f169-c55e-4b58-934c-38c04ff313c2.jpg?interpolation=lanczos-none&size=small&output-format=jpg&output-quality=70,https://a2.muscache.com/im/pictures/0311f169-c55e-4b58-934c-38c04ff313c2.jpg?aki_policy=medium,https://a2.muscache.com/ac/pictures/0311f169-c55e-4b58-934c-38c04ff313c2.jpg?interpolation=lanczos-none&size=large_cover&output-format=jpg&output-quality=70,https://a2.muscache.com/ac/pictures/0311f169-c55e-4b58-934c-38c04ff313c2.jpg?interpolation=lanczos-none&size=x_large_cover&output-format=jpg&output-quality=70,2911360,https://www.airbnb.com/users/show/2911360,Ren,2012-07-12,"Seattle, Washington, United States","I am a physicist and a Calvinist.  I like to cook and go hiking. I believe I cook pretty well for my children and my wife like the food I cook.  I also like to think and solve math problems that is probably why I got a doctorate from an Ivy League University in Physics.  I do not talk much but am very easy going. I keep updating to make sure they are safe, comfortable and updated.  My wife is probably the person who meets you most of time.  She has many positive reviews on airbnb and she is outgoing and detail oriented -- she pays more attention on cleanliness and weather you are comfortable or not. She wants me to take care of this property so this is my new experience on airbnb but she still does the final inspection to make sure the units are clean and satisfactory. I believe you will like it just like other satisfying guests.",within a few hours,100%,100%,f,"https://a2.muscache.com/ac/users/2911360/profile_pic/1394702750/original.jpg?interpolation=lanczos-none&crop=w:w;*,*&crop=h:h;*,*&resize=50:*&output-format=jpg&output-quality=70","https://a2.muscache.com/ac/users/2911360/profile_pic/1394702750/original.jpg?interpolation=lanczos-none&crop=w:w;*,*&crop=h:h;*,*&resize=225:*&output-format=jpg&output-quality=70",Ravenna,11.0,11.0,"['email', 'phone', 'reviews']",t,f,"Ravenna Avenue Northeast, Seattle, WA 98105, United States",University District,University District,University District,Seattle,WA,98105,Seattle,"Seattle, WA",US,United States,47.663140025567394,-122.30285003939984,t,Condominium,Entire home/apt,5,2.0,2.0,3.0,Real Bed,"{TV,""Cable TV"",Internet,""Wireless Internet"",Kitchen,""Buzzer/Wireless Intercom"",Heating,""Family/Kid Friendly"",Washer,Dryer,""Smoke Detector"",""Carbon Monoxide Detector"",Essentials,Shampoo,""24-Hour Check-in"",Hangers,""Hair Dryer""}",,$155.00,$850.00,"$2,500.00",$150.00,$75.00,2,$15.00,1,1125,2 weeks ago,t,30,60,90,365,2016-01-04,0,,,,,,,,,,f,,WASHINGTON,f,moderate,f,f,11,
9364220,https://www.airbnb.com/rooms/9364220,20160104002432,2016-01-04,Studio Apt w/ Patio - #B02,"Identity is located in the U District. Each studio apt includes a full bathroom, kitchenette, washer/dryer, Murphy Bed, and Patio. Plus, all guests get access to the amazing rooftop deck, which includes an outdoor TV, grill, & fire pit.","All of our studios are smartly designed to make the space feel larger than expected and everything about the studios are sleek and modern. Every unit includes a full, designer bathroom, washer & dryer, kitchenette with cooking hot plate, sleek Murphy Bed with sofa, 42"" TV with DirecTV service, and high-speed internet.","Identity is located in the U District. Each studio apt includes a full bathroom, kitchenette, washer/dryer, Murphy Bed, and Patio. Plus, all guests get access to the amazing rooftop deck, which includes an outdoor TV, grill, & fire pit. All of our studios are smartly designed to make the space feel larger than expected and everything about the studios are sleek and modern. Every unit includes a full, designer bathroom, washer & dryer, kitchenette with cooking hot plate, sleek Murphy Bed with sofa, 42"" TV with DirecTV service, and high-speed internet. Every guest gets access to the building's amenities, which includes an expansive rooftop deck with an outdoor TV, grill, fire pit, and tons of seating. Access is provided via an electronic key fob. Identity Seattle is professionally managed. Our leasing and management office is located just 8 blocks from Identity, so we're here to help. We also are available 24/7/365 for emergencies. The U District of Seattle is the University of Washingto",none,"The U District of Seattle is the University of Washington hot-spot. The UW culture permeates the entire U District, but the particular area that Identity is located in is the quiet, residential area of West Campus.","Parking is not available at Identity, however, street parking can be found throughout the U District. Note that some areas are time limited and metered, while other streets are not.",Bus service is extensive in Seattle. Identity is located just a block away from a major bus stop to downtown and other neighborhoods. This stop is located at 12th Ave NE & Campus Parkway.,https://a2.muscache.com/ac/pictures/2133f8a8-5bc4-49f2-a1d3-fb80551b06c1.jpg?interpolation=lanczos-none&size=small&output-format=jpg&output-quality=70,https://a2.muscache.com/im/pictures/2133f8a8-5bc4-49f2-a1d3-fb80551b06c1.jpg?aki_policy=medium,https://a2.muscache.com/ac/pictures/2133f8a8-5bc4-49f2-a1d3-fb80551b06c1.jpg?interpolation=lanczos-none&size=large_cover&output-format=jpg&output-quality=70,https://a2.muscache.com/ac/pictures/2133f8a8-5bc4-49f2-a1d3-fb80551b06c1.jpg?interpolation=lanczos-none&size=x_large_cover&output-format=jpg&output-quality=70,23502285,https://www.airbnb.com/users/show/23502285,Matt,2014-11-08,"Seattle, Washington, United States",Matt is a Regional with the property management company that runs Identity and is excited to become an airBNB host! ,within an hour,90%,100%,f,"https://a2.muscache.com/ac/pictures/a872f002-04af-4f84-ac22-4bd51aa5f8a7.jpg?interpolation=lanczos-none&crop=w:w;*,*&crop=h:h;*,*&resize=50:*&output-format=jpg&output-quality=70","https://a2.muscache.com/ac/pictures/a872f002-04af-4f84-ac22-4bd51aa5f8a7.jpg?interpolation=lanczos-none&crop=w:w;*,*&crop=h:h;*,*&resize=225:*&output-format=jpg&output-quality=70",University District,2.0,2.0,"['email', 'phone', 'linkedin', 'reviews', 'jumio']",t,t,"12th Avenue Northeast, Seattle, WA 98105, United States",University District,University District,University District,Seattle,WA,98105,Seattle,"Seattle, WA",US,United States,47.65760578287434,-122.31444467021925,t,Apartment,Entire home/apt,2,1.0,0.0,1.0,Real Bed,"{TV,""Cable TV"",Internet,""Wireless Internet"",""Wheelchair Accessible"",Kitchen,""Elevator in Building"",Heating,Washer,Dryer,""Smoke Detector"",""Carbon Monoxide Detector"",""Fire Extinguisher"",Essentials,Iron,""Laptop Friendly Workspace""}",,$109.00,,,,$49.00,1,$0.00,1,1125,5 weeks ago,t,27,57,87,362,2016-01-04,1,2015-12-17,2015-12-17,100.0,6.0,10.0,10.0,8.0,10.0,10.0,f,,WASHINGTON,t,flexible,f,f,2,1.0
9663221,https://www.airbnb.com/rooms/9663221,20160104002432,2016-01-04,"Center UW, Comfy, Quiet &View (217)","It has a Walk Score of 98 out of 100--Walker's Paradise. the Ave, UW Tower, Hotel Deca just across the street. Very clean. 5-8 min drive to Children Hospital, downtown Seattle,Portage Bay, Lake Union and Eastlake. Easy bus to Amazon or Microsoft.",,"It has a Walk Score of 98 out of 100--Walker's Paradise. the Ave, UW Tower, Hotel Deca just across the street. Very clean. 5-8 min drive to Children Hospital, downtown Seattle,Portage Bay, Lake Union and Eastlake. Easy bus to Amazon or Microsoft.",none,,,,https://a2.muscache.com/ac/pictures/c94f00c2-10da-4b52-b780-1b37a5d4195c.jpg?interpolation=lanczos-none&size=small&output-format=jpg&output-quality=70,https://a2.muscache.com/im/pictures/c94f00c2-10da-4b52-b780-1b37a5d4195c.jpg?aki_policy=medium,https://a2.muscache.com/ac/pictures/c94f00c2-10da-4b52-b780-1b37a5d4195c.jpg?interpolation=lanczos-none&size=large_cover&output-format=jpg&output-quality=70,https://a2.muscache.com/ac/pictures/c94f00c2-10da-4b52-b780-1b37a5d4195c.jpg?interpolation=lanczos-none&size=x_large_cover&output-format=jpg&output-quality=70,2911360,https://www.airbnb.com/users/show/2911360,Ren,2012-07-12,"Seattle, Washington, United States","I am a physicist and a Calvinist.  I like to cook and go hiking. I believe I cook pretty well for my children and my wife like the food I cook.  I also like to think and solve math problems that is probably why I got a doctorate from an Ivy League University in Physics.  I do not talk much but am very easy going. I keep updating to make sure they are safe, comfortable and updated.  My wife is probably the person who meets you most of time.  She has many positive reviews on airbnb and she is outgoing and detail oriented -- she pays more attention on cleanliness and weather you are comfortable or not. She wants me to take care of this property so this is my new experience on airbnb but she still does the final inspection to make sure the units are clean and satisfactory. I believe you will like it just like other satisfying guests.",within a few hours,100%,100%,f,"https://a2.muscache.com/ac/users/2911360/profile_pic/1394702750/original.jpg?interpolation=lanczos-none&crop=w:w;*,*&crop=h:h;*,*&resize=50:*&output-format=jpg&output-quality=70","https://a2.muscache.com/ac/users/2911360/profile_pic/1394702750/original.jpg?interpolation=lanczos-none&crop=w:w;*,*&crop=h:h;*,*&resize=225:*&output-format=jpg&output-quality=70",Ravenna,11.0,11.0,"['email', 'phone', 'reviews']",t,f,"Brooklyn Avenue Northeast, Seattle, WA 98105, United States",University District,University District,University District,Seattle,WA,98105,Seattle,"Seattle, WA",US,United States,47.66239538120556,-122.31462984408984,t,Apartment,Entire home/apt,4,1.0,0.0,2.0,Real Bed,"{""Wireless Internet"",Kitchen,""Buzzer/Wireless Intercom"",Heating,Washer,Dryer,Essentials,Shampoo,Hangers}",,$80.00,$525.00,"$1,550.00",$100.00,$50.00,1,$15.00,1,1125,3 weeks ago,t,30,60,90,365,2016-01-04,0,,,,,,,,,,f,,WASHINGTON,f,moderate,f,f,11,
9636952,https://www.airbnb.com/rooms/9636952,20160104002432,2016-01-04,Center UW Blast Internet New #101,"New listing! It has a Walk Score of 98 out of 100--the Ave, UW Tower, Hotel Deca just across the street. Very clean. 5-8 min drive to Children Hospital, downtown Seattle, Portage Bay, Lake Union and Eastlake. Easy bus to Amazon or Microsoft.","Beautiful room  for quiet guests!! One remodeled large clean furnished studio with private bathroom and efficient kitchen (no traditional oven and  burner but with toaster oven and microwave).  *105 mb blast internet 100% faster for mobile devise. *Simply equipped kitchenette  with fridge, stainless steel sink, microwave oven, toaster, electric pot, coffee maker  (no conventional oven, not suitable for cooking fancy food,  just for heating or boiling  food would be fine)  *remodeled shower bath with a new vanity and toilet with clean towels and mat.  *remodeled kitchen sink, granite counter top and cabinet with instant-hot. (there is no big stove, but a microwave oven, a slow cooker, and toaster oven.  * Full size bed and a sleep sofa.  *Quiet, conveniently located in the heart of U District.  *instant hot drinking water * A standing fan *Free business level wifi!  *New Maytag washers and dryers in the building  * Controlled secure access.  * Easy access to I-5. 10 min to get to down t","New listing! It has a Walk Score of 98 out of 100--the Ave, UW Tower, Hotel Deca just across the street. Very clean. 5-8 min drive to Children Hospital, downtown Seattle, Portage Bay, Lake Union and Eastlake. Easy bus to Amazon or Microsoft. Beautiful room  for quiet guests!! One remodeled large clean furnished studio with private bathroom and efficient kitchen (no traditional oven and  burner but with toaster oven and microwave).  *105 mb blast internet 100% faster for mobile devise. *Simply equipped kitchenette  with fridge, stainless steel sink, microwave oven, toaster, electric pot, coffee maker  (no conventional oven, not suitable for cooking fancy food,  just for heating or boiling  food would be fine)  *remodeled shower bath with a new vanity and toilet with clean towels and mat.  *remodeled kitchen sink, granite counter top and cabinet with instant-hot. (there is no big stove, but a microwave oven, a slow cooker, and toaster oven.  * Full size bed and a sleep sofa.  *Quiet, con",none,"It is located in the bustling and vibrant University district. A rare 98 out of 100 walk score. It is within five minutes' walking distance to the University of Washington. You will have access to a diverse array of restaurants, shops and activities. The apt is clean and comfortable.","It is on the 1st floor but about 4 feet above ground.   The window face the Brooklyn Ave with an open view. This is an independent studio. However, there is a door and wall to the next  room studio and the door is locked.Thus we appreciate quiet guests.","Right at the corner of Brooklyn Ave and 45th st, there are many bus lines are just a few steps away and can take you anywhere in Seattle. There are 130 restaurants within a 15 minute walk including BBQ Chicken, Mongolian Grill, Thai Food, Japanese Noodle, Greek Gyro and Bubble tea house, etc.  Coming from the airport, you either take a taxi (around $60) or an airport shuttle and tell them to get off at ""Hotel Deca"" that will make your rate cheaper for the drivers drop passengers at that hotel often, our place is on the same street within 25 feet. Or you can take the link to downtown and bus to here near 45th st NE and NE Brooklyn Ave.",https://a2.muscache.com/ac/pictures/72c2deb6-d525-4883-a822-617c82176fc8.jpg?interpolation=lanczos-none&size=small&output-format=jpg&output-quality=70,https://a2.muscache.com/im/pictures/72c2deb6-d525-4883-a822-617c82176fc8.jpg?aki_policy=medium,https://a2.muscache.com/ac/pictures/72c2deb6-d525-4883-a822-617c82176fc8.jpg?interpolation=lanczos-none&size=large_cover&output-format=jpg&output-quality=70,https://a2.muscache.com/ac/pictures/72c2deb6-d525-4883-a822-617c82176fc8.jpg?interpolation=lanczos-none&size=x_large_cover&output-format=jpg&output-quality=70,2911360,https://www.airbnb.com/users/show/2911360,Ren,2012-07-12,"Seattle, Washington, United States","I am a physicist and a Calvinist.  I like to cook and go hiking. I believe I cook pretty well for my children and my wife like the food I cook.  I also like to think and solve math problems that is probably why I got a doctorate from an Ivy League University in Physics.  I do not talk much but am very easy going. I keep updating to make sure they are safe, comfortable and updated.  My wife is probably the person who meets you most of time.  She has many positive reviews on airbnb and she is outgoing and detail oriented -- she pays more attention on cleanliness and weather you are comfortable or not. She wants me to take care of this property so this is my new experience on airbnb but she still does the final inspection to make sure the units are clean and satisfactory. I believe you will like it just like other satisfying guests.",within a few hours,100%,100%,f,"https://a2.muscache.com/ac/users/2911360/profile_pic/1394702750/original.jpg?interpolation=lanczos-none&crop=w:w;*,*&crop=h:h;*,*&resize=50:*&output-format=jpg&output-quality=70","https://a2.muscache.com/ac/users/2911360/profile_pic/1394702750/original.jpg?interpolation=lanczos-none&crop=w:w;*,*&crop=h:h;*,*&resize=225:*&output-format=jpg&output-quality=70",Ravenna,11.0,11.0,"['email', 'phone', 'reviews']",t,f,"Brooklyn Avenue Northeast, Seattle, WA 98105, United States",University District,University District,University District,Seattle,WA,98105,Seattle,"Seattle, WA",US,United States,47.66307119948014,-122.31301726801983,t,Apartment,Entire home/apt,2,1.0,0.0,2.0,Real Bed,"{Internet,""Wireless Internet"",Kitchen,""Buzzer/Wireless Intercom"",Heating,Washer,Dryer,""Smoke Detector"",""Carbon Monoxide Detector"",""Fire Extinguisher"",Essentials,Shampoo,Hangers}",,$80.00,$550.00,"$1,550.00",$100.00,$55.00,1,$15.00,1,1125,6 weeks ago,t,30,60,90,365,2016-01-04,0,,,,,,,,,,f,,WASHINGTON,f,flexible,f,f,11,
8594059,https://www.airbnb.com/rooms/8594059,20160104002432,2016-01-04,Sweet Family Home near UW,"Our cozy two-bedroom craftsman is the upstairs portion of a duplex on a wonderful block in Ravenna. We're a block from two of our favorite cafes and Cowen Park, an easy stroll to great restaurants, Whole Foods and Safeway, and a walk or ride to UW.","The house is set up for our family with a master bedroom with a king sized bed and a second bedroom with a crib and a single bed. There is a comfortable single mattress which can be put in the front room for an additional guest, if needed. There are two living rooms separated by french doors, a kitchen with a dining nook, and a back yard with a cement deck. The washer and dryer are in the basement and we share them with our great downstairs neighbors.  The house is from 1906, with details including original windows. There is easy-to-find street parking and bus stops in all direction for quick transportation. It's a clean, cozy place in a superb location.","Our cozy two-bedroom craftsman is the upstairs portion of a duplex on a wonderful block in Ravenna. We're a block from two of our favorite cafes and Cowen Park, an easy stroll to great restaurants, Whole Foods and Safeway, and a walk or ride to UW. The house is set up for our family with a master bedroom with a king sized bed and a second bedroom with a crib and a single bed. There is a comfortable single mattress which can be put in the front room for an additional guest, if needed. There are two living rooms separated by french doors, a kitchen with a dining nook, and a back yard with a cement deck. The washer and dryer are in the basement and we share them with our great downstairs neighbors.  The house is from 1906, with details including original windows. There is easy-to-find street parking and bus stops in all direction for quick transportation. It's a clean, cozy place in a superb location. The entire apartment Ravenna/U-District is a family-filled neighborhood with easy access",none,"Ravenna/U-District is a family-filled neighborhood with easy access to UW. We live a block from a great park, a 5 minute walk from Whole Foods or Safeway, and around the corner from one of Seattle's best coffee shops (Herkimer Coffee). There are tons of dining options in walking distance and Green Lake is a mile or so down the road.",,Bus stops abound... you can get anywhere from here.,https://a0.muscache.com/ac/pictures/109171045/939de260_original.jpg?interpolation=lanczos-none&size=small&output-format=jpg&output-quality=70,https://a0.muscache.com/im/pictures/109171045/939de260_original.jpg?aki_policy=medium,https://a0.muscache.com/ac/pictures/109171045/939de260_original.jpg?interpolation=lanczos-none&size=large_cover&output-format=jpg&output-quality=70,https://a0.muscache.com/ac/pictures/109171045/939de260_original.jpg?interpolation=lanczos-none&size=x_large_cover&output-format=jpg&output-quality=70,621691,https://www.airbnb.com/users/show/621691,Rachael,2011-05-24,"San Francisco, California, United States","I am a dancer, teacher, and choreographer living in san francisco. I travel a lot for work, performing on the sides of mountains, buildings, and structures all over the world (yep, that's right!). I adore my job but hate to leave my beautiful home. . . so this is where YOU come in. Please enjoy it for me while I am gone!",within a few hours,100%,100%,f,"https://a2.muscache.com/ac/users/621691/profile_pic/1340240639/original.jpg?interpolation=lanczos-none&crop=w:w;*,*&crop=h:h;*,*&resize=50:*&output-format=jpg&output-quality=70","https://a2.muscache.com/ac/users/621691/profile_pic/1340240639/original.jpg?interpolation=lanczos-none&crop=w:w;*,*&crop=h:h;*,*&resize=225:*&output-format=jpg&output-quality=70",Mission District,2.0,2.0,"['email', 'phone', 'facebook', 'reviews', 'kba']",t,t,"12th Avenue Northeast, Seattle, WA 98105, United States",University District,University District,University District,Seattle,WA,98105,Seattle,"Seattle, WA",US,United States,47.67056917067304,-122.31579486009882,t,House,Entire home/apt,5,1.0,2.0,2.0,Real Bed,"{TV,Internet,""Wireless Internet"",Kitchen,Heating,""Family/Kid Friendly"",Washer,Dryer,""Smoke Detector"",""Carbon Monoxide Detector"",Essentials,Shampoo}",,$125.00,,,,$85.00,1,$0.00,1,1125,5 weeks ago,t,12,42,72,347,2016-01-04,2,2015-12-01,2016-01-01,80.0,8.0,7.0,10.0,10.0,9.0,8.0,f,,WASHINGTON,f,strict,f,f,1,1.71
6278756,https://www.airbnb.com/rooms/6278756,20160104002432,2016-01-04,Master Bedroom in 3BD Apartment,"The unit is in a quiet, secure building in the University District. The room has its own bathroom, walk-in closet, full size bed and desk. It is a 5 minute walk to the UW's beautiful campus and a 15 minute bus ride to Downtown Seattle!",,"The unit is in a quiet, secure building in the University District. The room has its own bathroom, walk-in closet, full size bed and desk. It is a 5 minute walk to the UW's beautiful campus and a 15 minute bus ride to Downtown Seattle! Rooftop access, washer, dryer, dishwasher, full kitchen, private bathroom, secured access, wireless internet, patio Many restaurants within walking distance, downtown seattle/ fremont/ greenlake just a 15 minute bus ride away, five minute walk from beautiful University of Washington campus but still a very quiet location",none,"Many restaurants within walking distance, downtown seattle/ fremont/ greenlake just a 15 minute bus ride away, five minute walk from beautiful University of Washington campus but still a very quiet location",,,https://a0.muscache.com/ac/pictures/81011869/cf78ffff_original.jpg?interpolation=lanczos-none&size=small&output-format=jpg&output-quality=70,https://a0.muscache.com/im/pictures/81011869/cf78ffff_original.jpg?aki_policy=medium,https://a0.muscache.com/ac/pictures/81011869/cf78ffff_original.jpg?interpolation=lanczos-none&size=large_cover&output-format=jpg&output-quality=70,https://a0.muscache.com/ac/pictures/81011869/cf78ffff_original.jpg?interpolation=lanczos-none&size=x_large_cover&output-format=jpg&output-quality=70,32640082,https://www.airbnb.com/users/show/32640082,Malika,2015-05-05,US,,,,,f,"https://a0.muscache.com/ac/users/32640082/profile_pic/1432019590/original.jpg?interpolation=lanczos-none&crop=w:w;*,*&crop=h:h;*,*&resize=50:*&output-format=jpg&output-quality=70","https://a0.muscache.com/ac/users/32640082/profile_pic/1432019590/original.jpg?interpolation=lanczos-none&crop=w:w;*,*&crop=h:h;*,*&resize=225:*&output-format=jpg&output-quality=70",University District,1.0,1.0,"['email', 'phone', 'reviews']",t,f,"Roosevelt Way Northeast, Seattle, WA 98105, United States",University District,University District,University District,Seattle,WA,98105,Seattle,"Seattle, WA",US,United States,47.65641448777153,-122.31723831850378,t,Apartment,Private room,2,1.0,1.0,1.0,Real Bed,"{Internet,""Wireless Internet"",Kitchen,""Elevator in Building"",""Buzzer/Wireless Intercom"",Heating,""Family/Kid Friendly"",Washer,Dryer,""Smoke Detector"",""Carbon Monoxide Detector"",Essentials}",,$55.00,$250.00,,,,1,$0.00,1,1125,7 months ago,t,0,0,0,204,2016-01-04,1,2015-06-25,2015-06-25,100.0,10.0,10.0,10.0,10.0,10.0,10.0,f,,WASHINGTON,f,moderate,f,f,1,0.15
3679617,https://www.airbnb.com/rooms/3679617,20160104002432,2016-01-04,"Center UW, Comfy, Clean &View (204)","It has a Walk Score of 98 out of 100--Walker's Paradise. the Ave, UW Tower, Hotel Deca just across the street. Very clean . 5-8 min drive to Children Hospital, downtown Seattle,Portage Bay, Lake Union and Eastlake. Easy bus to Amazon or Microsoft.","Large clean furnished  studio on the 2nd floor facing  Brooklyn Ave with a open view which is rare in U District.  It has a large  private large kitchen and bathroom. *Fully equipped kitchen and dining room and full bath with towels and mat.  *Furniture include queen bed, leather love seat  sofa, desk, desk chair, TV, TV stand, dining table and chairs.  * Flat screen TV with powerful antenna receiving 60 more channels more than basic cable.  *Quiet, conveniently located in the heart of U District. *Free business level wifi! *New Maytag washers and dryers in the building * Controlled secure access.  * Easy access to I-5. 10 min to get to down town normally; 20+min in rush hour. * Please make sure house rules are OK with you before you make inquiries or reservation.  : ) Interesting! many tenants have asked me if the building is mostly empty for it is so quiet.  On the contrary, it is 95% fully occupied.  Due to the good insulation and solid structure, the sound proof is very good.  This","It has a Walk Score of 98 out of 100--Walker's Paradise. the Ave, UW Tower, Hotel Deca just across the street. Very clean . 5-8 min drive to Children Hospital, downtown Seattle,Portage Bay, Lake Union and Eastlake. Easy bus to Amazon or Microsoft. Large clean furnished  studio on the 2nd floor facing  Brooklyn Ave with a open view which is rare in U District.  It has a large  private large kitchen and bathroom. *Fully equipped kitchen and dining room and full bath with towels and mat.  *Furniture include queen bed, leather love seat  sofa, desk, desk chair, TV, TV stand, dining table and chairs.  * Flat screen TV with powerful antenna receiving 60 more channels more than basic cable.  *Quiet, conveniently located in the heart of U District. *Free business level wifi! *New Maytag washers and dryers in the building * Controlled secure access.  * Easy access to I-5. 10 min to get to down town normally; 20+min in rush hour. * Please make sure house rules are OK with you before you make inq",none,"It is located in the bustling and vibrant University district. A rare 98 out 100 walk score. It is within five minutes' walking distance to the University of Washington. You will have access to a diverse array of restaurants, shops and activities.","This is on the 2nd floor with no elevator, the law allows building with only 3 floors do without elevator.  The wide stairs with landings make the climbing easy.   * Please make sure house rules are OK with you before you make inquiries or reservation.  : )","Right at the corner of Brooklyn Ave and 45th st, there are many bus lines are just a few steps away and can take you anywhere in Seattle. There are 130 restaurants within a 15 minute walk including BBQ Chicken, Mongolian Grill, Thai Food, Japanese Noodle, Greek Gyro and Bubble tea house, etc.  Coming from the airport, you either take a taxi (around $60) or an airport shuttle and tell them to get off at ""Hotel Deca"" that will make your rate cheaper for the drivers drop passengers at that hotel often, our place is on the same street within 25 feet. Or you can take the link to downtown and bus to here near 45th st NE and NE Brooklyn Ave. ",https://a1.muscache.com/ac/pictures/63243463/29d066df_original.jpg?interpolation=lanczos-none&size=small&output-format=jpg&output-quality=70,https://a1.muscache.com/im/pictures/63243463/29d066df_original.jpg?aki_policy=medium,https://a1.muscache.com/ac/pictures/63243463/29d066df_original.jpg?interpolation=lanczos-none&size=large_cover&output-format=jpg&output-quality=70,https://a1.muscache.com/ac/pictures/63243463/29d066df_original.jpg?interpolation=lanczos-none&size=x_large_cover&output-format=jpg&output-quality=70,3074414,https://www.airbnb.com/users/show/3074414,Melissa,2012-07-27,"Seattle, Washington, United States","Used to be a professor (Ph.D. in Political Economy), then a homeschooling mom and  a religious non profit organization founder, now like to travel, read / review books and manage properties. The best cities I like are Seattle, Florence, Sanya and Taipei.  (Taipei is chosen as the #1 out of 26 Remarkable Places For Solo Travel by BuzzFeed!  (website hidden)) We have  a few nicely furnished studios and one bedrooms condo apt conveniently located near University of Washington in Seattle with your own private kitchen and bathroom.  You will enjoy the convenient locations and quietness of all these buildings. You will also be surprised how quickly we respond to your requests as long as I am in town.  My motto is Providing Quality Places at Fair Prices and my life motto is in Philippians 4:13. ",within a few hours,80%,100%,f,"https://a2.muscache.com/ac/users/3074414/profile_pic/1408093668/original.jpg?interpolation=lanczos-none&crop=w:w;*,*&crop=h:h;*,*&resize=50:*&output-format=jpg&output-quality=70","https://a2.muscache.com/ac/users/3074414/profile_pic/1408093668/original.jpg?interpolation=lanczos-none&crop=w:w;*,*&crop=h:h;*,*&resize=225:*&output-format=jpg&output-quality=70",Ravenna,34.0,34.0,"['email', 'phone', 'reviews', 'kba']",t,t,"Brooklyn Avenue Northeast, Seattle, WA 98105, United States",University District,University District,University District,Seattle,WA,98105,Seattle,"Seattle, WA",US,United States,47.661693639722266,-122.31291415717229,t,Apartment,Entire home/apt,4,1.0,0.0,2.0,Real Bed,"{TV,""Cable TV"",Internet,""Wireless Internet"",Kitchen,""Buzzer/Wireless Intercom"",Heating,""Suitable for Events"",Washer,Dryer,""Smoke Detector"",""Fire Extinguisher"",Essentials,Shampoo}",,$98.00,$600.00,"$1,695.00",$100.00,$60.00,1,$15.00,1,1125,5 weeks ago,t,30,60,90,365,2016-01-04,15,2014-08-01,2015-10-25,80.0,9.0,9.0,8.0,8.0,9.0,8.0,f,,WASHINGTON,f,moderate,f,f,34,0.86
9416551,https://www.airbnb.com/rooms/9416551,20160104002432,2016-01-04,"Center UW, Comfy, Quiet &View (303)","It has a Walk Score of 98 out of 100--Walker's Paradise. the Ave, UW Tower, Hotel Deca just across the street. Very clean. 5-8 min drive to Children Hospital, downtown Seattle,Portage Bay, Lake Union and Eastlake. Easy bus to Amazon or Microsoft.","Large clean furnished  studio on the 3rd floor facing  Brooklyn Ave with a open view which is rare in U District.  It has a large  private large kitchen and bathroom. *Fully equipped kitchen and dining room and full bath with towels and mat.  *Furniture include queen bed, Crate & Barrel quality  sofa, desk, desk chair, TV and TV stand,  dining table and chairs.  *Flat screen TV with powerful antenna receiving 60 more channels more than basic cable.  *Quiet, conveniently located in the heart of U District. *Free business level wifi! *New Maytag washers and dryers in the building * Controlled secure access.  * Easy access to I-5. 10 min to get to down town normally; 20+min in rush hour. Interesting! many tenants have asked me if the building is mostly empty for it is so quiet.  On the contrary, it is 95% fully occupied.  Due to the good insulation and solid structure, the sound proof is very good.  This lovely brick building, originally a classic hotel and a landmark, is in a great locat","It has a Walk Score of 98 out of 100--Walker's Paradise. the Ave, UW Tower, Hotel Deca just across the street. Very clean. 5-8 min drive to Children Hospital, downtown Seattle,Portage Bay, Lake Union and Eastlake. Easy bus to Amazon or Microsoft. Large clean furnished  studio on the 3rd floor facing  Brooklyn Ave with a open view which is rare in U District.  It has a large  private large kitchen and bathroom. *Fully equipped kitchen and dining room and full bath with towels and mat.  *Furniture include queen bed, Crate & Barrel quality  sofa, desk, desk chair, TV and TV stand,  dining table and chairs.  *Flat screen TV with powerful antenna receiving 60 more channels more than basic cable.  *Quiet, conveniently located in the heart of U District. *Free business level wifi! *New Maytag washers and dryers in the building * Controlled secure access.  * Easy access to I-5. 10 min to get to down town normally; 20+min in rush hour. Interesting! many tenants have asked me if the building is ",none,"It is located in the bustling and vibrant University district. A rare 98 out 100 walk score. It is within five minutes' walking distance to the University of Washington. You will have access to a diverse array of restaurants, shops and activities.","This is on the very top floor -- the 3rd floor with no elevator, the law allows building with only 3 floors do without elevator.  The wide stairs with landings make the climbing easy.  It is on a quiet top floor unit,  no one on top of you. If two people stay here, please wait for 30 minutes before the 2nd shower after a first shower.","Right at the corner of Brooklyn Ave and 45th st, there are many bus lines are just a few steps away and can take you anywhere in Seattle. Note about Amazon: We always have Amazon employees here, it is only 9 min drive to  Amazon or 20 min bus ride. There are 130 restaurants within a 15 minute walk including BBQ Chicken, Mongolian Grill, Thai Food, Japanese Noodle, Greek Gyro and Bubble tea house, etc.  Coming from the airport, you either take a taxi (around $60) or an airport shuttle and tell them to get off at ""Hotel Deca"" that will make your rate cheaper for the drivers drop passengers at that hotel often, our place is on the same street within 25 feet. Or you can take the link to downtown and bus to here near 45th st NE and NE Brooklyn Ave.  The University District Farmers Market is on the Brooklyn Ave NE & NE 50th St, it is Seattle's oldest and largest farmers/food-only neighborhood market.  Founded in 1993, this Saturday market is nationally recognized as one of the best farmers m",https://a2.muscache.com/ac/pictures/ca1a8478-7329-4ec6-b280-cfe9740c895d.jpg?interpolation=lanczos-none&size=small&output-format=jpg&output-quality=70,https://a2.muscache.com/im/pictures/ca1a8478-7329-4ec6-b280-cfe9740c895d.jpg?aki_policy=medium,https://a2.muscache.com/ac/pictures/ca1a8478-7329-4ec6-b280-cfe9740c895d.jpg?interpolation=lanczos-none&size=large_cover&output-format=jpg&output-quality=70,https://a2.muscache.com/ac/pictures/ca1a8478-7329-4ec6-b280-cfe9740c895d.jpg?interpolation=lanczos-none&size=x_large_cover&output-format=jpg&output-quality=70,2911360,https://www.airbnb.com/users/show/2911360,Ren,2012-07-12,"Seattle, Washington, United States","I am a physicist and a Calvinist.  I like to cook and go hiking. I believe I cook pretty well for my children and my wife like the food I cook.  I also like to think and solve math problems that is probably why I got a doctorate from an Ivy League University in Physics.  I do not talk much but am very easy going. I keep updating to make sure they are safe, comfortable and updated.  My wife is probably the person who meets you most of time.  She has many positive reviews on airbnb and she is outgoing and detail oriented -- she pays more attention on cleanliness and weather you are comfortable or not. She wants me to take care of this property so this is my new experience on airbnb but she still does the final inspection to make sure the units are clean and satisfactory. I believe you will like it just like other satisfying guests.",within a few hours,100%,100%,f,"https://a2.muscache.com/ac/users/2911360/profile_pic/1394702750/original.jpg?interpolation=lanczos-none&crop=w:w;*,*&crop=h:h;*,*&resize=50:*&output-format=jpg&output-quality=70","https://a2.muscache.com/ac/users/2911360/profile_pic/1394702750/original.jpg?interpolation=lanczos-none&crop=w:w;*,*&crop=h:h;*,*&resize=225:*&output-format=jpg&output-quality=70",Ravenna,11.0,11.0,"['email', 'phone', 'reviews']",t,f,"Brooklyn Avenue Northeast, Seattle, WA 98105, United States",University District,University District,University District,Seattle,WA,98105,Seattle,"Seattle, WA",US,United States,47.663145437417285,-122.31341300715955,t,Apartment,Entire home/apt,2,1.0,0.0,1.0,Real Bed,"{TV,""Cable TV"",Internet,""Wireless Internet"",Kitchen,""Buzzer/Wireless Intercom"",""Family/Kid Friendly"",Washer,Dryer,""Smoke Detector"",""Carbon Monoxide Detector"",""Fire Extinguisher"",Essentials,Shampoo,""24-Hour Check-in"",Hangers,""Hair Dryer"",""Laptop Friendly Workspace""}",,$82.00,$550.00,"$1,595.00",$100.00,$60.00,1,$15.00,1,1125,3 weeks ago,t,5,35,65,340,2016-01-04,0,,,,,,,,,,f,,WASHINGTON,t,moderate,f,f,11,
8322107,https://www.airbnb.com/rooms/8322107,20160104002432,2016-01-04,Cozy 1bed apartment in the U-Dist,"The apartment has a full kitchenette with all cooking supplies, 1 full bathroom, 2 TV that already have chromecast with them so you can scream anything you want from your phone or computer to the internet.",,"The apartment has a full kitchenette with all cooking supplies, 1 full bathroom, 2 TV that already have chromecast with them so you can scream anything you want from your phone or computer to the internet.",none,,,,https://a1.muscache.com/ac/pictures/106013716/07570403_original.jpg?interpolation=lanczos-none&size=small&output-format=jpg&output-quality=70,https://a1.muscache.com/im/pictures/106013716/07570403_original.jpg?aki_policy=medium,https://a1.muscache.com/ac/pictures/106013716/07570403_original.jpg?interpolation=lanczos-none&size=large_cover&output-format=jpg&output-quality=70,https://a1.muscache.com/ac/pictures/106013716/07570403_original.jpg?interpolation=lanczos-none&size=x_large_cover&output-format=jpg&output-quality=70,41323391,https://www.airbnb.com/users/show/41323391,Ivy,2015-08-12,,,,,,f,"https://a1.muscache.com/ac/users/41323391/profile_pic/1441907436/original.jpg?interpolation=lanczos-none&crop=w:w;*,*&crop=h:h;*,*&resize=50:*&output-format=jpg&output-quality=70","https://a1.muscache.com/ac/users/41323391/profile_pic/1441907436/original.jpg?interpolation=lanczos-none&crop=w:w;*,*&crop=h:h;*,*&resize=225:*&output-format=jpg&output-quality=70",University District,1.0,1.0,"['email', 'phone']",t,f,", Seattle, WA 98105, United States",University District,University District,University District,Seattle,WA,98105,Seattle,"Seattle, WA",US,United States,47.65730353344232,-122.3186601057054,t,Apartment,Entire home/apt,2,1.0,1.0,1.0,Real Bed,"{TV,""Cable TV"",""Wireless Internet"",Kitchen,Heating,""Smoke Detector"",""Carbon Monoxide Detector"",""First Aid Kit"",""Fire Extinguisher"",Essentials}",,$70.00,$450.00,"$1,700.00",$200.00,$150.00,2,$0.00,2,20,4 months ago,t,0,0,0,90,2016-01-04,0,,,,,,,,,,f,,WASHINGTON,f,strict,f,f,1,
9511676,https://www.airbnb.com/rooms/9511676,20160104002432,2016-01-04,Cozy room in the U-District,"Comfortable private room available in our two bedroom, two cat apartment in the centrally located U-District. 10 minute walk to UW campus. Buses galore to take you wherever your heart desires.","A cute private room with a comfortable single bed within our two bedroom apartment. Hardwood floors and calming green walls. Window lets in lots of natural light and a great view of Mt. Rainier on clear days. Furnished with a couple of well-stocked bookshelves, work desk, office chair, and comfy armchair for curling up with a book.","Comfortable private room available in our two bedroom, two cat apartment in the centrally located U-District. 10 minute walk to UW campus. Buses galore to take you wherever your heart desires. A cute private room with a comfortable single bed within our two bedroom apartment. Hardwood floors and calming green walls. Window lets in lots of natural light and a great view of Mt. Rainier on clear days. Furnished with a couple of well-stocked bookshelves, work desk, office chair, and comfy armchair for curling up with a book. You will have access to the rented bedroom, bathroom, kitchen and a portion of fridge space if needed, and dining room. Please respect our privacy in the living room/studio area, our bedroom, and the closet in the rented bedroom. Both of us work from home most of the time. We're happy to give advice on where to go and what to do in Seattle when we're not working, but won't be able to accompany you on excursions. This is a very walkable neighborhood with lots of ameniti",none,"This is a very walkable neighborhood with lots of amenities nearby.  Trader Joe's and Safeway grocery stores are about 15 minutes away. Gasworks Park and the beautiful University of Washington campus are also walking distance. Portage Bay Cafe is five minutes away and has awesome organic breakfast and brunch options. Agua Verde Cafe and Paddle Club is also nearby if you crave awesome Mexican food on the waterfront and a spot of kayaking afterwards.  Lots of good and cheap food on University Way NE (colloquially called the Ave), which is about a ten minute walk away. Our favorites are Thai Tom, Shalimar, and Pho Thy Thy. Cafe Solstice and Cafe Allegro are Seattle institutions and are must-visits for coffee lovers. Full Tilt Ice Cream is awesome for dessert.  For tool junkies, Hardwick's (the best hardware and tool store in town) is right around the corner and will provide hours of browsing and shopping fun. There are five movie theaters within walking distance- from tiny single-screen G","We have two cats and they are shy but really sweet. We keep them out of the guest bedroom and vacuum/dust on a regular basis, but our place is not suitable for folks with cat allergies.  Because the apartment is very close to the highway, it's very loud outside. We do have good walls, so the noise is barely noticeable inside the apartment. There isn't a washer and dryer in our apartment, but you are welcome to access the laundry room within the building with our key. Washing and drying a load costs $2 in quarters. Free public parking spaces on our street are usually available, but may be difficult to find close to the apartment 9-5 Monday through Friday.","Lots of buses nearby going downtown (only 15 minutes in the morning), up north, Capitol Hill, Fremont, Wallingford, and Ballard.",https://a2.muscache.com/ac/pictures/dde7ad89-a525-4d9d-ae81-3176d95f14f6.jpg?interpolation=lanczos-none&size=small&output-format=jpg&output-quality=70,https://a2.muscache.com/im/pictures/dde7ad89-a525-4d9d-ae81-3176d95f14f6.jpg?aki_policy=medium,https://a2.muscache.com/ac/pictures/dde7ad89-a525-4d9d-ae81-3176d95f14f6.jpg?interpolation=lanczos-none&size=large_cover&output-format=jpg&output-quality=70,https://a2.muscache.com/ac/pictures/dde7ad89-a525-4d9d-ae81-3176d95f14f6.jpg?interpolation=lanczos-none&size=x_large_cover&output-format=jpg&output-quality=70,20847926,https://www.airbnb.com/users/show/20847926,Dorothy,2014-09-02,"Seattle, Washington, United States","I am a craftsperson and objects conservator living with my fiance Rob and feline royalty (Louis Quatorze and William of Orange). We're avid travelers but also appreciate the joys of puttering around at home, especially in this beautiful city of Seattle. 

After having great experiences staying in various Airbnb spots around the world, we've decided to share the second bedroom in our apartment with other travelers.     ",within an hour,100%,100%,f,"https://a0.muscache.com/ac/users/20847926/profile_pic/1409679077/original.jpg?interpolation=lanczos-none&crop=w:w;*,*&crop=h:h;*,*&resize=50:*&output-format=jpg&output-quality=70","https://a0.muscache.com/ac/users/20847926/profile_pic/1409679077/original.jpg?interpolation=lanczos-none&crop=w:w;*,*&crop=h:h;*,*&resize=225:*&output-format=jpg&output-quality=70",,1.0,1.0,"['email', 'phone', 'google', 'reviews', 'kba']",t,t,"Pasadena Pl NE, Seattle, WA 98105, United States",,University District,University District,Seattle,WA,98105,Seattle,"Seattle, WA",US,United States,47.65741764143603,-122.32064407884276,f,Apartment,Private room,1,1.0,1.0,1.0,Real Bed,"{Internet,""Wireless Internet"",Kitchen,""Free Parking on Premises"",""Pets live on this property"",Cat(s),Heating,Washer,Dryer,""Smoke Detector"",""Carbon Monoxide Detector"",""First Aid Kit"",Essentials,Shampoo,""24-Hour Check-in"",""Hair Dryer"",""Laptop Friendly Workspace""}",,$55.00,$175.00,,,$5.00,1,$0.00,2,1125,6 weeks ago,t,8,38,51,98,2016-01-04,0,,,,,,,,,,f,,WASHINGTON,f,moderate,f,f,1,
3158243,https://www.airbnb.com/rooms/3158243,20160104002432,2016-01-04,"Spacious,modernU Village W/D (304) ","Large 1 bdr 1 bath apt with many Luxuries on Quiet Street walk to UW, Ravenna park, University Village, Trail.  2 blocks to every bus line in Seattle,  6-8 min drive to Children Hospital, downtown Seattle,Portage Bay, Lake Union and the Eastlake","Located in a quiet cul-de-sac neighborhood, this one bedroom Apartment is spacious and bright, surrounded by trees and overlooking the U Village. Many amenities are included:   *washer/dryer inside the unit *dishwasher/garbage disposal/microwave * Private balcony with a great view to the mountain and Washington Lake and  U Village. * Strong private Internet access * Flat screen TV with powerful antenna from Channel 1 to Channel 986 * Controlled entrance with intercom * Easy access to I-5. 10 min to get to down town normally; 20+min in rush hour. This bright, upgraded apartment is conveniently located, with a view of the city and University Village, an upscale, open-air shopping mall in the University District of Seattle. It is at a quiet cul-de-sac. It is also quiet because it is carpeted (with thick dense carpet) on all floors and no pets in the building. It is close to the UW, parks, hiking trails, libraries, and public transit. You can also rent one of my bikes for $5.00/a day and t","Large 1 bdr 1 bath apt with many Luxuries on Quiet Street walk to UW, Ravenna park, University Village, Trail.  2 blocks to every bus line in Seattle,  6-8 min drive to Children Hospital, downtown Seattle,Portage Bay, Lake Union and the Eastlake Located in a quiet cul-de-sac neighborhood, this one bedroom Apartment is spacious and bright, surrounded by trees and overlooking the U Village. Many amenities are included:   *washer/dryer inside the unit *dishwasher/garbage disposal/microwave * Private balcony with a great view to the mountain and Washington Lake and  U Village. * Strong private Internet access * Flat screen TV with powerful antenna from Channel 1 to Channel 986 * Controlled entrance with intercom * Easy access to I-5. 10 min to get to down town normally; 20+min in rush hour. This bright, upgraded apartment is conveniently located, with a view of the city and University Village, an upscale, open-air shopping mall in the University District of Seattle. It is at a quiet cul-de",none,"It is at a quiet cul-de-sac. However, it is conveniently located close to the UW, parks, hiking trails, shopping center (with so many great restaurant especially Din Tai Fung), and public transit. You can also rent one of my bikes to take the Burke Gilman trail to Lake Washington.","For TV of almost 900 channels, you turn on TV with the LG remote control and use it to adjust volume, change to channel 3, then use the Xfinity remote control to change channels. Enjoy it.  It is on the 3rd floor without elevator.","If you come from the airport, you may either take the cab or take the link (train) to downtown Seattle. Then take the bus 71,72,73 to U district. Our place is just a couple blocks from the 25th ave where the University Village Shopping Center is, there are many bus lines to literally take you to anywhere in Seattle.",https://a1.muscache.com/ac/pictures/60717130/77fbe1c7_original.jpg?interpolation=lanczos-none&size=small&output-format=jpg&output-quality=70,https://a1.muscache.com/im/pictures/60717130/77fbe1c7_original.jpg?aki_policy=medium,https://a1.muscache.com/ac/pictures/60717130/77fbe1c7_original.jpg?interpolation=lanczos-none&size=large_cover&output-format=jpg&output-quality=70,https://a1.muscache.com/ac/pictures/60717130/77fbe1c7_original.jpg?interpolation=lanczos-none&size=x_large_cover&output-format=jpg&output-quality=70,3074414,https://www.airbnb.com/users/show/3074414,Melissa,2012-07-27,"Seattle, Washington, United States","Used to be a professor (Ph.D. in Political Economy), then a homeschooling mom and  a religious non profit organization founder, now like to travel, read / review books and manage properties. The best cities I like are Seattle, Florence, Sanya and Taipei.  (Taipei is chosen as the #1 out of 26 Remarkable Places For Solo Travel by BuzzFeed!  (website hidden)) We have  a few nicely furnished studios and one bedrooms condo apt conveniently located near University of Washington in Seattle with your own private kitchen and bathroom.  You will enjoy the convenient locations and quietness of all these buildings. You will also be surprised how quickly we respond to your requests as long as I am in town.  My motto is Providing Quality Places at Fair Prices and my life motto is in Philippians 4:13. ",within a few hours,80%,100%,f,"https://a2.muscache.com/ac/users/3074414/profile_pic/1408093668/original.jpg?interpolation=lanczos-none&crop=w:w;*,*&crop=h:h;*,*&resize=50:*&output-format=jpg&output-quality=70","https://a2.muscache.com/ac/users/3074414/profile_pic/1408093668/original.jpg?interpolation=lanczos-none&crop=w:w;*,*&crop=h:h;*,*&resize=225:*&output-format=jpg&output-quality=70",Ravenna,34.0,34.0,"['email', 'phone', 'reviews', 'kba']",t,t,"Ravenna Avenue Northeast, Seattle, WA 98105, United States",University District,University District,University District,Seattle,WA,98105,Seattle,"Seattle, WA",US,United States,47.66436520121168,-122.30322582970776,t,Apartment,Entire home/apt,4,1.0,1.0,2.0,Real Bed,"{TV,""Cable TV"",Internet,""Wireless Internet"",Kitchen,""Buzzer/Wireless Intercom"",Heating,Washer,Dryer,Essentials,Shampoo}",,$110.00,$850.00,"$2,350.00",$200.00,$70.00,1,$15.00,2,1125,3 months ago,t,16,16,16,221,2016-01-04,13,2014-06-27,2015-09-28,82.0,9.0,8.0,9.0,8.0,9.0,8.0,f,,WASHINGTON,f,moderate,f,f,34,0.7
8327124,https://www.airbnb.com/rooms/8327124,20160104002432,2016-01-04,Ideal for Family Reunions/Getaways,"100 yr renovated craftsman home 5 bedrooms & 4 baths make it ideal for renunions, weddings, professionals. Fully equiped kitchen, dining room spacious living room. front porch plenty of on/off street parking.  close to city, Walk to shops/restaurants",,"100 yr renovated craftsman home 5 bedrooms & 4 baths make it ideal for renunions, weddings, professionals. Fully equiped kitchen, dining room spacious living room. front porch plenty of on/off street parking.  close to city, Walk to shops/restaurants",none,,,,https://a1.muscache.com/ac/pictures/106964595/05798155_original.jpg?interpolation=lanczos-none&size=small&output-format=jpg&output-quality=70,https://a1.muscache.com/im/pictures/106964595/05798155_original.jpg?aki_policy=medium,https://a1.muscache.com/ac/pictures/106964595/05798155_original.jpg?interpolation=lanczos-none&size=large_cover&output-format=jpg&output-quality=70,https://a1.muscache.com/ac/pictures/106964595/05798155_original.jpg?interpolation=lanczos-none&size=x_large_cover&output-format=jpg&output-quality=70,658155,https://www.airbnb.com/users/show/658155,Joe,2011-06-02,"Seattle, Washington, United States",Addicted renovator of homes.  Love helping people enjoy the awesome City of Seattle.,within an hour,100%,100%,t,"https://a2.muscache.com/ac/users/658155/profile_pic/1307117042/original.jpg?interpolation=lanczos-none&crop=w:w;*,*&crop=h:h;*,*&resize=50:*&output-format=jpg&output-quality=70","https://a2.muscache.com/ac/users/658155/profile_pic/1307117042/original.jpg?interpolation=lanczos-none&crop=w:w;*,*&crop=h:h;*,*&resize=225:*&output-format=jpg&output-quality=70",Capitol Hill,13.0,13.0,"['email', 'phone', 'reviews', 'kba']",t,t,"NE 55th Street, Seattle, WA 98105, United States",University District,University District,University District,Seattle,WA,98105,Seattle,"Seattle, WA",US,United States,47.66757537845896,-122.31871564666312,t,House,Entire home/apt,12,3.5,5.0,7.0,Real Bed,"{TV,Internet,""Wireless Internet"",Kitchen,""Free Parking on Premises"",Heating,""Family/Kid Friendly"",Washer,Dryer,""Smoke Detector"",Essentials,Shampoo}",,$350.00,,,$500.00,$250.00,1,$0.00,3,1125,today,t,20,43,73,331,2016-01-04,1,2015-11-20,2015-11-20,100.0,10.0,10.0,10.0,10.0,10.0,10.0,f,,WASHINGTON,t,strict,f,f,1,0.65
4311078,https://www.airbnb.com/rooms/4311078,20160104002432,2016-01-04,Ravenna Craftsman - 4 Bdrm by UW!,"A classic style farm house in the heart of Seattle's Ravenna neighborhood, this home accommodates your large group with four bedrooms plus rec room. Close to shopping, markets and the prestigious University of Washington campus.","With a swinging seat on the front porch, you can relax the day away with a good book or sip a drink and just take in the ambiance of the neighborhood.  As you walk into the timeless entry way, a box beam ceiling highlights the large main level.  The living room offers plenty of comfortable seating for board games or a movie on the 40"" flat panel television.  A gourmet kitchen, allows you to cook up all your tasty finds from the local farmers market.  With a large dining area, there is room for everyone to dine together.  Enjoy a morning cup of coffee in the cozy sunroom next to the dining room or outside on the sundeck with views of the eastern mountains. The top floor boasts four bedrooms and full spacious bathroom.  Two of the bedrooms offer queen size beds, while a third bedroom has two twin beds.  The fourth bedroom has a queen bed with a twin bed nestled into the bedroom alcove.  Three bedrooms out of four have air conditioning! In the daylight basement you will find a laundry roo","A classic style farm house in the heart of Seattle's Ravenna neighborhood, this home accommodates your large group with four bedrooms plus rec room. Close to shopping, markets and the prestigious University of Washington campus. With a swinging seat on the front porch, you can relax the day away with a good book or sip a drink and just take in the ambiance of the neighborhood.  As you walk into the timeless entry way, a box beam ceiling highlights the large main level.  The living room offers plenty of comfortable seating for board games or a movie on the 40"" flat panel television.  A gourmet kitchen, allows you to cook up all your tasty finds from the local farmers market.  With a large dining area, there is room for everyone to dine together.  Enjoy a morning cup of coffee in the cozy sunroom next to the dining room or outside on the sundeck with views of the eastern mountains. The top floor boasts four bedrooms and full spacious bathroom.  Two of the bedrooms offer queen size beds, ",none,"The surrounding Ravenna neighborhood offers all kinds of amazing places to explore during your stay in Seattle.  Close to University Village Shopping Center, University of Washington, Ravenna Park, local restaurants and coffee shops.  Walk Score of 94 means almost anything is just a short walk away!","Please note that major holidays require a 4 or 5 night minimum, depending on the holiday. Residential Building: Please keep in mind that the majority of the homes in the surrounding area are residential and owner occupied. Please be mindful and respectful of your neighbors, property, and noise levels. Radios, TVs, etc. should be at an acceptable volume level at all times. Building Quiet Hours must be observed from 10:00 pm to 8:00 am. MONTH+ STAYS: Housekeeping is biweekly for stays of a month or longer.  If your stay is longer than 1 month, please expect additional cleaning fees. ",(URL HIDDEN),https://a0.muscache.com/ac/pictures/54147389/977ceef5_original.jpg?interpolation=lanczos-none&size=small&output-format=jpg&output-quality=70,https://a0.muscache.com/im/pictures/54147389/977ceef5_original.jpg?aki_policy=medium,https://a0.muscache.com/ac/pictures/54147389/977ceef5_original.jpg?interpolation=lanczos-none&size=large_cover&output-format=jpg&output-quality=70,https://a0.muscache.com/ac/pictures/54147389/977ceef5_original.jpg?interpolation=lanczos-none&size=x_large_cover&output-format=jpg&output-quality=70,430709,https://www.airbnb.com/users/show/430709,Sea To Sky Rentals,2011-03-08,"Seattle, Washington, United States","Rental and Management company representing over 30 properties in Seattle, Washington!",within a day,88%,100%,f,"https://a2.muscache.com/ac/users/430709/profile_pic/1407448665/original.jpg?interpolation=lanczos-none&crop=w:w;*,*&crop=h:h;*,*&resize=50:*&output-format=jpg&output-quality=70","https://a2.muscache.com/ac/users/430709/profile_pic/1407448665/original.jpg?interpolation=lanczos-none&crop=w:w;*,*&crop=h:h;*,*&resize=225:*&output-format=jpg&output-quality=70",Belltown,36.0,36.0,"['email', 'phone', 'facebook', 'linkedin', 'reviews', 'jumio']",t,t,"18th Avenue NE and ME 55th St, Seattle, WA 98105, United States",University District,University District,University District,Seattle,WA,98105,Seattle,"Seattle, WA",US,United States,47.66825151526437,-122.30944969560088,f,House,Entire home/apt,9,2.5,4.0,6.0,Real Bed,"{""Cable TV"",""Wireless Internet"",Kitchen,Heating,""Family/Kid Friendly"",Washer,Dryer,""Smoke Detector"",""Carbon Monoxide Detector"",""First Aid Kit"",""Safety Card"",""Fire Extinguisher"",Essentials}",,$295.00,,,,$300.00,1,$0.00,3,1125,today,t,26,48,70,329,2016-01-04,2,2015-09-21,2015-11-25,100.0,10.0,10.0,10.0,10.0,10.0,9.0,f,,WASHINGTON,f,strict,t,t,31,0.57
3329962,https://www.airbnb.com/rooms/3329962,20160104002432,2016-01-04,"Super comfortable, UW (44)","It has a Walk Score of 100 out of 100--Walker's Paradise. the Ave, UW Tower, Hotel Deca just across the street. Very clean . 5-8 min drive to Children Hospital, downtown Seattle,Portage Bay, Lake Union and Eastlake. Easy bus to Amazon or Microsoft. ","Furnished elegant and bright one bedroom apartment on the  top floor (2nd floor) in a quiet corner of the building. only a 5 minute walk away from the University of Washington. It is located near 42nd St NE and 11 Ave. University Way is just two blocks over. Trader Joe's, Safeway, Movie Theater, and a variety of diverse restaurants are a five minute walk away.  Easy access to I-5. 10 min to get to down town normally; 20+min in rush hour. $8 per day or $120 per month parking in our own lot if there is a available space. * A full private bathroom and a fully equipped kitchen with a full-size fridge and a range.  *Furniture includes  14"" new queen memory foam on a solid wood queen size bed, matching dresser, mirror and night stand. towels and  bed sheets, sleeper futon sofa, dining table and chair, pots and pans. *Business level WiFi  *Fully equipped kitchen  *All of the windows are double pane new windows.  ","It has a Walk Score of 100 out of 100--Walker's Paradise. the Ave, UW Tower, Hotel Deca just across the street. Very clean . 5-8 min drive to Children Hospital, downtown Seattle,Portage Bay, Lake Union and Eastlake. Easy bus to Amazon or Microsoft.  Furnished elegant and bright one bedroom apartment on the  top floor (2nd floor) in a quiet corner of the building. only a 5 minute walk away from the University of Washington. It is located near 42nd St NE and 11 Ave. University Way is just two blocks over. Trader Joe's, Safeway, Movie Theater, and a variety of diverse restaurants are a five minute walk away.  Easy access to I-5. 10 min to get to down town normally; 20+min in rush hour. $8 per day or $120 per month parking in our own lot if there is a available space. * A full private bathroom and a fully equipped kitchen with a full-size fridge and a range.  *Furniture includes  14"" new queen memory foam on a solid wood queen size bed, matching dresser, mirror and night stand. towels and ",none,"It is located in the bustling and vibrant University district. A rare 100 walk score. It is within five minutes' walking distance to the University of Washington. You will have access to a diverse array of restaurants, shops and activities.","This unit #44 has its private stair way in the corner of the 2nd floor behind the apt mailboxes. The door is unlocked and keys inside. Help yourselves check in.  The garbage truck's morning garbage collection a few  times a week in the back of the building maybe a disturbance to some people.  Please refer to the house manual located in your itinerary for the check in and out procedures as well as additional important information.  Parking in our lot is $8-12 per day, if you're interested in a monthly pass that is cheaper per day, please contact me.","Right at the corner of 42nd St and 11th ave NE and within five minutes' walking distance to the University of Washington. Many bus lines are just a few steps away and can take you anywhere in Seattle. Many buslines take you to anywhere as well as Microsoft connector stop. Only one bus no transfer needed to go to Amazon. We have quite a few guests work at Amazon for interns, 9 min drive or 17 min bus ride there.  10 min bike ride or bus ride to the beautiful Green Lake or Wallingford.   There are 130 restaurants within a 15 minute walk including BBQ Chicken, Mongolian Grill, Thai Food, Japanese Noodle, Greek Gyro and Bubble tea house, etc.",https://a0.muscache.com/ac/pictures/71462244/81ecd905_original.jpg?interpolation=lanczos-none&size=small&output-format=jpg&output-quality=70,https://a0.muscache.com/im/pictures/71462244/81ecd905_original.jpg?aki_policy=medium,https://a0.muscache.com/ac/pictures/71462244/81ecd905_original.jpg?interpolation=lanczos-none&size=large_cover&output-format=jpg&output-quality=70,https://a0.muscache.com/ac/pictures/71462244/81ecd905_original.jpg?interpolation=lanczos-none&size=x_large_cover&output-format=jpg&output-quality=70,3074414,https://www.airbnb.com/users/show/3074414,Melissa,2012-07-27,"Seattle, Washington, United States","Used to be a professor (Ph.D. in Political Economy), then a homeschooling mom and  a religious non profit organization founder, now like to travel, read / review books and manage properties. The best cities I like are Seattle, Florence, Sanya and Taipei.  (Taipei is chosen as the #1 out of 26 Remarkable Places For Solo Travel by BuzzFeed!  (website hidden)) We have  a few nicely furnished studios and one bedrooms condo apt conveniently located near University of Washington in Seattle with your own private kitchen and bathroom.  You will enjoy the convenient locations and quietness of all these buildings. You will also be surprised how quickly we respond to your requests as long as I am in town.  My motto is Providing Quality Places at Fair Prices and my life motto is in Philippians 4:13. ",within a few hours,80%,100%,f,"https://a2.muscache.com/ac/users/3074414/profile_pic/1408093668/original.jpg?interpolation=lanczos-none&crop=w:w;*,*&crop=h:h;*,*&resize=50:*&output-format=jpg&output-quality=70","https://a2.muscache.com/ac/users/3074414/profile_pic/1408093668/original.jpg?interpolation=lanczos-none&crop=w:w;*,*&crop=h:h;*,*&resize=225:*&output-format=jpg&output-quality=70",Ravenna,34.0,34.0,"['email', 'phone', 'reviews', 'kba']",t,t,"11th Avenue Northeast, Seattle, WA 98105, United States",University District,University District,University District,Seattle,WA,98105,Seattle,"Seattle, WA",US,United States,47.65962584333522,-122.31742070915936,t,Apartment,Entire home/apt,3,1.0,1.0,2.0,Real Bed,"{Internet,""Wireless Internet"",Kitchen,Heating,""Family/Kid Friendly"",Washer,Dryer,Shampoo}",,$105.00,$675.00,"$1,895.00",$100.00,$60.00,1,$15.00,2,1125,4 months ago,t,30,60,90,365,2016-01-04,25,2014-07-14,2015-08-01,74.0,8.0,8.0,9.0,9.0,8.0,8.0,f,,WASHINGTON,f,moderate,f,f,34,1.39
3263071,https://www.airbnb.com/rooms/3263071,20160104002432,2016-01-04,New carpet Walk to UW. Quiet Top 50,"It has a Walk Score of 100 out of 100--Walker's Paradise. the Ave, UW Tower, Hotel Deca just across the street. Very clean . 5-8 min drive to Children Hospital, downtown Seattle,Portage Bay, Lake Union and Eastlake. Easy bus to Amazon or Microsoft. ","Furnished quiet and bright one bedroom apartment on the very top floor (3rd floor) in a quiet corner only a 5 minute walk away from the University of Washington. It is located near 42nd St NE and 11 Ave. University Way is just two blocks over. Trader Joe's, Safeway, Movie Theater, and a variety of diverse restaurants are a five minute walk away.  Easy access to I-5. 10 min to get to down town normally; 20+min in rush hour. $8 per day or $120 per month  parking in our own lot if there is a available space. * A full private bathroom and a fully equipped kitchen with a full-size fridge and a range.  *Furniture includes a full/queen size bed, a sleeper sofa, a twin mattress bed and bed sheets, towels, desk and chair, dining table and chairs, appliances, pots and pans * Flat screen TV with powerful antenna receiving 60 more channels more than basic cable.  *Business level WiFi  *Fully equipped kitchen  * Brand new quality dense carpet *All of the windows are double pane new windows.  *coin-","It has a Walk Score of 100 out of 100--Walker's Paradise. the Ave, UW Tower, Hotel Deca just across the street. Very clean . 5-8 min drive to Children Hospital, downtown Seattle,Portage Bay, Lake Union and Eastlake. Easy bus to Amazon or Microsoft.  Furnished quiet and bright one bedroom apartment on the very top floor (3rd floor) in a quiet corner only a 5 minute walk away from the University of Washington. It is located near 42nd St NE and 11 Ave. University Way is just two blocks over. Trader Joe's, Safeway, Movie Theater, and a variety of diverse restaurants are a five minute walk away.  Easy access to I-5. 10 min to get to down town normally; 20+min in rush hour. $8 per day or $120 per month  parking in our own lot if there is a available space. * A full private bathroom and a fully equipped kitchen with a full-size fridge and a range.  *Furniture includes a full/queen size bed, a sleeper sofa, a twin mattress bed and bed sheets, towels, desk and chair, dining table and chairs, ap",none,"It is located in the bustling and vibrant University district.  A rare 100 walk score. You will have access to a diverse array of restaurants, shops and activities without the need for a car. ","It is on the top corner, so it is generally quiet. A wifi extender is installed so the speed is good.  Please refer to the house manual located in your itinerary for the check in and out procedures as well as additional important information.  Parking in our lot is $8-12 per day, if you're interested in a monthly pass that is cheaper per day, please contact me. The owner will pay for the water, sewer, electricity and solid waste. The tenant use electricity judiciously.  For long term guests,  If the electricity usage is over $60/mo  (over 28 days) for one guest or over $80 for two guests,  the guests will pay the difference.  This is the way that we do not casually waste energy. For monthly rental, due to its discounted rate than weekly or daily rental, tenants provide those consumable household items.","Right at the corner of  11th ave and 40th st or the corner of Brooklyn Ave and 45th st,   many bus lines are just a few steps away and can take you anywhere in Seattle.  It only takes 9 min to drive to Amazon or 17 min bus ride.  There are ""Connectors"" to go to Microsoft directly. There are 130 restaurants within a 15 minute walk including BBQ Chicken, Mongolian Grill, Thai Food, Japanese Noodle, Greek Gyro and Bubble tea house, etc.",https://a0.muscache.com/ac/pictures/60052560/27aa6b65_original.jpg?interpolation=lanczos-none&size=small&output-format=jpg&output-quality=70,https://a0.muscache.com/im/pictures/60052560/27aa6b65_original.jpg?aki_policy=medium,https://a0.muscache.com/ac/pictures/60052560/27aa6b65_original.jpg?interpolation=lanczos-none&size=large_cover&output-format=jpg&output-quality=70,https://a0.muscache.com/ac/pictures/60052560/27aa6b65_original.jpg?interpolation=lanczos-none&size=x_large_cover&output-format=jpg&output-quality=70,3074414,https://www.airbnb.com/users/show/3074414,Melissa,2012-07-27,"Seattle, Washington, United States","Used to be a professor (Ph.D. in Political Economy), then a homeschooling mom and  a religious non profit organization founder, now like to travel, read / review books and manage properties. The best cities I like are Seattle, Florence, Sanya and Taipei.  (Taipei is chosen as the #1 out of 26 Remarkable Places For Solo Travel by BuzzFeed!  (website hidden)) We have  a few nicely furnished studios and one bedrooms condo apt conveniently located near University of Washington in Seattle with your own private kitchen and bathroom.  You will enjoy the convenient locations and quietness of all these buildings. You will also be surprised how quickly we respond to your requests as long as I am in town.  My motto is Providing Quality Places at Fair Prices and my life motto is in Philippians 4:13. ",within a few hours,80%,100%,f,"https://a2.muscache.com/ac/users/3074414/profile_pic/1408093668/original.jpg?interpolation=lanczos-none&crop=w:w;*,*&crop=h:h;*,*&resize=50:*&output-format=jpg&output-quality=70","https://a2.muscache.com/ac/users/3074414/profile_pic/1408093668/original.jpg?interpolation=lanczos-none&crop=w:w;*,*&crop=h:h;*,*&resize=225:*&output-format=jpg&output-quality=70",Ravenna,34.0,34.0,"['email', 'phone', 'reviews', 'kba']",t,t,"11th Avenue Northeast, Seattle, WA 98105, United States",University District,University District,University District,Seattle,WA,98105,Seattle,"Seattle, WA",US,United States,47.65753035851744,-122.31785317939328,t,Apartment,Entire home/apt,4,1.0,1.0,2.0,Real Bed,"{TV,""Cable TV"",Internet,""Wireless Internet"",Kitchen,Heating,""Suitable for Events"",Washer,Dryer,""Smoke Detector"",""Fire Extinguisher"",Essentials,Shampoo}",,$85.00,$575.00,"$1,795.00",$100.00,$60.00,1,$15.00,1,1125,3 months ago,t,30,60,90,365,2016-01-04,17,2014-06-27,2015-09-18,78.0,9.0,9.0,9.0,9.0,9.0,8.0,f,,WASHINGTON,f,moderate,f,f,34,0.92
7302675,https://www.airbnb.com/rooms/7302675,20160104002432,2016-01-04,Apt In University District w/ View,"We have a spacious studio apartment with an open main room, a walk in closet with a  queen size bed, and a kitchen area. It has a good view of Mt Rainier and most of the city. We prefer guests that do not cook meat at our place since we are vegan.",,"We have a spacious studio apartment with an open main room, a walk in closet with a  queen size bed, and a kitchen area. It has a good view of Mt Rainier and most of the city. We prefer guests that do not cook meat at our place since we are vegan. We do not have a free parking spot for our apartment. However there is paid parking in the lot behind our apt and on the streets surrounding our building. Also, We do not have a microwave. Please bring your own towels and bedding. The bedding sizes are both queen sized beds (one bed is a futon, which is roughly a queen size).",none,,"We do not have a free parking spot for our apartment. However there is paid parking in the lot behind our apt and on the streets surrounding our building. Also, We do not have a microwave. Please bring your own towels and bedding. The bedding sizes are both queen sized beds (one bed is a futon, which is roughly a queen size).",,https://a2.muscache.com/ac/pictures/92657836/c5f389d2_original.jpg?interpolation=lanczos-none&size=small&output-format=jpg&output-quality=70,https://a2.muscache.com/im/pictures/92657836/c5f389d2_original.jpg?aki_policy=medium,https://a2.muscache.com/ac/pictures/92657836/c5f389d2_original.jpg?interpolation=lanczos-none&size=large_cover&output-format=jpg&output-quality=70,https://a2.muscache.com/ac/pictures/92657836/c5f389d2_original.jpg?interpolation=lanczos-none&size=x_large_cover&output-format=jpg&output-quality=70,38251968,https://www.airbnb.com/users/show/38251968,Jonathan,2015-07-12,US,,,,,f,"https://a2.muscache.com/ac/users/38251968/profile_pic/1436720982/original.jpg?interpolation=lanczos-none&crop=w:w;*,*&crop=h:h;*,*&resize=50:*&output-format=jpg&output-quality=70","https://a2.muscache.com/ac/users/38251968/profile_pic/1436720982/original.jpg?interpolation=lanczos-none&crop=w:w;*,*&crop=h:h;*,*&resize=225:*&output-format=jpg&output-quality=70",University District,1.0,1.0,"['email', 'phone']",t,f,"Northeast 43rd Street, Seattle, WA 98105, United States",University District,University District,University District,Seattle,WA,98105,Seattle,"Seattle, WA",US,United States,47.65932930265247,-122.3134564763318,t,Apartment,Entire home/apt,3,1.0,0.0,2.0,Real Bed,"{Internet,""Wireless Internet"",""Wheelchair Accessible"",Kitchen,""Elevator in Building"",Heating,""Family/Kid Friendly"",""Smoke Detector"",""Carbon Monoxide Detector"",""Fire Extinguisher"",Essentials,Shampoo}",,$75.00,$460.00,,$800.00,,2,$0.00,3,14,5 months ago,t,0,0,0,150,2016-01-04,0,,,,,,,,,,f,,WASHINGTON,f,flexible,f,f,1,
6250399,https://www.airbnb.com/rooms/6250399,20160104002432,2016-01-04,Center UW Comfy Wood Floor (216),"It has a rare Walk Score 98 !--Walker's Paradise. the Ave, UW Tower, Hotel Deca just across the street. Very clean . 5-8 min drive to Children Hospital, downtown Seattle,Portage Bay, Lake Union and Eastlake. Easy bus to Amazon or Microsoft.","Large clean furnished studio on the 2nd floor corner is just listed. It comes with  a large  private kitchen and a full bathroom. *Fully equipped kitchen and dining area. * Full bath with towels and mat.  *Furniture include queen bed, sofa, desk and desk chair, lamps, dining table and chairs.  *Quiet, conveniently located in the heart of U District. *New Maytag washers and dryers in the building * Controlled secure access.  * Easy access to I-5. 10 min to get to down town normally; 20+min in rush hour. Many buslines just at next building to take you to anywhere in the City. Interesting! many tenants have asked me if the building is mostly empty for it is so quiet.  On the contrary, it is almost 100% fully occupied.  Due to the good insulation and solid structure, the sound proof is very good.  This lovely brick building, originally a classic hotel and a landmark, is in a great location at the heart of the U District but is very quiet due to good management, located between NE 45th and ","It has a rare Walk Score 98 !--Walker's Paradise. the Ave, UW Tower, Hotel Deca just across the street. Very clean . 5-8 min drive to Children Hospital, downtown Seattle,Portage Bay, Lake Union and Eastlake. Easy bus to Amazon or Microsoft. Large clean furnished studio on the 2nd floor corner is just listed. It comes with  a large  private kitchen and a full bathroom. *Fully equipped kitchen and dining area. * Full bath with towels and mat.  *Furniture include queen bed, sofa, desk and desk chair, lamps, dining table and chairs.  *Quiet, conveniently located in the heart of U District. *New Maytag washers and dryers in the building * Controlled secure access.  * Easy access to I-5. 10 min to get to down town normally; 20+min in rush hour. Many buslines just at next building to take you to anywhere in the City. Interesting! many tenants have asked me if the building is mostly empty for it is so quiet.  On the contrary, it is almost 100% fully occupied.  Due to the good insulation and so",none,"It is located in the bustling and vibrant University district. A rare 100 walk score. It is within five minutes' walking distance to the University of Washington. You will have access to a diverse array of restaurants, shops and activities.","This is on the 2nd floor with no elevator, the law allows building with only 3 floors do without elevator.  The wide stairs with landings make the climbing easy.  The price is cheaper than some others in this same building is because the window face another building across a parking lot or an alley so not much view.  The laundry room is in the  basement to your right.  The trash can and recycling bins are in the back parking lot where you can go to the walk out basement back door to throw away the trash.  The front door key can open the back door too.","The University District Farmers Market is on the Brooklyn Ave NE & NE 50th St, it is Seattle's oldest and largest farmers/food-only neighborhood market.  Founded in 1993, this Saturday market is nationally recognized as one of the best farmers markets in the U.S.  Over sixty Washington State farmers and artisan food producers offer an excellent selection of seasonal produce, cheeses, eggs, meats, poultry, seafood, baked goods, preserves, market bites (ready-to-eat foods) and more throughout the year.",https://a1.muscache.com/ac/pictures/77986246/91edfeec_original.jpg?interpolation=lanczos-none&size=small&output-format=jpg&output-quality=70,https://a1.muscache.com/im/pictures/77986246/91edfeec_original.jpg?aki_policy=medium,https://a1.muscache.com/ac/pictures/77986246/91edfeec_original.jpg?interpolation=lanczos-none&size=large_cover&output-format=jpg&output-quality=70,https://a1.muscache.com/ac/pictures/77986246/91edfeec_original.jpg?interpolation=lanczos-none&size=x_large_cover&output-format=jpg&output-quality=70,3074414,https://www.airbnb.com/users/show/3074414,Melissa,2012-07-27,"Seattle, Washington, United States","Used to be a professor (Ph.D. in Political Economy), then a homeschooling mom and  a religious non profit organization founder, now like to travel, read / review books and manage properties. The best cities I like are Seattle, Florence, Sanya and Taipei.  (Taipei is chosen as the #1 out of 26 Remarkable Places For Solo Travel by BuzzFeed!  (website hidden)) We have  a few nicely furnished studios and one bedrooms condo apt conveniently located near University of Washington in Seattle with your own private kitchen and bathroom.  You will enjoy the convenient locations and quietness of all these buildings. You will also be surprised how quickly we respond to your requests as long as I am in town.  My motto is Providing Quality Places at Fair Prices and my life motto is in Philippians 4:13. ",within a few hours,80%,100%,f,"https://a2.muscache.com/ac/users/3074414/profile_pic/1408093668/original.jpg?interpolation=lanczos-none&crop=w:w;*,*&crop=h:h;*,*&resize=50:*&output-format=jpg&output-quality=70","https://a2.muscache.com/ac/users/3074414/profile_pic/1408093668/original.jpg?interpolation=lanczos-none&crop=w:w;*,*&crop=h:h;*,*&resize=225:*&output-format=jpg&output-quality=70",Ravenna,34.0,34.0,"['email', 'phone', 'reviews', 'kba']",t,t,"Brooklyn Avenue Northeast, Seattle, WA 98105, United States",University District,University District,University District,Seattle,WA,98105,Seattle,"Seattle, WA",US,United States,47.66145427696404,-122.3129248667416,t,Apartment,Entire home/apt,3,1.0,0.0,1.0,Real Bed,"{Internet,""Wireless Internet"",Kitchen,""Buzzer/Wireless Intercom"",Heating,Washer,Dryer,""Smoke Detector"",""Fire Extinguisher"",Essentials,Shampoo}",,$95.00,$680.00,"$1,795.00",$100.00,$60.00,1,$15.00,3,1125,4 months ago,t,30,60,90,179,2016-01-04,1,2015-08-23,2015-08-23,60.0,6.0,6.0,10.0,8.0,4.0,4.0,f,,WASHINGTON,f,strict,f,f,34,0.22
7387294,https://www.airbnb.com/rooms/7387294,20160104002432,2016-01-04,Spacious Room in the U District,"Comfortable upstairs room, queen-sized bed  (firm) in quiet vintage 1917 home in vibrant University District, windows facing west and north.  Easy access to downtown.","This is a comfortable, homey bedroom that affords you a place to sleep at night while visiting Seattle.  Bathroom is shared with one other guest room.  Residential street in vibrant urban neighborhood.","Comfortable upstairs room, queen-sized bed  (firm) in quiet vintage 1917 home in vibrant University District, windows facing west and north.  Easy access to downtown. This is a comfortable, homey bedroom that affords you a place to sleep at night while visiting Seattle.  Bathroom is shared with one other guest room.  Residential street in vibrant urban neighborhood. Shared guest bathroom between the two guest rooms. Myriad of local coffee shops and inexpensive eateries; no guest kitchen access at the house. Family is on-site and/or available by phone/text, if and when you need assistance; otherwise we stay in the background, leaving you to your privacy so you can enjoy your visit. Restaurants, coffee shops and nightlife within walking distance on University Way NE.  Whole Foods, Trader Joe's and Safeway 3-6 blocks. We have a diverse range of urban residents in this neighborhood -  students, professionals (Amazon, health care, University of Washington), eclectic creative artists, and ed",none,"Restaurants, coffee shops and nightlife within walking distance on University Way NE.  Whole Foods, Trader Joe's and Safeway 3-6 blocks. We have a diverse range of urban residents in this neighborhood -  students, professionals (Amazon, health care, University of Washington), eclectic creative artists, and educators.",Very walkable neighborhood. Recommend public transportation.  Street parking available although challenging at peak times.,Buses available; 20 minutes to downtown Seattle.  Walking distance to University of Washington campus (20-30 minutes depending on your destination).  Street parking is mostly 2-hour parking (free).  Unlimited parking in on 11th Ave NE on the EAST side of the street north of 50th.,https://a1.muscache.com/ac/pictures/93719987/e134d740_original.jpg?interpolation=lanczos-none&size=small&output-format=jpg&output-quality=70,https://a1.muscache.com/im/pictures/93719987/e134d740_original.jpg?aki_policy=medium,https://a1.muscache.com/ac/pictures/93719987/e134d740_original.jpg?interpolation=lanczos-none&size=large_cover&output-format=jpg&output-quality=70,https://a1.muscache.com/ac/pictures/93719987/e134d740_original.jpg?interpolation=lanczos-none&size=x_large_cover&output-format=jpg&output-quality=70,28715163,https://www.airbnb.com/users/show/28715163,Julie,2015-03-03,"Seattle, Washington, United States","I love traveling, especially international, and we enjoy opening our home to other travelers.  When traveling and when hosting, my husband (Narayan) and I appreciate privacy and independence.  We are comfortable almost anywhere and with most people.  As guests, we prefer to be independent, have a good mattress and quiet house/central location, with good access to highways and/or public transportation.  We are both very active former educators (Narayan in elementary school, me in college).  We believe in and value education and learning.",within an hour,100%,100%,f,"https://a1.muscache.com/ac/users/28715163/profile_pic/1436823847/original.jpg?interpolation=lanczos-none&crop=w:w;*,*&crop=h:h;*,*&resize=50:*&output-format=jpg&output-quality=70","https://a1.muscache.com/ac/users/28715163/profile_pic/1436823847/original.jpg?interpolation=lanczos-none&crop=w:w;*,*&crop=h:h;*,*&resize=225:*&output-format=jpg&output-quality=70",University District,2.0,2.0,"['email', 'phone', 'facebook', 'google', 'linkedin', 'reviews', 'kba']",t,t,"11th Avenue Northeast, Seattle, WA 98105, United States",University District,University District,University District,Seattle,WA,98105,Seattle,"Seattle, WA",US,United States,47.66749233376807,-122.31528244887832,t,House,Private room,2,1.0,1.0,1.0,Real Bed,"{""Wireless Internet"",Heating,""Family/Kid Friendly"",""Smoke Detector"",""First Aid Kit"",Essentials,Shampoo}",,$75.00,$455.00,"$1,950.00",,,1,$0.00,2,1125,3 days ago,t,16,43,45,320,2016-01-04,12,2015-08-08,2015-11-23,92.0,9.0,10.0,10.0,9.0,9.0,9.0,f,,WASHINGTON,f,moderate,f,f,2,2.4
7363462,https://www.airbnb.com/rooms/7363462,20160104002432,2016-01-04,The Pink Room w/Breakfast,"This room is cozy, clean, peaceful and comfortable only a few blocks away from the University, 10 minutes on the bus to Downtown. Some of the best coffee shops, movie theaters, bookshops and ethnic restaurants are in the University District.","Your room is downstairs through the dinning room, 1st door on the right of the bathroom. The Bathroom light is on the wall to the right, outside the door. It is furnished with a twin bed, small fan and closet space with hangers.  There are 2 rooms plus daily use that share the downstairs bathroom. Please keep that in mind. Please also turn on small fan during and or after shower to cut down moisture buildup.","This room is cozy, clean, peaceful and comfortable only a few blocks away from the University, 10 minutes on the bus to Downtown. Some of the best coffee shops, movie theaters, bookshops and ethnic restaurants are in the University District. Your room is downstairs through the dinning room, 1st door on the right of the bathroom. The Bathroom light is on the wall to the right, outside the door. It is furnished with a twin bed, small fan and closet space with hangers.  There are 2 rooms plus daily use that share the downstairs bathroom. Please keep that in mind. Please also turn on small fan during and or after shower to cut down moisture buildup. Guests have access to kitchen, living and dining rooms, laundry, bathrooms, etc. Basically the entire home.  Please refrain from buying and storing multiple days groceries. There is just not enough fridge space to accommodate all house guests private food plus communal breakfast. Depending on my schedule I would love to meet the guests and help",none,The University district neighborhood is amazing. Alive with different types of people throughout the year.  A multitude of restaurants and shops plus amazing proximity to downtown Seattle and other popular local neighborhoods.  Super easy public transportation in and out of the area makes the UD a prime location.,Ethan is the on site host at the house near UW. He works closely with Dario on a daily basis to ensure the most comfortable stay for our guests. Any questions can be directed towards both Ethan or Dario.,"There are a multitude of ways to travel to our location; easiet; drive, UBER or taxi  (parking is on the street) * FROM AIRPORT* - rental car or taxi (no uber) - light rail to downtow(URL HIDDEN)(convention center stop within tunnel) - transf(phone number hidden) (depending on day & time) - depart bus within just a few blocks of our location no which bus you take. All busses to downtown take only 10-15min depending on traffic. The trip by car from the airport can take 30-60min depending on traffic if you drive. The light rail takes about 30min to reach downtown from the airport.",https://a1.muscache.com/ac/pictures/98200698/8d5fbab6_original.jpg?interpolation=lanczos-none&size=small&output-format=jpg&output-quality=70,https://a1.muscache.com/im/pictures/98200698/8d5fbab6_original.jpg?aki_policy=medium,https://a1.muscache.com/ac/pictures/98200698/8d5fbab6_original.jpg?interpolation=lanczos-none&size=large_cover&output-format=jpg&output-quality=70,https://a1.muscache.com/ac/pictures/98200698/8d5fbab6_original.jpg?interpolation=lanczos-none&size=x_large_cover&output-format=jpg&output-quality=70,26967583,https://www.airbnb.com/users/show/26967583,Dario,2015-01-30,"Seattle, Washington, United States","Welcome, my name is Dario.

I was born in Sicily and I moved to Seattle eight years ago. I am an Italian teacher and the director of Boys Tribe Project, an after school program to help boys develop emotional intelligence, learn how to play rough without hurting each other, and be creative with imaginative play and storytelling.

I love to cook Italian homemade food, traveling, personal growth, psychology, jazz and blues, foreign movies, interior design, modern dance, storytelling, art, and culture in general. I love hosting people, I used to host couch surfers and I also was traveling for a few years. The thing I like the most is to hear and to share stories from people all over the world.",within an hour,98%,100%,f,"https://a2.muscache.com/ac/users/26967583/profile_pic/1427823555/original.jpg?interpolation=lanczos-none&crop=w:w;*,*&crop=h:h;*,*&resize=50:*&output-format=jpg&output-quality=70","https://a2.muscache.com/ac/users/26967583/profile_pic/1427823555/original.jpg?interpolation=lanczos-none&crop=w:w;*,*&crop=h:h;*,*&resize=225:*&output-format=jpg&output-quality=70",University District,21.0,21.0,"['email', 'phone', 'facebook', 'reviews']",t,f,"11th Avenue Northeast, Seattle, WA 98105, United States",University District,University District,University District,Seattle,WA,98105,Seattle,"Seattle, WA",US,United States,47.666677244725776,-122.31634372180196,t,House,Private room,1,1.0,1.0,1.0,Real Bed,"{Internet,""Wireless Internet"",Kitchen,Breakfast,Heating,""Family/Kid Friendly"",Washer,Dryer,""Smoke Detector"",""Carbon Monoxide Detector"",""Fire Extinguisher"",Essentials,Shampoo}",,$45.00,,,$500.00,$10.00,1,$15.00,1,1125,3 days ago,t,29,59,88,88,2016-01-04,28,2015-07-21,2015-12-25,89.0,9.0,9.0,9.0,9.0,9.0,9.0,f,,WASHINGTON,t,strict,f,f,21,5.0
6796336,https://www.airbnb.com/rooms/6796336,20160104002432,2016-01-04,A duplex near U district!,This is a great place to live for summer because you get a lot of sunlight at the living room. A huge living room space with comfy couch and one ceiling window and glass windows around the living room.,,This is a great place to live for summer because you get a lot of sunlight at the living room. A huge living room space with comfy couch and one ceiling window and glass windows around the living room.,none,,,,https://a2.muscache.com/ac/pictures/85865142/2bbc9394_original.jpg?interpolation=lanczos-none&size=small&output-format=jpg&output-quality=70,https://a2.muscache.com/im/pictures/85865142/2bbc9394_original.jpg?aki_policy=medium,https://a2.muscache.com/ac/pictures/85865142/2bbc9394_original.jpg?interpolation=lanczos-none&size=large_cover&output-format=jpg&output-quality=70,https://a2.muscache.com/ac/pictures/85865142/2bbc9394_original.jpg?interpolation=lanczos-none&size=x_large_cover&output-format=jpg&output-quality=70,35574532,https://www.airbnb.com/users/show/35574532,Minako Xin Wei,2015-06-11,"Seattle, Washington, United States",,,,,f,"https://a0.muscache.com/ac/users/35574532/profile_pic/1434056580/original.jpg?interpolation=lanczos-none&crop=w:w;*,*&crop=h:h;*,*&resize=50:*&output-format=jpg&output-quality=70","https://a0.muscache.com/ac/users/35574532/profile_pic/1434056580/original.jpg?interpolation=lanczos-none&crop=w:w;*,*&crop=h:h;*,*&resize=225:*&output-format=jpg&output-quality=70",University District,1.0,1.0,"['phone', 'facebook', 'reviews']",t,f,"9th Avenue Northeast, Seattle, WA 98105, United States",University District,University District,University District,Seattle,WA,98105,Seattle,"Seattle, WA",US,United States,47.66622474460777,-122.31760932552228,t,House,Private room,1,1.5,1.0,1.0,Real Bed,"{Internet,""Wireless Internet"",Kitchen,""Hot Tub"",Heating,Washer,Dryer,""Smoke Detector"",Essentials}",,$30.00,$150.00,,,,1,$0.00,1,1125,5 months ago,t,0,0,0,180,2016-01-04,1,2015-08-29,2015-08-29,80.0,,,,,,,f,,WASHINGTON,f,flexible,f,f,1,0.23
8156894,https://www.airbnb.com/rooms/8156894,20160104002432,2016-01-04,UW Hacker House - 2nd flr 4p 2L,"Built, run and supported by Seattle tech and start up veterans, GrokHome's focus is to create a supportive environment for smart people working on interesting projects, start ups and more. This listing is a lower bunk, in a 4-person shared room.","*This listing is only available to those working in the tech/science space.* Live in a hacker house, and immerse yourself in the Seattle tech scene.  Connecting people through new ideas and technology is a huge part of what we do. You can expect demos and talks from people doing incredible work. We love when our guests want to show off something they are working on or are passionate about.  Our residents attend myriad events in technology around the city, and it is likely you will expand your network during your stay. From researchers at the University of Washington, to indie game developers, to interns at (SENSITIVE CONTENTS HIDDEN), we are proud to host a diverse group of hackers, makers and entrepreneurs. Just inquire to apply.","Built, run and supported by Seattle tech and start up veterans, GrokHome's focus is to create a supportive environment for smart people working on interesting projects, start ups and more. This listing is a lower bunk, in a 4-person shared room. *This listing is only available to those working in the tech/science space.* Live in a hacker house, and immerse yourself in the Seattle tech scene.  Connecting people through new ideas and technology is a huge part of what we do. You can expect demos and talks from people doing incredible work. We love when our guests want to show off something they are working on or are passionate about.  Our residents attend myriad events in technology around the city, and it is likely you will expand your network during your stay. From researchers at the University of Washington, to indie game developers, to interns at (SENSITIVE CONTENTS HIDDEN), we are proud to host a diverse group of hackers, makers and entrepreneurs. Just inquire to apply. We offer cowo",none,,,,https://a0.muscache.com/ac/pictures/103897353/b173c78d_original.jpg?interpolation=lanczos-none&size=small&output-format=jpg&output-quality=70,https://a0.muscache.com/im/pictures/103897353/b173c78d_original.jpg?aki_policy=medium,https://a0.muscache.com/ac/pictures/103897353/b173c78d_original.jpg?interpolation=lanczos-none&size=large_cover&output-format=jpg&output-quality=70,https://a0.muscache.com/ac/pictures/103897353/b173c78d_original.jpg?interpolation=lanczos-none&size=x_large_cover&output-format=jpg&output-quality=70,1243056,https://www.airbnb.com/users/show/1243056,Andrew,2011-10-03,"Seattle, Washington, United States","I develop technology businesses, including CityAuction, a  local-oriented online auction I started in 1997, and Pure Watercraft, a high-performance electric boating company I started in 2011. I've also been an angel investor since 2000.

As a TechStars mentor, I've seen the difficulty that teams have when they seek short-term housing while in Seattle. I've also seen the incredibly creative atmosphere that has been created in the hacker houses of other areas, such as Chez JJ in the SF Bay Area. My goal is to cultivate an even more vibrant, fun, and creative tech community here in Seattle.",within an hour,90%,100%,f,"https://a0.muscache.com/ac/users/1243056/profile_pic/1334570930/original.jpg?interpolation=lanczos-none&crop=w:w;*,*&crop=h:h;*,*&resize=50:*&output-format=jpg&output-quality=70","https://a0.muscache.com/ac/users/1243056/profile_pic/1334570930/original.jpg?interpolation=lanczos-none&crop=w:w;*,*&crop=h:h;*,*&resize=225:*&output-format=jpg&output-quality=70",Capitol Hill,37.0,37.0,"['email', 'phone', 'facebook', 'linkedin', 'reviews', 'jumio']",t,t,"Northeast 42nd Street, Seattle, WA 98105, United States",University District,University District,University District,Seattle,WA,98105,Seattle,"Seattle, WA",US,United States,47.6586576469736,-122.31896668433812,t,House,Shared room,1,1.0,1.0,1.0,Real Bed,"{Internet,""Wireless Internet"",Kitchen,Heating,""Suitable for Events"",Washer,Dryer,""Smoke Detector"",""Carbon Monoxide Detector"",""First Aid Kit"",""Fire Extinguisher"",Essentials}",,$42.00,$259.00,$813.00,$350.00,$35.00,1,$0.00,4,1125,3 months ago,t,30,60,90,365,2016-01-04,0,,,,,,,,,,f,,WASHINGTON,f,strict,f,f,37,
1150519,https://www.airbnb.com/rooms/1150519,20160104002432,2016-01-04,Classic Craftsman - 95 Walk Score!,"Lovingly updated 1909 Craftsman half a block from Cowan Park in the friendly Ravenna neighborhood. Two bedrooms with queen beds, and a third bedroom with twin bed and crib. Gourmet kitchen opens onto a private back garden. Porch swing on front porch.","Our home has been described by guests as ""beautiful, inviting and inspiring.""   All three bedrooms are on the second floor.","Lovingly updated 1909 Craftsman half a block from Cowan Park in the friendly Ravenna neighborhood. Two bedrooms with queen beds, and a third bedroom with twin bed and crib. Gourmet kitchen opens onto a private back garden. Porch swing on front porch. Our home has been described by guests as ""beautiful, inviting and inspiring.""   All three bedrooms are on the second floor. The entire house is yours. We love to meet our guests the day of arrival if it works out, as it is always nice to connect in person and befriend our guests.  We are always available before and during your stay for any questions or help with neighborhood recommendations.   Our favorite places to walk in the neighborhood: 1.Cowen Playground and Ravenna Park trails – ½ block 2.Greenlake is a 10 minute walk away – 3 mile trail around the lake 3.Burke-Gilman Trail System 4.Herkimer Coffee on Brooklyn and Ravenna 5.3rd Place Books and Vio's Café on 65th at 20th (great for brunch and happy hour in the pub downstairs!) 6.Univ",none,Our favorite places to walk in the neighborhood: 1.Cowen Playground and Ravenna Park trails – ½ block 2.Greenlake is a 10 minute walk away – 3 mile trail around the lake 3.Burke-Gilman Trail System 4.Herkimer Coffee on Brooklyn and Ravenna 5.3rd Place Books and Vio's Café on 65th at 20th (great for brunch and happy hour in the pub downstairs!) 6.University Village Mall – you can walk through Ravenna Park to shop in this upscale outdoor mall 7.Saturday Farmer's Market on Brooklyn and 50th from 9 am – 3 pm 8.Whole Foods on 65th and Roosevelt 9.Trader Joe's on Roosevelt and 45th,,"Location  • The house is conveniently located a few blocks off the I-5. • One block to a bus stop with express service downtown.  • Four blocks to a Whole Foods grocery store.  • Two blocks to a gym, salons, coffee shops, restaurants, bank and various yoga studios, all with drop-in rates.  • 15-minute walk (or 5-minute bus ride) to University of Washington, U-Village or Greenlake.",https://a0.muscache.com/ac/pictures/77318599/3ba3002f_original.jpg?interpolation=lanczos-none&size=small&output-format=jpg&output-quality=70,https://a0.muscache.com/im/pictures/77318599/3ba3002f_original.jpg?aki_policy=medium,https://a0.muscache.com/ac/pictures/77318599/3ba3002f_original.jpg?interpolation=lanczos-none&size=large_cover&output-format=jpg&output-quality=70,https://a0.muscache.com/ac/pictures/77318599/3ba3002f_original.jpg?interpolation=lanczos-none&size=x_large_cover&output-format=jpg&output-quality=70,6305984,https://www.airbnb.com/users/show/6305984,Sarah,2013-05-09,"Seattle, Washington, United States","My husband Christian is a CTO-at-large for a financial software company. We love Seattle, but because his work is mobile, we are often on the go.

I am enjoying ""staying at home"" with our son Xavier, but my field is in the travel industry so we consider the world our home.  I have been a travel guide in Antarctica, the Arctic and Alaska.  Christian and I have lived in Turkey, Korea, England, Canada and around the US at different points and we love to explore new regions as well as revisiting favorite locales.

I was a Rotary Exchange student in high school, as were my three siblings, and we love our international extended family.  We have enjoyed so much hospitality over the years that we look forward to extending hospitality to you in our home.

We love to read, cook, entertain and keep up on culture as much as we can.  We snow shoe and ski in the winter, hike and bike in the summers.  

You can also visit my (email hidden) about creating, collecting and celebrating life stories.  We hope you make wonderful memories during your stay in Seattle!  

",within a few hours,100%,100%,f,"https://a2.muscache.com/ac/users/6305984/profile_pic/1377490068/original.jpg?interpolation=lanczos-none&crop=w:w;*,*&crop=h:h;*,*&resize=50:*&output-format=jpg&output-quality=70","https://a2.muscache.com/ac/users/6305984/profile_pic/1377490068/original.jpg?interpolation=lanczos-none&crop=w:w;*,*&crop=h:h;*,*&resize=225:*&output-format=jpg&output-quality=70",Roosevelt,1.0,1.0,"['email', 'phone', 'facebook', 'reviews']",t,f,"Northeast 61st Street, Seattle, WA 98115, United States",Roosevelt,University District,University District,Seattle,WA,98115,Seattle,"Seattle, WA",US,United States,47.67136970024968,-122.3157986876817,t,House,Entire home/apt,7,1.5,3.0,5.0,Real Bed,"{TV,Internet,""Wireless Internet"",Kitchen,""Free Parking on Premises"",""Indoor Fireplace"",Heating,""Family/Kid Friendly"",Washer,Dryer,""Smoke Detector"",""First Aid Kit"",Essentials}",,$250.00,"$1,500.00","$5,000.00",$500.00,$150.00,4,$25.00,2,1125,today,t,20,33,63,338,2016-01-04,10,2013-07-07,2015-12-01,98.0,10.0,10.0,10.0,10.0,10.0,10.0,f,,WASHINGTON,f,strict,f,f,1,0.33
5969872,https://www.airbnb.com/rooms/5969872,20160104002432,2016-01-04,U-District/Ravenna Townhouse Room,This is a small room (Futon bed) with little extra space. It's mostly just to sleep in with private entrance available.  Close to everything. Clean and has 4 inch memory foam topper. There is access to the common living space.,"Shared living room, Kitchen, and Bathroom (although the bathroom is really only for visitors and guests so it's mostly just yours) There are two housemates living here currently on the top floor. We're usually not around a lot but if we're here we'll help however we can.","This is a small room (Futon bed) with little extra space. It's mostly just to sleep in with private entrance available.  Close to everything. Clean and has 4 inch memory foam topper. There is access to the common living space. Shared living room, Kitchen, and Bathroom (although the bathroom is really only for visitors and guests so it's mostly just yours) There are two housemates living here currently on the top floor. We're usually not around a lot but if we're here we'll help however we can. WiFi Shared Kitchen and Living room. Some space in the Garage. Both people living in the house travel a lot. So if we're around we'll totally hang out otherwise you might be on your own. North side of U-District so close to all the activities and the parks in Ravenna and Greenlake. Bus stop for the 66 right literally across the street :) and an enterprise if you need to rent a car. I've I stated on the listing this is more for self sufficient guests that need a place to stay.  We are often not at",none,North side of U-District so close to all the activities and the parks in Ravenna and Greenlake.,I've I stated on the listing this is more for self sufficient guests that need a place to stay.  We are often not at the house so you may be checking-in/out on your own. :)  But we'll help however we can :),Bus stop for the 66 right literally across the street :) and an enterprise if you need to rent a car.,https://a1.muscache.com/ac/pictures/77434710/1a248f48_original.jpg?interpolation=lanczos-none&size=small&output-format=jpg&output-quality=70,https://a1.muscache.com/im/pictures/77434710/1a248f48_original.jpg?aki_policy=medium,https://a1.muscache.com/ac/pictures/77434710/1a248f48_original.jpg?interpolation=lanczos-none&size=large_cover&output-format=jpg&output-quality=70,https://a1.muscache.com/ac/pictures/77434710/1a248f48_original.jpg?interpolation=lanczos-none&size=x_large_cover&output-format=jpg&output-quality=70,4901731,https://www.airbnb.com/users/show/4901731,Joachim,2013-01-30,"Seattle, Washington, United States","I've been traveling everywhere from Bangalore to Rio for work or just for fun.  I tend to be very relaxed and easy going.  I'm currently working for a Startup doing product and software consulting.  I love experiencing life.

I'm from France originally, have lived all over the states and now call Seattle home.


During my travels I've stayed in places ranging from fancy hotels to hole in the wall hostels, to friends couches, to on the beach in south of France. I've love everyone of those experiences and try to be as courteous as possible.

",within a day,100%,100%,f,"https://a2.muscache.com/ac/users/4901731/profile_pic/1412463173/original.jpg?interpolation=lanczos-none&crop=w:w;*,*&crop=h:h;*,*&resize=50:*&output-format=jpg&output-quality=70","https://a2.muscache.com/ac/users/4901731/profile_pic/1412463173/original.jpg?interpolation=lanczos-none&crop=w:w;*,*&crop=h:h;*,*&resize=225:*&output-format=jpg&output-quality=70",University District,1.0,1.0,"['email', 'phone', 'facebook', 'google', 'linkedin', 'reviews', 'jumio']",t,t,"Roosevelt Way Northeast, Seattle, WA 98105, United States",University District,University District,University District,Seattle,WA,98105,Seattle,"Seattle, WA",US,United States,47.67140572894384,-122.31678474108467,t,House,Private room,1,1.0,1.0,1.0,Airbed,"{Internet,""Wireless Internet"",Kitchen,""Indoor Fireplace"",Heating,Washer,Dryer,""Smoke Detector"",""Carbon Monoxide Detector"",Essentials,Shampoo}",,$43.00,$262.00,$924.00,,$20.00,1,$5.00,1,1125,a week ago,t,1,31,61,336,2016-01-04,11,2015-07-17,2015-12-23,91.0,8.0,10.0,9.0,9.0,10.0,9.0,f,,WASHINGTON,f,flexible,f,f,1,1.92
9617068,https://www.airbnb.com/rooms/9617068,20160104002432,2016-01-04,Modern apt with vintage flair,"mid century modern apartment. Located perfectly between university and Wallingford neighborhoods. Spacious and new appliances. Full kitchen, W/D and roof top view of city. Vintage record player & typewriter. Multiple bus stops out front and quick ride to all neighborhoods. Can walk to bars and Neptune theater in 5 mins.",One bedroom apartment with roof top view. Queen size air mattress for additional guests.,"mid century modern apartment. Located perfectly between university and Wallingford neighborhoods. Spacious and new appliances. Full kitchen, W/D and roof top view of city. Vintage record player & typewriter. Multiple bus stops out front and quick ride to all neighborhoods. Can walk to bars and Neptune theater in 5 mins. One bedroom apartment with roof top view. Queen size air mattress for additional guests. Whatever  I can do to make your stay lovely, I'm here to help from restaurant recommendations to things to do in the city. Multiple buses out front door to all neighborhoods",none,,,Multiple buses out front door to all neighborhoods,https://a2.muscache.com/ac/pictures/b3cc74c1-67ad-4cc8-88e8-1e65c95085eb.jpg?interpolation=lanczos-none&size=small&output-format=jpg&output-quality=70,https://a2.muscache.com/im/pictures/b3cc74c1-67ad-4cc8-88e8-1e65c95085eb.jpg?aki_policy=medium,https://a2.muscache.com/ac/pictures/b3cc74c1-67ad-4cc8-88e8-1e65c95085eb.jpg?interpolation=lanczos-none&size=large_cover&output-format=jpg&output-quality=70,https://a2.muscache.com/ac/pictures/b3cc74c1-67ad-4cc8-88e8-1e65c95085eb.jpg?interpolation=lanczos-none&size=x_large_cover&output-format=jpg&output-quality=70,13267774,https://www.airbnb.com/users/show/13267774,Jessica,2014-03-18,"Seattle, Washington, United States",A Seattle girl who likes to get away as much as possible and share her home while she is gone. ,a few days or more,38%,100%,f,"https://a2.muscache.com/ac/users/13267774/profile_pic/1395167694/original.jpg?interpolation=lanczos-none&crop=w:w;*,*&crop=h:h;*,*&resize=50:*&output-format=jpg&output-quality=70","https://a2.muscache.com/ac/users/13267774/profile_pic/1395167694/original.jpg?interpolation=lanczos-none&crop=w:w;*,*&crop=h:h;*,*&resize=225:*&output-format=jpg&output-quality=70",,1.0,1.0,"['email', 'phone', 'facebook', 'reviews', 'jumio']",t,t,"8th Avenue Northeast, Seattle, WA 98105, United States",,University District,University District,Seattle,WA,98105,Seattle,"Seattle, WA",US,United States,47.66311746594501,-122.31881338569708,f,Apartment,Entire home/apt,4,1.0,1.0,1.0,Real Bed,"{TV,Internet,""Wireless Internet"",Kitchen,""Elevator in Building"",Heating,Washer,Dryer,""Smoke Detector"",""Carbon Monoxide Detector"",""First Aid Kit"",""Fire Extinguisher"",Essentials}",,$125.00,,,,,1,$0.00,1,1125,never,t,30,60,90,365,2016-01-04,1,2015-12-20,2015-12-20,100.0,10.0,10.0,10.0,10.0,10.0,10.0,f,,WASHINGTON,f,flexible,f,f,1,1.0
4438188,https://www.airbnb.com/rooms/4438188,20160104002432,2016-01-04,Great Location Near the University,"This clean, comfortable, and sophisticated retreat, centrally located near the UW, has a 94/100 walk score (96 bike) & quick access to the freeway, downtown & east side. Quiet, w/ kitchen, secluded garden, and great bed, it's a perfect home base for visitors or tourists.","A lovely and sophisticated 1 BR apartment  in the lower part of our University District/ Ravenna Area Craftsman style home, surrounded by a green and lush garden. It is in an ideal neighborhood, with easy access to a lively community, but it's off the street so it is sheltered and generally very quiet. The apartment is in a bright, daylight basement, features a private entrance, carpets and hardwood floors, a fully-equipped kitchen with plenty of cookware, dishes, glassware, and utensils. There's a nice, quiet bedroom with a quality queen-size bed and good linens, closet, robes, antique armoire, & dresser.","This clean, comfortable, and sophisticated retreat, centrally located near the UW, has a 94/100 walk score (96 bike) & quick access to the freeway, downtown & east side. Quiet, w/ kitchen, secluded garden, and great bed, it's a perfect home base for visitors or tourists. A lovely and sophisticated 1 BR apartment  in the lower part of our University District/ Ravenna Area Craftsman style home, surrounded by a green and lush garden. It is in an ideal neighborhood, with easy access to a lively community, but it's off the street so it is sheltered and generally very quiet. The apartment is in a bright, daylight basement, features a private entrance, carpets and hardwood floors, a fully-equipped kitchen with plenty of cookware, dishes, glassware, and utensils. There's a nice, quiet bedroom with a quality queen-size bed and good linens, closet, robes, antique armoire, & dresser. Guests are welcome to enjoy the back yard and garden patio, barbecue, and deck. For guests staying over a week the",none,"Great Location! The University District in Seattle is one of the most interesting, diverse and popular neighborhoods in Seattle, with a walkability score of 94/100 and a  95/100 bike score.   The apartment is in a residential neighborhood, close to everything. You will love the proximity and walking distance to a wide selection of  • Groceries,  • Restaurants, • Coffee shops,  • Retail stores,  • Gyms, yoga, workout places • Outdoor recreation • Bookstores, • Pharmacy • Entertainment and • Churches  in the neighborhood, including several  • Movie Theaters within easy walking distance.   • The University Farmer's market, open every Saturday year-round, has been rated the top farmer's market in the country.   • All kinds of shopping are easily accessible, including University Village, one of the premier upscale shopping areas on the west coast.  • Bicycle and walking trails,  • Tennis courts,  • Swimming pool • Green Lake Park,  • Several parks, and the  • University of Washington campus","This is a perfect retreat for one or two people.  *Each guest must be registered in advance, with full name and contact  numbers. When requesting your reservation, please be very clear about who will be staying.  The sofa is also a *pull-out sleeper* that can accommodate the second person if needed. Also, *PLEASE NOTE* that there is a low ceiling beam so if you are much taller than 6' (1.8m), this may not be a good fit for you. A portable crib and feeding chair can be available upon request.","It's easy to get around in the University District. We are close to everything, and just a short hop to the I-5 freeway that will get you on your way downtown, to the east side (Bellevue, Redmond) or anywhere! A neighborhood pass for one car is available to allow long-term parking on the street.  Seattle has a first-rate transportation system, and the University District is a hub of transportation access. In addition to walking destinations, there are several bus stops close to home, one only a block away that serves all of the Seattle Area, with a direct express downtown.  Zip cars and cars-to-go are visible everywhere, as are our brand new rent-a-bikes that allow individuals to check out bicycles for short trips. It's also been easy for guests to book Uber, Lift, and airport shuttles. If you don't have a car, or if you don't want to drive, the Metro online system will show you which buses to catch to get to your destination and back. Guests also often use Uber or Lift. If you'd like ",https://a2.muscache.com/ac/pictures/94127939/74387dec_original.jpg?interpolation=lanczos-none&size=small&output-format=jpg&output-quality=70,https://a2.muscache.com/im/pictures/94127939/74387dec_original.jpg?aki_policy=medium,https://a2.muscache.com/ac/pictures/94127939/74387dec_original.jpg?interpolation=lanczos-none&size=large_cover&output-format=jpg&output-quality=70,https://a2.muscache.com/ac/pictures/94127939/74387dec_original.jpg?interpolation=lanczos-none&size=x_large_cover&output-format=jpg&output-quality=70,2277537,https://www.airbnb.com/users/show/2277537,Sally,2012-05-02,"Seattle, Washington, United States","We love walking and exploring, enjoying nature and following history. When traveling, we really appreciate beauty, attention to detail, and enjoy cozy out of the way places, unique finds, and special romantic accommodations.  We are quiet, clean and respectful, yet friendly and curious about the world around us. We have a lot of experience hosting and visiting others around the world, so have just recently signed up to host with Airbnb. When you stay with us, we hope you'll be as comfortable and happy here as we have been in our travels. ",within an hour,100%,100%,t,"https://a2.muscache.com/ac/users/2277537/profile_pic/1400018345/original.jpg?interpolation=lanczos-none&crop=w:w;*,*&crop=h:h;*,*&resize=50:*&output-format=jpg&output-quality=70","https://a2.muscache.com/ac/users/2277537/profile_pic/1400018345/original.jpg?interpolation=lanczos-none&crop=w:w;*,*&crop=h:h;*,*&resize=225:*&output-format=jpg&output-quality=70",University District,1.0,1.0,"['email', 'phone', 'reviews', 'kba']",t,t,"9th Avenue Northeast, Seattle, WA 98105, United States",University District,University District,University District,Seattle,WA,98105,Seattle,"Seattle, WA",US,United States,47.66818255139419,-122.31737174737631,t,Apartment,Entire home/apt,3,1.0,1.0,1.0,Real Bed,"{TV,""Cable TV"",Internet,""Wireless Internet"",Kitchen,""Free Parking on Premises"",Heating,""Family/Kid Friendly"",Washer,Dryer,""Smoke Detector"",""Carbon Monoxide Detector"",""First Aid Kit"",""Safety Card"",""Fire Extinguisher"",Essentials,Shampoo}",,$112.00,$755.00,"$2,551.00",$500.00,$75.00,2,$20.00,2,1125,3 weeks ago,t,8,36,36,118,2016-01-04,40,2014-11-23,2015-11-20,99.0,10.0,10.0,10.0,10.0,10.0,10.0,f,,WASHINGTON,f,strict,f,f,1,2.94
1521633,https://www.airbnb.com/rooms/1521633,20160104002432,2016-01-04,"3 Min walk to UW, Large Quiet (51)","100 rare walk score!  Top floor. Clean and quiet. Supermarkets, Movie Theater, and a variety of diverse restaurants are a only five-minute walk away. ","A furnished one bedroom apartments on a top floor corner in a quiet building with only a 3-5 minute walk away from the University of Washington. It is located near 42nd St NE and 11 Ave. University Way is just two blocks over. Trader Joes, Safeway, Movie Theater, and a variety of diverse restaurants are a five minute walk away. Easy access to I-5. 10 min to get to down town normally; 20+min in rush hour.    $8 per day parking in our own lot if there is a available space. * A full private bathroom and a fully equipped kitchen with a full-size fridge and a range.  *Furniture includes a sofa,  new queen bed and bed sheets. comforter and duvet, pillow and pillow case, night stand and lamp, dining table with 4 leather chairs, towels and soap are provided,  *Free WiFI internet access. *coin-operated washing machines and dryers are on site.  * 99.9% airbnb hosts charge cleaning fee and require a deposit. This is a standard practice. The cleaning fee is $60 for this unit, which include 1 hour ","100 rare walk score!  Top floor. Clean and quiet. Supermarkets, Movie Theater, and a variety of diverse restaurants are a only five-minute walk away.  A furnished one bedroom apartments on a top floor corner in a quiet building with only a 3-5 minute walk away from the University of Washington. It is located near 42nd St NE and 11 Ave. University Way is just two blocks over. Trader Joes, Safeway, Movie Theater, and a variety of diverse restaurants are a five minute walk away. Easy access to I-5. 10 min to get to down town normally; 20+min in rush hour.    $8 per day parking in our own lot if there is a available space. * A full private bathroom and a fully equipped kitchen with a full-size fridge and a range.  *Furniture includes a sofa,  new queen bed and bed sheets. comforter and duvet, pillow and pillow case, night stand and lamp, dining table with 4 leather chairs, towels and soap are provided,  *Free WiFI internet access. *coin-operated washing machines and dryers are on site.  * ",none,"It is located in the bustling and vibrant University district. A rare 100 walk score. It is within five minutes' walking distance to the University of Washington. You will have access to a diverse array of restaurants, shops and activities.","It is on the 3rd floor corner unit, there is no elevator, it is shared wifi with a few neighboring units. Please refer to the house manual located in your itinerary for the check in and out procedures as well as additional important information.  Parking in our lot is $8-12 per day, if you're interested in a monthly pass that is cheaper per day, please contact me.","Right at the corner of  11th ave and 40th st or the corner of Brooklyn Ave and 45th st,   many bus lines are just a few steps away and can take you anywhere in Seattle. There are 130 restaurants within a 15 minute walk including BBQ Chicken, Mongolian Grill, Thai Food, Japanese Noodle, Greek Gyro and Bubble tea house, etc. ",https://a2.muscache.com/ac/pictures/90404814/dd94a930_original.jpg?interpolation=lanczos-none&size=small&output-format=jpg&output-quality=70,https://a2.muscache.com/im/pictures/90404814/dd94a930_original.jpg?aki_policy=medium,https://a2.muscache.com/ac/pictures/90404814/dd94a930_original.jpg?interpolation=lanczos-none&size=large_cover&output-format=jpg&output-quality=70,https://a2.muscache.com/ac/pictures/90404814/dd94a930_original.jpg?interpolation=lanczos-none&size=x_large_cover&output-format=jpg&output-quality=70,3074414,https://www.airbnb.com/users/show/3074414,Melissa,2012-07-27,"Seattle, Washington, United States","Used to be a professor (Ph.D. in Political Economy), then a homeschooling mom and  a religious non profit organization founder, now like to travel, read / review books and manage properties. The best cities I like are Seattle, Florence, Sanya and Taipei.  (Taipei is chosen as the #1 out of 26 Remarkable Places For Solo Travel by BuzzFeed!  (website hidden)) We have  a few nicely furnished studios and one bedrooms condo apt conveniently located near University of Washington in Seattle with your own private kitchen and bathroom.  You will enjoy the convenient locations and quietness of all these buildings. You will also be surprised how quickly we respond to your requests as long as I am in town.  My motto is Providing Quality Places at Fair Prices and my life motto is in Philippians 4:13. ",within a few hours,80%,100%,f,"https://a2.muscache.com/ac/users/3074414/profile_pic/1408093668/original.jpg?interpolation=lanczos-none&crop=w:w;*,*&crop=h:h;*,*&resize=50:*&output-format=jpg&output-quality=70","https://a2.muscache.com/ac/users/3074414/profile_pic/1408093668/original.jpg?interpolation=lanczos-none&crop=w:w;*,*&crop=h:h;*,*&resize=225:*&output-format=jpg&output-quality=70",Ravenna,34.0,34.0,"['email', 'phone', 'reviews', 'kba']",t,t,"11th Avenue Northeast, Seattle, WA 98105, United States",University District,University District,University District,Seattle,WA,98105,Seattle,"Seattle, WA",US,United States,47.657124776967365,-122.3178221340468,t,Apartment,Entire home/apt,4,1.0,1.0,2.0,Real Bed,"{TV,""Wireless Internet"",Kitchen,Heating,""Family/Kid Friendly"",Washer,Dryer,Essentials,Shampoo}",,$85.00,$595.00,"$1,795.00",$100.00,$60.00,1,$15.00,4,1125,3 days ago,t,30,60,90,365,2016-01-04,8,2013-08-23,2015-10-06,80.0,9.0,9.0,9.0,9.0,9.0,7.0,f,,WASHINGTON,f,strict,f,f,34,0.28
6623079,https://www.airbnb.com/rooms/6623079,20160104002432,2016-01-04,Small&cozy place to stay in Seattle,"Seattle offers both of best worlds, the city and the nature. It's great to have a nice room to lay around and get some rest in between your adventures for a really cheap price!!!",,"Seattle offers both of best worlds, the city and the nature. It's great to have a nice room to lay around and get some rest in between your adventures for a really cheap price!!! Bedroom, kitchen, bathroom, living room -Please note that no apartment-parking is available -street parking along 8t Ave, 7th Ave, 9th Ave or 43rd St is recommended -paid parking is available nearby",none,,"-Please note that no apartment-parking is available -street parking along 8t Ave, 7th Ave, 9th Ave or 43rd St is recommended -paid parking is available nearby",,https://a1.muscache.com/ac/pictures/83460290/ff0caa86_original.jpg?interpolation=lanczos-none&size=small&output-format=jpg&output-quality=70,https://a1.muscache.com/im/pictures/83460290/ff0caa86_original.jpg?aki_policy=medium,https://a1.muscache.com/ac/pictures/83460290/ff0caa86_original.jpg?interpolation=lanczos-none&size=large_cover&output-format=jpg&output-quality=70,https://a1.muscache.com/ac/pictures/83460290/ff0caa86_original.jpg?interpolation=lanczos-none&size=x_large_cover&output-format=jpg&output-quality=70,34664295,https://www.airbnb.com/users/show/34664295,Sofwa,2015-05-31,"Seattle, Washington, United States",A full-time student & a part-time traveller,,,,f,"https://a1.muscache.com/ac/users/34664295/profile_pic/1433095297/original.jpg?interpolation=lanczos-none&crop=w:w;*,*&crop=h:h;*,*&resize=50:*&output-format=jpg&output-quality=70","https://a1.muscache.com/ac/users/34664295/profile_pic/1433095297/original.jpg?interpolation=lanczos-none&crop=w:w;*,*&crop=h:h;*,*&resize=225:*&output-format=jpg&output-quality=70",University District,1.0,1.0,"['email', 'phone', 'reviews']",t,f,"Northeast 42nd Street, Seattle, WA 98105, United States",University District,University District,University District,Seattle,WA,98105,Seattle,"Seattle, WA",US,United States,47.65700652169627,-122.319619660833,t,Apartment,Private room,2,1.0,1.0,2.0,Real Bed,"{Internet,""Wireless Internet"",Kitchen,""Buzzer/Wireless Intercom"",Heating,Washer,Dryer,""Smoke Detector"",""First Aid Kit""}",,$63.00,,,,,1,$0.00,1,1125,5 months ago,t,0,0,0,192,2016-01-04,9,2015-07-09,2015-08-10,82.0,9.0,7.0,9.0,9.0,9.0,9.0,f,,WASHINGTON,f,flexible,f,f,1,1.5
7561254,https://www.airbnb.com/rooms/7561254,20160104002432,2016-01-04,The Yellow Room w/Breakfast,"This room is spacious, clean, peaceful and comfortable only a few blocks away from the University and 10 minutes on the bus to Downtown. Some of the best coffee shops, bookshops and ethnic restaurants are located in the University District.","Your room is up the stairs, 1st door on the right. The Bathroom light is on the wall to the left, outside the door. It is furnished with a twin bed, small fan and closet space with hangers.  There are 3 rooms plus myself that share the upstairs bathroom. Please keep that in mind. Also, please turn on small fan during and or after shower to cut down moisture buildup.","This room is spacious, clean, peaceful and comfortable only a few blocks away from the University and 10 minutes on the bus to Downtown. Some of the best coffee shops, bookshops and ethnic restaurants are located in the University District. Your room is up the stairs, 1st door on the right. The Bathroom light is on the wall to the left, outside the door. It is furnished with a twin bed, small fan and closet space with hangers.  There are 3 rooms plus myself that share the upstairs bathroom. Please keep that in mind. Also, please turn on small fan during and or after shower to cut down moisture buildup. Guests have access to kitchen, living and dining rooms, laundry, bathrooms, etc. Basically the entire home.  Please refrain from buying and storing multiple days groceries. There is just not enough fridge space to accommodate all house guests private food plus communal breakfast. Depending on my schedule I would love to meet the guests and help them get acquainted with the city. I will b",none,The University district neighborhood is amazing. Alive with different types of people throughout the year. A multitude of restaurants and shops plus amazing proximity to downtown Seattle and other popular local neighborhoods. Super easy public transportation in and out of the area makes the UD a prime location.,Ethan is the on site host at the house near UW. He works closely with Dario on a daily basis to ensure the most comfortable stay for our guests. Any questions can be directed towards both Ethan or Dario.,"There are a multitude of ways to travel to our location; easiet; drive, UBER or taxi  (parking is on the street) * FROM AIRPORT* - rental car or taxi (no uber) - light rail to downtow(URL HIDDEN)(convention center stop within tunnel) - transfer(bus # (PHONE NUMBER HIDDEN), few others, depending on day & time) - depart bus within just a few blocks of our location no which bus you take. All busses to downtown take only 10-15min depending on traffic. The trip by car from the airport can take 30-60min depending on traffic if you drive. The light rail takes about 30min to reach downtown from the airport.",https://a0.muscache.com/ac/pictures/98196802/da796073_original.jpg?interpolation=lanczos-none&size=small&output-format=jpg&output-quality=70,https://a0.muscache.com/im/pictures/98196802/da796073_original.jpg?aki_policy=medium,https://a0.muscache.com/ac/pictures/98196802/da796073_original.jpg?interpolation=lanczos-none&size=large_cover&output-format=jpg&output-quality=70,https://a0.muscache.com/ac/pictures/98196802/da796073_original.jpg?interpolation=lanczos-none&size=x_large_cover&output-format=jpg&output-quality=70,26967583,https://www.airbnb.com/users/show/26967583,Dario,2015-01-30,"Seattle, Washington, United States","Welcome, my name is Dario.

I was born in Sicily and I moved to Seattle eight years ago. I am an Italian teacher and the director of Boys Tribe Project, an after school program to help boys develop emotional intelligence, learn how to play rough without hurting each other, and be creative with imaginative play and storytelling.

I love to cook Italian homemade food, traveling, personal growth, psychology, jazz and blues, foreign movies, interior design, modern dance, storytelling, art, and culture in general. I love hosting people, I used to host couch surfers and I also was traveling for a few years. The thing I like the most is to hear and to share stories from people all over the world.",within an hour,98%,100%,f,"https://a2.muscache.com/ac/users/26967583/profile_pic/1427823555/original.jpg?interpolation=lanczos-none&crop=w:w;*,*&crop=h:h;*,*&resize=50:*&output-format=jpg&output-quality=70","https://a2.muscache.com/ac/users/26967583/profile_pic/1427823555/original.jpg?interpolation=lanczos-none&crop=w:w;*,*&crop=h:h;*,*&resize=225:*&output-format=jpg&output-quality=70",University District,21.0,21.0,"['email', 'phone', 'facebook', 'reviews']",t,f,"11th Avenue Northeast, Seattle, WA 98105, United States",University District,University District,University District,Seattle,WA,98105,Seattle,"Seattle, WA",US,United States,47.66709568535477,-122.31680859382152,t,House,Private room,1,1.0,1.0,1.0,Real Bed,"{Internet,""Wireless Internet"",Kitchen,Breakfast,Heating,""Family/Kid Friendly"",Washer,Dryer,""Smoke Detector"",""Carbon Monoxide Detector"",""Fire Extinguisher"",Essentials,Shampoo}",,$41.00,,,$500.00,$10.00,1,$15.00,1,1125,3 days ago,t,24,54,84,173,2016-01-04,15,2015-08-04,2015-12-20,95.0,9.0,10.0,9.0,10.0,10.0,9.0,f,,WASHINGTON,t,strict,f,f,21,2.92
3494608,https://www.airbnb.com/rooms/3494608,20160104002432,2016-01-04,Bright Remodeled Basement Apartment,"Comfortable basement apartment.  Queen bed in bedroom with adjoining full bathroom.  Fully stocked kitchen with newer appliances. Queen size Ikea futon in the living room. 55"" TV with Cable and Blu-ray player.  Low weekly rate through end of 2014!","Very clean and bright, comfortable large basement apartment that stays cool in the summer and warm in the winter.  Please note that the bathroom access is from the adjoining bedroom.","Comfortable basement apartment.  Queen bed in bedroom with adjoining full bathroom.  Fully stocked kitchen with newer appliances. Queen size Ikea futon in the living room. 55"" TV with Cable and Blu-ray player.  Low weekly rate through end of 2014! Very clean and bright, comfortable large basement apartment that stays cool in the summer and warm in the winter.  Please note that the bathroom access is from the adjoining bedroom. Private parking space with no guest pass needed.  Cable TV with hundreds of channels.  High speed wireless internet at no additional charge.   We will be available if needed, however we respect your privacy and comfort.   There is a lot of great dining and things to do and see, all within walking distance.   Lots of great restaurants close by.   There are many bus routes within a few blocks.  Many of them go directly to downtown Seattle and arrive in 10-15 minutes. We are next to I-5 and about 5 miles from downtown. ",none,"There is a lot of great dining and things to do and see, all within walking distance.   Lots of great restaurants close by.  ",,There are many bus routes within a few blocks.  Many of them go directly to downtown Seattle and arrive in 10-15 minutes. We are next to I-5 and about 5 miles from downtown. ,https://a1.muscache.com/ac/pictures/44597461/eef0d2f3_original.jpg?interpolation=lanczos-none&size=small&output-format=jpg&output-quality=70,https://a1.muscache.com/im/pictures/44597461/eef0d2f3_original.jpg?aki_policy=medium,https://a1.muscache.com/ac/pictures/44597461/eef0d2f3_original.jpg?interpolation=lanczos-none&size=large_cover&output-format=jpg&output-quality=70,https://a1.muscache.com/ac/pictures/44597461/eef0d2f3_original.jpg?interpolation=lanczos-none&size=x_large_cover&output-format=jpg&output-quality=70,17595871,https://www.airbnb.com/users/show/17595871,Anne,2014-07-03,"Seattle, Washington, United States","I am from Taiwan and have lived most of my life in Seattle.  Taiwan is famous for small cuisine and we love to eat.  I enjoy cooking, gardening, walking and also meeting people.  I am in the international shipping business and it is always interesting to talk with people from different countries.  ",within a few hours,100%,100%,t,"https://a2.muscache.com/ac/users/17595871/profile_pic/1405143443/original.jpg?interpolation=lanczos-none&crop=w:w;*,*&crop=h:h;*,*&resize=50:*&output-format=jpg&output-quality=70","https://a2.muscache.com/ac/users/17595871/profile_pic/1405143443/original.jpg?interpolation=lanczos-none&crop=w:w;*,*&crop=h:h;*,*&resize=225:*&output-format=jpg&output-quality=70",University District,1.0,1.0,"['email', 'phone', 'reviews']",t,f,"7th Avenue Northeast, Seattle, WA 98105, United States",University District,University District,University District,Seattle,WA,98105,Seattle,"Seattle, WA",US,United States,47.66580428060751,-122.32088757675612,t,House,Entire home/apt,3,1.0,1.0,2.0,Real Bed,"{TV,""Cable TV"",Internet,""Wireless Internet"",Kitchen,""Free Parking on Premises"",Heating,""Family/Kid Friendly"",""Suitable for Events"",""Smoke Detector"",""Carbon Monoxide Detector"",Essentials,Shampoo}",,$79.00,$500.00,"$1,650.00",$400.00,$75.00,1,$10.00,5,1125,4 weeks ago,t,24,50,80,143,2016-01-04,17,2014-07-13,2015-11-25,98.0,10.0,10.0,10.0,10.0,9.0,9.0,f,,WASHINGTON,f,strict,f,f,1,0.94
3085726,https://www.airbnb.com/rooms/3085726,20160104002432,2016-01-04,Across St. UW Tower Hotel Deca 206,"It has a Walk Score of 98 out of 100--Walker's Paradise. the Ave, UW Tower, Hotel Deca just across the street. Very clean . 5-8 min drive to Children Hospital, downtown Seattle,Portage Bay, Lake Union and Eastlake. Easy bus to Amazon or Microsoft. ","Large clean furnished hardwood floor studio on the 2nd floor with windows facing the best direction West-- the Brooklyn Ave. It is also the corner unit with accordion door to separate the bedroom from the living room area. It comes with a large private kitchen and bathroom. *Fully equipped kitchen and dining room and full bath with towels and mat.  *Furniture include a full bed, dresser, leather sofa, leather coffee table, desk, bookshelves, dining table and chairs.  *Quiet, conveniently located in the heart of U District. *Free  wifi! *New Maytag washers and dryers in the building * Controlled secure access.  * Easy access to I-5. 10 min to get to down town normally; 20+min in rush hour. Interesting! many tenants have asked me if the building is mostly empty for it is so quiet.  On the contrary, it is 95% fully occupied.  Due to the good insulation and solid structure, the sound proof is very good.  This lovely brick building, originally a classic hotel and a landmark, is in a great l","It has a Walk Score of 98 out of 100--Walker's Paradise. the Ave, UW Tower, Hotel Deca just across the street. Very clean . 5-8 min drive to Children Hospital, downtown Seattle,Portage Bay, Lake Union and Eastlake. Easy bus to Amazon or Microsoft.  Large clean furnished hardwood floor studio on the 2nd floor with windows facing the best direction West-- the Brooklyn Ave. It is also the corner unit with accordion door to separate the bedroom from the living room area. It comes with a large private kitchen and bathroom. *Fully equipped kitchen and dining room and full bath with towels and mat.  *Furniture include a full bed, dresser, leather sofa, leather coffee table, desk, bookshelves, dining table and chairs.  *Quiet, conveniently located in the heart of U District. *Free  wifi! *New Maytag washers and dryers in the building * Controlled secure access.  * Easy access to I-5. 10 min to get to down town normally; 20+min in rush hour. Interesting! many tenants have asked me if the buildi",none,"It is located in the bustling and vibrant University district.  A rare 98 out of 100 walk score. You will have access to a diverse array of restaurants, shops and activities. ","*No smoking, that includes no hookah, no weeds and  no drugs! *No pets *No other stranger to sleep here other than the tenant unless notify in advance or deposit will not be returned. *Please turn off heater when you are out for at least a couple of hours. *Please recycle as much as you can to reduce the garbage, even food can be recycled as compost. *Since it is a quiet building, please be quiet after 9 PM.  *Please use hair trap in the tub and throw away hairs after each shower to avoid clogging the drain.  Please do not use washer and dryer in the late evening. ","Right at the corner of Brooklyn Ave and within five minutes' walking distance to the University of Washington. Many bus lines are just a few steps away and can take you anywhere in Seattle. There are 130 restaurants within a 15 minute walk including BBQ Chicken, Mongolian Grill, Thai Food, Japanese Noodle, Greek Gyro and Bubble tea house, etc. ",https://a2.muscache.com/ac/pictures/39439756/3c6c7c54_original.jpg?interpolation=lanczos-none&size=small&output-format=jpg&output-quality=70,https://a2.muscache.com/im/pictures/39439756/3c6c7c54_original.jpg?aki_policy=medium,https://a2.muscache.com/ac/pictures/39439756/3c6c7c54_original.jpg?interpolation=lanczos-none&size=large_cover&output-format=jpg&output-quality=70,https://a2.muscache.com/ac/pictures/39439756/3c6c7c54_original.jpg?interpolation=lanczos-none&size=x_large_cover&output-format=jpg&output-quality=70,3074414,https://www.airbnb.com/users/show/3074414,Melissa,2012-07-27,"Seattle, Washington, United States","Used to be a professor (Ph.D. in Political Economy), then a homeschooling mom and  a religious non profit organization founder, now like to travel, read / review books and manage properties. The best cities I like are Seattle, Florence, Sanya and Taipei.  (Taipei is chosen as the #1 out of 26 Remarkable Places For Solo Travel by BuzzFeed!  (website hidden)) We have  a few nicely furnished studios and one bedrooms condo apt conveniently located near University of Washington in Seattle with your own private kitchen and bathroom.  You will enjoy the convenient locations and quietness of all these buildings. You will also be surprised how quickly we respond to your requests as long as I am in town.  My motto is Providing Quality Places at Fair Prices and my life motto is in Philippians 4:13. ",within a few hours,80%,100%,f,"https://a2.muscache.com/ac/users/3074414/profile_pic/1408093668/original.jpg?interpolation=lanczos-none&crop=w:w;*,*&crop=h:h;*,*&resize=50:*&output-format=jpg&output-quality=70","https://a2.muscache.com/ac/users/3074414/profile_pic/1408093668/original.jpg?interpolation=lanczos-none&crop=w:w;*,*&crop=h:h;*,*&resize=225:*&output-format=jpg&output-quality=70",Ravenna,34.0,34.0,"['email', 'phone', 'reviews', 'kba']",t,t,"Brooklyn Avenue Northeast, Seattle, WA 98105, United States",University District,University District,University District,Seattle,WA,98105,Seattle,"Seattle, WA",US,United States,47.66250162237267,-122.31341625338172,t,Apartment,Entire home/apt,2,1.0,1.0,1.0,Real Bed,"{Internet,""Wireless Internet"",Kitchen,Essentials}",,$70.00,$625.00,"$1,895.00",$150.00,$60.00,1,$15.00,3,1125,3 days ago,t,30,60,90,365,2016-01-04,1,2014-10-17,2014-10-17,60.0,10.0,10.0,8.0,8.0,10.0,6.0,f,,WASHINGTON,f,strict,f,f,34,0.07
2256124,https://www.airbnb.com/rooms/2256124,20160104002432,2016-01-04,The perfect home base in U-District,"Large, 1 bedroom apartment near UW with full refrigerator, private kitchen and bathroom. One full-sized bed, one twin mattress, table, small dresser, large windows and heating. Plus it is extremely close to many restaurants, bars and bus lines.",,"Large, 1 bedroom apartment near UW with full refrigerator, private kitchen and bathroom. One full-sized bed, one twin mattress, table, small dresser, large windows and heating. Plus it is extremely close to many restaurants, bars and bus lines. I will always be available via Phone, Text, or the AirBnB app.",none,,,,https://a2.muscache.com/ac/pictures/110226856/15cfe4f9_original.jpg?interpolation=lanczos-none&size=small&output-format=jpg&output-quality=70,https://a2.muscache.com/im/pictures/110226856/15cfe4f9_original.jpg?aki_policy=medium,https://a2.muscache.com/ac/pictures/110226856/15cfe4f9_original.jpg?interpolation=lanczos-none&size=large_cover&output-format=jpg&output-quality=70,https://a2.muscache.com/ac/pictures/110226856/15cfe4f9_original.jpg?interpolation=lanczos-none&size=x_large_cover&output-format=jpg&output-quality=70,11521444,https://www.airbnb.com/users/show/11521444,Dan,2014-01-21,"Seattle, Washington, United States","I am a northwest native who loves rain, coffee, and hiking. I just graduated from the UW and have started a small company making sustainable hiking equipment.",within a few hours,100%,100%,f,"https://a1.muscache.com/ac/users/11521444/profile_pic/1421811057/original.jpg?interpolation=lanczos-none&crop=w:w;*,*&crop=h:h;*,*&resize=50:*&output-format=jpg&output-quality=70","https://a1.muscache.com/ac/users/11521444/profile_pic/1421811057/original.jpg?interpolation=lanczos-none&crop=w:w;*,*&crop=h:h;*,*&resize=225:*&output-format=jpg&output-quality=70",University District,1.0,1.0,"['email', 'phone', 'facebook', 'reviews', 'kba']",t,t,"Brooklyn Avenue Northeast, Seattle, WA 98105, United States",University District,University District,University District,Seattle,WA,98105,Seattle,"Seattle, WA",US,United States,47.666914498204974,-122.31427340251,t,Apartment,Entire home/apt,3,1.0,1.0,2.0,Real Bed,"{Internet,""Wireless Internet"",""Wheelchair Accessible"",Kitchen,""Free Parking on Premises"",Heating,Washer,Dryer,""Smoke Detector"",""Carbon Monoxide Detector"",Essentials,Shampoo,""24-Hour Check-in""}",,$85.00,$550.00,"$1,900.00",,$5.00,2,$25.00,3,31,4 weeks ago,t,25,53,83,168,2016-01-04,36,2015-02-10,2015-10-26,94.0,9.0,9.0,10.0,10.0,9.0,9.0,f,,WASHINGTON,t,moderate,f,f,1,3.28
7071021,https://www.airbnb.com/rooms/7071021,20160104002432,2016-01-04,Center UW Quiet Comfy shortwalk 308,"It has a Walk Score of 98 out of 100--Walker's Paradise. the Ave, UW Tower, Hotel Deca just across the street. Very clean . 5-8 min drive to Children Hospital, downtown Seattle,Portage Bay, Lake Union and Eastlake. Easy bus to Amazon or Microsoft.","Large clean furnished studio on the 3rd floor corner unit with walk-in closet, private large kitchen and bathroom. *Fully equipped kitchen and dining room and full bath with towels and mat.  *Furniture include queen bed, Sofa bed, desk and chair, dining table & chairs, TV and TV stand. * Flat screen cable TV receiving 70+ channels.  * Share a private modem and router in a neighboring units instead of the whole building.  That means the speed is relatively fast and reliable.  *Quiet, conveniently located in the heart of U District. *New Maytag washers and dryers in the building * Controlled secure access.  * Easy access to I-5. 10 min to get to down town normally; 20+min in rush hour. Interesting! many tenants have asked me if the building is mostly empty for it is so quiet.  On the contrary, it is 95% fully occupied.  Due to the good insulation and solid structure, the sound proof is very good.  This lovely brick building, originally a classic hotel and a landmark, is in a great locati","It has a Walk Score of 98 out of 100--Walker's Paradise. the Ave, UW Tower, Hotel Deca just across the street. Very clean . 5-8 min drive to Children Hospital, downtown Seattle,Portage Bay, Lake Union and Eastlake. Easy bus to Amazon or Microsoft. Large clean furnished studio on the 3rd floor corner unit with walk-in closet, private large kitchen and bathroom. *Fully equipped kitchen and dining room and full bath with towels and mat.  *Furniture include queen bed, Sofa bed, desk and chair, dining table & chairs, TV and TV stand. * Flat screen cable TV receiving 70+ channels.  * Share a private modem and router in a neighboring units instead of the whole building.  That means the speed is relatively fast and reliable.  *Quiet, conveniently located in the heart of U District. *New Maytag washers and dryers in the building * Controlled secure access.  * Easy access to I-5. 10 min to get to down town normally; 20+min in rush hour. Interesting! many tenants have asked me if the building is ",none,"It is located in the bustling and vibrant University district.  You will have access to a diverse array of restaurants, shops and activities.","This unit  is on the very top floor (3rd floor) corner unit so it is very quiet but not too much window view for it does not face the Brooklyn Ave.  There is no elevator. The wide stairs with landings make the climbing easy. Water tank under the kitchen counter has limited gallons of hot water, thus suggest if two guests staying there not to take continuous showers, wait 30 min in between showers.","Right at the corner of Brooklyn Ave and 45th st, there are many bus lines are just a few steps away and can take you anywhere in Seattle. There are 130 restaurants within a 15 minute walk including BBQ Chicken, Mongolian Grill, Thai Food, Japanese Noodle, Greek Gyro and Bubble tea house, etc.  Coming from the airport, you either take a taxi (around $60) or an airport shuttle and tell them to get off at ""Hotel Deca"" that will make your rate cheaper for the drivers drop passengers at that hotel often, our place is on the same street within 25 feet. Or you can take the link to downtown and bus to here near 45th st NE and NE Brooklyn Ave.",https://a1.muscache.com/ac/pictures/89686372/7d05607b_original.jpg?interpolation=lanczos-none&size=small&output-format=jpg&output-quality=70,https://a1.muscache.com/im/pictures/89686372/7d05607b_original.jpg?aki_policy=medium,https://a1.muscache.com/ac/pictures/89686372/7d05607b_original.jpg?interpolation=lanczos-none&size=large_cover&output-format=jpg&output-quality=70,https://a1.muscache.com/ac/pictures/89686372/7d05607b_original.jpg?interpolation=lanczos-none&size=x_large_cover&output-format=jpg&output-quality=70,3074414,https://www.airbnb.com/users/show/3074414,Melissa,2012-07-27,"Seattle, Washington, United States","Used to be a professor (Ph.D. in Political Economy), then a homeschooling mom and  a religious non profit organization founder, now like to travel, read / review books and manage properties. The best cities I like are Seattle, Florence, Sanya and Taipei.  (Taipei is chosen as the #1 out of 26 Remarkable Places For Solo Travel by BuzzFeed!  (website hidden)) We have  a few nicely furnished studios and one bedrooms condo apt conveniently located near University of Washington in Seattle with your own private kitchen and bathroom.  You will enjoy the convenient locations and quietness of all these buildings. You will also be surprised how quickly we respond to your requests as long as I am in town.  My motto is Providing Quality Places at Fair Prices and my life motto is in Philippians 4:13. ",within a few hours,80%,100%,f,"https://a2.muscache.com/ac/users/3074414/profile_pic/1408093668/original.jpg?interpolation=lanczos-none&crop=w:w;*,*&crop=h:h;*,*&resize=50:*&output-format=jpg&output-quality=70","https://a2.muscache.com/ac/users/3074414/profile_pic/1408093668/original.jpg?interpolation=lanczos-none&crop=w:w;*,*&crop=h:h;*,*&resize=225:*&output-format=jpg&output-quality=70",Ravenna,34.0,34.0,"['email', 'phone', 'reviews', 'kba']",t,t,"Brooklyn Ave NE, Seattle, WA 98105, United States",University District,University District,University District,Seattle,WA,98105,Seattle,"Seattle, WA",US,United States,47.66125017620657,-122.31439334082393,t,Apartment,Entire home/apt,4,1.0,0.0,2.0,Real Bed,"{TV,Internet,""Wireless Internet"",Kitchen,Heating,Washer,Dryer,""Smoke Detector"",""Fire Extinguisher"",Essentials,Shampoo}",,$110.00,$680.00,"$1,895.00",$200.00,$60.00,1,$15.00,1,1125,4 weeks ago,t,30,60,90,365,2016-01-04,5,2015-07-09,2015-08-31,64.0,8.0,8.0,8.0,8.0,7.0,7.0,f,,WASHINGTON,t,strict,f,f,34,0.83
9465815,https://www.airbnb.com/rooms/9465815,20160104002432,2016-01-04,Nice bedroom close to UW and bus,"This is a nice bedroom of a two bedroom apartment close to University of Washington, Seattle and several bus stops which makes travel super easy. You will be sharing the living room, bathroom and kitchen with us.",,"This is a nice bedroom of a two bedroom apartment close to University of Washington, Seattle and several bus stops which makes travel super easy. You will be sharing the living room, bathroom and kitchen with us.",none,,,,https://a2.muscache.com/ac/pictures/bc57a454-b5e4-4489-9c4c-21754bee7dac.jpg?interpolation=lanczos-none&size=small&output-format=jpg&output-quality=70,https://a2.muscache.com/im/pictures/bc57a454-b5e4-4489-9c4c-21754bee7dac.jpg?aki_policy=medium,https://a2.muscache.com/ac/pictures/bc57a454-b5e4-4489-9c4c-21754bee7dac.jpg?interpolation=lanczos-none&size=large_cover&output-format=jpg&output-quality=70,https://a2.muscache.com/ac/pictures/bc57a454-b5e4-4489-9c4c-21754bee7dac.jpg?interpolation=lanczos-none&size=x_large_cover&output-format=jpg&output-quality=70,17170275,https://www.airbnb.com/users/show/17170275,Yaoyu,2014-06-23,"Seattle, Washington, United States",,within an hour,100%,100%,f,"https://a2.muscache.com/ac/users/17170275/profile_pic/1403564160/original.jpg?interpolation=lanczos-none&crop=w:w;*,*&crop=h:h;*,*&resize=50:*&output-format=jpg&output-quality=70","https://a2.muscache.com/ac/users/17170275/profile_pic/1403564160/original.jpg?interpolation=lanczos-none&crop=w:w;*,*&crop=h:h;*,*&resize=225:*&output-format=jpg&output-quality=70",University District,1.0,1.0,"['email', 'phone', 'linkedin', 'reviews', 'jumio']",t,t,"24th Avenue Northeast, Seattle, WA 98105, United States",University District,University District,University District,Seattle,WA,98105,Seattle,"Seattle, WA",US,United States,47.66581865947708,-122.30317129207454,t,Apartment,Private room,1,1.0,1.0,1.0,Real Bed,"{TV,""Wireless Internet"",Heating,Dryer,""Smoke Detector"",""Carbon Monoxide Detector"",""First Aid Kit"",Essentials}",,$53.00,,,,,1,$0.00,1,1125,a week ago,t,21,21,21,45,2016-01-04,1,2015-12-24,2015-12-24,100.0,10.0,10.0,10.0,10.0,10.0,10.0,f,,WASHINGTON,f,flexible,f,f,1,1.0
6938103,https://www.airbnb.com/rooms/6938103,20160104002432,2016-01-04,Comfortable Room Near UW,"Simple, but comfortable room in Ravenna/University District, walking distance to UW and Greenlake. Nice, quiet neighborhood close to plenty of restaurants, bars, and shops. Great bus access to anywhere else in Seattle.",,"Simple, but comfortable room in Ravenna/University District, walking distance to UW and Greenlake. Nice, quiet neighborhood close to plenty of restaurants, bars, and shops. Great bus access to anywhere else in Seattle.",none,,,,https://a0.muscache.com/ac/pictures/87910314/30517774_original.jpg?interpolation=lanczos-none&size=small&output-format=jpg&output-quality=70,https://a0.muscache.com/im/pictures/87910314/30517774_original.jpg?aki_policy=medium,https://a0.muscache.com/ac/pictures/87910314/30517774_original.jpg?interpolation=lanczos-none&size=large_cover&output-format=jpg&output-quality=70,https://a0.muscache.com/ac/pictures/87910314/30517774_original.jpg?interpolation=lanczos-none&size=x_large_cover&output-format=jpg&output-quality=70,11613383,https://www.airbnb.com/users/show/11613383,Brady,2014-01-24,"Seattle, Washington, United States","I am originally from California and moved to Seattle in 2006. I love music, movies, reading, and trying new bars and restaurants, which makes Seattle a great fit for me. I also like traveling and seeing new places, having time to really experience a place, walking around, people-watching, and trying local favorites. 

When traveling, I try to be economical while also making sure I have a full, rich experience. I think there are plenty of great places to stay, restaurants to try, and experiences to have that are special and don't have to cost a fortune. 

As a host, I want to help my guests have the best experience possible. If that consists of giving them suggestions or even helping them with transportation, I am happy to oblige. If they just want me to show them the space, give them the key, and nothing more, that is fine too. Seattle is a great place, and everyone should be able to experience it in the way that suits them best.

As a guest, I am very respectful of the space I am using. I take care with other people's property and always follow my rule of leaving things in at least as good of a state as I find them.",within an hour,100%,,f,"https://a0.muscache.com/ac/users/11613383/profile_pic/1424575223/original.jpg?interpolation=lanczos-none&crop=w:w;*,*&crop=h:h;*,*&resize=50:*&output-format=jpg&output-quality=70","https://a0.muscache.com/ac/users/11613383/profile_pic/1424575223/original.jpg?interpolation=lanczos-none&crop=w:w;*,*&crop=h:h;*,*&resize=225:*&output-format=jpg&output-quality=70",University District,2.0,2.0,"['email', 'phone', 'reviews', 'kba']",t,t,"Northeast 53rd Street, Seattle, WA 98105, United States",University District,University District,University District,Seattle,WA,98105,Seattle,"Seattle, WA",US,United States,47.66765062689846,-122.31948013873952,t,House,Private room,2,1.0,1.0,1.0,Real Bed,"{TV,""Cable TV"",Internet,""Wireless Internet"",Kitchen,""Free Parking on Premises"",""Pets live on this property"",Cat(s),""Indoor Fireplace"",Heating,Washer,Dryer,""Smoke Detector"",""Carbon Monoxide Detector"",""First Aid Kit"",""Fire Extinguisher"",Essentials,Shampoo}",,$75.00,,,,,1,$10.00,1,29,yesterday,t,0,12,42,317,2016-01-04,3,2015-07-12,2015-08-09,87.0,10.0,9.0,10.0,10.0,9.0,10.0,f,,WASHINGTON,f,moderate,f,f,2,0.51
6913414,https://www.airbnb.com/rooms/6913414,20160104002432,2016-01-04,3 BR/1 BA Seattle Cottage,"Our cottage was built in 2012 as a newlywed nest and is now available for all travelers to enjoy. We've been selected as ""Best of Houzz"" two years in a row, featuring a restored wooden barn door and creative use of space. Near UW, Greenlake and more!","The Space Our house has two bedrooms and one bathroom. At 750 square feet, the space is nice and cozy. Our place is rustic and fresh- this cottage will be a nice getaway for your stay in Seattle! With unique touches of restored wood and craftsman finishes, this house was designed for retreats. There are two bedrooms with queen beds, separated by a barn door. We also have a very comfortable queen sleeper sofa downstairs so we can easily host 6 people. The eating nook, kitchen, and sitting area are all adjacent in the open floor plan. Feel free to prep a healthy snack in our kitchen, or just head out for a bite to eat. In Seattle, there are plenty of fun restaurants to visit. Grab some coffee at Herkimer Coffee, Morsel, or Wayward Coffeehouse. These are all within walking distance of the house. Then enjoy a nice, leisurely breakfast at Fat Ducks Deli & Bakery, The Butcher & The Baker, or Portage Bay Café & Catering. All are popular stops near our house. Venture out for some fresh air – t","Our cottage was built in 2012 as a newlywed nest and is now available for all travelers to enjoy. We've been selected as ""Best of Houzz"" two years in a row, featuring a restored wooden barn door and creative use of space. Near UW, Greenlake and more! The Space Our house has two bedrooms and one bathroom. At 750 square feet, the space is nice and cozy. Our place is rustic and fresh- this cottage will be a nice getaway for your stay in Seattle! With unique touches of restored wood and craftsman finishes, this house was designed for retreats. There are two bedrooms with queen beds, separated by a barn door. We also have a very comfortable queen sleeper sofa downstairs so we can easily host 6 people. The eating nook, kitchen, and sitting area are all adjacent in the open floor plan. Feel free to prep a healthy snack in our kitchen, or just head out for a bite to eat. In Seattle, there are plenty of fun restaurants to visit. Grab some coffee at Herkimer Coffee, Morsel, or Wayward Coffeehous",none,"With a walking score of 95, our neighborhood is prime location for anything you may need! Wooded trails, swings and a field to play ball? Cowen park across the street takes you from city to nature instantly. Delicious coffee? Cowen Park Grocery has a market and a darling coffee shop with a fireplace to really set your caffeine fix and morning mood off to a great start. University Village is mile walk down the windy Ravenna street while Green Lake is a mile in the other direction. Our lives have unfolded on the many walks we've taken around that lake and we hope you enjoy it as much as we have! Whole Foods is also four blocks away so you can quickly jaunt off to the store to whip up a great meal if needed.",This cottage is behind a larger house with very responsible tenants.,There is a bus line just one block away from us but we also have a driveway for you to park your vehicle in for added convenience.,https://a0.muscache.com/ac/pictures/109614937/8fb16e33_original.jpg?interpolation=lanczos-none&size=small&output-format=jpg&output-quality=70,https://a0.muscache.com/im/pictures/109614937/8fb16e33_original.jpg?aki_policy=medium,https://a0.muscache.com/ac/pictures/109614937/8fb16e33_original.jpg?interpolation=lanczos-none&size=large_cover&output-format=jpg&output-quality=70,https://a0.muscache.com/ac/pictures/109614937/8fb16e33_original.jpg?interpolation=lanczos-none&size=x_large_cover&output-format=jpg&output-quality=70,8635747,https://www.airbnb.com/users/show/8635747,Jenna,2013-09-04,"Seattle, Washington, United States",My husband and I are Washington natives and UW graduates- go huskies! We got married and lived in our sweet cottage until our family out grew our home. We love airbnb and traveled Europe staying with wonderful new friends we met through this website. We hope to treat our guests with the same hospitality given to us in Croatia and Italy! ,within an hour,100%,100%,f,"https://a2.muscache.com/ac/users/8635747/profile_pic/1434767197/original.jpg?interpolation=lanczos-none&crop=w:w;*,*&crop=h:h;*,*&resize=50:*&output-format=jpg&output-quality=70","https://a2.muscache.com/ac/users/8635747/profile_pic/1434767197/original.jpg?interpolation=lanczos-none&crop=w:w;*,*&crop=h:h;*,*&resize=225:*&output-format=jpg&output-quality=70",University District,1.0,1.0,"['email', 'phone', 'facebook', 'reviews', 'kba']",t,t,"12th Avenue Northeast, Seattle, WA 98105, United States",University District,University District,University District,Seattle,WA,98105,Seattle,"Seattle, WA",US,United States,47.67119879073299,-122.31509324262348,t,House,Entire home/apt,6,1.0,2.0,2.0,Real Bed,"{TV,Internet,""Wireless Internet"",""Air Conditioning"",Kitchen,""Free Parking on Premises"",Heating,""Family/Kid Friendly"",Washer,Dryer,""Smoke Detector"",""Carbon Monoxide Detector"",""Fire Extinguisher"",Essentials}",,$125.00,"$1,500.00","$4,500.00",$250.00,$89.00,6,$0.00,2,60,today,t,18,48,74,236,2016-01-04,10,2015-09-22,2015-12-22,96.0,9.0,9.0,8.0,8.0,9.0,9.0,f,,WASHINGTON,f,strict,f,f,1,2.86
3706719,https://www.airbnb.com/rooms/3706719,20160104002432,2016-01-04,Center UW Comfy Quiet & View (306),"It has a Walk Score of 98 out of 100. This location is a Walker's Paradise so no car is required. Super comfortable, quiet and clean.This hardwood floor apt is on the top 3rd floor with intercom access. The window view of the  Brooklyn Ave is nice.","Large clean furnished  studio on the 3rd floor facing  Brooklyn Ave with a open view which is rare in U District.  It has a large  private kitchen and bathroom as well as hardwood floor. *Equipped kitchen and dining room and full bath (both bath and showers available) with towels and mat.  *Furniture include a queen bed, a leather sofa  a night stand, new large rug and a floor lamp.  *Quiet, conveniently located in the heart of U District. *Free business level wifi! *New Maytag washers and dryers in the building * Controlled secure access.  * Easy access to I-5. 10 min to get to down town normally; 20+min in rush hour. Interesting! many tenants have asked me if the building is mostly empty for it is so quiet.  On the contrary, it is 95% fully occupied.  Due to the good insulation and solid structure, the sound proof is very good.  This lovely brick building, originally a classic hotel and a landmark, is in a great location at the heart of the U District but is very quiet due to good ma","It has a Walk Score of 98 out of 100. This location is a Walker's Paradise so no car is required. Super comfortable, quiet and clean.This hardwood floor apt is on the top 3rd floor with intercom access. The window view of the  Brooklyn Ave is nice. Large clean furnished  studio on the 3rd floor facing  Brooklyn Ave with a open view which is rare in U District.  It has a large  private kitchen and bathroom as well as hardwood floor. *Equipped kitchen and dining room and full bath (both bath and showers available) with towels and mat.  *Furniture include a queen bed, a leather sofa  a night stand, new large rug and a floor lamp.  *Quiet, conveniently located in the heart of U District. *Free business level wifi! *New Maytag washers and dryers in the building * Controlled secure access.  * Easy access to I-5. 10 min to get to down town normally; 20+min in rush hour. Interesting! many tenants have asked me if the building is mostly empty for it is so quiet.  On the contrary, it is 95% full",none,"It is located in the bustling and vibrant University district. A rare 98 out of 100 walk score. It is within five minutes' walking distance to the University of Washington. You will have access to a diverse array of restaurants, shops and activities. The apt is clean and comfortable.","This is on the very top floor -- the 3rd floor with no elevator, the law allows building with only 3 floors do without elevator.  The wide stairs with landings make the climbing easy.  The building entrance key works, but you need to pull it out a little then turn counter clockwise.  Please be not panic if first try does not open the door.","Right at the corner of Brooklyn Ave and 45th st, there are many bus lines are just a few steps away and can take you anywhere in Seattle. There are 130 restaurants within a 15 minute walk including BBQ Chicken, Mongolian Grill, Thai Food, Japanese Noodle, Greek Gyro and Bubble tea house, etc.  Coming from the airport, you either take a taxi (around $60) or an airport shuttle and tell them to get off at ""Hotel Deca"" that will make your rate cheaper for the drivers drop passengers at that hotel often, our place is on the same street within 25 feet. Or you can take the link to downtown and bus to here near 45th st NE and NE Brooklyn Ave. ",https://a1.muscache.com/ac/pictures/63243562/909aec2e_original.jpg?interpolation=lanczos-none&size=small&output-format=jpg&output-quality=70,https://a1.muscache.com/im/pictures/63243562/909aec2e_original.jpg?aki_policy=medium,https://a1.muscache.com/ac/pictures/63243562/909aec2e_original.jpg?interpolation=lanczos-none&size=large_cover&output-format=jpg&output-quality=70,https://a1.muscache.com/ac/pictures/63243562/909aec2e_original.jpg?interpolation=lanczos-none&size=x_large_cover&output-format=jpg&output-quality=70,3074414,https://www.airbnb.com/users/show/3074414,Melissa,2012-07-27,"Seattle, Washington, United States","Used to be a professor (Ph.D. in Political Economy), then a homeschooling mom and  a religious non profit organization founder, now like to travel, read / review books and manage properties. The best cities I like are Seattle, Florence, Sanya and Taipei.  (Taipei is chosen as the #1 out of 26 Remarkable Places For Solo Travel by BuzzFeed!  (website hidden)) We have  a few nicely furnished studios and one bedrooms condo apt conveniently located near University of Washington in Seattle with your own private kitchen and bathroom.  You will enjoy the convenient locations and quietness of all these buildings. You will also be surprised how quickly we respond to your requests as long as I am in town.  My motto is Providing Quality Places at Fair Prices and my life motto is in Philippians 4:13. ",within a few hours,80%,100%,f,"https://a2.muscache.com/ac/users/3074414/profile_pic/1408093668/original.jpg?interpolation=lanczos-none&crop=w:w;*,*&crop=h:h;*,*&resize=50:*&output-format=jpg&output-quality=70","https://a2.muscache.com/ac/users/3074414/profile_pic/1408093668/original.jpg?interpolation=lanczos-none&crop=w:w;*,*&crop=h:h;*,*&resize=225:*&output-format=jpg&output-quality=70",Ravenna,34.0,34.0,"['email', 'phone', 'reviews', 'kba']",t,t,"Brooklyn Avenue Northeast, Seattle, WA 98105, United States",University District,University District,University District,Seattle,WA,98105,Seattle,"Seattle, WA",US,United States,47.661322949486696,-122.31498353855407,t,Apartment,Entire home/apt,2,1.0,0.0,1.0,Real Bed,"{Internet,""Wireless Internet"",Kitchen,Heating,""Suitable for Events"",Washer,Dryer,""Smoke Detector"",""Fire Extinguisher"",Essentials,Shampoo}",,$90.00,$580.00,"$1,795.00",$200.00,$90.00,1,$15.00,2,1125,4 months ago,t,30,60,90,365,2016-01-04,6,2014-08-15,2015-08-30,70.0,9.0,9.0,9.0,7.0,7.0,7.0,f,,WASHINGTON,f,moderate,f,f,34,0.35
8174626,https://www.airbnb.com/rooms/8174626,20160104002432,2016-01-04,UW Studio Apartment,"This cozy studio apartment is located in the heart of University of Washington districts. You are only one block from UW campus, three blocks from University Ave, ten minute drive or a bus rid to downtown Seattle.",,"This cozy studio apartment is located in the heart of University of Washington districts. You are only one block from UW campus, three blocks from University Ave, ten minute drive or a bus rid to downtown Seattle.",none,,,,https://a1.muscache.com/ac/pictures/105701061/1964d182_original.jpg?interpolation=lanczos-none&size=small&output-format=jpg&output-quality=70,https://a1.muscache.com/im/pictures/105701061/1964d182_original.jpg?aki_policy=medium,https://a1.muscache.com/ac/pictures/105701061/1964d182_original.jpg?interpolation=lanczos-none&size=large_cover&output-format=jpg&output-quality=70,https://a1.muscache.com/ac/pictures/105701061/1964d182_original.jpg?interpolation=lanczos-none&size=x_large_cover&output-format=jpg&output-quality=70,16756919,https://www.airbnb.com/users/show/16756919,Morteza,2014-06-13,"Seattle, Washington, United States","I love skiing and Mountain Biking, I am a sensor physicists ",within an hour,100%,100%,f,"https://a1.muscache.com/ac/users/16756919/profile_pic/1403459390/original.jpg?interpolation=lanczos-none&crop=w:w;*,*&crop=h:h;*,*&resize=50:*&output-format=jpg&output-quality=70","https://a1.muscache.com/ac/users/16756919/profile_pic/1403459390/original.jpg?interpolation=lanczos-none&crop=w:w;*,*&crop=h:h;*,*&resize=225:*&output-format=jpg&output-quality=70",University District,3.0,3.0,"['email', 'phone', 'reviews', 'jumio']",t,t,"19th Avenue Northeast, Seattle, WA 98105, United States",University District,University District,University District,Seattle,WA,98105,Seattle,"Seattle, WA",US,United States,47.66443670912076,-122.30673806651392,t,Apartment,Entire home/apt,2,1.0,1.0,1.0,Real Bed,"{TV,""Wireless Internet"",Kitchen,""Free Parking on Premises"",Heating,""Family/Kid Friendly"",Washer,Dryer,""Smoke Detector"",""Carbon Monoxide Detector"",""First Aid Kit"",""Safety Card"",""Fire Extinguisher"",Essentials,Shampoo,""24-Hour Check-in"",Hangers,""Hair Dryer"",Iron,""Laptop Friendly Workspace""}",,$85.00,$550.00,"$1,900.00",$300.00,$50.00,2,$10.00,2,1125,today,t,26,56,86,361,2016-01-04,14,2015-09-09,2015-12-15,96.0,10.0,10.0,9.0,10.0,9.0,10.0,f,,WASHINGTON,t,strict,f,f,2,3.56
1571230,https://www.airbnb.com/rooms/1571230,20160104002432,2016-01-04,Center UW Blast Internet New #102,"It has a Walk Score of 98 out of 100--Walker's Paradise. the Ave, UW Tower, Hotel Deca just across the street. Very clean . 5-8 min drive to Children Hospital, downtown Seattle,Portage Bay, Lake Union and Eastlake. Easy bus to Amazon or Microsoft.","Beautiful room with Price reduced 1/3 for quiet and non fussy guests!! One remodeled large clean furnished studio with private bathroom and efficient kitchen.  *105 mb blast internet 100% faster for mobile devise. *Simply equipped kitchen with fridge, stainless steel sink, microwave oven, toaster, electric pot, coffee maker  (no conventional oven, not suitable for cooking fancy food,  just for heating or boiling  food would be fine)  *remodeled shower bath with a new vanity and toilet with clean towels and mat.  *remodeled kitchen sink, granite counter top and cabinet with instant-hot. (there is no big stove, but a microwave oven, a slow cooker, and toaster oven.  * Full size bed and a sleep sofa.  *Quiet, conveniently located in the heart of U District.  *instant hot drinking water * A standing fan *Free business level wifi!  *New Maytag washers and dryers in the building  * Controlled secure access.  * Easy access to I-5. 10 min to get to down town normally; 20+min in rush hour. *All","It has a Walk Score of 98 out of 100--Walker's Paradise. the Ave, UW Tower, Hotel Deca just across the street. Very clean . 5-8 min drive to Children Hospital, downtown Seattle,Portage Bay, Lake Union and Eastlake. Easy bus to Amazon or Microsoft. Beautiful room with Price reduced 1/3 for quiet and non fussy guests!! One remodeled large clean furnished studio with private bathroom and efficient kitchen.  *105 mb blast internet 100% faster for mobile devise. *Simply equipped kitchen with fridge, stainless steel sink, microwave oven, toaster, electric pot, coffee maker  (no conventional oven, not suitable for cooking fancy food,  just for heating or boiling  food would be fine)  *remodeled shower bath with a new vanity and toilet with clean towels and mat.  *remodeled kitchen sink, granite counter top and cabinet with instant-hot. (there is no big stove, but a microwave oven, a slow cooker, and toaster oven.  * Full size bed and a sleep sofa.  *Quiet, conveniently located in the heart of",none,"It is located in the bustling and vibrant University district. A rare 98 out of 100 walk score. It is within five minutes' walking distance to the University of Washington. You will have access to a diverse array of restaurants, shops and activities. The apt is clean and comfortable.","It is on the 1st floor but about 4 feet above ground.   The window face the Brooklyn Ave with an open view. This is an independent studio. However, there is a door and wall to the next  room studio and the door is locked.","Right at the corner of Brooklyn Ave and 45th st, there are many bus lines are just a few steps away and can take you anywhere in Seattle. There are 130 restaurants within a 15 minute walk including BBQ Chicken, Mongolian Grill, Thai Food, Japanese Noodle, Greek Gyro and Bubble tea house, etc.  Coming from the airport, you either take a taxi (around $60) or an airport shuttle and tell them to get off at ""Hotel Deca"" that will make your rate cheaper for the drivers drop passengers at that hotel often, our place is on the same street within 25 feet. Or you can take the link to downtown and bus to here near 45th st NE and NE Brooklyn Ave.",https://a1.muscache.com/ac/pictures/78377765/0be9f5cc_original.jpg?interpolation=lanczos-none&size=small&output-format=jpg&output-quality=70,https://a1.muscache.com/im/pictures/78377765/0be9f5cc_original.jpg?aki_policy=medium,https://a1.muscache.com/ac/pictures/78377765/0be9f5cc_original.jpg?interpolation=lanczos-none&size=large_cover&output-format=jpg&output-quality=70,https://a1.muscache.com/ac/pictures/78377765/0be9f5cc_original.jpg?interpolation=lanczos-none&size=x_large_cover&output-format=jpg&output-quality=70,3074414,https://www.airbnb.com/users/show/3074414,Melissa,2012-07-27,"Seattle, Washington, United States","Used to be a professor (Ph.D. in Political Economy), then a homeschooling mom and  a religious non profit organization founder, now like to travel, read / review books and manage properties. The best cities I like are Seattle, Florence, Sanya and Taipei.  (Taipei is chosen as the #1 out of 26 Remarkable Places For Solo Travel by BuzzFeed!  (website hidden)) We have  a few nicely furnished studios and one bedrooms condo apt conveniently located near University of Washington in Seattle with your own private kitchen and bathroom.  You will enjoy the convenient locations and quietness of all these buildings. You will also be surprised how quickly we respond to your requests as long as I am in town.  My motto is Providing Quality Places at Fair Prices and my life motto is in Philippians 4:13. ",within a few hours,80%,100%,f,"https://a2.muscache.com/ac/users/3074414/profile_pic/1408093668/original.jpg?interpolation=lanczos-none&crop=w:w;*,*&crop=h:h;*,*&resize=50:*&output-format=jpg&output-quality=70","https://a2.muscache.com/ac/users/3074414/profile_pic/1408093668/original.jpg?interpolation=lanczos-none&crop=w:w;*,*&crop=h:h;*,*&resize=225:*&output-format=jpg&output-quality=70",Ravenna,34.0,34.0,"['email', 'phone', 'reviews', 'kba']",t,t,"Brooklyn Avenue Northeast, Seattle, WA 98105, United States",University District,University District,University District,Seattle,WA,98105,Seattle,"Seattle, WA",US,United States,47.66116769019262,-122.31465123900637,t,Apartment,Entire home/apt,3,1.0,1.0,1.0,Real Bed,"{Internet,""Wireless Internet"",Kitchen,""Buzzer/Wireless Intercom"",Heating,""Suitable for Events"",Washer,Dryer,Essentials,Shampoo}",,$85.00,$525.00,"$1,695.00",$100.00,$50.00,1,$15.00,2,1125,3 weeks ago,t,30,60,90,365,2016-01-04,12,2013-09-03,2015-10-25,68.0,9.0,8.0,8.0,8.0,8.0,7.0,f,,WASHINGTON,f,moderate,f,f,34,0.42
4270642,https://www.airbnb.com/rooms/4270642,20160104002432,2016-01-04,Remodeled wood Floor walk to UW 101,"It has a rare Walk Score 98 !--Walker's Paradise. the Ave, UW Tower, Hotel Deca just across the street. Very clean . 5-8 min drive to Children Hospital, downtown Seattle,Portage Bay, Lake Union and Eastlake. Easy bus to Amazon or Microsoft.","This apt is on the first floor with intercom access, so stairs to climb with luggage, only 3 steps up from the lobby Large clean furnished studio just listed. It comes with efficiency  kitchen (sink, counter top, microwave oven, slow cooker, toast oven, single burner)  and a full bathroom. * Full bath with towels and mat.  *Furniture include two twin beds, book case,  dining table and chairs.  *conveniently located in the heart of U District. *Strong fast speed internet. *New Maytag washers and dryers in the building * Controlled secure access.  * Easy access to I-5. 10 min to get to down town normally; 20+min in rush hour. Many buslines just at next building to take you to anywhere in the City. Interesting! many tenants have asked me if the building is mostly empty for it is so quiet.  On the contrary, it is almost 100% fully occupied.  Due to the good insulation and solid structure, the sound proof is very good.  This lovely brick building, originally a classic hotel and a landmark, ","It has a rare Walk Score 98 !--Walker's Paradise. the Ave, UW Tower, Hotel Deca just across the street. Very clean . 5-8 min drive to Children Hospital, downtown Seattle,Portage Bay, Lake Union and Eastlake. Easy bus to Amazon or Microsoft. This apt is on the first floor with intercom access, so stairs to climb with luggage, only 3 steps up from the lobby Large clean furnished studio just listed. It comes with efficiency  kitchen (sink, counter top, microwave oven, slow cooker, toast oven, single burner)  and a full bathroom. * Full bath with towels and mat.  *Furniture include two twin beds, book case,  dining table and chairs.  *conveniently located in the heart of U District. *Strong fast speed internet. *New Maytag washers and dryers in the building * Controlled secure access.  * Easy access to I-5. 10 min to get to down town normally; 20+min in rush hour. Many buslines just at next building to take you to anywhere in the City. Interesting! many tenants have asked me if the buildin",none,"Many ladies like this quiet brick building with  controlled access.  It is located in a very convenient location just next to the bank, UW administration Tower and nice Hotels.","This is an independent studio with its own entrance, bathroom, bedroom, closet, kitchen sink and counter.  However, there is a door to the next  room (studio)but with hooks to lock the door from both sides. So it is only for quiet guest due to the sound proof is not as good as an independent studio.  There might be another guest or no guest next door.","Right at the corner of Brooklyn Ave and 45th st, there are many bus lines are just a few steps away and can take you anywhere in Seattle. There are 130 restaurants within a 15 minute walk including BBQ Chicken, Mongolian Grill, Thai Food, Japanese Noodle, Greek Gyro and Bubble tea house, etc.  Coming from the airport, you either take a taxi (around $60) or an airport shuttle and tell them to get off at ""Hotel Deca"" that will make your rate cheaper for the drivers drop passengers at that hotel often, our place is on the same street within 25 feet. Or you can take the link to downtown and bus to here near 45th st NE and NE Brooklyn Ave. ",https://a2.muscache.com/ac/pictures/60224064/ea83edb6_original.jpg?interpolation=lanczos-none&size=small&output-format=jpg&output-quality=70,https://a2.muscache.com/im/pictures/60224064/ea83edb6_original.jpg?aki_policy=medium,https://a2.muscache.com/ac/pictures/60224064/ea83edb6_original.jpg?interpolation=lanczos-none&size=large_cover&output-format=jpg&output-quality=70,https://a2.muscache.com/ac/pictures/60224064/ea83edb6_original.jpg?interpolation=lanczos-none&size=x_large_cover&output-format=jpg&output-quality=70,3074414,https://www.airbnb.com/users/show/3074414,Melissa,2012-07-27,"Seattle, Washington, United States","Used to be a professor (Ph.D. in Political Economy), then a homeschooling mom and  a religious non profit organization founder, now like to travel, read / review books and manage properties. The best cities I like are Seattle, Florence, Sanya and Taipei.  (Taipei is chosen as the #1 out of 26 Remarkable Places For Solo Travel by BuzzFeed!  (website hidden)) We have  a few nicely furnished studios and one bedrooms condo apt conveniently located near University of Washington in Seattle with your own private kitchen and bathroom.  You will enjoy the convenient locations and quietness of all these buildings. You will also be surprised how quickly we respond to your requests as long as I am in town.  My motto is Providing Quality Places at Fair Prices and my life motto is in Philippians 4:13. ",within a few hours,80%,100%,f,"https://a2.muscache.com/ac/users/3074414/profile_pic/1408093668/original.jpg?interpolation=lanczos-none&crop=w:w;*,*&crop=h:h;*,*&resize=50:*&output-format=jpg&output-quality=70","https://a2.muscache.com/ac/users/3074414/profile_pic/1408093668/original.jpg?interpolation=lanczos-none&crop=w:w;*,*&crop=h:h;*,*&resize=225:*&output-format=jpg&output-quality=70",Ravenna,34.0,34.0,"['email', 'phone', 'reviews', 'kba']",t,t,"Brooklyn Avenue Northeast, Seattle, WA 98105, United States",University District,University District,University District,Seattle,WA,98105,Seattle,"Seattle, WA",US,United States,47.66101091990224,-122.31373440078272,t,Apartment,Entire home/apt,2,1.0,0.0,1.0,Real Bed,"{Internet,""Wireless Internet"",""Buzzer/Wireless Intercom"",Heating,Washer,Dryer,""Smoke Detector"",""Fire Extinguisher"",Essentials,Shampoo}",,$88.00,$600.00,"$1,650.00",$100.00,$50.00,2,$15.00,2,1125,6 weeks ago,t,30,60,90,365,2016-01-04,12,2014-10-18,2015-10-24,88.0,9.0,9.0,9.0,9.0,9.0,8.0,f,,WASHINGTON,f,moderate,f,f,34,0.81
5407311,https://www.airbnb.com/rooms/5407311,20160104002432,2016-01-04,Serene W/D  walk toUW/U Village 404,"New Listing! Large one bedroom condo with W/D dishwasher in a QUIET & safe neighborhood walk to UW, Ravenna park, University Village  Center & Burke-Gilman Trail.  3 min drive to Children Hospital, 8 min to Portage Bay, Lake Union and the Eastlake. ","Located in a quiet cul-de-sac neighborhood, this one bedroom Apartment is huge and bright, surrounded by trees and overlooking the U Village. Many amenities are included:  *washer/dryer inside the unit *dishwasher/garbage disposal/microwave *Private balcony with a view to the U Village. * good WIFI speed *Flat screen TV with powerful antenna receiving 60 more channels more than basic cable.  * Controlled entrance with intercom * Easy access to I-5. 10 min to get to down town normally; 20+min in rush hour. This spacious condo on the very top floor (4th) is quiet surrounded with trees  & plants.  It is conveniently located near U Village Shopping Center-- an upscale, open-air shopping mall in the University District of  Seattle. It is at a quiet cul-de-sac. It is quiet also because it is carpeted with thick dense carpet on all floors and no pets in the building. It is close to  UW, parks, hiking trails, libraries, and public transit. You can also rent one of my bikes for $5.00/a day and ","New Listing! Large one bedroom condo with W/D dishwasher in a QUIET & safe neighborhood walk to UW, Ravenna park, University Village  Center & Burke-Gilman Trail.  3 min drive to Children Hospital, 8 min to Portage Bay, Lake Union and the Eastlake. Located in a quiet cul-de-sac neighborhood, this one bedroom Apartment is huge and bright, surrounded by trees and overlooking the U Village. Many amenities are included:  *washer/dryer inside the unit *dishwasher/garbage disposal/microwave *Private balcony with a view to the U Village. * good WIFI speed *Flat screen TV with powerful antenna receiving 60 more channels more than basic cable.  * Controlled entrance with intercom * Easy access to I-5. 10 min to get to down town normally; 20+min in rush hour. This spacious condo on the very top floor (4th) is quiet surrounded with trees  & plants.  It is conveniently located near U Village Shopping Center-- an upscale, open-air shopping mall in the University District of  Seattle. It is at a qui",none,"I love this unit because its serenity and all green trees around it.  No big building right in front of your eyes, on the contrary. You can  be very productive in this quiet environment.","This is on the 4th floor. No elevator, but due to the good space of stairs, I do not feel tired climbing the stairs.  It is a good exercise too.","Just blocks away from University of Washington, popular and upscale U Village Shopping Center, UW Medical Center, Roosevelt Clinic Center, Children's Hospital, Seattle Cancer Care Alliance, Kaplan Test Prep Center, Magnuson Park; Lake Washington; easy walk to: PCC Natural Market, Metropolitan Market, Burke-Gilman Trail & multiple bus routes to downtown Seattle; easy 5 minute drive to I-5. there are beautiful sunset views in the evening, as well as views of Mt. Rainer, Lake Washington, the Cascades, & Mt. Baker on clear days as you walk through lovely residential neighborhoods.and quick transit to downtown Seattle! Easy access to I-5 and the 520 bridge for a quick commute to the East Side (Redmond, Bellevue, Kirkland, et cetera). Activities: swimming & hiking at 350 acre Magnuson Park with its mile long stretch of Lake Washington shoreline; boating on 22 mile long Lake Washington (sail boat & kayak rentals available at Magnuson Park); walking & biking along 27 mile Burke Gilman Trail wi",https://a2.muscache.com/ac/pictures/69954244/795eb948_original.jpg?interpolation=lanczos-none&size=small&output-format=jpg&output-quality=70,https://a2.muscache.com/im/pictures/69954244/795eb948_original.jpg?aki_policy=medium,https://a2.muscache.com/ac/pictures/69954244/795eb948_original.jpg?interpolation=lanczos-none&size=large_cover&output-format=jpg&output-quality=70,https://a2.muscache.com/ac/pictures/69954244/795eb948_original.jpg?interpolation=lanczos-none&size=x_large_cover&output-format=jpg&output-quality=70,3074414,https://www.airbnb.com/users/show/3074414,Melissa,2012-07-27,"Seattle, Washington, United States","Used to be a professor (Ph.D. in Political Economy), then a homeschooling mom and  a religious non profit organization founder, now like to travel, read / review books and manage properties. The best cities I like are Seattle, Florence, Sanya and Taipei.  (Taipei is chosen as the #1 out of 26 Remarkable Places For Solo Travel by BuzzFeed!  (website hidden)) We have  a few nicely furnished studios and one bedrooms condo apt conveniently located near University of Washington in Seattle with your own private kitchen and bathroom.  You will enjoy the convenient locations and quietness of all these buildings. You will also be surprised how quickly we respond to your requests as long as I am in town.  My motto is Providing Quality Places at Fair Prices and my life motto is in Philippians 4:13. ",within a few hours,80%,100%,f,"https://a2.muscache.com/ac/users/3074414/profile_pic/1408093668/original.jpg?interpolation=lanczos-none&crop=w:w;*,*&crop=h:h;*,*&resize=50:*&output-format=jpg&output-quality=70","https://a2.muscache.com/ac/users/3074414/profile_pic/1408093668/original.jpg?interpolation=lanczos-none&crop=w:w;*,*&crop=h:h;*,*&resize=225:*&output-format=jpg&output-quality=70",Ravenna,34.0,34.0,"['email', 'phone', 'reviews', 'kba']",t,t,"Ravenna Avenue Northeast, Seattle, WA 98105, United States",University District,University District,University District,Seattle,WA,98105,Seattle,"Seattle, WA",US,United States,47.66267229546644,-122.3043698309528,t,Apartment,Entire home/apt,4,1.0,1.0,2.0,Real Bed,"{TV,""Cable TV"",Internet,""Wireless Internet"",Kitchen,Heating,Washer,Dryer,Essentials}",,$92.00,$600.00,"$1,895.00",$150.00,$60.00,1,$15.00,2,1125,today,t,24,44,74,228,2016-01-04,1,2015-03-28,2015-03-28,100.0,10.0,10.0,10.0,8.0,8.0,8.0,f,,WASHINGTON,f,moderate,f,f,34,0.11
9976135,https://www.airbnb.com/rooms/9976135,20160104002432,2016-01-04,Cute room right by express lane,"My room is located in an apartment called Shannons. It locates at 42th and 7th Ave and is right by the express lane. 5-10 min walk from bus stops depending on where you go. Only 20 min from the downtown, and close to the ""Ave"" which has tons of food!",,"My room is located in an apartment called Shannons. It locates at 42th and 7th Ave and is right by the express lane. 5-10 min walk from bus stops depending on where you go. Only 20 min from the downtown, and close to the ""Ave"" which has tons of food!",none,,,,https://a2.muscache.com/ac/pictures/d89779e9-747e-4daa-9699-ee338ea307b5.jpg?interpolation=lanczos-none&size=small&output-format=jpg&output-quality=70,https://a2.muscache.com/im/pictures/d89779e9-747e-4daa-9699-ee338ea307b5.jpg?aki_policy=medium,https://a2.muscache.com/ac/pictures/d89779e9-747e-4daa-9699-ee338ea307b5.jpg?interpolation=lanczos-none&size=large_cover&output-format=jpg&output-quality=70,https://a2.muscache.com/ac/pictures/d89779e9-747e-4daa-9699-ee338ea307b5.jpg?interpolation=lanczos-none&size=x_large_cover&output-format=jpg&output-quality=70,38224565,https://www.airbnb.com/users/show/38224565,Stella,2015-07-12,"Seattle, Washington, United States",,within a few hours,100%,100%,f,"https://a2.muscache.com/ac/users/38224565/profile_pic/1436698914/original.jpg?interpolation=lanczos-none&crop=w:w;*,*&crop=h:h;*,*&resize=50:*&output-format=jpg&output-quality=70","https://a2.muscache.com/ac/users/38224565/profile_pic/1436698914/original.jpg?interpolation=lanczos-none&crop=w:w;*,*&crop=h:h;*,*&resize=225:*&output-format=jpg&output-quality=70",University District,1.0,1.0,"['email', 'phone', 'facebook', 'reviews', 'jumio']",t,t,"7th Avenue Northeast, Seattle, WA 98105, United States",University District,University District,University District,Seattle,WA,98105,Seattle,"Seattle, WA",US,United States,47.65895308711308,-122.32197858006728,t,Apartment,Private room,1,1.0,1.0,1.0,Real Bed,"{""Wireless Internet"",Kitchen,""Elevator in Building"",Heating,Dryer,""Smoke Detector"",""Carbon Monoxide Detector"",""Fire Extinguisher"",Essentials,Shampoo,""Lock on Bedroom Door"",Hangers,""Laptop Friendly Workspace""}",,$28.00,,,,,1,$0.00,1,1125,a week ago,t,0,0,10,10,2016-01-04,0,,,,,,,,,,f,,WASHINGTON,f,flexible,f,f,1,
9558353,https://www.airbnb.com/rooms/9558353,20160104002432,2016-01-04,Center UW Blast Internet New #102,"New listing! It has a Walk Score of 98 out of 100--the Ave, UW Tower, Hotel Deca just across the street. Very clean. 5-8 min drive to Children Hospital, downtown Seattle, Portage Bay, Lake Union and Eastlake. Easy bus to Amazon or Microsoft.","Beautiful room  for quiet guests!! One remodeled large clean furnished studio with private bathroom and efficient kitchen.  *105 mb blast internet 100% faster for mobile devise. *Simply equipped kitchenette  with fridge, stainless steel sink, microwave oven, toaster, electric pot, coffee maker  (no conventional oven, not suitable for cooking fancy food,  just for heating or boiling  food would be fine)  *remodeled shower bath with a new vanity and toilet with clean towels and mat.  *remodeled kitchen sink, granite counter top and cabinet with instant-hot. (there is no big stove, but a microwave oven, a slow cooker, and toaster oven.  * Full size bed and a sleep sofa.  *Quiet, conveniently located in the heart of U District.  *instant hot drinking water * A standing fan *Free business level wifi!  *New Maytag washers and dryers in the building  * Controlled secure access.  * Easy access to I-5. 10 min to get to down town normally; 20+min in rush hour. *All of the windows are double pane","New listing! It has a Walk Score of 98 out of 100--the Ave, UW Tower, Hotel Deca just across the street. Very clean. 5-8 min drive to Children Hospital, downtown Seattle, Portage Bay, Lake Union and Eastlake. Easy bus to Amazon or Microsoft. Beautiful room  for quiet guests!! One remodeled large clean furnished studio with private bathroom and efficient kitchen.  *105 mb blast internet 100% faster for mobile devise. *Simply equipped kitchenette  with fridge, stainless steel sink, microwave oven, toaster, electric pot, coffee maker  (no conventional oven, not suitable for cooking fancy food,  just for heating or boiling  food would be fine)  *remodeled shower bath with a new vanity and toilet with clean towels and mat.  *remodeled kitchen sink, granite counter top and cabinet with instant-hot. (there is no big stove, but a microwave oven, a slow cooker, and toaster oven.  * Full size bed and a sleep sofa.  *Quiet, conveniently located in the heart of U District.  *instant hot drinking w",none,"It is located in the bustling and vibrant University district. A rare 98 out of 100 walk score. It is within five minutes' walking distance to the University of Washington. You will have access to a diverse array of restaurants, shops and activities. The apt is clean and comfortable.","It is on the 1st floor but about 4 feet above ground.   The window face the Brooklyn Ave with an open view. This is an independent studio. However, there is a door and wall to the next  room studio and the door is locked.Thus we appreciate quiet guests.","Right at the corner of Brooklyn Ave and 45th st, there are many bus lines are just a few steps away and can take you anywhere in Seattle. There are 130 restaurants within a 15 minute walk including BBQ Chicken, Mongolian Grill, Thai Food, Japanese Noodle, Greek Gyro and Bubble tea house, etc.  Coming from the airport, you either take a taxi (around $60) or an airport shuttle and tell them to get off at ""Hotel Deca"" that will make your rate cheaper for the drivers drop passengers at that hotel often, our place is on the same street within 25 feet. Or you can take the link to downtown and bus to here near 45th st NE and NE Brooklyn Ave.",https://a2.muscache.com/ac/pictures/2737f594-7a14-4d14-b98d-9eba7da3745d.jpg?interpolation=lanczos-none&size=small&output-format=jpg&output-quality=70,https://a2.muscache.com/im/pictures/2737f594-7a14-4d14-b98d-9eba7da3745d.jpg?aki_policy=medium,https://a2.muscache.com/ac/pictures/2737f594-7a14-4d14-b98d-9eba7da3745d.jpg?interpolation=lanczos-none&size=large_cover&output-format=jpg&output-quality=70,https://a2.muscache.com/ac/pictures/2737f594-7a14-4d14-b98d-9eba7da3745d.jpg?interpolation=lanczos-none&size=x_large_cover&output-format=jpg&output-quality=70,2911360,https://www.airbnb.com/users/show/2911360,Ren,2012-07-12,"Seattle, Washington, United States","I am a physicist and a Calvinist.  I like to cook and go hiking. I believe I cook pretty well for my children and my wife like the food I cook.  I also like to think and solve math problems that is probably why I got a doctorate from an Ivy League University in Physics.  I do not talk much but am very easy going. I keep updating to make sure they are safe, comfortable and updated.  My wife is probably the person who meets you most of time.  She has many positive reviews on airbnb and she is outgoing and detail oriented -- she pays more attention on cleanliness and weather you are comfortable or not. She wants me to take care of this property so this is my new experience on airbnb but she still does the final inspection to make sure the units are clean and satisfactory. I believe you will like it just like other satisfying guests.",within a few hours,100%,100%,f,"https://a2.muscache.com/ac/users/2911360/profile_pic/1394702750/original.jpg?interpolation=lanczos-none&crop=w:w;*,*&crop=h:h;*,*&resize=50:*&output-format=jpg&output-quality=70","https://a2.muscache.com/ac/users/2911360/profile_pic/1394702750/original.jpg?interpolation=lanczos-none&crop=w:w;*,*&crop=h:h;*,*&resize=225:*&output-format=jpg&output-quality=70",Ravenna,11.0,11.0,"['email', 'phone', 'reviews']",t,f,"Brooklyn Avenue Northeast, Seattle, WA 98105, United States",University District,University District,University District,Seattle,WA,98105,Seattle,"Seattle, WA",US,United States,47.661484948049086,-122.31569340276803,t,Apartment,Entire home/apt,2,1.0,0.0,1.0,Real Bed,"{Internet,""Wireless Internet"",Kitchen,""Buzzer/Wireless Intercom"",Heating,Washer,Dryer,""Smoke Detector"",""Carbon Monoxide Detector"",Essentials,Shampoo,""24-Hour Check-in"",Hangers}",,$70.00,$430.00,"$1,500.00",$100.00,$45.00,1,$15.00,2,1125,5 weeks ago,t,7,28,57,57,2016-01-04,1,2015-11-27,2015-11-27,100.0,10.0,10.0,10.0,10.0,10.0,10.0,f,,WASHINGTON,f,moderate,f,f,11,0.77
7247767,https://www.airbnb.com/rooms/7247767,20160104002432,2016-01-04,Deluxe Room/Full Bath in U District,"Private room features queen bed and full en suite bathroom. Located in University District with coffee shops, brew pubs, sprawling parks, and UW campus/Husky Stadium all walking distance. This address has a 94 walk score & transit one block away.","94 walk score conveniently located to shops, restaurants, parks, bus lines & UW. Private room and bath with shared kitchen/living room. Relax in outdoor garden or quiet loft space. This area is fun to explore.","Private room features queen bed and full en suite bathroom. Located in University District with coffee shops, brew pubs, sprawling parks, and UW campus/Husky Stadium all walking distance. This address has a 94 walk score & transit one block away. 94 walk score conveniently located to shops, restaurants, parks, bus lines & UW. Private room and bath with shared kitchen/living room. Relax in outdoor garden or quiet loft space. This area is fun to explore. Private room and bath. Shared kitchen/living/loft space and garden. Downstairs is restricted from guests. Enjoy meeting guests and eager to share the amenities of the area but also respect their privacy. We live in same dwelling but downstairs away from main floors. So much to explore and enjoy in Seattle's university district and most can be enjoyed on foot. Ethnic restaurants, coffee shops, brew pubs and markets just steps away. Stroll the beautiful ravine of Cowen park or people watch at green lake. The university has theater, museums",none,"So much to explore and enjoy in Seattle's university district and most can be enjoyed on foot. Ethnic restaurants, coffee shops, brew pubs and markets just steps away. Stroll the beautiful ravine of Cowen park or people watch at green lake. The university has theater, museums, sporting events and even kayaking. Enjoy one of the biggest farmer  market every Saturday.  Bus line one block away for greater Seattle attractions.",,Bus line one block away.,https://a0.muscache.com/ac/pictures/106940111/09387f8b_original.jpg?interpolation=lanczos-none&size=small&output-format=jpg&output-quality=70,https://a0.muscache.com/im/pictures/106940111/09387f8b_original.jpg?aki_policy=medium,https://a0.muscache.com/ac/pictures/106940111/09387f8b_original.jpg?interpolation=lanczos-none&size=large_cover&output-format=jpg&output-quality=70,https://a0.muscache.com/ac/pictures/106940111/09387f8b_original.jpg?interpolation=lanczos-none&size=x_large_cover&output-format=jpg&output-quality=70,37952534,https://www.airbnb.com/users/show/37952534,Scott And Delmis,2015-07-09,"Seattle, Washington, United States","We are a friendly family eager to share our home in the eclectic University area of Seattle. Located walking distance to shops, brew pubs, movie houses, fine dining as well as parks, lakes and the University of Washington. Also, one block to bus line for downtown fun.  Come visit",within an hour,100%,100%,t,"https://a1.muscache.com/ac/users/37952534/profile_pic/1436631965/original.jpg?interpolation=lanczos-none&crop=w:w;*,*&crop=h:h;*,*&resize=50:*&output-format=jpg&output-quality=70","https://a1.muscache.com/ac/users/37952534/profile_pic/1436631965/original.jpg?interpolation=lanczos-none&crop=w:w;*,*&crop=h:h;*,*&resize=225:*&output-format=jpg&output-quality=70",University District,2.0,2.0,"['email', 'phone', 'reviews', 'kba']",t,t,"Brooklyn Ave NE, Seattle, WA 98105, United States",,University District,University District,Seattle,WA,98105,Seattle,"Seattle, WA",US,United States,47.66852257817995,-122.3154539657994,f,House,Private room,2,1.0,1.0,1.0,Real Bed,"{TV,""Wireless Internet"",Kitchen,Heating,""Family/Kid Friendly"",""Smoke Detector"",""Carbon Monoxide Detector"",""First Aid Kit"",""Fire Extinguisher"",Essentials,Shampoo}",,$78.00,$600.00,,,,2,$20.00,2,14,yesterday,t,26,56,86,361,2016-01-04,18,2015-07-18,2016-01-01,98.0,10.0,10.0,10.0,10.0,10.0,10.0,f,,WASHINGTON,t,moderate,f,f,2,3.16
7035077,https://www.airbnb.com/rooms/7035077,20160104002432,2016-01-04,Small room w. mattress close to DT,This is a renovated house 3 miles north of Seattle DT in the heart of the famous U-District. - Small room - Own fridge/entrance - Tons of bars and restaurants within walking distance - Ravenna/Cowen park 200 feet away - Close to Green Lake,This is a renovated house 3 miles north of Seattle DT in the heart of the famous U-District. - Small room that can be furnished with a mattress and blanket/pillow - The room is adjacent to my room and both have one private entrance independent of the rest of the house - Tons of bars and restaurants within walking distance - Ravenna/Cowen park 200 feet away - Close to Green Lake,"This is a renovated house 3 miles north of Seattle DT in the heart of the famous U-District. - Small room - Own fridge/entrance - Tons of bars and restaurants within walking distance - Ravenna/Cowen park 200 feet away - Close to Green Lake This is a renovated house 3 miles north of Seattle DT in the heart of the famous U-District. - Small room that can be furnished with a mattress and blanket/pillow - The room is adjacent to my room and both have one private entrance independent of the rest of the house - Tons of bars and restaurants within walking distance - Ravenna/Cowen park 200 feet away - Close to Green Lake This is a renovated house 3 miles north of Seattle DT in the heart of the famous U-District. - Small room - Own fridge/entrance - Tons of bars and restaurants within walking distance - Ravenna/Cowen park 200 feet away - Close to Green Lake - Literally 50 feet away from a bus stop that goes straight to downtown on express lanes (71-72-73) and others that go also downtown (70, 6",none,,My room and the listed room are on the first floor of the house. The upper floor is shared by two other housemates with whom i share the kitchen.,"- Literally 50 feet away from a bus stop that goes straight to downtown on express lanes (71-72-73) and others that go also downtown (70, 66...) -  I can help you get around on weekends depending on my availability",https://a0.muscache.com/ac/pictures/89224859/28b76d55_original.jpg?interpolation=lanczos-none&size=small&output-format=jpg&output-quality=70,https://a0.muscache.com/im/pictures/89224859/28b76d55_original.jpg?aki_policy=medium,https://a0.muscache.com/ac/pictures/89224859/28b76d55_original.jpg?interpolation=lanczos-none&size=large_cover&output-format=jpg&output-quality=70,https://a0.muscache.com/ac/pictures/89224859/28b76d55_original.jpg?interpolation=lanczos-none&size=x_large_cover&output-format=jpg&output-quality=70,36882932,https://www.airbnb.com/users/show/36882932,Bilal,2015-06-27,"Seattle, Washington, United States",,,,,f,"https://a0.muscache.com/ac/users/36882932/profile_pic/1435434810/original.jpg?interpolation=lanczos-none&crop=w:w;*,*&crop=h:h;*,*&resize=50:*&output-format=jpg&output-quality=70","https://a0.muscache.com/ac/users/36882932/profile_pic/1435434810/original.jpg?interpolation=lanczos-none&crop=w:w;*,*&crop=h:h;*,*&resize=225:*&output-format=jpg&output-quality=70",,1.0,1.0,"['email', 'phone', 'google', 'jumio']",t,t,"NE 55th St, Seattle, WA 98105, United States",,University District,University District,Seattle,WA,98105,Seattle,"Seattle, WA",US,United States,47.66948569204274,-122.31455013476597,f,House,Private room,1,1.0,1.0,1.0,Futon,"{Internet,""Wireless Internet"",""Air Conditioning"",Kitchen,Heating,Washer,Dryer,Essentials}",,$30.00,$165.00,$600.00,,,1,$0.00,1,1125,today,t,30,60,90,365,2016-01-04,0,,,,,,,,,,f,,WASHINGTON,f,flexible,f,f,1,
7353834,https://www.airbnb.com/rooms/7353834,20160104002432,2016-01-04,Center UW Good WiFi Comfy 217,"New List! Walk Score of 98 out of 100--Walker's Paradise. the Ave, UW Tower, Hotel Deca just across the street. Very clean . 5-8 min drive to Children Hospital, downtown Seattle,Portage Bay, Lake Union and Eastlake. Easy bus to Amazon or Microsoft.","Large clean furnished studio on the 2nd floor corner unit with walk-in closet, private large kitchen and bathroom. *Fully equipped kitchen and dining room and full bath with towels and mat.  *Furniture include queen bed, sofa bed, shelves, floor lamp  dining table & chairs. * Share a private modem and router in a neighboring units instead of the whole building.  That means the speed is relatively fast and reliable.  *Quiet, conveniently located in the heart of U District. *New Maytag washers and dryers in the building * Controlled secure access.  * Easy access to I-5. 10 min to get to down town normally; 20+min in rush hour. Interesting! many tenants have asked me if the building is mostly empty for it is so quiet.  On the contrary, it is 95% fully occupied.  Due to the good insulation and solid structure, the sound proof is very good.  This lovely brick building, originally a classic hotel and a landmark, is in a great location at the heart of the U District but is very quiet due to g","New List! Walk Score of 98 out of 100--Walker's Paradise. the Ave, UW Tower, Hotel Deca just across the street. Very clean . 5-8 min drive to Children Hospital, downtown Seattle,Portage Bay, Lake Union and Eastlake. Easy bus to Amazon or Microsoft. Large clean furnished studio on the 2nd floor corner unit with walk-in closet, private large kitchen and bathroom. *Fully equipped kitchen and dining room and full bath with towels and mat.  *Furniture include queen bed, sofa bed, shelves, floor lamp  dining table & chairs. * Share a private modem and router in a neighboring units instead of the whole building.  That means the speed is relatively fast and reliable.  *Quiet, conveniently located in the heart of U District. *New Maytag washers and dryers in the building * Controlled secure access.  * Easy access to I-5. 10 min to get to down town normally; 20+min in rush hour. Interesting! many tenants have asked me if the building is mostly empty for it is so quiet.  On the contrary, it is 95",none,"It is located in the bustling and vibrant University district.  Only 3 min walk to campus. You will have access to a diverse array of restaurants, shops and activities.","This unit  is on the 2nd floor corner unit so it is very quiet, the  window view is a big parking lot next to the building.  There is no elevator. The wide stairs with landings make the climbing easy. Water tank under the kitchen counter has limited gallons of hot water, thus suggest if two guests staying there not to take continuous showers, wait 30 min in between showers.","Right at the corner of Brooklyn Ave and 45th st, there are many bus lines are just a few steps away and can take you anywhere in Seattle. There are 130 restaurants within a 15 minute walk including BBQ Chicken, Mongolian Grill, Thai Food, Japanese Noodle, Greek Gyro and Bubble tea house, etc.  Coming from the airport, you either take a taxi (around $60) or an airport shuttle and tell them to get off at ""Hotel Deca"" that will make your rate cheaper for the drivers drop passengers at that hotel often, our place is on the same street within 25 feet. Or you can take the link to downtown and bus to here near 45th st NE and NE Brooklyn Ave.",https://a2.muscache.com/ac/pictures/93764648/b5ba4e93_original.jpg?interpolation=lanczos-none&size=small&output-format=jpg&output-quality=70,https://a2.muscache.com/im/pictures/93764648/b5ba4e93_original.jpg?aki_policy=medium,https://a2.muscache.com/ac/pictures/93764648/b5ba4e93_original.jpg?interpolation=lanczos-none&size=large_cover&output-format=jpg&output-quality=70,https://a2.muscache.com/ac/pictures/93764648/b5ba4e93_original.jpg?interpolation=lanczos-none&size=x_large_cover&output-format=jpg&output-quality=70,3074414,https://www.airbnb.com/users/show/3074414,Melissa,2012-07-27,"Seattle, Washington, United States","Used to be a professor (Ph.D. in Political Economy), then a homeschooling mom and  a religious non profit organization founder, now like to travel, read / review books and manage properties. The best cities I like are Seattle, Florence, Sanya and Taipei.  (Taipei is chosen as the #1 out of 26 Remarkable Places For Solo Travel by BuzzFeed!  (website hidden)) We have  a few nicely furnished studios and one bedrooms condo apt conveniently located near University of Washington in Seattle with your own private kitchen and bathroom.  You will enjoy the convenient locations and quietness of all these buildings. You will also be surprised how quickly we respond to your requests as long as I am in town.  My motto is Providing Quality Places at Fair Prices and my life motto is in Philippians 4:13. ",within a few hours,80%,100%,f,"https://a2.muscache.com/ac/users/3074414/profile_pic/1408093668/original.jpg?interpolation=lanczos-none&crop=w:w;*,*&crop=h:h;*,*&resize=50:*&output-format=jpg&output-quality=70","https://a2.muscache.com/ac/users/3074414/profile_pic/1408093668/original.jpg?interpolation=lanczos-none&crop=w:w;*,*&crop=h:h;*,*&resize=225:*&output-format=jpg&output-quality=70",Ravenna,34.0,34.0,"['email', 'phone', 'reviews', 'kba']",t,t,"Brooklyn Avenue Northeast, Seattle, WA 98105, United States",University District,University District,University District,Seattle,WA,98105,Seattle,"Seattle, WA",US,United States,47.66129401149544,-122.3131820121498,t,Apartment,Entire home/apt,4,1.0,0.0,2.0,Real Bed,"{""Wireless Internet"",Kitchen,""Buzzer/Wireless Intercom"",Heating,Washer,Dryer,""Smoke Detector"",""Fire Extinguisher"",Essentials,Shampoo}",,$93.00,$595.00,"$1,795.00",$100.00,$60.00,1,$15.00,2,1125,5 weeks ago,t,0,0,0,146,2016-01-04,2,2015-08-10,2015-08-16,90.0,8.0,9.0,10.0,10.0,9.0,8.0,f,,WASHINGTON,f,moderate,f,f,34,0.41
9319891,https://www.airbnb.com/rooms/9319891,20160104002432,2016-01-04,Private bath walk UW U Village(202),"Private room in the large  quiet 2-bdr/2-baths/W/D condo. A quiet UW student stays in the other room .  Walk to UW, Ravenna park, U Village, Trail.  2 blocks to many bus line in Seattle,  4-8 min drive to Children Hospital, 15 min to downtown.","Share this spacious two bedroom apt with a UW friendly & respectful and quiet UW male student. You have your own large room with a new queen bed with a very thick and comfy memory foam mattress and private bath.  You are welcome to use the equipped kitchen and living room.  The internet connection is good too. This furnished large two bedroom apt is located in the quiet and convenient Bryant/Ravenna neighborhood. Located in a quiet cul-de-sac neighborhood but short walk to U Village and UW, this two bedroom Apartment is spacious facing the Burg Gilman trails with many trees and fresh air:  *Two Bedrooms/ Two Bathrooms  *dining table and chairs, TV and new sleeper sofa. * Equipped Kitchen   * Intercom Controlled Access.  * Washer/Dryer/Dishwasher/Microwave Oven/ Disposal in the unit  * Flat screen TV with powerful antenna receiving 60 more channels more than basic cable. * 2nd floor quiet corner with with thick dense carpet and no pets in the building. * Private Deck shared only with yo","Private room in the large  quiet 2-bdr/2-baths/W/D condo. A quiet UW student stays in the other room .  Walk to UW, Ravenna park, U Village, Trail.  2 blocks to many bus line in Seattle,  4-8 min drive to Children Hospital, 15 min to downtown. Share this spacious two bedroom apt with a UW friendly & respectful and quiet UW male student. You have your own large room with a new queen bed with a very thick and comfy memory foam mattress and private bath.  You are welcome to use the equipped kitchen and living room.  The internet connection is good too. This furnished large two bedroom apt is located in the quiet and convenient Bryant/Ravenna neighborhood. Located in a quiet cul-de-sac neighborhood but short walk to U Village and UW, this two bedroom Apartment is spacious facing the Burg Gilman trails with many trees and fresh air:  *Two Bedrooms/ Two Bathrooms  *dining table and chairs, TV and new sleeper sofa. * Equipped Kitchen   * Intercom Controlled Access.  * Washer/Dryer/Dishwasher/",none,"It is at a quiet cul-de-sac. However, it is conveniently located close to the UW, parks, hiking trails, shopping center (with so many great restaurant especially Din Tai Fung), and public transit. You can also rent one of my bikes to take the Burke Gilman trail to Lake Washington.","This is on the 2nd floor quiet corner with no elevator. The windows face East toward the U Village. It is bright during daytime. The owner will pay for the water, sewer, electricity and solid waste. The tenant use electricity judiciously.  For long term guests, if the electricity usage is over $100 per month for two guests, the guests will pay the difference.  This is to discourage the casual waste of energy. For long term guests, the guest will provide their own additional living essentials (such as shampoo, toilet paper, etc.), after the initially given essentials have been used. Prefer just rent to one person.","If you come from the airport, you may either take the cab or take the link (train) to downtown Seattle. Then take the bus 71,72,73 to U district. Our place is just a couple blocks from the 25th ave where the University Village Shopping Center is, there are many bus lines to literally take you to anywhere in Seattle.",https://a2.muscache.com/ac/pictures/4d01acbf-611b-49b0-ba50-de3cfff3c9e1.jpg?interpolation=lanczos-none&size=small&output-format=jpg&output-quality=70,https://a2.muscache.com/im/pictures/4d01acbf-611b-49b0-ba50-de3cfff3c9e1.jpg?aki_policy=medium,https://a2.muscache.com/ac/pictures/4d01acbf-611b-49b0-ba50-de3cfff3c9e1.jpg?interpolation=lanczos-none&size=large_cover&output-format=jpg&output-quality=70,https://a2.muscache.com/ac/pictures/4d01acbf-611b-49b0-ba50-de3cfff3c9e1.jpg?interpolation=lanczos-none&size=x_large_cover&output-format=jpg&output-quality=70,2911360,https://www.airbnb.com/users/show/2911360,Ren,2012-07-12,"Seattle, Washington, United States","I am a physicist and a Calvinist.  I like to cook and go hiking. I believe I cook pretty well for my children and my wife like the food I cook.  I also like to think and solve math problems that is probably why I got a doctorate from an Ivy League University in Physics.  I do not talk much but am very easy going. I keep updating to make sure they are safe, comfortable and updated.  My wife is probably the person who meets you most of time.  She has many positive reviews on airbnb and she is outgoing and detail oriented -- she pays more attention on cleanliness and weather you are comfortable or not. She wants me to take care of this property so this is my new experience on airbnb but she still does the final inspection to make sure the units are clean and satisfactory. I believe you will like it just like other satisfying guests.",within a few hours,100%,100%,f,"https://a2.muscache.com/ac/users/2911360/profile_pic/1394702750/original.jpg?interpolation=lanczos-none&crop=w:w;*,*&crop=h:h;*,*&resize=50:*&output-format=jpg&output-quality=70","https://a2.muscache.com/ac/users/2911360/profile_pic/1394702750/original.jpg?interpolation=lanczos-none&crop=w:w;*,*&crop=h:h;*,*&resize=225:*&output-format=jpg&output-quality=70",Ravenna,11.0,11.0,"['email', 'phone', 'reviews']",t,f,"Ravenna Avenue Northeast, Seattle, WA 98105, United States",University District,University District,University District,Seattle,WA,98105,Seattle,"Seattle, WA",US,United States,47.66317893273352,-122.30399039504596,t,Apartment,Private room,1,1.0,1.0,1.0,Real Bed,"{TV,""Wireless Internet"",Kitchen,""Buzzer/Wireless Intercom"",Heating,Washer,Dryer,""Smoke Detector"",""Fire Extinguisher"",Essentials,Shampoo,""Lock on Bedroom Door"",Hangers,""Laptop Friendly Workspace""}",,$65.00,$420.00,"$1,295.00",$150.00,$60.00,1,$15.00,1,1125,2 weeks ago,t,27,27,27,278,2016-01-04,0,,,,,,,,,,f,,WASHINGTON,f,moderate,f,f,11,
6575407,https://www.airbnb.com/rooms/6575407,20160104002432,2016-01-04,Room with Downtown Seattle Views!,One bedroom available in a 2 bedroom condo in the University District. Building is very secure and safe. Bedroom has its own bathroom with a shower.,,One bedroom available in a 2 bedroom condo in the University District. Building is very secure and safe. Bedroom has its own bathroom with a shower.,none,,,,https://a2.muscache.com/ac/pictures/82783753/35c002c7_original.jpg?interpolation=lanczos-none&size=small&output-format=jpg&output-quality=70,https://a2.muscache.com/im/pictures/82783753/35c002c7_original.jpg?aki_policy=medium,https://a2.muscache.com/ac/pictures/82783753/35c002c7_original.jpg?interpolation=lanczos-none&size=large_cover&output-format=jpg&output-quality=70,https://a2.muscache.com/ac/pictures/82783753/35c002c7_original.jpg?interpolation=lanczos-none&size=x_large_cover&output-format=jpg&output-quality=70,20181500,https://www.airbnb.com/users/show/20181500,Shayna,2014-08-17,"Seattle, Washington, United States",,within an hour,100%,100%,f,"https://a2.muscache.com/ac/users/20181500/profile_pic/1432767715/original.jpg?interpolation=lanczos-none&crop=w:w;*,*&crop=h:h;*,*&resize=50:*&output-format=jpg&output-quality=70","https://a2.muscache.com/ac/users/20181500/profile_pic/1432767715/original.jpg?interpolation=lanczos-none&crop=w:w;*,*&crop=h:h;*,*&resize=225:*&output-format=jpg&output-quality=70",University District,1.0,1.0,"['email', 'phone', 'facebook', 'reviews', 'jumio']",t,t,"8th Avenue Northeast, Seattle, WA 98105, United States",University District,University District,University District,Seattle,WA,98105,Seattle,"Seattle, WA",US,United States,47.6640470302401,-122.31821953257312,t,Condominium,Private room,1,1.0,1.0,1.0,Real Bed,"{TV,""Cable TV"",Internet,""Wireless Internet"",""Air Conditioning"",""Wheelchair Accessible"",Pool,Kitchen,""Free Parking on Premises"",Doorman,Gym,""Elevator in Building"",""Indoor Fireplace"",""Buzzer/Wireless Intercom"",Heating,Washer,Dryer,""Smoke Detector"",""Carbon Monoxide Detector"",""First Aid Kit"",""Safety Card"",""Fire Extinguisher"",Essentials,Shampoo}",,$120.00,,,,,1,$0.00,1,1125,5 weeks ago,t,30,60,90,365,2016-01-04,1,2015-09-25,2015-09-25,100.0,10.0,8.0,10.0,10.0,10.0,10.0,f,,WASHINGTON,f,flexible,f,f,1,0.29
7550234,https://www.airbnb.com/rooms/7550234,20160104002432,2016-01-04,Blue Nautical Room w/Breakfast,"This room is spacious, clean, peaceful and comfortable only a few blocks away from the University, 10 minutes on the bus to Downtown. Some of the best coffee shops, movie theaters, bookshops and ethnic restaurants are in the University District.","Your room is up the stairs, 2nd door on the left. The Bathroom light is on the wall to the left, outside the door. It is furnished with a full bed, small fan and closet space with hangers.  There are 3 rooms plus myself that share the upstairs bathroom. Please keep that in mind. Please also turn on small fan during and or after shower to cut down moisture buildup.","This room is spacious, clean, peaceful and comfortable only a few blocks away from the University, 10 minutes on the bus to Downtown. Some of the best coffee shops, movie theaters, bookshops and ethnic restaurants are in the University District. Your room is up the stairs, 2nd door on the left. The Bathroom light is on the wall to the left, outside the door. It is furnished with a full bed, small fan and closet space with hangers.  There are 3 rooms plus myself that share the upstairs bathroom. Please keep that in mind. Please also turn on small fan during and or after shower to cut down moisture buildup. Guests have access to kitchen, living and dining rooms, laundry, bathrooms, etc. Basically the entire home.  Please refrain from buying and storing multiple days groceries. There is just not enough fridge space to accommodate all house guests private food plus communal breakfast. Depending on my schedule I would love to meet the guests and help them get acquainted with the city. I wil",none,The University district neighborhood is amazing. Alive with different types of people throughout the year. A multitude of restaurants and shops plus amazing proximity to downtown Seattle and other popular local neighborhoods. Super easy public transportation in and out of the area makes the UD a prime location.,Ethan is the on site host at the house near UW. He works closely with Dario on a daily basis to ensure the most comfortable stay for our guests. Any questions can be directed towards both Ethan or Dario.,"There are a multitude of ways to travel to our location; easiet; drive, UBER or taxi  (parking is on the street) * FROM AIRPORT* - rental car or taxi (no uber) - light rail to downtow(URL HIDDEN)(convention center stop within tunnel) - transf(phone number hidden) (depending on day & time) - depart bus within just a few blocks of our location no which bus you take. All busses to downtown take only 10-15min depending on traffic. The trip by car from the airport can take 30-60min depending on traffic if you drive. The light rail takes about 30min to reach downtown from the airport.",https://a1.muscache.com/ac/pictures/98201664/1caa1746_original.jpg?interpolation=lanczos-none&size=small&output-format=jpg&output-quality=70,https://a1.muscache.com/im/pictures/98201664/1caa1746_original.jpg?aki_policy=medium,https://a1.muscache.com/ac/pictures/98201664/1caa1746_original.jpg?interpolation=lanczos-none&size=large_cover&output-format=jpg&output-quality=70,https://a1.muscache.com/ac/pictures/98201664/1caa1746_original.jpg?interpolation=lanczos-none&size=x_large_cover&output-format=jpg&output-quality=70,26967583,https://www.airbnb.com/users/show/26967583,Dario,2015-01-30,"Seattle, Washington, United States","Welcome, my name is Dario.

I was born in Sicily and I moved to Seattle eight years ago. I am an Italian teacher and the director of Boys Tribe Project, an after school program to help boys develop emotional intelligence, learn how to play rough without hurting each other, and be creative with imaginative play and storytelling.

I love to cook Italian homemade food, traveling, personal growth, psychology, jazz and blues, foreign movies, interior design, modern dance, storytelling, art, and culture in general. I love hosting people, I used to host couch surfers and I also was traveling for a few years. The thing I like the most is to hear and to share stories from people all over the world.",within an hour,98%,100%,f,"https://a2.muscache.com/ac/users/26967583/profile_pic/1427823555/original.jpg?interpolation=lanczos-none&crop=w:w;*,*&crop=h:h;*,*&resize=50:*&output-format=jpg&output-quality=70","https://a2.muscache.com/ac/users/26967583/profile_pic/1427823555/original.jpg?interpolation=lanczos-none&crop=w:w;*,*&crop=h:h;*,*&resize=225:*&output-format=jpg&output-quality=70",University District,21.0,21.0,"['email', 'phone', 'facebook', 'reviews']",t,f,"11th Avenue Northeast, Seattle, WA 98105, United States",University District,University District,University District,Seattle,WA,98105,Seattle,"Seattle, WA",US,United States,47.66871492932789,-122.31631621598132,t,House,Private room,2,1.0,1.0,1.0,Real Bed,"{Internet,""Wireless Internet"",Kitchen,Breakfast,Heating,""Family/Kid Friendly"",Washer,Dryer,""Smoke Detector"",""Carbon Monoxide Detector"",""Fire Extinguisher"",Essentials,Shampoo}",,$40.00,,,$500.00,$10.00,1,$15.00,1,1125,2 days ago,t,28,58,86,86,2016-01-04,23,2015-08-03,2015-12-20,94.0,9.0,10.0,10.0,10.0,9.0,9.0,f,,WASHINGTON,t,strict,f,f,21,4.45
8939736,https://www.airbnb.com/rooms/8939736,20160104002432,2016-01-04,The Fireplace Room w/Breakfast,"This room is spacious, clean and comfortable only two blocks away from the University & 10 minutes on the bus to Downtown. Some of the best coffee shops, movie theaters, bookshops and ethnic restaurants are in the University District.","Your room is on the main floor of the house. Upon entry it will be directly to the left of the main stairs, with your bedroom being the door on the left.  It is furnished with a full/XL sized bed, small fan, reading lamps, reclining chair, private access to the front porch and closet space with hangers.  The bedrooms don't have individual locks on the doors. Out of 500+ guests we have hosted in our 4 houses we have never had a single issue with security. Your bathroom is actually located in the basement. Please use the hallway to the right of the main staircase. Take a left away from the kitchen and head down the stairs with the bathroom being at the base of that staircase.  The light switch is on the outside of the door on the left-hand side.","This room is spacious, clean and comfortable only two blocks away from the University & 10 minutes on the bus to Downtown. Some of the best coffee shops, movie theaters, bookshops and ethnic restaurants are in the University District. Your room is on the main floor of the house. Upon entry it will be directly to the left of the main stairs, with your bedroom being the door on the left.  It is furnished with a full/XL sized bed, small fan, reading lamps, reclining chair, private access to the front porch and closet space with hangers.  The bedrooms don't have individual locks on the doors. Out of 500+ guests we have hosted in our 4 houses we have never had a single issue with security. Your bathroom is actually located in the basement. Please use the hallway to the right of the main staircase. Take a left away from the kitchen and head down the stairs with the bathroom being at the base of that staircase.  The light switch is on the outside of the door on the left-hand side. Guests have",none,The University district neighborhood is amazing. Alive with different types of people throughout the year.  A multitude of restaurants and shops plus amazing proximity to downtown Seattle and other popular local neighborhoods.  The North entrance to the University of Washington is just 2 blocks south & University Way is also just 2 blocks west of our location. Super easy public transportation in and out of the area makes the UD a prime location.,Ethan is the on site host at Darios' house in the U-DISTRICT near the UW. He works closely with Dario on a daily basis to ensure the most comfortable stay for our guests. Any questions can be directed towards both Ethan or Dario.,"There are a multitude of ways to travel to our location; easiet; drive, UBER or taxi  (parking is through the alley behind the house.) * FROM AIRPORT* - rental car or taxi (no uber) - light rail to downtow(URL HIDDEN)(convention center stop within tunnel) - transfer to bus:(#72, #72x, or other) (depending on day & time) - depart bus within just a few blocks of our location no matter which bus you take. All busses to downtown take only 10-15min depending on traffic. The trip by car from the airport can take 30-60min depending on traffic if you drive. The light rail takes about 30min to reach downtown from the airport.",https://a2.muscache.com/ac/pictures/5959ead6-00a7-43fd-81d1-baf7148d66ba.jpg?interpolation=lanczos-none&size=small&output-format=jpg&output-quality=70,https://a2.muscache.com/im/pictures/5959ead6-00a7-43fd-81d1-baf7148d66ba.jpg?aki_policy=medium,https://a2.muscache.com/ac/pictures/5959ead6-00a7-43fd-81d1-baf7148d66ba.jpg?interpolation=lanczos-none&size=large_cover&output-format=jpg&output-quality=70,https://a2.muscache.com/ac/pictures/5959ead6-00a7-43fd-81d1-baf7148d66ba.jpg?interpolation=lanczos-none&size=x_large_cover&output-format=jpg&output-quality=70,26967583,https://www.airbnb.com/users/show/26967583,Dario,2015-01-30,"Seattle, Washington, United States","Welcome, my name is Dario.

I was born in Sicily and I moved to Seattle eight years ago. I am an Italian teacher and the director of Boys Tribe Project, an after school program to help boys develop emotional intelligence, learn how to play rough without hurting each other, and be creative with imaginative play and storytelling.

I love to cook Italian homemade food, traveling, personal growth, psychology, jazz and blues, foreign movies, interior design, modern dance, storytelling, art, and culture in general. I love hosting people, I used to host couch surfers and I also was traveling for a few years. The thing I like the most is to hear and to share stories from people all over the world.",within an hour,98%,100%,f,"https://a2.muscache.com/ac/users/26967583/profile_pic/1427823555/original.jpg?interpolation=lanczos-none&crop=w:w;*,*&crop=h:h;*,*&resize=50:*&output-format=jpg&output-quality=70","https://a2.muscache.com/ac/users/26967583/profile_pic/1427823555/original.jpg?interpolation=lanczos-none&crop=w:w;*,*&crop=h:h;*,*&resize=225:*&output-format=jpg&output-quality=70",University District,21.0,21.0,"['email', 'phone', 'facebook', 'reviews']",t,f,"16th Ave NE, Seattle, WA 98105, United States",,University District,University District,Seattle,WA,98105,Seattle,"Seattle, WA",US,United States,47.663122285899576,-122.30983960674465,f,House,Private room,2,1.0,1.0,1.0,Real Bed,"{Internet,""Wireless Internet"",Kitchen,""Free Parking on Premises"",Breakfast,Heating,""Smoke Detector"",""Carbon Monoxide Detector"",""Fire Extinguisher"",Essentials,Shampoo}",,$43.00,,,$500.00,$10.00,1,$15.00,1,1125,3 days ago,t,1,21,49,324,2016-01-04,9,2015-11-09,2015-12-23,96.0,10.0,10.0,10.0,9.0,10.0,10.0,f,,WASHINGTON,t,strict,f,f,21,4.74
7247720,https://www.airbnb.com/rooms/7247720,20160104002432,2016-01-04,Standard room with 3/4 bath by UW,"Standard room has full bed with 3/4 bath.  Enjoy University District coffee shops, brew pubs, sprawling parks, UW campus/Huskies stadium all on foot, and walk score of 94. Bus lines 1 block away for city exploration.",,"Standard room has full bed with 3/4 bath.  Enjoy University District coffee shops, brew pubs, sprawling parks, UW campus/Huskies stadium all on foot, and walk score of 94. Bus lines 1 block away for city exploration. Upstairs community spaces are all shared. Basement is off limits When we are home, we're available to give information about local activities. Walking distance to several bus lines that reach most of the city. We have a growing son",none,,We have a growing son,Walking distance to several bus lines that reach most of the city.,https://a2.muscache.com/ac/pictures/106939691/00ffd6ee_original.jpg?interpolation=lanczos-none&size=small&output-format=jpg&output-quality=70,https://a2.muscache.com/im/pictures/106939691/00ffd6ee_original.jpg?aki_policy=medium,https://a2.muscache.com/ac/pictures/106939691/00ffd6ee_original.jpg?interpolation=lanczos-none&size=large_cover&output-format=jpg&output-quality=70,https://a2.muscache.com/ac/pictures/106939691/00ffd6ee_original.jpg?interpolation=lanczos-none&size=x_large_cover&output-format=jpg&output-quality=70,37952534,https://www.airbnb.com/users/show/37952534,Scott And Delmis,2015-07-09,"Seattle, Washington, United States","We are a friendly family eager to share our home in the eclectic University area of Seattle. Located walking distance to shops, brew pubs, movie houses, fine dining as well as parks, lakes and the University of Washington. Also, one block to bus line for downtown fun.  Come visit",within an hour,100%,100%,t,"https://a1.muscache.com/ac/users/37952534/profile_pic/1436631965/original.jpg?interpolation=lanczos-none&crop=w:w;*,*&crop=h:h;*,*&resize=50:*&output-format=jpg&output-quality=70","https://a1.muscache.com/ac/users/37952534/profile_pic/1436631965/original.jpg?interpolation=lanczos-none&crop=w:w;*,*&crop=h:h;*,*&resize=225:*&output-format=jpg&output-quality=70",University District,2.0,2.0,"['email', 'phone', 'reviews', 'kba']",t,t,"Brooklyn Avenue Northeast, Seattle, WA 98105, United States",University District,University District,University District,Seattle,WA,98105,Seattle,"Seattle, WA",US,United States,47.66833787980445,-122.3151859508812,t,House,Private room,2,1.0,1.0,1.0,Real Bed,"{""Cable TV"",""Wireless Internet"",Kitchen,Heating,""Family/Kid Friendly"",""Smoke Detector"",""Carbon Monoxide Detector"",""First Aid Kit"",""Fire Extinguisher"",Essentials,Shampoo}",,$70.00,$500.00,,,,2,$20.00,2,10,yesterday,t,28,58,88,363,2016-01-04,18,2015-07-15,2015-11-29,99.0,10.0,10.0,10.0,10.0,10.0,10.0,f,,WASHINGTON,t,moderate,f,f,2,3.1
1786923,https://www.airbnb.com/rooms/1786923,20160104002432,2016-01-04,Interns-New available Walk to UW 41,"It has a Walk Score of 100--Walker's Paradise. remodeled. The Ave, UW Tower, Hotel Deca just across the street. Very clean . 5-8 min drive to Children Hospital, downtown Seattle,Portage Bay, Lake Union and Eastlake.  Location   在拐角處巴士線路帶您在西雅圖的任何地方｡","A very clean and furnished one bedroom apartments on 2nd floor  in a quiet  corner and a quiet building with only a 3-5 minute walk away from the University of Washington. It is located near 42nd St NE and 11 Ave. University Way is just two blocks over. Trader Joes, Safeway, Movie Theater, and a variety of diverse restaurants are a five minute walk away. Easy access to I-5. 10 min to get to down town normally; 20+min in rush hour. $8 per day parking in our own lot if there is a available space.  * Router and modem inside the unit for fast wifi acess. * A full private bathroom with a new stone counter top vanity and a fully equipped kitchen with a full-size fridge and a range. *Furniture includes one a new real queen bed and beddings, a twin bed with silk-like fitted sheet, a comfy light pink sofa, comforter and duvet, pillow and pillow case, a coffee table, TV and TV stand, dresser and lamp,towels and soap are provided, *Flat screen TV with powerful antenna receiving 60 more channels m","It has a Walk Score of 100--Walker's Paradise. remodeled. The Ave, UW Tower, Hotel Deca just across the street. Very clean . 5-8 min drive to Children Hospital, downtown Seattle,Portage Bay, Lake Union and Eastlake.  Location   在拐角處巴士線路帶您在西雅圖的任何地方｡ A very clean and furnished one bedroom apartments on 2nd floor  in a quiet  corner and a quiet building with only a 3-5 minute walk away from the University of Washington. It is located near 42nd St NE and 11 Ave. University Way is just two blocks over. Trader Joes, Safeway, Movie Theater, and a variety of diverse restaurants are a five minute walk away. Easy access to I-5. 10 min to get to down town normally; 20+min in rush hour. $8 per day parking in our own lot if there is a available space.  * Router and modem inside the unit for fast wifi acess. * A full private bathroom with a new stone counter top vanity and a fully equipped kitchen with a full-size fridge and a range. *Furniture includes one a new real queen bed and beddings, a twin ",none,"It is located in the bustling and vibrant University district.  You will have access to a diverse array of restaurants, shops and activities.","It is on the 2nd floor quiet corner. Please refer to the house manual located in your itinerary for the check in and out procedures as well as additional important information.  Parking in our lot is $8-12 per day, if you're interested in a monthly pass that is cheaper per day, please contact me.","Right at the corner of 42nd St and 11th ave NE and within five minutes' walking distance to the University of Washington. Many bus lines are just a few steps away and can take you anywhere in Seattle. Many buslines take you to anywhere as well as Microsoft connector stop. Only one bus no transfer needed to go to Amazon. We have quite a few guests work at Amazon for interns, 9 min drive or 17 min bus ride there.  10 min bike ride or bus ride to the beautiful Green Lake or Wallingford.   There are 130 restaurants within a 15 minute walk including BBQ Chicken, Mongolian Grill, Thai Food, Japanese Noodle, Greek Gyro and Bubble tea house, etc.",https://a0.muscache.com/ac/pictures/66896823/e40c8ce5_original.jpg?interpolation=lanczos-none&size=small&output-format=jpg&output-quality=70,https://a0.muscache.com/im/pictures/66896823/e40c8ce5_original.jpg?aki_policy=medium,https://a0.muscache.com/ac/pictures/66896823/e40c8ce5_original.jpg?interpolation=lanczos-none&size=large_cover&output-format=jpg&output-quality=70,https://a0.muscache.com/ac/pictures/66896823/e40c8ce5_original.jpg?interpolation=lanczos-none&size=x_large_cover&output-format=jpg&output-quality=70,3074414,https://www.airbnb.com/users/show/3074414,Melissa,2012-07-27,"Seattle, Washington, United States","Used to be a professor (Ph.D. in Political Economy), then a homeschooling mom and  a religious non profit organization founder, now like to travel, read / review books and manage properties. The best cities I like are Seattle, Florence, Sanya and Taipei.  (Taipei is chosen as the #1 out of 26 Remarkable Places For Solo Travel by BuzzFeed!  (website hidden)) We have  a few nicely furnished studios and one bedrooms condo apt conveniently located near University of Washington in Seattle with your own private kitchen and bathroom.  You will enjoy the convenient locations and quietness of all these buildings. You will also be surprised how quickly we respond to your requests as long as I am in town.  My motto is Providing Quality Places at Fair Prices and my life motto is in Philippians 4:13. ",within a few hours,80%,100%,f,"https://a2.muscache.com/ac/users/3074414/profile_pic/1408093668/original.jpg?interpolation=lanczos-none&crop=w:w;*,*&crop=h:h;*,*&resize=50:*&output-format=jpg&output-quality=70","https://a2.muscache.com/ac/users/3074414/profile_pic/1408093668/original.jpg?interpolation=lanczos-none&crop=w:w;*,*&crop=h:h;*,*&resize=225:*&output-format=jpg&output-quality=70",Ravenna,34.0,34.0,"['email', 'phone', 'reviews', 'kba']",t,t,"11th Avenue Northeast, Seattle, WA 98105, United States",University District,University District,University District,Seattle,WA,98105,Seattle,"Seattle, WA",US,United States,47.65836315994907,-122.31800632642232,t,Apartment,Entire home/apt,3,1.0,1.0,2.0,Real Bed,"{TV,""Cable TV"",Internet,""Wireless Internet"",Kitchen,Heating,Washer,Dryer,Essentials}",,$90.00,$695.00,"$1,895.00",$150.00,$60.00,1,$20.00,2,1125,3 weeks ago,t,14,44,74,349,2016-01-04,9,2014-03-30,2015-09-30,93.0,9.0,10.0,9.0,10.0,9.0,9.0,f,,WASHINGTON,f,moderate,f,f,34,0.42
7649837,https://www.airbnb.com/rooms/7649837,20160104002432,2016-01-04,"Clean, New, Upscale Studio Near UW","Fresh, comfy, welcoming, simplistic and artistic studio equipped with all that you need after a day of adventure or work. 10 minutes walk to UW, 10 minutes uber ride to downtown; 5 minutes walk to Trader Joes.","This is a studio with a full bed and a sofa bed. It easily sleeps two, but if you want three is also doable :)","Fresh, comfy, welcoming, simplistic and artistic studio equipped with all that you need after a day of adventure or work. 10 minutes walk to UW, 10 minutes uber ride to downtown; 5 minutes walk to Trader Joes. This is a studio with a full bed and a sofa bed. It easily sleeps two, but if you want three is also doable :) Feel free to use the rooftop; the views are amazing. There is also a 24 hour gym on the first floor. You have full access to the studio during your stay. I will meet you with your for picking up and dropping off keys if I am in Seattle. If not, I will need you to pick up and drop off the keys from a nearby cafe. This is a friendly and safe neighborhood on the west side of the University District. A 8-10 dollar uber ride to pretty much everything. Routes (PHONE NUMBER HIDDEN) o (to the North), forty four (to Wallingford) within 3 minutes walk. Route sixty six (to Downtown) within 7 minutes walk. No parking, but the Trader Joe's parking lot offers some good all night parki",none,This is a friendly and safe neighborhood on the west side of the University District. A 8-10 dollar uber ride to pretty much everything.,"Feel free to ask me about recommendations, I'd love to help! ","Routes (PHONE NUMBER HIDDEN) o (to the North), forty four (to Wallingford) within 3 minutes walk. Route sixty six (to Downtown) within 7 minutes walk. No parking, but the Trader Joe's parking lot offers some good all night parking deals. Uber is super convenient in Seattle.",https://a0.muscache.com/ac/pictures/97137549/40e1763d_original.jpg?interpolation=lanczos-none&size=small&output-format=jpg&output-quality=70,https://a0.muscache.com/im/pictures/97137549/40e1763d_original.jpg?aki_policy=medium,https://a0.muscache.com/ac/pictures/97137549/40e1763d_original.jpg?interpolation=lanczos-none&size=large_cover&output-format=jpg&output-quality=70,https://a0.muscache.com/ac/pictures/97137549/40e1763d_original.jpg?interpolation=lanczos-none&size=x_large_cover&output-format=jpg&output-quality=70,11186435,https://www.airbnb.com/users/show/11186435,Luyan,2014-01-10,"Beijing, Beijing, China",I'm an undergraduate student at the University of Washington studying business and photography.,within a few hours,60%,100%,f,"https://a0.muscache.com/ac/users/11186435/profile_pic/1399273000/original.jpg?interpolation=lanczos-none&crop=w:w;*,*&crop=h:h;*,*&resize=50:*&output-format=jpg&output-quality=70","https://a0.muscache.com/ac/users/11186435/profile_pic/1399273000/original.jpg?interpolation=lanczos-none&crop=w:w;*,*&crop=h:h;*,*&resize=225:*&output-format=jpg&output-quality=70",University District,1.0,1.0,"['email', 'phone', 'facebook', 'reviews', 'jumio']",t,t,"8th Avenue Northeast, Seattle, WA 98105, United States",University District,University District,University District,Seattle,WA,98105,Seattle,"Seattle, WA",US,United States,47.6610967060518,-122.31877397999848,t,Apartment,Entire home/apt,3,1.0,0.0,2.0,Real Bed,"{TV,Internet,""Wireless Internet"",Kitchen,Gym,""Elevator in Building"",Heating,Washer,Dryer,""Smoke Detector"",""Carbon Monoxide Detector"",Essentials,Shampoo,Hangers,""Hair Dryer"",""Laptop Friendly Workspace""}",,$90.00,$700.00,,,,1,$0.00,2,1125,2 weeks ago,t,25,55,84,84,2016-01-04,9,2015-08-03,2015-09-21,87.0,9.0,8.0,8.0,9.0,9.0,8.0,f,,WASHINGTON,f,strict,f,f,1,1.74
3610724,https://www.airbnb.com/rooms/3610724,20160104002432,2016-01-04,Cozy Apartment near UW ,"This cozy one bedroom apartment is perfect for 1-2 people. Short walking distance to shops, restaurants, parks and trails. Easy access to freeways and bus lines. Quiet neighborhood and great amenities all around! PLEASE BE SURE TO READ ENTIRE LISTING to make sure it is a right fit for you and please feel free to ask any questions I have not yet answered on the page.","Clean and cozy and amazing location! It's a one bedroom apartment with an open kitchen and living room.  *WIFI available *Free use of kitchen space to prepare meals; help yourself to BREAKFAST items such as milk & cereal or yogurt, fruit if available (I leave tea, oatmeal, honey and granola bars or the like on the counter and milk and/or yogurt in the fridge for you). You are welcome to use salt, pepper and olive oil to cook. Anything else in the kitchen PLEASE ask before using/consuming.  *I do not own or wish to own a t.v but there is WiFi in the apartment so that you are able to connect with your phone/laptop/tablet. There are books and magazines that you are welcome to read.  *I ask that you DO NOT USE the RECORD PLAYER in the living room but there is an old school cassette player/radio that you can use to listen to news/music.","This cozy one bedroom apartment is perfect for 1-2 people. Short walking distance to shops, restaurants, parks and trails. Easy access to freeways and bus lines. Quiet neighborhood and great amenities all around! PLEASE BE SURE TO READ ENTIRE LISTING to make sure it is a right fit for you and please feel free to ask any questions I have not yet answered on the page. Clean and cozy and amazing location! It's a one bedroom apartment with an open kitchen and living room.  *WIFI available *Free use of kitchen space to prepare meals; help yourself to BREAKFAST items such as milk & cereal or yogurt, fruit if available (I leave tea, oatmeal, honey and granola bars or the like on the counter and milk and/or yogurt in the fridge for you). You are welcome to use salt, pepper and olive oil to cook. Anything else in the kitchen PLEASE ask before using/consuming.  *I do not own or wish to own a t.v but there is WiFi in the apartment so that you are able to connect with your phone/laptop/tablet. The",none,"It's quiet for being so close to the University of Washington. The Burke-Gilman trail is a 2 minute walk away which takes you to several parks. Green Lake is a nice jog away or a short bus ride. Uvillage shopping center is a 5 minute walk and ""the Ave"" with thrift shops, restaurants and much more is a 15 minute walk away.",There is a heater in the bedroom that you can use if it is extremely cold HOWEVER PLEASE DON'T LEAVE IT ON ALL DAY/NIGHT. DON'T FORGET TO TURN IT OFF WHEN YOU LEAVE THE APARTMENT AT ANY TIME.  ,Bus lines to downtown and other locations are a short walk away! There are also bike rental services located a 5 minute walk away. Lyft drivers are available in this area as well as über and if you are driving the freeway entrances are a short drive away ,https://a1.muscache.com/ac/pictures/51374291/a23fd6f5_original.jpg?interpolation=lanczos-none&size=small&output-format=jpg&output-quality=70,https://a1.muscache.com/im/pictures/51374291/a23fd6f5_original.jpg?aki_policy=medium,https://a1.muscache.com/ac/pictures/51374291/a23fd6f5_original.jpg?interpolation=lanczos-none&size=large_cover&output-format=jpg&output-quality=70,https://a1.muscache.com/ac/pictures/51374291/a23fd6f5_original.jpg?interpolation=lanczos-none&size=x_large_cover&output-format=jpg&output-quality=70,1204406,https://www.airbnb.com/users/show/1204406,Mariel,2011-09-24,"Seattle, Washington, United States","I'm from Seattle.  I love to read, try new food, meet new people and I have a passion for traveling and learning. I am a student at the University of Washington and have lived in Washington for about 25 years now but I was born in Mexico. I grew up learning both English and Spanish which cultivated my love for languages and I hope to become fluent in a few more some day! ",within an hour,100%,100%,f,"https://a2.muscache.com/ac/users/1204406/profile_pic/1427945506/original.jpg?interpolation=lanczos-none&crop=w:w;*,*&crop=h:h;*,*&resize=50:*&output-format=jpg&output-quality=70","https://a2.muscache.com/ac/users/1204406/profile_pic/1427945506/original.jpg?interpolation=lanczos-none&crop=w:w;*,*&crop=h:h;*,*&resize=225:*&output-format=jpg&output-quality=70",University District,1.0,1.0,"['email', 'phone', 'facebook', 'reviews']",t,f,"Ravenna Avenue Northeast, Seattle, WA 98105, United States",University District,University District,University District,Seattle,WA,98105,Seattle,"Seattle, WA",US,United States,47.664423566404345,-122.3032118919272,t,Apartment,Entire home/apt,2,1.0,1.0,1.0,Real Bed,"{Internet,""Wireless Internet"",Kitchen,""Free Parking on Premises"",Breakfast,Heating,""Safety Card"",Essentials,Shampoo,Hangers,""Hair Dryer"",Iron}",,$85.00,,,,$15.00,2,$10.00,1,7,today,t,26,56,86,361,2016-01-04,62,2014-09-12,2016-01-01,91.0,9.0,10.0,10.0,10.0,9.0,9.0,f,,WASHINGTON,f,strict,f,f,1,3.88
7988337,https://www.airbnb.com/rooms/7988337,20160104002432,2016-01-04,Charming 1920s Unit in U-District,"This charming 1920s unit in the U-District has old world charm but modern amenities. From the large living room windows, you get plenty of natural light, a view of the University of Washington and ""the Ave"" (the main street for eateries and shops in the University District). This unit is located in a quiet building which affords its residents a lot of privacy while having close access to major bus lines, daytime and late night eateries, the waterfront, and Burke-Gilman hiking trail.","This is a great space to be close to the city's landmarks with access to immediate needs while having your own refuge for a relaxing stay. Whether you're attending a graduation at UW, visiting family, attending a conference, touring Seattle, and/or exploring the region's vibrant food scene, you'll have a great space to come home to at the end of the day and a host who is happy to add some personal touches to accommodate to your needs.","This charming 1920s unit in the U-District has old world charm but modern amenities. From the large living room windows, you get plenty of natural light, a view of the University of Washington and ""the Ave"" (the main street for eateries and shops in the University District). This unit is located in a quiet building which affords its residents a lot of privacy while having close access to major bus lines, daytime and late night eateries, the waterfront, and Burke-Gilman hiking trail. This is a great space to be close to the city's landmarks with access to immediate needs while having your own refuge for a relaxing stay. Whether you're attending a graduation at UW, visiting family, attending a conference, touring Seattle, and/or exploring the region's vibrant food scene, you'll have a great space to come home to at the end of the day and a host who is happy to add some personal touches to accommodate to your needs. Guests are welcome to use the washers and dryers in the basement at no ch",none,"The U-District is a diverse neighborhood that is more than just a place for students. Here you have affordable eateries, cute boutiques, and families from across the globe who have chosen to make this place home. We're also a quick jaunt away from hip, distinctive neighborhoods like Fremont and Ballard.","We are located right beside what will soon be the Light Rail station that will connect directly to the airport down south and other neighborhoods up north. While most heavy duty construction efforts have wrapped, we are notified in advance (and hence so will you) of any scheduled construction that may distracting during your stay.","The unit is  one block away from each direction to bus stops that connect one to nearby neighborhoods like Downtown, Ballard, and Fremont or even Eastside neighborhoods like Kirkland and Bellevue. One could also rent a bike from the Pronto kiosk on 43rd and University St to bike the Burke Gilman trail or rent a kayak from UW to navigate the waters of Lake Washington.",https://a0.muscache.com/ac/pictures/104119902/ab6740ad_original.jpg?interpolation=lanczos-none&size=small&output-format=jpg&output-quality=70,https://a0.muscache.com/im/pictures/104119902/ab6740ad_original.jpg?aki_policy=medium,https://a0.muscache.com/ac/pictures/104119902/ab6740ad_original.jpg?interpolation=lanczos-none&size=large_cover&output-format=jpg&output-quality=70,https://a0.muscache.com/ac/pictures/104119902/ab6740ad_original.jpg?interpolation=lanczos-none&size=x_large_cover&output-format=jpg&output-quality=70,12356916,https://www.airbnb.com/users/show/12356916,Tiffany,2014-02-18,"Seattle, Washington, United States","I'm a cook living in Seattle and I also PR for a few restaurants in town. I've been working in the local restaurant industry for the last five years. I'm happy to make recommendations, even reservations, for you based on your personal taste. 

I'm originally from Taipei, Taiwan. I speak Mandarin and am a sucker for traveling to Asian countries, but I've traveled all around. You'll find a lot of travel/cooking oriented reading in my space because I see reading and reflection as a big part of the travel experience. 

I see BnB hosting the way I see hospitality. Similar to serving and cooking for others, I want people to feel at home. Some people are more social and would like to have recommendations or even be shown around. Others prefer to be left alone. I'm happy to accommodate regardless. ",within an hour,100%,100%,f,"https://a2.muscache.com/ac/users/12356916/profile_pic/1440201818/original.jpg?interpolation=lanczos-none&crop=w:w;*,*&crop=h:h;*,*&resize=50:*&output-format=jpg&output-quality=70","https://a2.muscache.com/ac/users/12356916/profile_pic/1440201818/original.jpg?interpolation=lanczos-none&crop=w:w;*,*&crop=h:h;*,*&resize=225:*&output-format=jpg&output-quality=70",University District,1.0,1.0,"['email', 'phone', 'facebook', 'reviews']",t,f,"Brooklyn Avenue Northeast, Seattle, WA 98105, United States",University District,University District,University District,Seattle,WA,98105,Seattle,"Seattle, WA",US,United States,47.66044158497392,-122.31376828743196,t,Apartment,Entire home/apt,3,1.0,1.0,2.0,Real Bed,"{Internet,""Wireless Internet"",Kitchen,""Pets Allowed"",Breakfast,Heating,""Family/Kid Friendly"",Washer,Dryer,""Smoke Detector"",""Carbon Monoxide Detector"",""First Aid Kit"",""Safety Card"",Essentials,Shampoo}",,$115.00,$750.00,"$3,000.00",$100.00,$25.00,3,$20.00,1,1125,a week ago,t,26,56,86,357,2016-01-04,14,2015-09-05,2015-12-30,97.0,10.0,9.0,10.0,10.0,9.0,9.0,f,,WASHINGTON,t,flexible,f,f,1,3.44
1773803,https://www.airbnb.com/rooms/1773803,20160104002432,2016-01-04,View Emerald City Jewel Apt UW 1BD,"Looking for a memory instead of another hotel in yet another city? Welcome to Your Home in the Emerald City We have a great and charming apartment in a 100 year old building in Seattle, WA. just 1 block away from the University of Washington. Heart of university district, very near downtown and local stadiums. Huskies are a walk away. Seahawks and Mariners are just a bus ride away. We are just a block away from the post office. Outside your door is international Cuisine great spots for beer, dinner and activities.","A very comfortable Queen sized bed welcomes you to a good nights sleep. Quiet at night as the bedroom is in the rear of the building, peaceful atmosphere and classic style.    From the living room you can see the space needle among the city lights. Location, location, and location, this beautiful 1 bedroom is situated in one of the last beautiful brick buildings on the Ave.  The (1400 sq ft) Apt is on the TOP floor in a Vintage building with a charming traditional stair case. You will have the entire  apartment to yourselves. The 1 bedroom. has 5 main areas: bedroom, den, living room, bathroom and kitchen. The apartment is welcoming and warm. It has wifi, queen-size bed, Della Robbia sectional couch with chaise... comfortably fits 2, and up to 6 people. 2 heaters, reading room tables and chairs,  oven and 4 stove plates, fridge, large bath tub, linen and towels included. Wireless internet available! In the summer, there is always a lovely breeze that flows through the open of the apt..","Looking for a memory instead of another hotel in yet another city? Welcome to Your Home in the Emerald City We have a great and charming apartment in a 100 year old building in Seattle, WA. just 1 block away from the University of Washington. Heart of university district, very near downtown and local stadiums. Huskies are a walk away. Seahawks and Mariners are just a bus ride away. We are just a block away from the post office. Outside your door is international Cuisine great spots for beer, dinner and activities. A very comfortable Queen sized bed welcomes you to a good nights sleep. Quiet at night as the bedroom is in the rear of the building, peaceful atmosphere and classic style.    From the living room you can see the space needle among the city lights. Location, location, and location, this beautiful 1 bedroom is situated in one of the last beautiful brick buildings on the Ave.  The (1400 sq ft) Apt is on the TOP floor in a Vintage building with a charming traditional stair case.",none,"You will find numerous cafes, coffee houses, and stores located on the ave and on Roosevelt. Outside your door you will have a selection of International Cuisine. Mediterranean, Chinese, Indian, Thailand, Hawaiian, Korean, Trinidad, Taiwan, Italian, Japanese, German, Vietnamese, Mexican, Vegetarian, and more just a stroll away. This is a great walking neighborhood. Just like Brooklyn, NY.","''PLEASE NOTE'' We like to know a little about the people who are going to stay in our home. and we like to have a completed profile, a story about yourself or a message . Finally, we always appreciate you telling us a bit about why you're visiting when making a request (either through the Airbnb bio or by sending us a message before trying to book) as this helps us to be on the lookout for things you might enjoy when you're here!  Feel free to ask questions, and enjoy your stay in this beautiful city.","One of the best public transportation system is outside your door. Transportation in Seattle consist of buses, rails, private car services, taxi's and the largest ferry system in the world.",https://a1.muscache.com/ac/pictures/25039200/fab4b8f8_original.jpg?interpolation=lanczos-none&size=small&output-format=jpg&output-quality=70,https://a1.muscache.com/im/pictures/25039200/fab4b8f8_original.jpg?aki_policy=medium,https://a1.muscache.com/ac/pictures/25039200/fab4b8f8_original.jpg?interpolation=lanczos-none&size=large_cover&output-format=jpg&output-quality=70,https://a1.muscache.com/ac/pictures/25039200/fab4b8f8_original.jpg?interpolation=lanczos-none&size=x_large_cover&output-format=jpg&output-quality=70,8026420,https://www.airbnb.com/users/show/8026420,Sheldon,2013-08-08,"Seattle, Washington, United States","Hi there! My name is Shel and I am in the beautiful Pacific Northwest I heard about Airbnb through many of my friends and all of there experiences have been positive, so I figured I would jump on the band wagon.

I will be travelling to different parts of the world (Italy, Ireland, New York City and Hawaii) with my job over the next year and our beautiful apartment, one block from UW in Seattle, will be empty. We felt like it was such a shame to see it empty and none of our friends and family were available to use our space, so we figured we would try Airbnb!

I absolutely love what Seattle has to offer. I love the hikes, consistent fresh air and unbelievable scenery.

I play softball, and do so competitively nationwide, I am very active and love exploring new places in the city and surroundings.

Personally, 5 things I can't live without... sunshine, friends, community, great food and sports. I actually hold activities for the #2 food group (Seattle True Foodies) in the nation. I am also the secretary of the Seahawks Tailgate Crew. Rent my place and you will be my guest at our party.  Help up save for a place of our own.  I absolutely love life!

Well, that's me! ",within an hour,100%,100%,f,"https://a1.muscache.com/ac/users/8026420/profile_pic/1381303715/original.jpg?interpolation=lanczos-none&crop=w:w;*,*&crop=h:h;*,*&resize=50:*&output-format=jpg&output-quality=70","https://a1.muscache.com/ac/users/8026420/profile_pic/1381303715/original.jpg?interpolation=lanczos-none&crop=w:w;*,*&crop=h:h;*,*&resize=225:*&output-format=jpg&output-quality=70",University District,2.0,2.0,"['email', 'phone', 'reviews', 'jumio']",t,t,"University Way Northeast, Seattle, WA 98105, United States",University District,University District,University District,Seattle,WA,98105,Seattle,"Seattle, WA",US,United States,47.65877002754865,-122.31369043358384,t,Apartment,Entire home/apt,4,1.0,1.0,1.0,Real Bed,"{""Wireless Internet"",Kitchen,Heating,""Family/Kid Friendly"",Washer,Dryer,""Smoke Detector"",""Fire Extinguisher"",Shampoo}",,$89.00,$600.00,"$1,995.00",$100.00,$25.00,2,$20.00,1,90,today,t,27,57,87,362,2016-01-04,124,2013-10-17,2015-12-06,82.0,9.0,8.0,9.0,9.0,9.0,8.0,f,,WASHINGTON,t,strict,f,t,2,4.59
7536074,https://www.airbnb.com/rooms/7536074,20160104002432,2016-01-04,Seattle Green House Aprtment Campus,"Extremely close to campus. Walk to ode (UW library) in 3-5 minutes. You literally cannot get closer than this location. The view is facing the street and you have nice, large, sunlit windows in the rooms. Kitchen, stove, bathroom, fridge provided.","Bright building, can't be missed. Convenient location.","Extremely close to campus. Walk to ode (UW library) in 3-5 minutes. You literally cannot get closer than this location. The view is facing the street and you have nice, large, sunlit windows in the rooms. Kitchen, stove, bathroom, fridge provided. Bright building, can't be missed. Convenient location. You may access all space of the apartment. There is a laundry room in garage which you will also receive access to. I will be available on call and will occasionally be able to come down to assist directly with any problems and give help. See the main street with the iconic ""The Ave"" of Seattle behind the building literally out the door! Bus are extremely close, but location is so close on campus that you can walk anywhere.",none,"See the main street with the iconic ""The Ave"" of Seattle behind the building literally out the door!",,"Bus are extremely close, but location is so close on campus that you can walk anywhere.",https://a0.muscache.com/ac/pictures/95556286/194d5ed1_original.jpg?interpolation=lanczos-none&size=small&output-format=jpg&output-quality=70,https://a0.muscache.com/im/pictures/95556286/194d5ed1_original.jpg?aki_policy=medium,https://a0.muscache.com/ac/pictures/95556286/194d5ed1_original.jpg?interpolation=lanczos-none&size=large_cover&output-format=jpg&output-quality=70,https://a0.muscache.com/ac/pictures/95556286/194d5ed1_original.jpg?interpolation=lanczos-none&size=x_large_cover&output-format=jpg&output-quality=70,39485528,https://www.airbnb.com/users/show/39485528,Sandra,2015-07-25,"Seattle, Washington, United States",,within an hour,100%,100%,f,"https://a2.muscache.com/ac/users/39485528/profile_pic/1437802757/original.jpg?interpolation=lanczos-none&crop=w:w;*,*&crop=h:h;*,*&resize=50:*&output-format=jpg&output-quality=70","https://a2.muscache.com/ac/users/39485528/profile_pic/1437802757/original.jpg?interpolation=lanczos-none&crop=w:w;*,*&crop=h:h;*,*&resize=225:*&output-format=jpg&output-quality=70",University District,1.0,1.0,"['email', 'phone', 'facebook', 'reviews', 'jumio']",t,t,"Brooklyn Avenue Northeast, Seattle, WA 98105, United States",University District,University District,University District,Seattle,WA,98105,Seattle,"Seattle, WA",US,United States,47.65825773833654,-122.31356599400932,t,Apartment,Entire home/apt,2,1.0,2.0,2.0,Real Bed,"{""Elevator in Building"",Washer,""Smoke Detector""}",,$185.00,,,,,1,$0.00,1,1125,4 weeks ago,t,30,60,90,365,2016-01-04,1,2015-07-25,2015-07-25,,,,,,,,f,,WASHINGTON,f,flexible,f,f,1,0.18
3770248,https://www.airbnb.com/rooms/3770248,20160104002432,2016-01-04,"Center UW, Convenient  Comfy  (212)","It has a Walk Score of 98 out of 100--Walker's Paradise. the Ave, UW Tower, Hotel Deca just across the street. Very clean . 5-8 min drive to Children Hospital, downtown Seattle,Portage Bay, Lake Union and Eastlake. Easy bus to Amazon or Microsoft.","Large clean furnished  studio on the 2nd floor.  It has a large  private large kitchen and bathroom. *Fully equipped kitchen and dining room and full bath with towels and mat.  *Furniture include two twin beds, love seat  sofa, desk, desk chair, dresser with mirror, book shelves *Quiet, conveniently located in the heart of U District. *Free business level wifi! *New Maytag washers and dryers in the building * Controlled secure access.  * Easy access to I-5. 10 min to get to down town normally; 20+min in rush hour. Interesting! many tenants have asked me if the building is mostly empty for it is so quiet.  On the contrary, it is 95% fully occupied.  Due to the good insulation and solid structure, the sound proof is very good.  This lovely brick building, originally a classic hotel and a landmark, is in a great location at the heart of the U District but is very quiet due to good management, located between NE 45th and 46th St. on Brooklyn Ave.   There are bike and walking paths (You can","It has a Walk Score of 98 out of 100--Walker's Paradise. the Ave, UW Tower, Hotel Deca just across the street. Very clean . 5-8 min drive to Children Hospital, downtown Seattle,Portage Bay, Lake Union and Eastlake. Easy bus to Amazon or Microsoft. Large clean furnished  studio on the 2nd floor.  It has a large  private large kitchen and bathroom. *Fully equipped kitchen and dining room and full bath with towels and mat.  *Furniture include two twin beds, love seat  sofa, desk, desk chair, dresser with mirror, book shelves *Quiet, conveniently located in the heart of U District. *Free business level wifi! *New Maytag washers and dryers in the building * Controlled secure access.  * Easy access to I-5. 10 min to get to down town normally; 20+min in rush hour. Interesting! many tenants have asked me if the building is mostly empty for it is so quiet.  On the contrary, it is 95% fully occupied.  Due to the good insulation and solid structure, the sound proof is very good.  This lovely bric",none,"It is located in the bustling and vibrant University district. A rare 98 out 100 walk score. It is within five minutes' walking distance to the University of Washington. You will have access to a diverse array of restaurants, shops and activities.","The garbage truck in the back alley in the morning  or noon only a couple times a week.  It is on the 2nd floor with no elevator.The water heater has a fixed capacity of hot water, please bear with us that long shower is not recommended and please wait 30 min before the next person taking showers to let the water to be heated.","Right at the corner of Brooklyn Ave and 45th st, there are many bus lines are just a few steps away and can take you anywhere in Seattle. There are 130 restaurants within a 15 minute walk including BBQ Chicken, Mongolian Grill, Thai Food, Japanese Noodle, Greek Gyro and Bubble tea house, etc.  Coming from the airport, you either take a taxi (around $60) or an airport shuttle and tell them to get off at ""Hotel Deca"" that will make your rate cheaper for the drivers drop passengers at that hotel often, our place is on the same street within 25 feet. Or you can take the link to downtown and bus to here near 45th st NE and NE Brooklyn Ave.",https://a2.muscache.com/ac/pictures/75562439/e433453c_original.jpg?interpolation=lanczos-none&size=small&output-format=jpg&output-quality=70,https://a2.muscache.com/im/pictures/75562439/e433453c_original.jpg?aki_policy=medium,https://a2.muscache.com/ac/pictures/75562439/e433453c_original.jpg?interpolation=lanczos-none&size=large_cover&output-format=jpg&output-quality=70,https://a2.muscache.com/ac/pictures/75562439/e433453c_original.jpg?interpolation=lanczos-none&size=x_large_cover&output-format=jpg&output-quality=70,3074414,https://www.airbnb.com/users/show/3074414,Melissa,2012-07-27,"Seattle, Washington, United States","Used to be a professor (Ph.D. in Political Economy), then a homeschooling mom and  a religious non profit organization founder, now like to travel, read / review books and manage properties. The best cities I like are Seattle, Florence, Sanya and Taipei.  (Taipei is chosen as the #1 out of 26 Remarkable Places For Solo Travel by BuzzFeed!  (website hidden)) We have  a few nicely furnished studios and one bedrooms condo apt conveniently located near University of Washington in Seattle with your own private kitchen and bathroom.  You will enjoy the convenient locations and quietness of all these buildings. You will also be surprised how quickly we respond to your requests as long as I am in town.  My motto is Providing Quality Places at Fair Prices and my life motto is in Philippians 4:13. ",within a few hours,80%,100%,f,"https://a2.muscache.com/ac/users/3074414/profile_pic/1408093668/original.jpg?interpolation=lanczos-none&crop=w:w;*,*&crop=h:h;*,*&resize=50:*&output-format=jpg&output-quality=70","https://a2.muscache.com/ac/users/3074414/profile_pic/1408093668/original.jpg?interpolation=lanczos-none&crop=w:w;*,*&crop=h:h;*,*&resize=225:*&output-format=jpg&output-quality=70",Ravenna,34.0,34.0,"['email', 'phone', 'reviews', 'kba']",t,t,"Brooklyn Avenue Northeast, Seattle, WA 98105, United States",University District,University District,University District,Seattle,WA,98105,Seattle,"Seattle, WA",US,United States,47.66154611817469,-122.31479365243338,t,Apartment,Entire home/apt,2,1.0,0.0,2.0,Real Bed,"{Internet,""Wireless Internet"",Kitchen,""Buzzer/Wireless Intercom"",Heating,Washer,Dryer,Essentials,Shampoo}",,$85.00,$580.00,"$1,595.00",$100.00,$60.00,1,$15.00,1,1125,3 months ago,t,30,60,90,365,2016-01-04,5,2014-08-14,2015-09-26,76.0,8.0,7.0,7.0,7.0,9.0,9.0,f,,WASHINGTON,f,strict,f,f,34,0.29
9097754,https://www.airbnb.com/rooms/9097754,20160104002432,2016-01-04,Architects' Garden Retreat,"This new 1 bedroom apartment accommodates up to two guests and is located just 4 blocks north of UW and a short drive to I-5, Children's or UW medical center and U Village shopping center.  We look forward to hosting you on your visit to Seattle.","This garden level, classic modern apartment has a private entrance from a covered patio, separate from the owner's residence. This apartment is entirely new craftsmanship and furnishings.  It has an open airy feeling with tall door ways and windows in every room crafted from Douglas fir which is a warm northwest wood.  Some doors are sliding, and include frosted glass panels. The slate floors through out have radiant heat beneath, so they are warm and toasty.  The tankless water heater ensures that hot water is available.  The apartment has fresh air inlets to allow outside air, or you may open the windows as well. The dine in kitchen counter tops are polished natural quartz stone and the dining room tabletop (which seats four) is black granite.   The fully furnished chef's kitchen has a sliding glass door which connects to the covered patio with Weber gas BBQ, located close to a private outdoor dining area in the garden.  The kitchen is open to the dining area and living room in one l","This new 1 bedroom apartment accommodates up to two guests and is located just 4 blocks north of UW and a short drive to I-5, Children's or UW medical center and U Village shopping center.  We look forward to hosting you on your visit to Seattle. This garden level, classic modern apartment has a private entrance from a covered patio, separate from the owner's residence. This apartment is entirely new craftsmanship and furnishings.  It has an open airy feeling with tall door ways and windows in every room crafted from Douglas fir which is a warm northwest wood.  Some doors are sliding, and include frosted glass panels. The slate floors through out have radiant heat beneath, so they are warm and toasty.  The tankless water heater ensures that hot water is available.  The apartment has fresh air inlets to allow outside air, or you may open the windows as well. The dine in kitchen counter tops are polished natural quartz stone and the dining room tabletop (which seats four) is black granit",none,"Our neighborhood is located in the Ravenna/University District in an area with 100 year old homes on mature tree lined streets and boulevards.  Our neighbors are professionals, doctors, professors and students.  Grocery stores including Whole Foods, QFC, PCC Natural Foods or Safeway are walkable or a short drive away. We are located just  few blocks north of the University of Washington main entrance.  The University District has a shopping district nearby (mainly targeted at the student demographic) which is a short walk.","The University District farmer's market is held every Saturday year round and is only 4 1/2 short blocks away.  It offers fresh fruit and veggies, artisanal meats and cheeses, organic foods, pre-pared foods, frequent live music and excellent people watching. The annual the U-District street fair operates on University Avenue ""The Ave"" usually in May.  It is the longest running street fair in the US and has live music, artists, food vendors and crafts. There are nice walks or bicycle routes nearby either through campus, around Green Lake, through the Ravenna Ravine or along the Burke Gilman trail. The apartment is a few blocks from several bus lines connecting to through out Seattle or Downtown. The University Village shopping center is a 15 minute walk down hill.  This is Seattle's favorite place to shop and has many unique shops and restaurants. The University of Washington offers the Burke Natural History museum and the Henry Art museum, both a short walk to campus.","We are located a short drive from Interstate 5, and minutes from downtown Seattle.  Multiple bus routes are available within a short walk.  Taxi and Uber car service is available in Seattle.  Street parking is available with our guest pass and limited to first come/first serve.",https://a2.muscache.com/ac/pictures/68c55298-e36a-47cc-999e-c50c2d05dbbb.jpg?interpolation=lanczos-none&size=small&output-format=jpg&output-quality=70,https://a2.muscache.com/im/pictures/68c55298-e36a-47cc-999e-c50c2d05dbbb.jpg?aki_policy=medium,https://a2.muscache.com/ac/pictures/68c55298-e36a-47cc-999e-c50c2d05dbbb.jpg?interpolation=lanczos-none&size=large_cover&output-format=jpg&output-quality=70,https://a2.muscache.com/ac/pictures/68c55298-e36a-47cc-999e-c50c2d05dbbb.jpg?interpolation=lanczos-none&size=x_large_cover&output-format=jpg&output-quality=70,47432674,https://www.airbnb.com/users/show/47432674,Vicki,2015-10-26,US,,within a few hours,100%,,f,https://a2.muscache.com/defaults/user_pic-50x50.png?v=2,https://a2.muscache.com/defaults/user_pic-225x225.png?v=2,University District,1.0,1.0,"['email', 'phone']",f,f,"18th Avenue Northeast, Seattle, WA 98105, United States",University District,University District,University District,Seattle,WA,98105,Seattle,"Seattle, WA",US,United States,47.66856586583583,-122.30746196378225,t,Apartment,Entire home/apt,2,1.0,1.0,1.0,Real Bed,"{TV,""Cable TV"",Internet,""Wireless Internet"",Kitchen,""Pets live on this property"",Dog(s),Cat(s),Heating,Washer,Dryer,""Smoke Detector"",""Carbon Monoxide Detector"",""Fire Extinguisher"",Essentials,Shampoo,Hangers,""Hair Dryer"",Iron,""Laptop Friendly Workspace""}",,$135.00,,,$400.00,$99.00,1,$0.00,2,30,2 days ago,t,30,60,89,89,2016-01-04,0,,,,,,,,,,f,,WASHINGTON,t,strict,f,f,1,
3291295,https://www.airbnb.com/rooms/3291295,20160104002432,2016-01-04,Sunny 1BR Apt in the U District,Full 1BR apartment in the heart of the University District. 5-minute walk to any kind of food you could want and any bus line you might need to anywhere in the city. South-facing and sunny.,"This is my 1BR apartment, where I actually live (but I will NOT be here when you are here). For that reason, it has that ""lived-in feel,"" aka, it is imperfect: It has some charming dark spots on the carpet in various locations; there is food in the cabinets and fridge (you can use! but if you empty, please replace!); there are two random dining chairs in the middle of the room for extra seating.  There's room for 3 people comfortably -- 2 on the memory foam queen bed and 1 on the couch. Of course more could be accommodated if they don't mind sleeping on the floor.  NOTE (3/5/15): There is currently construction happening Mon-Sat directly next door, and it can be noisy. Therefore, I am offering the place at a discount of $20 off per night. Typically it's $105; right now, it's $85.  NOTE (4/20/15): If you are looking at my calendar and my place is available for MORE than a weekend (such as a full week or more), I prefer guests who are visiting for multiple nights.","Full 1BR apartment in the heart of the University District. 5-minute walk to any kind of food you could want and any bus line you might need to anywhere in the city. South-facing and sunny. This is my 1BR apartment, where I actually live (but I will NOT be here when you are here). For that reason, it has that ""lived-in feel,"" aka, it is imperfect: It has some charming dark spots on the carpet in various locations; there is food in the cabinets and fridge (you can use! but if you empty, please replace!); there are two random dining chairs in the middle of the room for extra seating.  There's room for 3 people comfortably -- 2 on the memory foam queen bed and 1 on the couch. Of course more could be accommodated if they don't mind sleeping on the floor.  NOTE (3/5/15): There is currently construction happening Mon-Sat directly next door, and it can be noisy. Therefore, I am offering the place at a discount of $20 off per night. Typically it's $105; right now, it's $85.  NOTE (4/20/15): If",none,"The University District is an historic neighborhood in Seattle, full of any kind of restaurant you could desire, but especially Vietnamese (pho), Thai, and Indian. There a bunch of great bars -- College Inn (my favorite), Big Time, Finn MacCool's, and Lucid (go here for live jazz, good cocktails, and no cover!).  ","The balcony is a nice extra feature, and comes with two chairs and a little table (not pictured), for your convenience!","The University District is a transit hub. For that reason, any bus you could need is around a 5-minute walk from the apartment. Buses to downtown Seattle (Pike Place, Seattle Downtown Public Library), Seattle Center (Space Needle, EMP Museum), Queen Anne, Capitol Hill, Fremont, International District (Chinatown), Pioneer Square. The Ave is a 5-minute walk away in one direction, and the Wallingford neighborhood is a 10-minute walk in the other.",https://a1.muscache.com/ac/pictures/41775389/c331f090_original.jpg?interpolation=lanczos-none&size=small&output-format=jpg&output-quality=70,https://a1.muscache.com/im/pictures/41775389/c331f090_original.jpg?aki_policy=medium,https://a1.muscache.com/ac/pictures/41775389/c331f090_original.jpg?interpolation=lanczos-none&size=large_cover&output-format=jpg&output-quality=70,https://a1.muscache.com/ac/pictures/41775389/c331f090_original.jpg?interpolation=lanczos-none&size=x_large_cover&output-format=jpg&output-quality=70,228678,https://www.airbnb.com/users/show/228678,Katie,2010-09-08,"Seattle, Washington, United States",PhD candidate in Human Centered Design & Engineering,within a day,100%,,f,"https://a1.muscache.com/ac/users/228678/profile_pic/1399302664/original.jpg?interpolation=lanczos-none&crop=w:w;*,*&crop=h:h;*,*&resize=50:*&output-format=jpg&output-quality=70","https://a1.muscache.com/ac/users/228678/profile_pic/1399302664/original.jpg?interpolation=lanczos-none&crop=w:w;*,*&crop=h:h;*,*&resize=225:*&output-format=jpg&output-quality=70",University District,1.0,1.0,"['email', 'phone', 'facebook', 'reviews', 'jumio', 'kba']",t,t,"9th Avenue Northeast, Seattle, WA 98105, United States",University District,University District,University District,Seattle,WA,98105,Seattle,"Seattle, WA",US,United States,47.65883580598525,-122.31814955929693,t,Apartment,Entire home/apt,3,1.0,1.0,1.0,Real Bed,"{Internet,""Wireless Internet"",Kitchen,""Buzzer/Wireless Intercom"",Heating,Washer,Dryer,""Smoke Detector""}",,$95.00,,,$95.00,,2,$10.00,2,1125,5 weeks ago,t,29,59,88,88,2016-01-04,11,2014-07-07,2015-06-12,98.0,10.0,10.0,10.0,10.0,10.0,10.0,f,,WASHINGTON,f,moderate,f,f,1,0.6
8171726,https://www.airbnb.com/rooms/8171726,20160104002432,2016-01-04,4BD/1BA Townhouse Close to UW,"This cozy four bedroom, 1 bathroom townhouse is steps away from the University of Washington, making it an ideal place for campus visitors. It's two floors, and has a common area and kitchen.","The Space This cozy four bedroom, 1 bathroom townhouse is steps away from the University of Washington, making it an ideal place for campus visitors. It's two floors, and has a common area and kitchen. The Neighborhood Being close to the University of Washington, the University District is a bustling part of Seattle. Stroll the streets and the university grounds to see the charming, historic architecture and homes. ""The Ave"" is a great place to meet up with friends and grab a bite to eat.  Getting Around Plenty of bus stops are located all within walking distance of this townhouse. Hop on a bus to explore Pike Place Market, Downtown, Ballard neighborhood, Fremont neighborhood, and Capitol Hill. If you have a car, the I-5 Expressway is also easily accessible and nearby.  Other Things to Note Come check out the University of Washington and ""The Ave"" by staying in this cozy townhouse!  Please remember that you will be staying in a home, not a hotel. Therefore, we ask that you treat our sp","This cozy four bedroom, 1 bathroom townhouse is steps away from the University of Washington, making it an ideal place for campus visitors. It's two floors, and has a common area and kitchen. The Space This cozy four bedroom, 1 bathroom townhouse is steps away from the University of Washington, making it an ideal place for campus visitors. It's two floors, and has a common area and kitchen. The Neighborhood Being close to the University of Washington, the University District is a bustling part of Seattle. Stroll the streets and the university grounds to see the charming, historic architecture and homes. ""The Ave"" is a great place to meet up with friends and grab a bite to eat.  Getting Around Plenty of bus stops are located all within walking distance of this townhouse. Hop on a bus to explore Pike Place Market, Downtown, Ballard neighborhood, Fremont neighborhood, and Capitol Hill. If you have a car, the I-5 Expressway is also easily accessible and nearby.  Other Things to Note Come c",none,"The U district, or University District, is the University of Washington (UW) neighborhood. We are quite close to campus and one block off ""the Ave"" which is lined with bars, restaurants, coffee, café's and lots of shopping. Literally a block and a half from Starbucks. Also, because it is so central, we are also quite close to a major bus hub so getting around the city is quite easy! ","The entrance to the apartment is in the alleyway in the back. The U district is generally a safe neighborhood however, like any big city, we recommend you keep the door locked and be mindful when going through the alley. The parking space is right in front the entrance door to the unit-we recommend not leaving any valuables in your car.","The bus hub, NE Campus Parkway, is at the end of the alleyway and the buses there will take you all over the city! You can easily hop a bus to Pike Place Market, Downtown, Ballard neighborhood, Fremont neighborhood, and Capitol Hill. And, they come frequently!  To get to the apartment from the Airport by public transportation, take the Link Light Rail (40 minute train from airport to heart of Downtown at Westlake Station) then hop on either bus #71, 72, 73, or 74 that is heading North. From the Westlake Station, you are roughly 4.3 miles to the place so if you have a lot of luggage, grabbing a cab or Uber is nice too.  ",https://a1.muscache.com/ac/pictures/104072448/7822f348_original.jpg?interpolation=lanczos-none&size=small&output-format=jpg&output-quality=70,https://a1.muscache.com/im/pictures/104072448/7822f348_original.jpg?aki_policy=medium,https://a1.muscache.com/ac/pictures/104072448/7822f348_original.jpg?interpolation=lanczos-none&size=large_cover&output-format=jpg&output-quality=70,https://a1.muscache.com/ac/pictures/104072448/7822f348_original.jpg?interpolation=lanczos-none&size=x_large_cover&output-format=jpg&output-quality=70,43124221,https://www.airbnb.com/users/show/43124221,Khristy,2015-09-01,US,,,,,f,"https://a0.muscache.com/ac/users/43124221/profile_pic/1441152722/original.jpg?interpolation=lanczos-none&crop=w:w;*,*&crop=h:h;*,*&resize=50:*&output-format=jpg&output-quality=70","https://a0.muscache.com/ac/users/43124221/profile_pic/1441152722/original.jpg?interpolation=lanczos-none&crop=w:w;*,*&crop=h:h;*,*&resize=225:*&output-format=jpg&output-quality=70",University District,1.0,1.0,"['phone', 'reviews']",t,f,"12th Avenue Northeast, Seattle, WA 98105, United States",University District,University District,University District,Seattle,WA,98105,Seattle,"Seattle, WA",US,United States,47.65721705819162,-122.3142328619162,t,Apartment,Entire home/apt,8,1.0,4.0,4.0,Real Bed,"{TV,""Cable TV"",Internet,""Wireless Internet"",Kitchen,""Free Parking on Premises"",Heating,""Family/Kid Friendly"",""Smoke Detector"",""Carbon Monoxide Detector"",""First Aid Kit"",""Fire Extinguisher"",Essentials,Shampoo}",,$306.00,,,$250.00,$108.00,6,$40.00,1,180,4 months ago,t,0,0,0,0,2016-01-04,1,2015-11-08,2015-11-08,80.0,10.0,10.0,10.0,10.0,10.0,10.0,f,,WASHINGTON,f,strict,f,f,1,0.52
10031055,https://www.airbnb.com/rooms/10031055,20160104002432,2016-01-04,The Herbal U,"I offer shared space within my bedrom, thats Cheap, Safe, Friendly, Clean, Organized, ~420 positive~ Travelers Getaway/Crashpad right here in the Heart of the U-Dist. :) Namaste.",Spiritual. Chill ~ Down to Earth. Modern. Organized. Clean. Traveller/420 friendly.,"I offer shared space within my bedrom, thats Cheap, Safe, Friendly, Clean, Organized, ~420 positive~ Travelers Getaway/Crashpad right here in the Heart of the U-Dist. :) Namaste. Spiritual. Chill ~ Down to Earth. Modern. Organized. Clean. Traveller/420 friendly. All the usual modern living arrangements. Depends on how busy I am that week.  I am generally an introvert at my house and more extrovert when I decide to go out, but it really depends on the connection of individual(s) involved. You can totally keep to yourself or We can a bit hang out and explore the city. Nice neighborhood of many young people with all of local places to check out and socialize: Shops, Cafes, Bars, and Resturants for you to explore and enjoy. :) U Dist is a central hub for multiple transit centers and major bus lines here in Seattle NOTE: There is the U Dist Library, Safeway, multiple gas stations, bars, resturants and a Cannabis Dispenory (American Mary) within a half mile from my house.",none,"Nice neighborhood of many young people with all of local places to check out and socialize: Shops, Cafes, Bars, and Resturants for you to explore and enjoy. :)","NOTE: There is the U Dist Library, Safeway, multiple gas stations, bars, resturants and a Cannabis Dispenory (American Mary) within a half mile from my house.",U Dist is a central hub for multiple transit centers and major bus lines here in Seattle,https://a2.muscache.com/ac/pictures/ca427046-e3c1-425e-bbbe-ed7261bfb382.jpg?interpolation=lanczos-none&size=small&output-format=jpg&output-quality=70,https://a2.muscache.com/im/pictures/ca427046-e3c1-425e-bbbe-ed7261bfb382.jpg?aki_policy=medium,https://a2.muscache.com/ac/pictures/ca427046-e3c1-425e-bbbe-ed7261bfb382.jpg?interpolation=lanczos-none&size=large_cover&output-format=jpg&output-quality=70,https://a2.muscache.com/ac/pictures/ca427046-e3c1-425e-bbbe-ed7261bfb382.jpg?interpolation=lanczos-none&size=x_large_cover&output-format=jpg&output-quality=70,48196470,https://www.airbnb.com/users/show/48196470,Jeremiah,2015-11-04,"Seattle, Washington, United States","Born and raised in Kansas city, Mo. Spiritual - Creative - Vegan - Psychic - Adventurer - Seeker - Intuitive Healer.
Organic Gardener - Organic Farmer - Artist - Chef - Writer - Photographer - Skateboarder - Traveller. 

This is the 3rd year Ive been here on the coast pursuing my Jewelry career. I teach a number of different classes all relating to healing within (your energy) the Metaphysical world of Frequencies. I love travelling, I love travellers and although I am now at the point that I need to ground myself and am able to more fully root my life here on the coast. 

I enjoy Airbnb because it gives me a chance to hang out with travellers and give other travellers a nice place to crash here while in town thats not a hostel or hotel. :) no matter if we meet or not <3 I hope you enjoy your stay here in Seattle. Namaste. ",within a few hours,100%,100%,f,"https://a2.muscache.com/ac/pictures/17199b14-80e6-41fb-9995-805231ee8662.jpg?interpolation=lanczos-none&crop=w:w;*,*&crop=h:h;*,*&resize=50:*&output-format=jpg&output-quality=70","https://a2.muscache.com/ac/pictures/17199b14-80e6-41fb-9995-805231ee8662.jpg?interpolation=lanczos-none&crop=w:w;*,*&crop=h:h;*,*&resize=225:*&output-format=jpg&output-quality=70",,1.0,1.0,"['email', 'phone', 'facebook']",t,f,"11th Ave NE, Seattle, WA 98105, United States",,University District,University District,Seattle,WA,98105,Seattle,"Seattle, WA",US,United States,47.66692210432474,-122.31720189306375,f,House,Shared room,4,1.5,1.0,2.0,Real Bed,"{""Wireless Internet"",Kitchen,""Free Parking on Premises"",Heating,Washer,Dryer,Essentials,Shampoo}",,$29.00,,,,,1,$21.00,1,3,yesterday,t,23,53,82,82,2016-01-04,0,,,,,,,,,,f,,WASHINGTON,f,strict,f,f,1,
8939595,https://www.airbnb.com/rooms/8939595,20160104002432,2016-01-04,The Parisian Room w/ Breakfast,"This room is spacious, clean and comfortable only two blocks away from the University & 10 minutes on the bus to Downtown. Some of the best coffee shops, movie theaters, bookshops and ethnic restaurants are in the University District.","Your room is up the stairs, 1st door on the right once you reach the top. The Bathroom light is on the wall to the left, outside the door. It is furnished with a queen bed, small fan, reading lamps and closet space with hangers.  The bedrooms don't have individual locks on the doors. Out of 500+ guests we have hosted in our 4 houses we have never had a single issue with security. There are 4 airbnb rooms that share the upstairs bathroom, please keep that in mind. Also, please open the window during and or after your shower to cut down moisture buildup.","This room is spacious, clean and comfortable only two blocks away from the University & 10 minutes on the bus to Downtown. Some of the best coffee shops, movie theaters, bookshops and ethnic restaurants are in the University District. Your room is up the stairs, 1st door on the right once you reach the top. The Bathroom light is on the wall to the left, outside the door. It is furnished with a queen bed, small fan, reading lamps and closet space with hangers.  The bedrooms don't have individual locks on the doors. Out of 500+ guests we have hosted in our 4 houses we have never had a single issue with security. There are 4 airbnb rooms that share the upstairs bathroom, please keep that in mind. Also, please open the window during and or after your shower to cut down moisture buildup. Guests have access to the kitchen, living and dining rooms, bathrooms, etc. Basically the entire home.  Please refrain from buying and storing large amounts of groceries. There is space for smaller items an",none,The University district neighborhood is amazing. Alive with different types of people throughout the year.  A multitude of restaurants and shops plus amazing proximity to downtown Seattle and other popular local neighborhoods.  The North entrance to the University of Washington is just 2 blocks south & University Way is also just 2 blocks west of our location. Super easy public transportation in and out of the area makes the UD a prime location.,Ethan is the on site host at Darios' house in the U-DISTRICT near the UW. He works closely with Dario on a daily basis to ensure the most comfortable stay for our guests. Any questions can be directed towards both Ethan or Dario.,"There are a multitude of ways to travel to our location; easiet; drive, UBER or taxi  (parking is through the alley behind the house.) * FROM AIRPORT* - rental car or taxi (no uber) - light rail to downtow(URL HIDDEN)(convention center stop within tunnel) - transfer to bus:(#72, #72x, or other) (depending on day & time) - depart bus within just a few blocks of our location no matter which bus you take. All busses to downtown take only 10-15min depending on traffic. The trip by car from the airport can take 30-60min depending on traffic if you drive. The light rail takes about 30min to reach downtown from the airport.",https://a2.muscache.com/ac/pictures/63308a90-e835-43ca-9557-509b539d20a7.jpg?interpolation=lanczos-none&size=small&output-format=jpg&output-quality=70,https://a2.muscache.com/im/pictures/63308a90-e835-43ca-9557-509b539d20a7.jpg?aki_policy=medium,https://a2.muscache.com/ac/pictures/63308a90-e835-43ca-9557-509b539d20a7.jpg?interpolation=lanczos-none&size=large_cover&output-format=jpg&output-quality=70,https://a2.muscache.com/ac/pictures/63308a90-e835-43ca-9557-509b539d20a7.jpg?interpolation=lanczos-none&size=x_large_cover&output-format=jpg&output-quality=70,26967583,https://www.airbnb.com/users/show/26967583,Dario,2015-01-30,"Seattle, Washington, United States","Welcome, my name is Dario.

I was born in Sicily and I moved to Seattle eight years ago. I am an Italian teacher and the director of Boys Tribe Project, an after school program to help boys develop emotional intelligence, learn how to play rough without hurting each other, and be creative with imaginative play and storytelling.

I love to cook Italian homemade food, traveling, personal growth, psychology, jazz and blues, foreign movies, interior design, modern dance, storytelling, art, and culture in general. I love hosting people, I used to host couch surfers and I also was traveling for a few years. The thing I like the most is to hear and to share stories from people all over the world.",within an hour,98%,100%,f,"https://a2.muscache.com/ac/users/26967583/profile_pic/1427823555/original.jpg?interpolation=lanczos-none&crop=w:w;*,*&crop=h:h;*,*&resize=50:*&output-format=jpg&output-quality=70","https://a2.muscache.com/ac/users/26967583/profile_pic/1427823555/original.jpg?interpolation=lanczos-none&crop=w:w;*,*&crop=h:h;*,*&resize=225:*&output-format=jpg&output-quality=70",University District,21.0,21.0,"['email', 'phone', 'facebook', 'reviews']",t,f,"16th Ave NE, Seattle, WA 98105, United States",,University District,University District,Seattle,WA,98105,Seattle,"Seattle, WA",US,United States,47.66299472085648,-122.31022150527043,f,House,Private room,2,1.0,1.0,1.0,Real Bed,"{Internet,""Wireless Internet"",Kitchen,""Free Parking on Premises"",Breakfast,Heating,""Smoke Detector"",""Carbon Monoxide Detector"",""Fire Extinguisher"",Essentials,Shampoo}",,$47.00,,,$500.00,$10.00,1,$15.00,1,1125,3 days ago,t,24,51,81,356,2016-01-04,14,2015-10-19,2015-12-16,87.0,9.0,9.0,8.0,9.0,9.0,9.0,f,,WASHINGTON,t,strict,f,f,21,5.38
8155580,https://www.airbnb.com/rooms/8155580,20160104002432,2016-01-04,UW Hacker House- 2nd flr 2p L,"Built, run and supported by Seattle tech and start up veterans, GrokHome's focus is to create a supportive environment for smart people working on interesting projects, start ups and more. This listing is a lower bunk, in a 2-person shared room.","*This listing is only available to those working in the tech/science space.* Live in a hacker house, and immerse yourself in the Seattle tech scene.  Connecting people through new ideas and technology is a huge part of what we do. You can expect demos and talks from people doing incredible work. We love when our guests want to show off something they are working on or are passionate about.  Our residents attend myriad events in technology around the city, and it is likely you will expand your network during your stay. From researchers at the University of Washington, to indie game developers, to interns at (SENSITIVE CONTENTS HIDDEN), we are proud to host a diverse group of hackers, makers and entrepreneurs. Just inquire to apply.","Built, run and supported by Seattle tech and start up veterans, GrokHome's focus is to create a supportive environment for smart people working on interesting projects, start ups and more. This listing is a lower bunk, in a 2-person shared room. *This listing is only available to those working in the tech/science space.* Live in a hacker house, and immerse yourself in the Seattle tech scene.  Connecting people through new ideas and technology is a huge part of what we do. You can expect demos and talks from people doing incredible work. We love when our guests want to show off something they are working on or are passionate about.  Our residents attend myriad events in technology around the city, and it is likely you will expand your network during your stay. From researchers at the University of Washington, to indie game developers, to interns at (SENSITIVE CONTENTS HIDDEN), we are proud to host a diverse group of hackers, makers and entrepreneurs. Just inquire to apply. We offer cowo",none,,,,https://a0.muscache.com/ac/pictures/103883067/78b12210_original.jpg?interpolation=lanczos-none&size=small&output-format=jpg&output-quality=70,https://a0.muscache.com/im/pictures/103883067/78b12210_original.jpg?aki_policy=medium,https://a0.muscache.com/ac/pictures/103883067/78b12210_original.jpg?interpolation=lanczos-none&size=large_cover&output-format=jpg&output-quality=70,https://a0.muscache.com/ac/pictures/103883067/78b12210_original.jpg?interpolation=lanczos-none&size=x_large_cover&output-format=jpg&output-quality=70,1243056,https://www.airbnb.com/users/show/1243056,Andrew,2011-10-03,"Seattle, Washington, United States","I develop technology businesses, including CityAuction, a  local-oriented online auction I started in 1997, and Pure Watercraft, a high-performance electric boating company I started in 2011. I've also been an angel investor since 2000.

As a TechStars mentor, I've seen the difficulty that teams have when they seek short-term housing while in Seattle. I've also seen the incredibly creative atmosphere that has been created in the hacker houses of other areas, such as Chez JJ in the SF Bay Area. My goal is to cultivate an even more vibrant, fun, and creative tech community here in Seattle.",within an hour,90%,100%,f,"https://a0.muscache.com/ac/users/1243056/profile_pic/1334570930/original.jpg?interpolation=lanczos-none&crop=w:w;*,*&crop=h:h;*,*&resize=50:*&output-format=jpg&output-quality=70","https://a0.muscache.com/ac/users/1243056/profile_pic/1334570930/original.jpg?interpolation=lanczos-none&crop=w:w;*,*&crop=h:h;*,*&resize=225:*&output-format=jpg&output-quality=70",Capitol Hill,37.0,37.0,"['email', 'phone', 'facebook', 'linkedin', 'reviews', 'jumio']",t,t,"Northeast 42nd Street, Seattle, WA 98105, United States",University District,University District,University District,Seattle,WA,98105,Seattle,"Seattle, WA",US,United States,47.65824886150637,-122.3176388721325,t,House,Shared room,1,1.0,1.0,1.0,Real Bed,"{Internet,""Wireless Internet"",Kitchen,Heating,""Suitable for Events"",Washer,Dryer,""Smoke Detector"",""Carbon Monoxide Detector"",""First Aid Kit"",""Fire Extinguisher"",Essentials}",,$50.00,$275.00,$880.00,$350.00,$35.00,1,$0.00,4,1125,3 months ago,t,30,60,90,365,2016-01-04,1,2015-12-20,2015-12-20,100.0,8.0,8.0,8.0,8.0,10.0,8.0,f,,WASHINGTON,f,strict,f,f,37,1.0
6705584,https://www.airbnb.com/rooms/6705584,20160104002432,2016-01-04,Remodeled Hardwood 3 min walk UW 37,"A new listing with a 100 Walk Score. 100%faster internet. the Ave, UW Tower, Hotel Deca just across the street. Remodeled kitchen & floor 5-8 min drive to Children Hospital, downtown Seattle, Lake Union and Eastlake. Easy bus to Amazon or Microsoft.","Furnished elegant and bright extra large one bedroom apartment with remodeled new kitchen and new real hardwood floor on the 2nd floor  in a quiet building only a 3 to 5 minute walk away from the University of Washington in U District. It is located near 42nd St NE and 11 Ave. University Way is just two blocks over. Trader Joe's, Safeway, Movie Theater, and a variety of diverse restaurants are a five to eight minute walk away.  Easy access to I-5. 10 min to get to down town normally; 20+min in rush hour. * A full private bathroom and a fully equipped kitchen with a full-size stainless steel fridge and range.  *Furniture includes  a queen  bed, a new sleeper sofa,  bed sheets, blankets, pillows,  desk and chair, TV  & TV stand dining table and chairs pots and pans, utensils towels. * New flat screen HD TV with powerful antenna receiving 60 more channels more than basic cable. * WiFi  *Fully equipped kitchen  *Newly refinished hardwood floor * Real wool area rug in the living room *All o","A new listing with a 100 Walk Score. 100%faster internet. the Ave, UW Tower, Hotel Deca just across the street. Remodeled kitchen & floor 5-8 min drive to Children Hospital, downtown Seattle, Lake Union and Eastlake. Easy bus to Amazon or Microsoft. Furnished elegant and bright extra large one bedroom apartment with remodeled new kitchen and new real hardwood floor on the 2nd floor  in a quiet building only a 3 to 5 minute walk away from the University of Washington in U District. It is located near 42nd St NE and 11 Ave. University Way is just two blocks over. Trader Joe's, Safeway, Movie Theater, and a variety of diverse restaurants are a five to eight minute walk away.  Easy access to I-5. 10 min to get to down town normally; 20+min in rush hour. * A full private bathroom and a fully equipped kitchen with a full-size stainless steel fridge and range.  *Furniture includes  a queen  bed, a new sleeper sofa,  bed sheets, blankets, pillows,  desk and chair, TV  & TV stand dining table a",none,"It is located in the bustling and vibrant University district. A rare 100 walk score. It is within five minutes' walking distance to the University of Washington. You will have access to a diverse array of restaurants, shops and activities.","It is just released on 6/6/2015 with many new features. It is on the 2nd  floor without elevator. Please refer to the house manual located in your itinerary for the check in and out procedures as well as additional important information.  Parking in our lot is $8-12 per day, if you're interested in a monthly pass that is cheaper per day, please contact me.","Right at the corner of 42nd St and 11th ave NE and within five minutes' walking distance to the University of Washington. Many bus lines are just a few steps away and can take you anywhere in Seattle. It only takes 9 min to drive to Amazon or 17 min bus ride.  There are ""Connectors"" to go to Microsoft directly. There are 130 restaurants within a 15 minute walk including BBQ Chicken, Mongolian Grill, Thai Food, Japanese Noodle, Greek Gyro and Bubble tea house, etc.",https://a1.muscache.com/ac/pictures/84612433/96510107_original.jpg?interpolation=lanczos-none&size=small&output-format=jpg&output-quality=70,https://a1.muscache.com/im/pictures/84612433/96510107_original.jpg?aki_policy=medium,https://a1.muscache.com/ac/pictures/84612433/96510107_original.jpg?interpolation=lanczos-none&size=large_cover&output-format=jpg&output-quality=70,https://a1.muscache.com/ac/pictures/84612433/96510107_original.jpg?interpolation=lanczos-none&size=x_large_cover&output-format=jpg&output-quality=70,3074414,https://www.airbnb.com/users/show/3074414,Melissa,2012-07-27,"Seattle, Washington, United States","Used to be a professor (Ph.D. in Political Economy), then a homeschooling mom and  a religious non profit organization founder, now like to travel, read / review books and manage properties. The best cities I like are Seattle, Florence, Sanya and Taipei.  (Taipei is chosen as the #1 out of 26 Remarkable Places For Solo Travel by BuzzFeed!  (website hidden)) We have  a few nicely furnished studios and one bedrooms condo apt conveniently located near University of Washington in Seattle with your own private kitchen and bathroom.  You will enjoy the convenient locations and quietness of all these buildings. You will also be surprised how quickly we respond to your requests as long as I am in town.  My motto is Providing Quality Places at Fair Prices and my life motto is in Philippians 4:13. ",within a few hours,80%,100%,f,"https://a2.muscache.com/ac/users/3074414/profile_pic/1408093668/original.jpg?interpolation=lanczos-none&crop=w:w;*,*&crop=h:h;*,*&resize=50:*&output-format=jpg&output-quality=70","https://a2.muscache.com/ac/users/3074414/profile_pic/1408093668/original.jpg?interpolation=lanczos-none&crop=w:w;*,*&crop=h:h;*,*&resize=225:*&output-format=jpg&output-quality=70",Ravenna,34.0,34.0,"['email', 'phone', 'reviews', 'kba']",t,t,"11th Avenue Northeast, Seattle, WA 98105, United States",University District,University District,University District,Seattle,WA,98105,Seattle,"Seattle, WA",US,United States,47.65856120833457,-122.31608656335912,t,Apartment,Entire home/apt,4,1.0,1.0,2.0,Real Bed,"{TV,""Cable TV"",Internet,""Wireless Internet"",Kitchen,Heating,Washer,Dryer,""Smoke Detector"",Essentials,Shampoo}",,$105.00,$680.00,"$1,895.00",$150.00,$60.00,1,$15.00,1,1125,3 months ago,t,30,60,90,365,2016-01-04,3,2015-06-15,2015-10-01,80.0,7.0,8.0,8.0,9.0,10.0,8.0,f,,WASHINGTON,f,moderate,f,f,34,0.44
1417880,https://www.airbnb.com/rooms/1417880,20160104002432,2016-01-04,Center UW 2 beds large Quiet  (210),"This apt has Walk Score of 98 out of 100. This location is a Walker's Paradise so no car is required. Super comfortable, quiet and clean. The W tower, Hotel Deca are just across street. Supermarket is just next block. ","Large clean furnished studio  with walk-in closet, private large kitchen and bathroom.  *Fully equipped kitchen   *Full bath with newly refinished shiny bathtub and clean towels.  *Furniture include queen bed, a twin bed, sofa, desk, desk chair, might stand, dining table and chairs.  *Quiet, conveniently located in the heart of U District. *Free business level wifi! *New Maytag washers and dryers in the building * Controlled secure access.  * Easy access to I-5. 10 min to get to down town normally; 20+min in rush hour. Interesting! many tenants have asked me if the building is mostly empty for it is so quiet.  On the contrary, it is 95% fully occupied.  Due to the good insulation and solid structure, the sound proof is very good.  This lovely brick building, originally a classic hotel and a landmark, is in a great location at the heart of the U District but is very quiet due to good management, located between NE 45th and 46th St. on Brooklyn Ave.   There are bike and walking paths (Yo","This apt has Walk Score of 98 out of 100. This location is a Walker's Paradise so no car is required. Super comfortable, quiet and clean. The W tower, Hotel Deca are just across street. Supermarket is just next block. Large clean furnished studio  with walk-in closet, private large kitchen and bathroom.  *Fully equipped kitchen   *Full bath with newly refinished shiny bathtub and clean towels.  *Furniture include queen bed, a twin bed, sofa, desk, desk chair, might stand, dining table and chairs.  *Quiet, conveniently located in the heart of U District. *Free business level wifi! *New Maytag washers and dryers in the building * Controlled secure access.  * Easy access to I-5. 10 min to get to down town normally; 20+min in rush hour. Interesting! many tenants have asked me if the building is mostly empty for it is so quiet.  On the contrary, it is 95% fully occupied.  Due to the good insulation and solid structure, the sound proof is very good.  This lovely brick building, originally a ",none,"It is located in the bustling and vibrant University district.  A rare 98 out of 100 walk score. You will have access to a diverse array of restaurants, shops and activities.",,"Right at the corner of Brooklyn Ave and within five minutes' walking distance to the University of Washington. Many bus lines are just a few steps away and can take you anywhere in Seattle. There are 130 restaurants within a 15 minute walk including BBQ Chicken, Mongolian Grill, Thai Food, Japanese Noodle, Greek Gyro and Bubble tea house, etc. ",https://a0.muscache.com/ac/pictures/72048990/71e77313_original.jpg?interpolation=lanczos-none&size=small&output-format=jpg&output-quality=70,https://a0.muscache.com/im/pictures/72048990/71e77313_original.jpg?aki_policy=medium,https://a0.muscache.com/ac/pictures/72048990/71e77313_original.jpg?interpolation=lanczos-none&size=large_cover&output-format=jpg&output-quality=70,https://a0.muscache.com/ac/pictures/72048990/71e77313_original.jpg?interpolation=lanczos-none&size=x_large_cover&output-format=jpg&output-quality=70,3074414,https://www.airbnb.com/users/show/3074414,Melissa,2012-07-27,"Seattle, Washington, United States","Used to be a professor (Ph.D. in Political Economy), then a homeschooling mom and  a religious non profit organization founder, now like to travel, read / review books and manage properties. The best cities I like are Seattle, Florence, Sanya and Taipei.  (Taipei is chosen as the #1 out of 26 Remarkable Places For Solo Travel by BuzzFeed!  (website hidden)) We have  a few nicely furnished studios and one bedrooms condo apt conveniently located near University of Washington in Seattle with your own private kitchen and bathroom.  You will enjoy the convenient locations and quietness of all these buildings. You will also be surprised how quickly we respond to your requests as long as I am in town.  My motto is Providing Quality Places at Fair Prices and my life motto is in Philippians 4:13. ",within a few hours,80%,100%,f,"https://a2.muscache.com/ac/users/3074414/profile_pic/1408093668/original.jpg?interpolation=lanczos-none&crop=w:w;*,*&crop=h:h;*,*&resize=50:*&output-format=jpg&output-quality=70","https://a2.muscache.com/ac/users/3074414/profile_pic/1408093668/original.jpg?interpolation=lanczos-none&crop=w:w;*,*&crop=h:h;*,*&resize=225:*&output-format=jpg&output-quality=70",Ravenna,34.0,34.0,"['email', 'phone', 'reviews', 'kba']",t,t,"Brooklyn Avenue Northeast, Seattle, WA 98105, United States",University District,University District,University District,Seattle,WA,98105,Seattle,"Seattle, WA",US,United States,47.66147374152716,-122.31356281044512,t,Apartment,Entire home/apt,2,1.0,1.0,1.0,Real Bed,"{Internet,""Wireless Internet"",Kitchen,""Buzzer/Wireless Intercom"",Heating,Washer,Dryer,Essentials,Shampoo}",,$83.00,$550.00,"$1,650.00",$150.00,$55.00,1,$15.00,3,1125,6 weeks ago,t,30,60,90,365,2016-01-04,11,2013-07-26,2014-09-03,85.0,9.0,9.0,9.0,9.0,9.0,9.0,f,,WASHINGTON,f,moderate,f,f,34,0.37
7245692,https://www.airbnb.com/rooms/7245692,20160104002432,2016-01-04,"Private bedroom & bathroom, parking","Seattle University District, in a residential street, from where you can easily walk, or take public transport. If you have a car, we have a spot in the back of the house for you, so no worries about parking meters! Are you in town for a University event? Perfect place to stay. Just walk right out the door and you'll be there in no time. We have a kitty cat roaming through the house, and a garage band next door. Just letting you know in case you don't like cats or music.","There is a private bedroom with it's own bathroom (yes shower, no tub). This room is on the ground floor of the house, and is right opposite the entrance hall to the front door which means easy private access. The room has a closet, two dressers, and a desk area. Lots of natural light, and well ventilated.  There is parking behind the house, but also lots of street parking right outside the house. For extended time beyond two hours, use the parking in the back.","Seattle University District, in a residential street, from where you can easily walk, or take public transport. If you have a car, we have a spot in the back of the house for you, so no worries about parking meters! Are you in town for a University event? Perfect place to stay. Just walk right out the door and you'll be there in no time. We have a kitty cat roaming through the house, and a garage band next door. Just letting you know in case you don't like cats or music. There is a private bedroom with it's own bathroom (yes shower, no tub). This room is on the ground floor of the house, and is right opposite the entrance hall to the front door which means easy private access. The room has a closet, two dressers, and a desk area. Lots of natural light, and well ventilated.  There is parking behind the house, but also lots of street parking right outside the house. For extended time beyond two hours, use the parking in the back. Besides the private room with it's own private bathroom, l",none,This is the residential part of the University District of Seattle,,"From this location it is a short walk to the University of Washington, and to various bus stops. It is also a short distance to many parts of the city and to entrances to highways.",https://a1.muscache.com/ac/pictures/104042598/3d933194_original.jpg?interpolation=lanczos-none&size=small&output-format=jpg&output-quality=70,https://a1.muscache.com/im/pictures/104042598/3d933194_original.jpg?aki_policy=medium,https://a1.muscache.com/ac/pictures/104042598/3d933194_original.jpg?interpolation=lanczos-none&size=large_cover&output-format=jpg&output-quality=70,https://a1.muscache.com/ac/pictures/104042598/3d933194_original.jpg?interpolation=lanczos-none&size=x_large_cover&output-format=jpg&output-quality=70,37938910,https://www.airbnb.com/users/show/37938910,Magdalena,2015-07-08,"Seattle, Washington, United States","Hi,  welcome to our house in the middle of the U-District. I am linguist working in the interpreting and translation field, as well as a graphic designer and all around artist.  We like academics, and music, and cooking, and you are welcome to look through our libraries and use our kitchen. There is a cozy sitting porch outside the kitchen to enjoy your morning coffee.",within an hour,100%,,f,"https://a2.muscache.com/ac/users/37938910/profile_pic/1436405463/original.jpg?interpolation=lanczos-none&crop=w:w;*,*&crop=h:h;*,*&resize=50:*&output-format=jpg&output-quality=70","https://a2.muscache.com/ac/users/37938910/profile_pic/1436405463/original.jpg?interpolation=lanczos-none&crop=w:w;*,*&crop=h:h;*,*&resize=225:*&output-format=jpg&output-quality=70",,1.0,1.0,"['email', 'phone', 'linkedin', 'reviews', 'jumio']",t,t,"11th Ave NE, Seattle, WA 98105, United States",,University District,University District,Seattle,WA,98105,Seattle,"Seattle, WA",US,United States,47.66765748239081,-122.31780716890728,f,House,Private room,2,1.0,1.0,1.0,Real Bed,"{""Wireless Internet"",Kitchen,""Free Parking on Premises"",""Pets live on this property"",Cat(s),Heating,""Family/Kid Friendly"",""Suitable for Events"",Washer,Dryer,""Smoke Detector"",""Carbon Monoxide Detector"",""First Aid Kit"",""Safety Card"",""Fire Extinguisher"",Essentials,Shampoo}",,$73.00,$445.00,"$1,390.00",,$25.00,2,$25.00,1,1125,2 months ago,t,21,51,81,356,2016-01-04,5,2015-08-28,2015-10-16,96.0,9.0,10.0,10.0,10.0,10.0,9.0,f,,WASHINGTON,f,flexible,f,f,1,1.15
7153101,https://www.airbnb.com/rooms/7153101,20160104002432,2016-01-04,New Spacious Private Home UW Lake U,"Perfect Location: Center of East L./Greenlake, Fremont, and DT SEA! Steps from Burke -G Trail, Lake Union & University of Washington! - Private Beds/-Bathrooms, Queen Mats! Neighborhood Scores:  Walk: 98 Bike :91 Transit: 76 all = excellent/best!","- The Home (land not included) is ~1300 SQ Feet.  - 1 car garage and street parking, Grill and Laundry Room access - The Bedrooms are quite spacious - large closets w/ hangers, Drawer space in bathrooms and Bedrooms available  - Leather Platform Queen bed 10' Memory Foam ""IQ"" Mattress (retailed ~$1500) in guest room - Master bed is a Sealy (firmer mattress) (~$900 retail) -- both are very comfortable!! - European ironing board and new efficient iron - Complimentary amenities: Shave cream , hair product, blow dryer, men/female name brand body wash, bar soap, clean loofah & wash cloth, extra linens, body lotion, shampoo, conditioner, Q tips, Etc.   - night stand:  (2 outlets on back of stand itself - guest room). Night stand contains a 10+ page guidebook of favorite local spots to go to and tourist destinations in and around Seattle I personally compiled. Also Divided out into restaurants, nightlife, sightseeing, parks etc and age range for nightlife spots.   Master Bedroom Differences: ","Perfect Location: Center of East L./Greenlake, Fremont, and DT SEA! Steps from Burke -G Trail, Lake Union & University of Washington! - Private Beds/-Bathrooms, Queen Mats! Neighborhood Scores:  Walk: 98 Bike :91 Transit: 76 all = excellent/best! - The Home (land not included) is ~1300 SQ Feet.  - 1 car garage and street parking, Grill and Laundry Room access - The Bedrooms are quite spacious - large closets w/ hangers, Drawer space in bathrooms and Bedrooms available  - Leather Platform Queen bed 10' Memory Foam ""IQ"" Mattress (retailed ~$1500) in guest room - Master bed is a Sealy (firmer mattress) (~$900 retail) -- both are very comfortable!! - European ironing board and new efficient iron - Complimentary amenities: Shave cream , hair product, blow dryer, men/female name brand body wash, bar soap, clean loofah & wash cloth, extra linens, body lotion, shampoo, conditioner, Q tips, Etc.   - night stand:  (2 outlets on back of stand itself - guest room). Night stand contains a 10+ page ",none,"*ALSO SEE AIRBNB GUEST GUIDEBOOK FOR MORE DETAILED PLACES TO SEE!  **(This section and the ""Guidebook"" will both be printed and left for you when you check in.) The Neighborhood: Per (URL HIDDEN) The Neighboorhood/my address have the following scores: Walk: 98, Bike: 91 and Transit (bus) 76 -- all are considered ""excellent"" and are in their respective highest range of scores. Crime Grade (see photos): A (lowest risk of crime) House is located on border of University of Washington District and Wallingford. -- a very nice and small little neighborhood that sits between U. District, Eastlake, Greenlake, and Fremont/Ballard.  Steps from The Burke-Gilman Trail: a trail for walkers, runners, bikers. The Trail stretches 50 miles from Ballard to Kent, WA. Following the flat paved trail can take you around majority of the border of UW campus where you can peel off anytime to be on campus.  Following the trail can also get you to: - Gas Works Park - Ballard Locks - University Village (shopping, ","Make sure you read the entire description of the place (there's no fine print don't worry :) ) and especially the House Rules -I have special arrangements made for you to get your key and everything else you need (room, shower cleaned, linens cleaned etc.) If I am unable to do so and greet you myself. **Checkout is 11am. Check-in is 4pm-12am -- on days I have checkout/ins back-2-back I do my best to get house and room(s) rdy for an earlier check-in for guests always! -You will also find ""House Safety Card"" w/ instructions in event of an emergency and how to use the ADT security system (not required) in your room when you arrive. - House is ""Fire Safety Approved "" with 4 separate locations of fire extinguishers and a ladder to hang out the top windows and climb down in event of Fire.  - Carbon Monoxide Alarm is also incorporated into the system.  -Please respect my place as if it were your home. Upon departure all I ask is to not leave the place a complete mess, please clean up after yo","Easily one of the best locations in Seattle as far as accessibility to all destinations of interest. Literally 5-15 minutes (no traffic)  access to all popular destinations.  - Transportation ecommendations from airport:  1. Take the light rail to the Bus Station and from there take Bus 72,73,or 74 -- all will take you to my house, get off @ 40th & 7th Ave and my house is across the crosswalk. Call me. *Cost* = ~$5 2. Uber: ~$36 - Perfect location for anyone applying/interviewing at the UW for med school, residency, MBA, or any other job/academic position at The UW.  - Far enough from UW to be away from undergrad college neighborhoods but close enough to campus ~ 5 minutes or so. - 5 minute drive to Downtown Seattle, Seattle Center, The Space Needle, all Sports Stadiums/Venues etc. - 5-10 minutes (car)to Capitol Hill, Fremont, Ballard, University Village, (all of these places can actually be accessed by bike easily. The Ballard bridge is ~4.2 miles on my bike and via Burke Gilman Trail",https://a0.muscache.com/ac/pictures/103269168/9022d415_original.jpg?interpolation=lanczos-none&size=small&output-format=jpg&output-quality=70,https://a0.muscache.com/im/pictures/103269168/9022d415_original.jpg?aki_policy=medium,https://a0.muscache.com/ac/pictures/103269168/9022d415_original.jpg?interpolation=lanczos-none&size=large_cover&output-format=jpg&output-quality=70,https://a0.muscache.com/ac/pictures/103269168/9022d415_original.jpg?interpolation=lanczos-none&size=x_large_cover&output-format=jpg&output-quality=70,37461306,https://www.airbnb.com/users/show/37461306,Rory,2015-07-04,"Seattle, Washington, United States","Hey! I'm an outgoing person, love the outdoors, hiking etc. I have a golden retriever so if you don't like dogs you might want to stay elsewhere. I'm friendly, easy-going and like meeting new people! In addition to the private bed/bathroom, the rest of my house is open to you except my bedroom and office. Occasionally I also rent the entire home out when away on business or pleasure trips.  Feel free to store groceries if need be, use washer/dryer/iron board, I want you to feel like you're at home!

What I look for/expect from travelers as a host: All I ask is whenever you're in the common areas like kitchen etc, please cleanup after yourselves and respect the house like your own. As for your room, I take care of that and do a thorough cleaning of all towels, loofahs, wash cloths etc. vacuum, change/wash sheets and clean bathroom just like a hotel does prior to arrival of every booked guest.

** Most travelers that come through have their own agendas and are not around too much, However in the event a guest is hanging around looking for stuff to do--i will gladly help and share popular tourist and ""local"" cool places to check out. However, I don't want to feel obligated to entertain guests because I have my own life as well--errands, plans w/ friends etc. 

Where I have Traveled: I've been to Europe, Africa, Argentina, Aruba, Jamaica, and most everywhere in the U.S. !
",within an hour,93%,100%,f,"https://a1.muscache.com/ac/users/37461306/profile_pic/1436001604/original.jpg?interpolation=lanczos-none&crop=w:w;*,*&crop=h:h;*,*&resize=50:*&output-format=jpg&output-quality=70","https://a1.muscache.com/ac/users/37461306/profile_pic/1436001604/original.jpg?interpolation=lanczos-none&crop=w:w;*,*&crop=h:h;*,*&resize=225:*&output-format=jpg&output-quality=70",University District,2.0,2.0,"['email', 'phone', 'facebook', 'google', 'linkedin', 'reviews', 'jumio', 'kba']",t,t,"7th Avenue Northeast, Seattle, WA 98105, United States",University District,University District,University District,Seattle,WA,98105,Seattle,"Seattle, WA",US,United States,47.65665819458098,-122.32031378158015,t,Townhouse,Entire home/apt,4,2.5,2.0,2.0,Real Bed,"{TV,""Cable TV"",Internet,""Wireless Internet"",""Air Conditioning"",Kitchen,""Free Parking on Premises"",""Indoor Fireplace"",Heating,""Family/Kid Friendly"",Washer,Dryer,""Smoke Detector"",""Carbon Monoxide Detector"",""First Aid Kit"",""Safety Card"",""Fire Extinguisher"",Essentials,Shampoo,""Lock on Bedroom Door"",""24-Hour Check-in"",Hangers,""Hair Dryer"",Iron,""Laptop Friendly Workspace""}",,$92.00,,,$225.00,$80.00,2,$10.00,1,28,today,t,17,39,69,335,2016-01-04,34,2015-07-13,2015-12-28,97.0,10.0,10.0,10.0,10.0,10.0,10.0,f,,WASHINGTON,f,strict,f,f,2,5.8
9014572,https://www.airbnb.com/rooms/9014572,20160104002432,2016-01-04,Cozy private room very close to UW,The location of the apartment is just a crosswalk away from UW main entrance. And it's 2 minute walk to bus station that could take you to the gorgeous downtown Seattle!,,The location of the apartment is just a crosswalk away from UW main entrance. And it's 2 minute walk to bus station that could take you to the gorgeous downtown Seattle!,none,,,,https://a2.muscache.com/ac/pictures/7d540786-883e-4647-9201-cf60e81c4024.jpg?interpolation=lanczos-none&size=small&output-format=jpg&output-quality=70,https://a2.muscache.com/im/pictures/7d540786-883e-4647-9201-cf60e81c4024.jpg?aki_policy=medium,https://a2.muscache.com/ac/pictures/7d540786-883e-4647-9201-cf60e81c4024.jpg?interpolation=lanczos-none&size=large_cover&output-format=jpg&output-quality=70,https://a2.muscache.com/ac/pictures/7d540786-883e-4647-9201-cf60e81c4024.jpg?interpolation=lanczos-none&size=x_large_cover&output-format=jpg&output-quality=70,19381151,https://www.airbnb.com/users/show/19381151,Yifan,2014-08-03,"Seattle, Washington, United States",Hi! I'm Yifan. I'm a student at University of Washington! ,within a few hours,100%,,f,"https://a0.muscache.com/ac/users/19381151/profile_pic/1407077094/original.jpg?interpolation=lanczos-none&crop=w:w;*,*&crop=h:h;*,*&resize=50:*&output-format=jpg&output-quality=70","https://a0.muscache.com/ac/users/19381151/profile_pic/1407077094/original.jpg?interpolation=lanczos-none&crop=w:w;*,*&crop=h:h;*,*&resize=225:*&output-format=jpg&output-quality=70",,2.0,2.0,"['email', 'phone', 'facebook', 'google', 'linkedin', 'reviews', 'jumio']",t,t,"16th Avenue Northeast, Seattle, WA 98105, United States",,University District,University District,Seattle,WA,98105,Seattle,"Seattle, WA",US,United States,47.66270102791644,-122.309732056787,f,Apartment,Private room,1,0.5,1.0,1.0,Real Bed,"{TV,""Cable TV"",Internet,""Wireless Internet"",Kitchen,Heating,Essentials,Shampoo,Hangers}",,$69.00,$400.00,"$1,400.00",,,1,$0.00,1,1125,3 months ago,t,30,60,90,365,2016-01-04,0,,,,,,,,,,f,,WASHINGTON,t,flexible,f,f,2,
585418,https://www.airbnb.com/rooms/585418,20160104002432,2016-01-04,"Quiet Stay—UW, UDistrict, UVillage",Take in the gorgeous view as you enjoy a cup of coffee on the balcony!,"Take in the gorgeous view as you enjoy a cup of coffee on the balcony! LOCATION Located in quiet Ravenna, this comfortably furnished space is only a few minutes' walk from the University of Washington and U-District (plenty of restaurants, shops, and grocery stores). Getting to the University of Washington Medical Center (UWMC) takes about 25 minutes by foot, or approximately 15 minutes by bus. Seattle Children's Hospital is about a 20-minute walk from the flat, or around a 10-minute bus ride. Steps away are the very popular Burke-Gilman Trail, Ravenna Park, and University Village (fantastic shopping center).   BUS PASS Rather than having to purchase your own ORCA card (Seattle's public transit card which costs $5) or scramble for loose change (buses take only exact change), you can borrow my ORCA card.   At the end of your stay, you can simply return my ORCA card and pay for the fares accrued during your stay. PARKING PASS As for parking, I'm happy to lend out my visitor's parking pas","Take in the gorgeous view as you enjoy a cup of coffee on the balcony! Take in the gorgeous view as you enjoy a cup of coffee on the balcony! LOCATION Located in quiet Ravenna, this comfortably furnished space is only a few minutes' walk from the University of Washington and U-District (plenty of restaurants, shops, and grocery stores). Getting to the University of Washington Medical Center (UWMC) takes about 25 minutes by foot, or approximately 15 minutes by bus. Seattle Children's Hospital is about a 20-minute walk from the flat, or around a 10-minute bus ride. Steps away are the very popular Burke-Gilman Trail, Ravenna Park, and University Village (fantastic shopping center).   BUS PASS Rather than having to purchase your own ORCA card (Seattle's public transit card which costs $5) or scramble for loose change (buses take only exact change), you can borrow my ORCA card.   At the end of your stay, you can simply return my ORCA card and pay for the fares accrued during your stay. PARK",none,,"Going for a bike ride or run on the Burke-Gilman Trail is highly recommended.  Gorgeous Green Lake is also only two miles away, with quite the selection of equipment rentals (bike, boat, kayak, canoe, and paddleboard to name a few). ---------- Also, be sure to check out the many local farmers' markets: Saturdays - U-District Sundays - Fremont Market; Ballard Farmers' Market Wednesdays - Wallingford Thursdays - Queen Anne Fridays - Phinney Ridge Market Furthermore, Pike Place Market is open seven days a week, year-round--do make a trip if you can. For more trip-planning ideas, take a look at my Guidebook--there's no shortage of things to do!",The apartment is within easy access to I-5 as well as public transportation--a few bus stops close-by have express routes to/from downtown.,https://a2.muscache.com/ac/pictures/19787470/a8a9dbb5_original.jpg?interpolation=lanczos-none&size=small&output-format=jpg&output-quality=70,https://a2.muscache.com/im/pictures/19787470/a8a9dbb5_original.jpg?aki_policy=medium,https://a2.muscache.com/ac/pictures/19787470/a8a9dbb5_original.jpg?interpolation=lanczos-none&size=large_cover&output-format=jpg&output-quality=70,https://a2.muscache.com/ac/pictures/19787470/a8a9dbb5_original.jpg?interpolation=lanczos-none&size=x_large_cover&output-format=jpg&output-quality=70,2225735,https://www.airbnb.com/users/show/2225735,Angela,2012-04-26,"Seattle, Washington, United States","I'm originally from Bellevue, Nebraska, but, as a University of Chicago alumna, I also consider Chicago my 'second' hometown.  I moved to Seattle to attend the University of Washington School of Law, and I really fell in love with the Pacific Northwest.  When not book-reading, I fill my days with bike-riding, berry-picking, and book-reading.  :)

I love traveling as well as hosting.  Countries visited so far:  South Korea, Japan, France, Canada, Mexico, England, Scotland, Denmark, the Netherlands, Spain, and Germany.  Next on the list:  Italy, Macedonia, Australia, and New Zealand.

Select Favorites:
authors:  Kurt Vonnegut, David Foster Wallace, Victor Hugo, Malcolm Gladwell
artists:  Ratatat, Girl Talk, Ludovico Einaudi
comedians:  Mitch Hedberg, Louis C.K., Tina Fey, Amy Poehler
movies:  Scott Pilgrim v. the World, Inception, The Imposter, Interstellar
shows:  Sherlock (BBC), Battlestar Galactica, Breaking Bad, 30 Rock, Parks and Recreation, Archer
podcasts/radio:  Comedy Bang Bang, This American Life
sports:  rock climbing, erging, squash

recently read:  ""The Last Question"" by Isaac Asimov
currently reading:  ""White Teeth"" by Zadie Smith; ""Infinite Jest"" by David Foster Wallace; ""Michael Jordan: The Life"" by Roland Lazenby (I'm always eager to swap reading lists, so please share your book recommendations!)",,,,t,"https://a0.muscache.com/ac/users/2225735/profile_pic/1441373850/original.jpg?interpolation=lanczos-none&crop=w:w;*,*&crop=h:h;*,*&resize=50:*&output-format=jpg&output-quality=70","https://a0.muscache.com/ac/users/2225735/profile_pic/1441373850/original.jpg?interpolation=lanczos-none&crop=w:w;*,*&crop=h:h;*,*&resize=225:*&output-format=jpg&output-quality=70",University District,1.0,1.0,"['email', 'phone', 'facebook', 'linkedin', 'reviews', 'kba']",t,t,"Ravenna Avenue Northeast, Seattle, WA 98105, United States",University District,University District,University District,Seattle,WA,98105,Seattle,"Seattle, WA",US,United States,47.6644857528012,-122.30467063357894,t,Apartment,Shared room,2,1.0,1.0,1.0,Futon,"{Internet,""Wireless Internet"",Kitchen,""Free Parking on Premises"",Heating,Washer,Dryer,""Smoke Detector"",""Carbon Monoxide Detector"",""First Aid Kit"",""Safety Card"",""Fire Extinguisher"",Essentials,Shampoo}",,$59.00,$405.00,,,,1,$26.00,1,10,2 months ago,t,15,45,75,171,2016-01-04,146,2012-09-14,2015-09-30,98.0,10.0,10.0,10.0,10.0,9.0,10.0,f,,WASHINGTON,f,moderate,t,t,1,3.63
4484426,https://www.airbnb.com/rooms/4484426,20160104002432,2016-01-04,"2 Baths W/D,View,  Walk UW (402)","Large 2 bdr 2 baths apt with many Luxuries on Quiet Street walk to UW, Ravenna park, University Village, Trail.  2 blocks to every bus line in Seattle,  6-8 min drive to Children Hospital, downtown Seattle,Portage Bay, Lake Union and the Eastlake   ","Located in a quiet cul-de-sac neighborhood, this two bedroom Apartment is spacious and surrounded by trees and fresh air:  *Two Bedrooms/ Two Bathrooms  * Fully Furnished. * Kitchen is simply equipped. * Ceiling fans in dining room and two bedrooms  * Intercom Controlled Access.  * Washer/Dryer/Dishwasher/Microwave Oven/ Disposal in the unit  * 4th floor quiet corner with with thick dense carpet and no pets in the building. * Private Deck * most leather furniture  * Easy to find street parking or an assigned remote controlled garage parking space at a small fee  * Controlled entrance with intercom * Easy access to I-5. 10 min to get to down town normally; 20+min in rush hour. This bright, upgraded apartment is conveniently located, with a view of the city and University Village, an upscale, open-air shopping mall in the University District of Seattle. There are two queen beds  and beddings, a long sofa ,   desk, desk chair, dining table with 4 chairs,  shelves, pots and pans, kettle, d","Large 2 bdr 2 baths apt with many Luxuries on Quiet Street walk to UW, Ravenna park, University Village, Trail.  2 blocks to every bus line in Seattle,  6-8 min drive to Children Hospital, downtown Seattle,Portage Bay, Lake Union and the Eastlake    Located in a quiet cul-de-sac neighborhood, this two bedroom Apartment is spacious and surrounded by trees and fresh air:  *Two Bedrooms/ Two Bathrooms  * Fully Furnished. * Kitchen is simply equipped. * Ceiling fans in dining room and two bedrooms  * Intercom Controlled Access.  * Washer/Dryer/Dishwasher/Microwave Oven/ Disposal in the unit  * 4th floor quiet corner with with thick dense carpet and no pets in the building. * Private Deck * most leather furniture  * Easy to find street parking or an assigned remote controlled garage parking space at a small fee  * Controlled entrance with intercom * Easy access to I-5. 10 min to get to down town normally; 20+min in rush hour. This bright, upgraded apartment is conveniently located, with a v",none,"It is at a quiet cul-de-sac. However, it is conveniently located close to the UW, parks, hiking trails, shopping center (with so many great restaurant especially Din Tai Fung), and public transit. You can also rent one of my bikes to take the Burke Gilman trail to Lake Washington.","It is on the easy climbing 4th floor. The owner will pay for the water, sewer, electricity and solid waste. The tenant use electricity judiciously.  For long term guests,  If the electricity usage is over $70/mo  (over 28 days) for one guest or over $90 for two guests,  the guests will pay the difference.  This is the way that we do not casually waste energy.","If you come from the airport, you may either take the cab or take the link (train) to downtown Seattle. Then take the bus 71,72,73 to U district. Our place is just a couple blocks from the 25th ave where the University Village Shopping Center is, there are many bus lines to literally take you to anywhere in Seattle.",https://a2.muscache.com/ac/pictures/71533273/348775e0_original.jpg?interpolation=lanczos-none&size=small&output-format=jpg&output-quality=70,https://a2.muscache.com/im/pictures/71533273/348775e0_original.jpg?aki_policy=medium,https://a2.muscache.com/ac/pictures/71533273/348775e0_original.jpg?interpolation=lanczos-none&size=large_cover&output-format=jpg&output-quality=70,https://a2.muscache.com/ac/pictures/71533273/348775e0_original.jpg?interpolation=lanczos-none&size=x_large_cover&output-format=jpg&output-quality=70,3074414,https://www.airbnb.com/users/show/3074414,Melissa,2012-07-27,"Seattle, Washington, United States","Used to be a professor (Ph.D. in Political Economy), then a homeschooling mom and  a religious non profit organization founder, now like to travel, read / review books and manage properties. The best cities I like are Seattle, Florence, Sanya and Taipei.  (Taipei is chosen as the #1 out of 26 Remarkable Places For Solo Travel by BuzzFeed!  (website hidden)) We have  a few nicely furnished studios and one bedrooms condo apt conveniently located near University of Washington in Seattle with your own private kitchen and bathroom.  You will enjoy the convenient locations and quietness of all these buildings. You will also be surprised how quickly we respond to your requests as long as I am in town.  My motto is Providing Quality Places at Fair Prices and my life motto is in Philippians 4:13. ",within a few hours,80%,100%,f,"https://a2.muscache.com/ac/users/3074414/profile_pic/1408093668/original.jpg?interpolation=lanczos-none&crop=w:w;*,*&crop=h:h;*,*&resize=50:*&output-format=jpg&output-quality=70","https://a2.muscache.com/ac/users/3074414/profile_pic/1408093668/original.jpg?interpolation=lanczos-none&crop=w:w;*,*&crop=h:h;*,*&resize=225:*&output-format=jpg&output-quality=70",Ravenna,34.0,34.0,"['email', 'phone', 'reviews', 'kba']",t,t,"Ravenna Avenue NE, Seattle, WA 98105, United States",University District,University District,University District,Seattle,WA,98105,Seattle,"Seattle, WA",US,United States,47.662360599433896,-122.30242395277932,t,Apartment,Entire home/apt,6,2.0,2.0,2.0,Real Bed,"{TV,Internet,""Wireless Internet"",Kitchen,""Free Parking on Premises"",Heating,""Family/Kid Friendly"",Washer,Dryer,""Smoke Detector"",""Fire Extinguisher"",Essentials,Shampoo}",,$145.00,"$1,200.00","$2,995.00",$250.00,$90.00,2,$20.00,1,1125,2 days ago,t,30,60,90,365,2016-01-04,7,2015-06-14,2015-11-21,91.0,10.0,9.0,9.0,9.0,9.0,9.0,f,,WASHINGTON,f,strict,f,f,34,1.02
3291777,https://www.airbnb.com/rooms/3291777,20160104002432,2016-01-04,Spacious and so close to UW (34),"It has a Walk Score of 100--Walker's Paradise. remodeled. The Ave, UW Tower, Hotel Deca just across the street. Very clean . 5-8 min drive to Children Hospital, downtown Seattle,Portage Bay, Lake Union and Eastlake. Easy bus to Amazon or Microsoft.","Furnished spacious one bedroom apartments in a quiet building about 3 feet above ground (not exact on the first floor more like 1 and half floor) and  only a 5 minute walk away from the University of Washington. It is located near 42nd St NE and 11 Ave. University Way is just two blocks over. Trader Joes, Safeway, Movie Theater, and a variety of diverse restaurants are a five minute walk away.  Easy access to I-5. 10 min to get to down town normally; 20+min in rush hour. $8 per day parking in our own lot if there is a available space. * A full private bathroom and a fully equipped kitchen with a full-size fridge and a range.  *Flat screen TV with powerful antenna receiving 60 more channels more than basic cable.  *Furniture includes a queen/full sized bed and bed sheets, two night stands and a matching dresser, Crate & Barrel sleeper sofa, coffee table, desk and desk chair, dining table and chairs,  *Equipped kitchen and towels. *coin-operated washing machines and dryers are on site.","It has a Walk Score of 100--Walker's Paradise. remodeled. The Ave, UW Tower, Hotel Deca just across the street. Very clean . 5-8 min drive to Children Hospital, downtown Seattle,Portage Bay, Lake Union and Eastlake. Easy bus to Amazon or Microsoft. Furnished spacious one bedroom apartments in a quiet building about 3 feet above ground (not exact on the first floor more like 1 and half floor) and  only a 5 minute walk away from the University of Washington. It is located near 42nd St NE and 11 Ave. University Way is just two blocks over. Trader Joes, Safeway, Movie Theater, and a variety of diverse restaurants are a five minute walk away.  Easy access to I-5. 10 min to get to down town normally; 20+min in rush hour. $8 per day parking in our own lot if there is a available space. * A full private bathroom and a fully equipped kitchen with a full-size fridge and a range.  *Flat screen TV with powerful antenna receiving 60 more channels more than basic cable.  *Furniture includes a queen/",none,"It is located in the bustling and vibrant University district.  A rare 100 walk score. You will have access to a diverse array of restaurants, shops and activities without the need for a car.",,"Right at the corner of 42nd St and 11th ave NE and within five minutes' walking distance to the University of Washington. Many bus lines are just a few steps away and can take you anywhere in Seattle. It only takes 10 min drive to downtown Seattle or  17 min bus ride. There are 130 restaurants within a 15 minute walk including BBQ Chicken, Mongolian Grill, Thai Food, Japanese Noodle, Greek Gyro and Bubble tea house, etc. ",https://a1.muscache.com/ac/pictures/44358397/1dec3a2e_original.jpg?interpolation=lanczos-none&size=small&output-format=jpg&output-quality=70,https://a1.muscache.com/im/pictures/44358397/1dec3a2e_original.jpg?aki_policy=medium,https://a1.muscache.com/ac/pictures/44358397/1dec3a2e_original.jpg?interpolation=lanczos-none&size=large_cover&output-format=jpg&output-quality=70,https://a1.muscache.com/ac/pictures/44358397/1dec3a2e_original.jpg?interpolation=lanczos-none&size=x_large_cover&output-format=jpg&output-quality=70,3074414,https://www.airbnb.com/users/show/3074414,Melissa,2012-07-27,"Seattle, Washington, United States","Used to be a professor (Ph.D. in Political Economy), then a homeschooling mom and  a religious non profit organization founder, now like to travel, read / review books and manage properties. The best cities I like are Seattle, Florence, Sanya and Taipei.  (Taipei is chosen as the #1 out of 26 Remarkable Places For Solo Travel by BuzzFeed!  (website hidden)) We have  a few nicely furnished studios and one bedrooms condo apt conveniently located near University of Washington in Seattle with your own private kitchen and bathroom.  You will enjoy the convenient locations and quietness of all these buildings. You will also be surprised how quickly we respond to your requests as long as I am in town.  My motto is Providing Quality Places at Fair Prices and my life motto is in Philippians 4:13. ",within a few hours,80%,100%,f,"https://a2.muscache.com/ac/users/3074414/profile_pic/1408093668/original.jpg?interpolation=lanczos-none&crop=w:w;*,*&crop=h:h;*,*&resize=50:*&output-format=jpg&output-quality=70","https://a2.muscache.com/ac/users/3074414/profile_pic/1408093668/original.jpg?interpolation=lanczos-none&crop=w:w;*,*&crop=h:h;*,*&resize=225:*&output-format=jpg&output-quality=70",Ravenna,34.0,34.0,"['email', 'phone', 'reviews', 'kba']",t,t,"11th Avenue Northeast, Seattle, WA 98105, United States",University District,University District,University District,Seattle,WA,98105,Seattle,"Seattle, WA",US,United States,47.65863155005484,-122.31776635593395,t,Apartment,Entire home/apt,4,1.0,1.0,2.0,Real Bed,"{TV,""Cable TV"",Internet,""Wireless Internet"",Kitchen,Heating,""Family/Kid Friendly"",Washer,Dryer,""Smoke Detector"",""Fire Extinguisher"",Essentials,Shampoo}",,$95.00,$650.00,"$1,850.00",$100.00,$60.00,1,$12.00,2,1125,2 weeks ago,t,30,60,90,365,2016-01-04,7,2014-06-15,2015-08-25,66.0,7.0,6.0,8.0,8.0,8.0,7.0,f,,WASHINGTON,f,moderate,f,f,34,0.37
3096191,https://www.airbnb.com/rooms/3096191,20160104002432,2016-01-04,View Walk to UW Village 2B 2B (402),"New Listing! Large 2 bedroom 2 baths apt with many washer/dryer/dishwasher/microwave oven/private deck on a quiet Street walk to UW,  Ravenna Park, University Village Shopping Center, good restaurants and Burke-Gilman Trail. Great Views of Lake/mount","Located in a quiet cul-de-sac, this spacious two bedroom apartment is surrounded by trees and fresh air.  *Two Bedrooms/ Two Bathrooms  * Fully Furnished and equipped.  * Intercom Controlled Access.  * Washer/Dryer/Dishwasher/Microwave Oven/ Disposal in the unit  * New Flat Screen TV *Wood-like floor in the living room and dining room. * Private Deck * New flat screen  TV * Easy to find street parking or an assigned remote controlled garage parking space at a small fee  * Controlled entrance with intercom * Easy access to I-5. 10 min to get to down town normally; 20+min in rush hour. This bright, upgraded apartment is conveniently located near an upscale, open-air shopping mall in the University District of Seattle. It is at a quiet cul-de-sac.  The thick, dense carpets that line all floors, as well as no pets residing here, provides an assured quiet. It is close to UW, parks, hiking trails, libraries, and public transit. You can also rent a bike from me for $5.00/a day and take the Bu","New Listing! Large 2 bedroom 2 baths apt with many washer/dryer/dishwasher/microwave oven/private deck on a quiet Street walk to UW,  Ravenna Park, University Village Shopping Center, good restaurants and Burke-Gilman Trail. Great Views of Lake/mount Located in a quiet cul-de-sac, this spacious two bedroom apartment is surrounded by trees and fresh air.  *Two Bedrooms/ Two Bathrooms  * Fully Furnished and equipped.  * Intercom Controlled Access.  * Washer/Dryer/Dishwasher/Microwave Oven/ Disposal in the unit  * New Flat Screen TV *Wood-like floor in the living room and dining room. * Private Deck * New flat screen  TV * Easy to find street parking or an assigned remote controlled garage parking space at a small fee  * Controlled entrance with intercom * Easy access to I-5. 10 min to get to down town normally; 20+min in rush hour. This bright, upgraded apartment is conveniently located near an upscale, open-air shopping mall in the University District of Seattle. It is at a quiet cul-de",none,The famous Burke Gilman trail is near the apt (one blocks down hill) there are many roads intersect the trail for cars and people to cross the trail. The trail also leads to the beautiful Ravenna Park which is just 3-4 blocks away from the apt.  We have UW visiting scholars and graduate students living at this complex who appreciate  the  convenience to be adjacent to the University but away from the noise of Sorority and Fraternity areas. There are several paths or short cuts to UW which takes about 10 min by foot. ,"Try not to clog your bathtub with hair. Always use a hair trap and dispose of loose hair in the garbage. Always remove animal fat or food residues from dishes before you put them in the dish washer or into the sink to avoid clogging the drain..  Tenants are responsible for the de-clogging cost. If you follow the advice, you will most likely not encounter these problems.  This unit is on the 4th floor with no elevator but a great view.","If you come from the airport, you may either take the cab or take the link (train) to downtown Seattle. Then take the bus 71,72,73 to U district. Our place is just a couple blocks from the 25th ave where the University Village Shopping Center is, there are many bus lines to literally take you to anywhere in Seattle. ",https://a2.muscache.com/ac/pictures/41719694/1f58d2d0_original.jpg?interpolation=lanczos-none&size=small&output-format=jpg&output-quality=70,https://a2.muscache.com/im/pictures/41719694/1f58d2d0_original.jpg?aki_policy=medium,https://a2.muscache.com/ac/pictures/41719694/1f58d2d0_original.jpg?interpolation=lanczos-none&size=large_cover&output-format=jpg&output-quality=70,https://a2.muscache.com/ac/pictures/41719694/1f58d2d0_original.jpg?interpolation=lanczos-none&size=x_large_cover&output-format=jpg&output-quality=70,2911360,https://www.airbnb.com/users/show/2911360,Ren,2012-07-12,"Seattle, Washington, United States","I am a physicist and a Calvinist.  I like to cook and go hiking. I believe I cook pretty well for my children and my wife like the food I cook.  I also like to think and solve math problems that is probably why I got a doctorate from an Ivy League University in Physics.  I do not talk much but am very easy going. I keep updating to make sure they are safe, comfortable and updated.  My wife is probably the person who meets you most of time.  She has many positive reviews on airbnb and she is outgoing and detail oriented -- she pays more attention on cleanliness and weather you are comfortable or not. She wants me to take care of this property so this is my new experience on airbnb but she still does the final inspection to make sure the units are clean and satisfactory. I believe you will like it just like other satisfying guests.",within a few hours,100%,100%,f,"https://a2.muscache.com/ac/users/2911360/profile_pic/1394702750/original.jpg?interpolation=lanczos-none&crop=w:w;*,*&crop=h:h;*,*&resize=50:*&output-format=jpg&output-quality=70","https://a2.muscache.com/ac/users/2911360/profile_pic/1394702750/original.jpg?interpolation=lanczos-none&crop=w:w;*,*&crop=h:h;*,*&resize=225:*&output-format=jpg&output-quality=70",Ravenna,11.0,11.0,"['email', 'phone', 'reviews']",t,f,"Ravenna Avenue Northeast, Seattle, WA 98105, United States",University District,University District,University District,Seattle,WA,98105,Seattle,"Seattle, WA",US,United States,47.66321788314095,-122.30437085771638,t,Apartment,Entire home/apt,6,2.0,2.0,2.0,Real Bed,"{TV,Internet,""Wireless Internet"",Kitchen,Heating,""Suitable for Events"",Washer,Dryer,""Smoke Detector"",Essentials,Shampoo}",,$150.00,$950.00,"$2,895.00",$100.00,$90.00,2,$15.00,1,1125,6 weeks ago,t,30,60,90,365,2016-01-04,8,2014-07-09,2014-09-02,68.0,7.0,7.0,7.0,7.0,9.0,7.0,f,,WASHINGTON,f,strict,f,f,11,0.44
9865846,https://www.airbnb.com/rooms/9865846,20160104002432,2016-01-04,Cozy Duplex Near UW,"Two bedrooms in a cozy basement duplex in Seattle's University District. Close to bars, cheap eats, shopping, Ravenna Park and bus lines to Capitol Hill, Ballard, Downtown and Fremont. Fully equipped kitchen and a parking spot in our alley.",Within walking distance of the University of Washington.,"Two bedrooms in a cozy basement duplex in Seattle's University District. Close to bars, cheap eats, shopping, Ravenna Park and bus lines to Capitol Hill, Ballard, Downtown and Fremont. Fully equipped kitchen and a parking spot in our alley. Within walking distance of the University of Washington. We will go stay at friend's houses while you stay here but we are more than happy to show you around on our days off. Lots of inexpensive dining and nightlife. Excellent bus access. 30 minutes to downtown, Capitol Hill and Ballard. $12 Lyft to lightrail/airport shuttle.",none,Lots of inexpensive dining and nightlife.,,"Excellent bus access. 30 minutes to downtown, Capitol Hill and Ballard. $12 Lyft to lightrail/airport shuttle.",https://a2.muscache.com/ac/pictures/235d007f-5592-4e55-bf51-de9781b38e5f.jpg?interpolation=lanczos-none&size=small&output-format=jpg&output-quality=70,https://a2.muscache.com/im/pictures/235d007f-5592-4e55-bf51-de9781b38e5f.jpg?aki_policy=medium,https://a2.muscache.com/ac/pictures/235d007f-5592-4e55-bf51-de9781b38e5f.jpg?interpolation=lanczos-none&size=large_cover&output-format=jpg&output-quality=70,https://a2.muscache.com/ac/pictures/235d007f-5592-4e55-bf51-de9781b38e5f.jpg?interpolation=lanczos-none&size=x_large_cover&output-format=jpg&output-quality=70,22302229,https://www.airbnb.com/users/show/22302229,Rachel,2014-10-08,"Gig Harbor, Washington, United States",,within a few hours,95%,100%,f,"https://a1.muscache.com/ac/users/22302229/profile_pic/1437618253/original.jpg?interpolation=lanczos-none&crop=w:w;*,*&crop=h:h;*,*&resize=50:*&output-format=jpg&output-quality=70","https://a1.muscache.com/ac/users/22302229/profile_pic/1437618253/original.jpg?interpolation=lanczos-none&crop=w:w;*,*&crop=h:h;*,*&resize=225:*&output-format=jpg&output-quality=70",,1.0,1.0,"['email', 'phone', 'google', 'reviews', 'jumio']",t,t,"Roosevelt Way Northeast, Seattle, WA 98105, United States",,University District,University District,Seattle,WA,98105,Seattle,"Seattle, WA",US,United States,47.667132180868265,-122.31644887976832,f,Apartment,Entire home/apt,4,1.0,2.0,2.0,Real Bed,"{""Wireless Internet"",Kitchen,""Free Parking on Premises"",Heating,""Smoke Detector"",""Carbon Monoxide Detector"",Essentials}",,$85.00,,,,,1,$0.00,1,1125,4 weeks ago,t,29,59,89,364,2016-01-04,1,2015-12-20,2015-12-20,100.0,10.0,10.0,10.0,10.0,10.0,10.0,f,,WASHINGTON,f,flexible,f,f,1,1.0
6249536,https://www.airbnb.com/rooms/6249536,20160104002432,2016-01-04,Center UW Comfy  New kitchen 103,"It has a Walk Score of 98 out of 100--Walker's Paradise. the Ave, UW Tower, Hotel Deca just across the street. Very clean . 5-8 min drive to Children Hospital, downtown Seattle,Portage Bay, Lake Union and Eastlake. Easy bus to Amazon or Microsoft.","* A large one studio with a remodeled large kitchen, * Water, sewer, garbage, electricity (with a cap on it if long term), and WiFi bills are paid by the owner  *New bathroom vanity  * one large fully equipped kitchen  * Walking distance to the UW campus (only 2 or 3 blocks)  * Controlled intercom access entry * Multiple New Maytag Washers/Dryers inside the building  * Bike Storage Room *New flat screen TV. * Good speed internet WiFi The furniture include a queen bed/ mattresses and linens, a sofa, a desk and a desk chair a dinning table and 2 chairs,  pots and pans, dresser, floor lamp, desk and desk chair coffee maker, microwave oven, cups and plates and kitchen wares.  It is a great way to share with roommates to save a lot in such a convenient location. . Bike and walking paths, bus-lines, grocery stores, and restaurants are within close distances. The large studio includes its own large kitchen, large fridge, walk-in closet, breakfast nook etc","It has a Walk Score of 98 out of 100--Walker's Paradise. the Ave, UW Tower, Hotel Deca just across the street. Very clean . 5-8 min drive to Children Hospital, downtown Seattle,Portage Bay, Lake Union and Eastlake. Easy bus to Amazon or Microsoft. * A large one studio with a remodeled large kitchen, * Water, sewer, garbage, electricity (with a cap on it if long term), and WiFi bills are paid by the owner  *New bathroom vanity  * one large fully equipped kitchen  * Walking distance to the UW campus (only 2 or 3 blocks)  * Controlled intercom access entry * Multiple New Maytag Washers/Dryers inside the building  * Bike Storage Room *New flat screen TV. * Good speed internet WiFi The furniture include a queen bed/ mattresses and linens, a sofa, a desk and a desk chair a dinning table and 2 chairs,  pots and pans, dresser, floor lamp, desk and desk chair coffee maker, microwave oven, cups and plates and kitchen wares.  It is a great way to share with roommates to save a lot in such a conve",none,"Many ladies like this quiet brick building with  controlled access.  It is located in a very convenient location just next to the bank, UW administration Tower and nice Hotels.","It is on the 1st floor but about 4 feet above ground.   The window face the Brooklyn Ave with an open view. This is an independent studio. However, there is a door and wall to the next  room studio and the door has hook to close on both sides.","Right at the corner of Brooklyn Ave and 45th st, there are many bus lines are just a few steps away and can take you anywhere in Seattle. For Amazon worker, one bus ride of 18-20 min to Amazon or 10 min drive. There are 130 restaurants within a 15 minute walk including BBQ Chicken, Mongolian Grill, Thai Food, Japanese Noodle, Greek Gyro and Bubble tea house, etc.  Coming from the airport, you either take a taxi (around $60) or an airport shuttle for $20 and tell them to get off at ""Hotel Deca"" that will make your rate cheaper for the drivers drop passengers at that hotel often, our place is on the same street within 25 feet. Or you can take the link to downtown and bus to here near 45th st NE and NE Brooklyn Ave.",https://a2.muscache.com/ac/pictures/71b5d8a7-6eab-4575-ae90-0010c55a0d78.jpg?interpolation=lanczos-none&size=small&output-format=jpg&output-quality=70,https://a2.muscache.com/im/pictures/71b5d8a7-6eab-4575-ae90-0010c55a0d78.jpg?aki_policy=medium,https://a2.muscache.com/ac/pictures/71b5d8a7-6eab-4575-ae90-0010c55a0d78.jpg?interpolation=lanczos-none&size=large_cover&output-format=jpg&output-quality=70,https://a2.muscache.com/ac/pictures/71b5d8a7-6eab-4575-ae90-0010c55a0d78.jpg?interpolation=lanczos-none&size=x_large_cover&output-format=jpg&output-quality=70,3074414,https://www.airbnb.com/users/show/3074414,Melissa,2012-07-27,"Seattle, Washington, United States","Used to be a professor (Ph.D. in Political Economy), then a homeschooling mom and  a religious non profit organization founder, now like to travel, read / review books and manage properties. The best cities I like are Seattle, Florence, Sanya and Taipei.  (Taipei is chosen as the #1 out of 26 Remarkable Places For Solo Travel by BuzzFeed!  (website hidden)) We have  a few nicely furnished studios and one bedrooms condo apt conveniently located near University of Washington in Seattle with your own private kitchen and bathroom.  You will enjoy the convenient locations and quietness of all these buildings. You will also be surprised how quickly we respond to your requests as long as I am in town.  My motto is Providing Quality Places at Fair Prices and my life motto is in Philippians 4:13. ",within a few hours,80%,100%,f,"https://a2.muscache.com/ac/users/3074414/profile_pic/1408093668/original.jpg?interpolation=lanczos-none&crop=w:w;*,*&crop=h:h;*,*&resize=50:*&output-format=jpg&output-quality=70","https://a2.muscache.com/ac/users/3074414/profile_pic/1408093668/original.jpg?interpolation=lanczos-none&crop=w:w;*,*&crop=h:h;*,*&resize=225:*&output-format=jpg&output-quality=70",Ravenna,34.0,34.0,"['email', 'phone', 'reviews', 'kba']",t,t,"Brooklyn Avenue Northeast, Seattle, WA 98105, United States",University District,University District,University District,Seattle,WA,98105,Seattle,"Seattle, WA",US,United States,47.66313457786451,-122.3145582495302,t,Apartment,Entire home/apt,2,1.0,0.0,1.0,Real Bed,"{TV,""Cable TV"",Internet,""Wireless Internet"",Kitchen,Heating,Washer,Dryer,""Smoke Detector"",""Fire Extinguisher"",Essentials,Shampoo}",,$98.00,$625.00,"$1,695.00",$150.00,$60.00,1,$15.00,2,1125,3 weeks ago,t,30,60,90,365,2016-01-04,2,2015-05-17,2015-11-07,80.0,8.0,9.0,10.0,10.0,9.0,8.0,f,,WASHINGTON,f,moderate,f,f,34,0.26
5744931,https://www.airbnb.com/rooms/5744931,20160104002432,2016-01-04,University District One Bedroom,"This cozy newly remodeled apartment is located in the heart of University of Washington districts. You are only one block from UW campus, three blocks from University Ave, ten minute drive or a bus rid to downtown Seattle, Capitol Hill.","This cozy newly remodeled apartment is located in the heart of University of Washington district. The unit is one block from the UW campus, three blocks from University Ave, five minutes from University Village shopping, the Burke-Gilman trail, Children's Hospital and the University of Washington Hospital, and also convenient by bus to downtown, Ballard, Queen Anne, Green Lake, and Capitol Hill.  It provides the quintessential university life experience, with the convenience of its own W/D, dishwasher, gas stove, and a reserved parking spot in a quiet triplex building.","This cozy newly remodeled apartment is located in the heart of University of Washington districts. You are only one block from UW campus, three blocks from University Ave, ten minute drive or a bus rid to downtown Seattle, Capitol Hill. This cozy newly remodeled apartment is located in the heart of University of Washington district. The unit is one block from the UW campus, three blocks from University Ave, five minutes from University Village shopping, the Burke-Gilman trail, Children's Hospital and the University of Washington Hospital, and also convenient by bus to downtown, Ballard, Queen Anne, Green Lake, and Capitol Hill.  It provides the quintessential university life experience, with the convenience of its own W/D, dishwasher, gas stove, and a reserved parking spot in a quiet triplex building. Reserved Parking Spot Only if it is inquired by guest.  This  is one block from the UW campus, three blocks from University Ave with  many coffee shops, restaurants and shops, five minute",none,"This  is one block from the UW campus, three blocks from University Ave with  many coffee shops, restaurants and shops, five minutes from University Village shopping centers. The neighborhood provides the quintessential university life experience.",extremely lively neighborhood.,"One Block from bus stop, three blocks from University Ave, five minutes from University Village shopping, the Burke-Gilman trail, Children's Hospital and the University of Washington Hospital, and also convenient by bus to downtown, Ballard, Queen Anne, Green Lake, and Capitol Hill.",https://a0.muscache.com/ac/pictures/75139900/bc3a31cc_original.jpg?interpolation=lanczos-none&size=small&output-format=jpg&output-quality=70,https://a0.muscache.com/im/pictures/75139900/bc3a31cc_original.jpg?aki_policy=medium,https://a0.muscache.com/ac/pictures/75139900/bc3a31cc_original.jpg?interpolation=lanczos-none&size=large_cover&output-format=jpg&output-quality=70,https://a0.muscache.com/ac/pictures/75139900/bc3a31cc_original.jpg?interpolation=lanczos-none&size=x_large_cover&output-format=jpg&output-quality=70,16756919,https://www.airbnb.com/users/show/16756919,Morteza,2014-06-13,"Seattle, Washington, United States","I love skiing and Mountain Biking, I am a sensor physicists ",within an hour,100%,100%,f,"https://a1.muscache.com/ac/users/16756919/profile_pic/1403459390/original.jpg?interpolation=lanczos-none&crop=w:w;*,*&crop=h:h;*,*&resize=50:*&output-format=jpg&output-quality=70","https://a1.muscache.com/ac/users/16756919/profile_pic/1403459390/original.jpg?interpolation=lanczos-none&crop=w:w;*,*&crop=h:h;*,*&resize=225:*&output-format=jpg&output-quality=70",University District,3.0,3.0,"['email', 'phone', 'reviews', 'jumio']",t,t,"19th Avenue Northeast, Seattle, WA 98105, United States",University District,University District,University District,Seattle,WA,98105,Seattle,"Seattle, WA",US,United States,47.66396766058472,-122.3065184774108,t,Apartment,Entire home/apt,4,1.0,1.0,4.0,Real Bed,"{TV,Internet,""Wireless Internet"",Kitchen,""Free Parking on Premises"",Heating,""Family/Kid Friendly"",Washer,Dryer,""Smoke Detector"",""Carbon Monoxide Detector"",""First Aid Kit"",""Fire Extinguisher"",Essentials,Shampoo,""24-Hour Check-in"",Hangers,""Hair Dryer"",Iron,""Laptop Friendly Workspace""}",,$110.00,$780.00,"$2,400.00",$300.00,$60.00,1,$10.00,2,1125,today,t,30,60,90,365,2016-01-04,7,2015-03-29,2015-09-09,100.0,10.0,10.0,10.0,10.0,8.0,10.0,f,,WASHINGTON,t,strict,f,f,2,0.74
8156764,https://www.airbnb.com/rooms/8156764,20160104002432,2016-01-04,UW Hacker House - 2nd flr 4p 1L,"Built, run and supported by Seattle tech and start up veterans, GrokHome's focus is to create a supportive environment for smart people working on interesting projects, start ups and more. This listing is a lower bunk, in a 4-person shared room.","*This listing is only available to those working in the tech/science space.* Live in a hacker house, and immerse yourself in the Seattle tech scene.  Connecting people through new ideas and technology is a huge part of what we do. You can expect demos and talks from people doing incredible work. We love when our guests want to show off something they are working on or are passionate about.  Our residents attend myriad events in technology around the city, and it is likely you will expand your network during your stay. From researchers at the University of Washington, to indie game developers, to interns at (SENSITIVE CONTENTS HIDDEN), we are proud to host a diverse group of hackers, makers and entrepreneurs. Just inquire to apply.","Built, run and supported by Seattle tech and start up veterans, GrokHome's focus is to create a supportive environment for smart people working on interesting projects, start ups and more. This listing is a lower bunk, in a 4-person shared room. *This listing is only available to those working in the tech/science space.* Live in a hacker house, and immerse yourself in the Seattle tech scene.  Connecting people through new ideas and technology is a huge part of what we do. You can expect demos and talks from people doing incredible work. We love when our guests want to show off something they are working on or are passionate about.  Our residents attend myriad events in technology around the city, and it is likely you will expand your network during your stay. From researchers at the University of Washington, to indie game developers, to interns at (SENSITIVE CONTENTS HIDDEN), we are proud to host a diverse group of hackers, makers and entrepreneurs. Just inquire to apply. We offer cowo",none,,,,https://a0.muscache.com/ac/pictures/103896374/8912a544_original.jpg?interpolation=lanczos-none&size=small&output-format=jpg&output-quality=70,https://a0.muscache.com/im/pictures/103896374/8912a544_original.jpg?aki_policy=medium,https://a0.muscache.com/ac/pictures/103896374/8912a544_original.jpg?interpolation=lanczos-none&size=large_cover&output-format=jpg&output-quality=70,https://a0.muscache.com/ac/pictures/103896374/8912a544_original.jpg?interpolation=lanczos-none&size=x_large_cover&output-format=jpg&output-quality=70,1243056,https://www.airbnb.com/users/show/1243056,Andrew,2011-10-03,"Seattle, Washington, United States","I develop technology businesses, including CityAuction, a  local-oriented online auction I started in 1997, and Pure Watercraft, a high-performance electric boating company I started in 2011. I've also been an angel investor since 2000.

As a TechStars mentor, I've seen the difficulty that teams have when they seek short-term housing while in Seattle. I've also seen the incredibly creative atmosphere that has been created in the hacker houses of other areas, such as Chez JJ in the SF Bay Area. My goal is to cultivate an even more vibrant, fun, and creative tech community here in Seattle.",within an hour,90%,100%,f,"https://a0.muscache.com/ac/users/1243056/profile_pic/1334570930/original.jpg?interpolation=lanczos-none&crop=w:w;*,*&crop=h:h;*,*&resize=50:*&output-format=jpg&output-quality=70","https://a0.muscache.com/ac/users/1243056/profile_pic/1334570930/original.jpg?interpolation=lanczos-none&crop=w:w;*,*&crop=h:h;*,*&resize=225:*&output-format=jpg&output-quality=70",Capitol Hill,37.0,37.0,"['email', 'phone', 'facebook', 'linkedin', 'reviews', 'jumio']",t,t,"Northeast 42nd Street, Seattle, WA 98105, United States",University District,University District,University District,Seattle,WA,98105,Seattle,"Seattle, WA",US,United States,47.65731408746019,-122.31975999730996,t,House,Shared room,1,1.0,1.0,1.0,Real Bed,"{Internet,""Wireless Internet"",Kitchen,Heating,""Suitable for Events"",Washer,Dryer,""Smoke Detector"",""Carbon Monoxide Detector"",""First Aid Kit"",""Fire Extinguisher"",Essentials}",,$42.00,$259.00,$813.00,$350.00,$35.00,1,$0.00,4,1125,3 months ago,t,3,33,63,338,2016-01-04,0,,,,,,,,,,f,,WASHINGTON,f,strict,f,f,37,
3303857,https://www.airbnb.com/rooms/3303857,20160104002432,2016-01-04,"Cool, Fast WIFI walk to UW (14) ","100 rare walk score!  Clean and quiet. Supermarkets, Movie Theater, and a variety of diverse restaurants are a only five-minute walk away. ","This is our new listing. Furnished one bedroom apartments in a quiet building  * Fast speed internet cable *cherry wood like floor  *Fully equipped kitchen and dining room and full bath with towels and mat.  *Conveniently located in the heart of U District.  *coin-operated Washers and dryers in the building  * Easy access to I-5. 10 min to get to down town normally; 20+min in rush hour.  *$8 per day or $120 per month parking in our own lot if there is a available space. Units feature a full bathroom and a fully equipped kitchen with a full-size fridge, microwave oven, stove and conventional oven, and a coffee maker.  Furniture includes  a queen bed, a night stand and lamp, a long sofa,  clean comforter, pillows, sheets and towels,dresser, glass dining table  chairs, desk and a chair. For the building itself, some are UW post-doctors, some are  visiting scholars, some are graduate students or professionals and  a few diligent and quiet undergrads.  ","100 rare walk score!  Clean and quiet. Supermarkets, Movie Theater, and a variety of diverse restaurants are a only five-minute walk away.  This is our new listing. Furnished one bedroom apartments in a quiet building  * Fast speed internet cable *cherry wood like floor  *Fully equipped kitchen and dining room and full bath with towels and mat.  *Conveniently located in the heart of U District.  *coin-operated Washers and dryers in the building  * Easy access to I-5. 10 min to get to down town normally; 20+min in rush hour.  *$8 per day or $120 per month parking in our own lot if there is a available space. Units feature a full bathroom and a fully equipped kitchen with a full-size fridge, microwave oven, stove and conventional oven, and a coffee maker.  Furniture includes  a queen bed, a night stand and lamp, a long sofa,  clean comforter, pillows, sheets and towels,dresser, glass dining table  chairs, desk and a chair. For the building itself, some are UW post-doctors, some are  visi",none,"* A rare 100% WalkScore * the year-round world-class University District Farmers Market, with the region's best organic produce, sustainable local meat and seafood, fresh cut flowers, and much more * multiple independent cinemas around the corner * a night in with a hard-to-find film from Scarecrow along with your choice of a vast array of take out or delivery options * a night out with the wide selection of cafes, pubs, and clubs in the area * a night of culture with music or dance at Meany Hall, the Neptune, or a play at a local playhouse * a rainy day stroll at the Burke Museum, the Henry Art Gallery, or, to mix it up, Seattle's Official Bad Art Museum of Art * a jog through the lush UW University of Washington campus * A delicious brunch or lunch at Portage Bay Restaurant right behind the apt. * grabbing some reading material at the close by Seattle Public Library Branch or Half Price Books * a workout at the YMCA * quick I-5 or public transit access to get to downtown, Wallingford","It is bright and cool for a tall tree is right next to it but closer to the street, I do not recommend for light sleepers. However, when you close the windows you barely hear much sound. * The bath tub was just refinished in June 2014, it required at least 3 days to dry, but due to miscommunication, it was used it  on the  2nd day, so the paint was damaged, it looks like stains there but they are not. We scrubbed it every time we clean the bathroom and keep it clean. Please refer to the house manual located in your itinerary for the check in and out procedures as well as additional important information.  Parking in our lot is $8-12 per day, if you're interested in a monthly pass that is cheaper per day, please contact me.","Only a 3 minute walk away from the University of Washington. It is located near 42nd St NE and 11 Ave. University Way is just two blocks over. Trader Joes, Safeway, Movie Theaters, and a variety of diverse restaurants are a five minute walk away.  Many buslines take you to anywhere as well as Microsoft connector stop. Only one bus no transfer needed to go to Amazon. We have quite a few guests work at Amazon for interns. 10 min bike ride or bus ride to the beautiful Green Lake or Wallingford.   ",https://a0.muscache.com/ac/pictures/91664303/4fe56ded_original.jpg?interpolation=lanczos-none&size=small&output-format=jpg&output-quality=70,https://a0.muscache.com/im/pictures/91664303/4fe56ded_original.jpg?aki_policy=medium,https://a0.muscache.com/ac/pictures/91664303/4fe56ded_original.jpg?interpolation=lanczos-none&size=large_cover&output-format=jpg&output-quality=70,https://a0.muscache.com/ac/pictures/91664303/4fe56ded_original.jpg?interpolation=lanczos-none&size=x_large_cover&output-format=jpg&output-quality=70,3074414,https://www.airbnb.com/users/show/3074414,Melissa,2012-07-27,"Seattle, Washington, United States","Used to be a professor (Ph.D. in Political Economy), then a homeschooling mom and  a religious non profit organization founder, now like to travel, read / review books and manage properties. The best cities I like are Seattle, Florence, Sanya and Taipei.  (Taipei is chosen as the #1 out of 26 Remarkable Places For Solo Travel by BuzzFeed!  (website hidden)) We have  a few nicely furnished studios and one bedrooms condo apt conveniently located near University of Washington in Seattle with your own private kitchen and bathroom.  You will enjoy the convenient locations and quietness of all these buildings. You will also be surprised how quickly we respond to your requests as long as I am in town.  My motto is Providing Quality Places at Fair Prices and my life motto is in Philippians 4:13. ",within a few hours,80%,100%,f,"https://a2.muscache.com/ac/users/3074414/profile_pic/1408093668/original.jpg?interpolation=lanczos-none&crop=w:w;*,*&crop=h:h;*,*&resize=50:*&output-format=jpg&output-quality=70","https://a2.muscache.com/ac/users/3074414/profile_pic/1408093668/original.jpg?interpolation=lanczos-none&crop=w:w;*,*&crop=h:h;*,*&resize=225:*&output-format=jpg&output-quality=70",Ravenna,34.0,34.0,"['email', 'phone', 'reviews', 'kba']",t,t,"11th Avenue Northeast, Seattle, WA 98105, United States",University District,University District,University District,Seattle,WA,98105,Seattle,"Seattle, WA",US,United States,47.65860891102937,-122.31771304868194,t,Apartment,Entire home/apt,3,1.0,1.0,1.0,Real Bed,"{TV,""Cable TV"",Internet,""Wireless Internet"",Kitchen,Heating,Washer,Dryer,""Smoke Detector"",""Fire Extinguisher"",Essentials,Shampoo}",,$95.00,$675.00,"$1,895.00",$150.00,$60.00,1,$15.00,2,1125,2 weeks ago,t,30,60,90,365,2016-01-04,23,2014-06-23,2015-09-16,82.0,9.0,9.0,9.0,8.0,8.0,8.0,f,,WASHINGTON,f,strict,f,f,34,1.23
8155710,https://www.airbnb.com/rooms/8155710,20160104002432,2016-01-04,UW Hacker House - 2nd flr 4p 1U,"Built, run and supported by Seattle tech and start up veterans, GrokHome's focus is to create a supportive environment for smart people working on interesting projects, start ups and more. This listing is an upper bunk, in a 4-person shared room.","*This listing is only available to those working in the tech/science space.* Live in a hacker house, and immerse yourself in the Seattle tech scene.  Connecting people through new ideas and technology is a huge part of what we do. You can expect demos and talks from people doing incredible work. We love when our guests want to show off something they are working on or are passionate about.  Our residents attend myriad events in technology around the city, and it is likely you will expand your network during your stay. From researchers at the University of Washington, to indie game developers, to interns at (SENSITIVE CONTENTS HIDDEN), we are proud to host a diverse group of hackers, makers and entrepreneurs. Just inquire to apply.","Built, run and supported by Seattle tech and start up veterans, GrokHome's focus is to create a supportive environment for smart people working on interesting projects, start ups and more. This listing is an upper bunk, in a 4-person shared room. *This listing is only available to those working in the tech/science space.* Live in a hacker house, and immerse yourself in the Seattle tech scene.  Connecting people through new ideas and technology is a huge part of what we do. You can expect demos and talks from people doing incredible work. We love when our guests want to show off something they are working on or are passionate about.  Our residents attend myriad events in technology around the city, and it is likely you will expand your network during your stay. From researchers at the University of Washington, to indie game developers, to interns at (SENSITIVE CONTENTS HIDDEN), we are proud to host a diverse group of hackers, makers and entrepreneurs. Just inquire to apply. We offer cow",none,,,,https://a1.muscache.com/ac/pictures/103895513/e9a8a196_original.jpg?interpolation=lanczos-none&size=small&output-format=jpg&output-quality=70,https://a1.muscache.com/im/pictures/103895513/e9a8a196_original.jpg?aki_policy=medium,https://a1.muscache.com/ac/pictures/103895513/e9a8a196_original.jpg?interpolation=lanczos-none&size=large_cover&output-format=jpg&output-quality=70,https://a1.muscache.com/ac/pictures/103895513/e9a8a196_original.jpg?interpolation=lanczos-none&size=x_large_cover&output-format=jpg&output-quality=70,1243056,https://www.airbnb.com/users/show/1243056,Andrew,2011-10-03,"Seattle, Washington, United States","I develop technology businesses, including CityAuction, a  local-oriented online auction I started in 1997, and Pure Watercraft, a high-performance electric boating company I started in 2011. I've also been an angel investor since 2000.

As a TechStars mentor, I've seen the difficulty that teams have when they seek short-term housing while in Seattle. I've also seen the incredibly creative atmosphere that has been created in the hacker houses of other areas, such as Chez JJ in the SF Bay Area. My goal is to cultivate an even more vibrant, fun, and creative tech community here in Seattle.",within an hour,90%,100%,f,"https://a0.muscache.com/ac/users/1243056/profile_pic/1334570930/original.jpg?interpolation=lanczos-none&crop=w:w;*,*&crop=h:h;*,*&resize=50:*&output-format=jpg&output-quality=70","https://a0.muscache.com/ac/users/1243056/profile_pic/1334570930/original.jpg?interpolation=lanczos-none&crop=w:w;*,*&crop=h:h;*,*&resize=225:*&output-format=jpg&output-quality=70",Capitol Hill,37.0,37.0,"['email', 'phone', 'facebook', 'linkedin', 'reviews', 'jumio']",t,t,"Northeast 42nd Street, Seattle, WA 98105, United States",University District,University District,University District,Seattle,WA,98105,Seattle,"Seattle, WA",US,United States,47.65688213347102,-122.31827300837466,t,House,Shared room,1,1.0,1.0,1.0,Real Bed,"{Internet,""Wireless Internet"",Kitchen,Heating,""Suitable for Events"",Washer,Dryer,""Smoke Detector"",""Carbon Monoxide Detector"",""First Aid Kit"",""Fire Extinguisher"",Essentials}",,$42.00,$259.00,$813.00,$350.00,$35.00,1,$0.00,4,1125,3 months ago,t,30,60,90,365,2016-01-04,2,2015-12-08,2015-12-19,90.0,9.0,9.0,10.0,10.0,10.0,9.0,f,,WASHINGTON,f,strict,f,f,37,2.0
3843706,https://www.airbnb.com/rooms/3843706,20160104002432,2016-01-04,Charming Ravenna Park / UW  3br 2ba,"Charming craftsmen home situated steps from Cowen Park, Greenlake, UW and Whole Foods.  92 walk score.  The home, is immaculate and well cared for inside and out.  Updated kitchen and baths.  Recently remodeled basement.  Quaint yard and back deck.  ",,"Charming craftsmen home situated steps from Cowen Park, Greenlake, UW and Whole Foods.  92 walk score.  The home, is immaculate and well cared for inside and out.  Updated kitchen and baths.  Recently remodeled basement.  Quaint yard and back deck.   Easy access to Interstate '5'. Located close to bus stops with express service to downtown Seattle.",none,,,Easy access to Interstate '5'. Located close to bus stops with express service to downtown Seattle.,https://a0.muscache.com/ac/pictures/97855367/d52e8337_original.jpg?interpolation=lanczos-none&size=small&output-format=jpg&output-quality=70,https://a0.muscache.com/im/pictures/97855367/d52e8337_original.jpg?aki_policy=medium,https://a0.muscache.com/ac/pictures/97855367/d52e8337_original.jpg?interpolation=lanczos-none&size=large_cover&output-format=jpg&output-quality=70,https://a0.muscache.com/ac/pictures/97855367/d52e8337_original.jpg?interpolation=lanczos-none&size=x_large_cover&output-format=jpg&output-quality=70,19811465,https://www.airbnb.com/users/show/19811465,Maryanne,2014-08-10,"Seattle, Washington, United States",,within a day,83%,100%,f,"https://a2.muscache.com/ac/pictures/b42fa982-d85e-406c-a505-51129c13fc65.jpg?interpolation=lanczos-none&crop=w:w;*,*&crop=h:h;*,*&resize=50:*&output-format=jpg&output-quality=70","https://a2.muscache.com/ac/pictures/b42fa982-d85e-406c-a505-51129c13fc65.jpg?interpolation=lanczos-none&crop=w:w;*,*&crop=h:h;*,*&resize=225:*&output-format=jpg&output-quality=70",Roosevelt,1.0,1.0,"['email', 'phone', 'facebook', 'reviews', 'kba']",t,t,"Northeast 61st Street, Seattle, WA 98115, United States",Roosevelt,University District,University District,Seattle,WA,98115,Seattle,"Seattle, WA",US,United States,47.67160466476604,-122.31576541332288,t,House,Entire home/apt,5,2.0,3.0,3.0,Real Bed,"{TV,""Cable TV"",Internet,""Wireless Internet"",Kitchen,""Free Parking on Premises"",""Indoor Fireplace"",Heating,""Family/Kid Friendly"",Washer,Dryer,""Smoke Detector"",""Carbon Monoxide Detector"",""First Aid Kit"",""Fire Extinguisher""}",,$250.00,"$1,250.00","$3,500.00",$800.00,$120.00,1,$0.00,3,1125,2 days ago,t,13,33,45,309,2016-01-04,2,2015-04-22,2015-09-26,90.0,10.0,8.0,10.0,10.0,10.0,9.0,f,,WASHINGTON,f,moderate,f,f,1,0.23
8156860,https://www.airbnb.com/rooms/8156860,20160104002432,2016-01-04,UW Hacker House - 2nd flr 4p 2U,"Built, run and supported by Seattle tech and start up veterans, GrokHome's focus is to create a supportive environment for smart people working on interesting projects, start ups and more. This listing is an upper bunk, in a 4-person shared room.","*This listing is only available to those working in the tech/science space.* Live in a hacker house, and immerse yourself in the Seattle tech scene.  Connecting people through new ideas and technology is a huge part of what we do. You can expect demos and talks from people doing incredible work. We love when our guests want to show off something they are working on or are passionate about.  Our residents attend myriad events in technology around the city, and it is likely you will expand your network during your stay. From researchers at the University of Washington, to indie game developers, to interns at (SENSITIVE CONTENTS HIDDEN), we are proud to host a diverse group of hackers, makers and entrepreneurs. Just inquire to apply.","Built, run and supported by Seattle tech and start up veterans, GrokHome's focus is to create a supportive environment for smart people working on interesting projects, start ups and more. This listing is an upper bunk, in a 4-person shared room. *This listing is only available to those working in the tech/science space.* Live in a hacker house, and immerse yourself in the Seattle tech scene.  Connecting people through new ideas and technology is a huge part of what we do. You can expect demos and talks from people doing incredible work. We love when our guests want to show off something they are working on or are passionate about.  Our residents attend myriad events in technology around the city, and it is likely you will expand your network during your stay. From researchers at the University of Washington, to indie game developers, to interns at (SENSITIVE CONTENTS HIDDEN), we are proud to host a diverse group of hackers, makers and entrepreneurs. Just inquire to apply. We offer cow",none,,,,https://a2.muscache.com/ac/pictures/103897085/e9834866_original.jpg?interpolation=lanczos-none&size=small&output-format=jpg&output-quality=70,https://a2.muscache.com/im/pictures/103897085/e9834866_original.jpg?aki_policy=medium,https://a2.muscache.com/ac/pictures/103897085/e9834866_original.jpg?interpolation=lanczos-none&size=large_cover&output-format=jpg&output-quality=70,https://a2.muscache.com/ac/pictures/103897085/e9834866_original.jpg?interpolation=lanczos-none&size=x_large_cover&output-format=jpg&output-quality=70,1243056,https://www.airbnb.com/users/show/1243056,Andrew,2011-10-03,"Seattle, Washington, United States","I develop technology businesses, including CityAuction, a  local-oriented online auction I started in 1997, and Pure Watercraft, a high-performance electric boating company I started in 2011. I've also been an angel investor since 2000.

As a TechStars mentor, I've seen the difficulty that teams have when they seek short-term housing while in Seattle. I've also seen the incredibly creative atmosphere that has been created in the hacker houses of other areas, such as Chez JJ in the SF Bay Area. My goal is to cultivate an even more vibrant, fun, and creative tech community here in Seattle.",within an hour,90%,100%,f,"https://a0.muscache.com/ac/users/1243056/profile_pic/1334570930/original.jpg?interpolation=lanczos-none&crop=w:w;*,*&crop=h:h;*,*&resize=50:*&output-format=jpg&output-quality=70","https://a0.muscache.com/ac/users/1243056/profile_pic/1334570930/original.jpg?interpolation=lanczos-none&crop=w:w;*,*&crop=h:h;*,*&resize=225:*&output-format=jpg&output-quality=70",Capitol Hill,37.0,37.0,"['email', 'phone', 'facebook', 'linkedin', 'reviews', 'jumio']",t,t,"Northeast 42nd Street, Seattle, WA 98105, United States",University District,University District,University District,Seattle,WA,98105,Seattle,"Seattle, WA",US,United States,47.65697101562818,-122.31891805261412,t,House,Shared room,1,1.0,1.0,1.0,Real Bed,"{Internet,""Wireless Internet"",Kitchen,Heating,""Suitable for Events"",Washer,Dryer,""Smoke Detector"",""Carbon Monoxide Detector"",""First Aid Kit"",""Fire Extinguisher"",Essentials}",,$42.00,$259.00,$813.00,$350.00,$35.00,1,$0.00,4,1125,3 months ago,t,30,60,90,365,2016-01-04,0,,,,,,,,,,f,,WASHINGTON,f,strict,f,f,37,
9316399,https://www.airbnb.com/rooms/9316399,20160104002432,2016-01-04,Cozy and central in the U District,Hi! I'm renting my cute and cozy closet bedroom (the room is private) in my 500sqft apartment. It's charming and conveniently located a 1 minute walk from all major bus routes and directly across the street from the University of Washington.,"I have a lot of cute travel themed stuff if that's your thing, and also there are no carpets so it's great for people with allergies. Lots of open space in the main room, and SO MUCH light with 6 windows.","Hi! I'm renting my cute and cozy closet bedroom (the room is private) in my 500sqft apartment. It's charming and conveniently located a 1 minute walk from all major bus routes and directly across the street from the University of Washington. I have a lot of cute travel themed stuff if that's your thing, and also there are no carpets so it's great for people with allergies. Lots of open space in the main room, and SO MUCH light with 6 windows. During your stay, you'll be able to access the whole apartment, and you'll have a private room, however I will be sleeping in the main living space and therefore you will not have the place to yourself.  ******NOTE******** if you'll notice the price of the apartment changes during the thanksgiving and christmas holidays. I will be GONE and therefore you will be renting the ENTIRE APARTMENT and have it to yourself during this time. I will be able to offer help and advice on what to do and see during your stay and possibly go on an outing, but I'm v",none,,,"There are many bus routes, some just 15 minutes from the downtown area within less than 1 minute walking distance. From the airport, you can choose to take a cab or Link lightrail and then a bus.",https://a2.muscache.com/ac/pictures/93cb7495-547e-4681-83ac-1b5401701295.jpg?interpolation=lanczos-none&size=small&output-format=jpg&output-quality=70,https://a2.muscache.com/im/pictures/93cb7495-547e-4681-83ac-1b5401701295.jpg?aki_policy=medium,https://a2.muscache.com/ac/pictures/93cb7495-547e-4681-83ac-1b5401701295.jpg?interpolation=lanczos-none&size=large_cover&output-format=jpg&output-quality=70,https://a2.muscache.com/ac/pictures/93cb7495-547e-4681-83ac-1b5401701295.jpg?interpolation=lanczos-none&size=x_large_cover&output-format=jpg&output-quality=70,27711842,https://www.airbnb.com/users/show/27711842,Alden,2015-02-13,"Seattle, Washington, United States",,within a day,70%,100%,f,"https://a0.muscache.com/ac/users/27711842/profile_pic/1423873888/original.jpg?interpolation=lanczos-none&crop=w:w;*,*&crop=h:h;*,*&resize=50:*&output-format=jpg&output-quality=70","https://a0.muscache.com/ac/users/27711842/profile_pic/1423873888/original.jpg?interpolation=lanczos-none&crop=w:w;*,*&crop=h:h;*,*&resize=225:*&output-format=jpg&output-quality=70",University District,1.0,1.0,"['email', 'phone', 'facebook', 'reviews', 'jumio']",t,t,"15th Avenue Northeast, Seattle, WA 98105, United States",University District,University District,University District,Seattle,WA,98105,Seattle,"Seattle, WA",US,United States,47.66391817092261,-122.31134231156015,t,Apartment,Private room,2,1.0,1.0,1.0,Real Bed,"{Internet,""Wireless Internet"",Kitchen,""Elevator in Building"",""Buzzer/Wireless Intercom"",Heating,Washer,Dryer,Essentials,Shampoo}",,$40.00,,,,$5.00,1,$0.00,1,1,5 weeks ago,t,30,60,89,89,2016-01-04,4,2015-11-15,2015-12-01,90.0,10.0,8.0,10.0,10.0,10.0,9.0,f,,WASHINGTON,f,flexible,f,f,1,2.35
